step,phase,consolidation/count,eval/code/exact_match,eval/code/forgetting_delta,eval/code/loss,eval/code/ppl,eval/code/retention_delta,eval/code/samples,eval/code/tokens,eval/general/forgetting_delta,eval/general/loss,eval/general/ppl,eval/general/retention_delta,eval/general/samples,eval/general/tokens,eval/lora/sparsity_max,eval/lora/sparsity_mean,eval/macro_loss,eval/macro_ppl,eval/math/exact_match,eval/math/forgetting_delta,eval/math/loss,eval/math/ppl,eval/math/retention_delta,eval/math/samples,eval/math/tokens,eval/medical/exact_match,eval/medical/forgetting_delta,eval/medical/loss,eval/medical/ppl,eval/medical/retention_delta,eval/medical/samples,eval/medical/tokens,eval/retrieval/buffer_size,eval/retrieval/hit_rate,loss/ce,loss/kd,loss/kd_row_hit_frac,loss/reg,loss/teacher_conf_mean,loss/total,retrieval/buffer_size,signals/repetition_mean,signals/stability_C_mean,signals/stability_adam_mean,signals/surprise_mean,write/coords_opened,write/f_count,write/p_count,write/r_count,write/replay_count
0,general_warm,0,,,,,,,,,,,,,,,,,,,,,,,,,,,,,,,,,,1.2294503450393677,3.962850332260132,1.0,5.838135242462158,0.7971500158309937,4.63595724105835,0,0.022727272727272728,0.0,0.0,19.897664129166376,2523136,56,0,0,0
20,general_warm,0,,,,,,,,,,,,,,,,,,,,,,,,,,,,,,,,,,1.4699190855026245,3.2130792140960693,1.0,5.926257610321045,0.8483999967575073,4.007301330566406,0,0.31794839475464354,0.2565581987478903,0.07675113295397115,0.48773697133338645,2523136,56,0,0,0
40,general_warm,0,,,,,,,,,,,,,,,,,,,,,,,,,,,,,,,,,,1.2299416065216064,2.709303617477417,1.0,5.957466125488281,0.7847999930381775,3.3838491439819336,0,0.28678034855575246,0.0255214697431906,0.04464308539080242,0.5457994160789346,2523136,56,0,0,0
60,general_warm,0,,,,,,,,,,,,,,,,,,,,,,,,,,,,,,,,,,1.3070775270462036,2.9614622592926025,1.0,5.974693775177002,0.8207000494003296,3.674747943878174,0,0.16114411237213852,0.2884635351365432,0.03503227281191992,0.7260931924222007,2523136,56,0,0,0
80,general_warm,0,,,,,,,,,,,,,,,,,,,,,,,,,,,,,,,,,,1.1850576400756836,2.226992607116699,1.0,5.985473155975342,0.776199996471405,2.879376173019409,0,0.38586364117175204,0.1497370999214971,0.027558678920779907,0.4167633482624614,2523136,56,0,0,0
100,general_warm,0,,,,,,,,,,,,,,,,,,,,,,,,,,,,,,,,,,1.2870242595672607,2.1226766109466553,1.0,5.996201992034912,0.797950029373169,2.82615065574646,0,0.26048964616260656,0.057694448056281544,0.02623639723123421,0.31982964538629094,2523136,56,0,0,0
120,general_warm,0,,,,,,,,,,,,,,,,,,,,,,,,,,,,,,,,,,1.2346702814102173,2.364243268966675,1.0,6.004842758178711,0.8001999855041504,3.0416266918182373,0,0.3997005803878158,-0.19363612438402406,0.026118150314996168,0.3388785414042927,2523136,56,0,0,0
140,general_warm,0,,,,,,,,,,,,,,,,,,,,,,,,,,,,,,,,,,1.1328237056732178,2.221564531326294,1.0,6.013930797576904,0.8147499561309814,2.8481156826019287,0,0.4281342592871779,-0.31239763961639255,0.03055914317863801,0.66885585075333,2523136,56,0,0,0
160,general_warm,0,,,,,,,,,,,,,,,,,,,,,,,,,,,,,,,,,,1.2426584959030151,2.4127378463745117,1.0,6.02222204208374,0.8279500007629395,3.0942893028259277,0,0.4418191941702422,0.3749542625238454,0.02800136841759677,0.6983494461765366,2523136,56,0,0,0
180,general_warm,0,,,,,,,,,,,,,,,,,,,,,,,,,,,,,,,,,,1.0732678174972534,2.514894485473633,1.0,6.0311784744262695,0.8317999839782715,3.11184024810791,0,0.4340306153514195,0.14826717060142464,0.033400753412454846,0.7261428244293683,2523136,56,0,0,0
200,general_warm,0,,,,,,,,,,,,,,,,,,,,,,,,,,,,,,,,,,1.4635365009307861,2.0967843532562256,1.0,6.0394673347473145,0.8504500389099121,2.8889474868774414,0,0.3261441453199664,-0.08457725022370662,0.02558456047896355,0.47911049401949324,2523136,56,0,0,0
220,general_warm,0,,,,,,,,,,,,,,,,,,,,,,,,,,,,,,,,,,1.2700291872024536,2.242708921432495,1.0,6.047423362731934,0.7897000312805176,2.938197612762451,0,0.43266267690915156,0.3197151092878942,0.04090903208310169,0.4807759416718332,2523136,56,0,0,0
240,general_warm,0,,,,,,,,,,,,,,,,,,,,,,,,,,,,,,,,,,1.3649476766586304,2.416564464569092,1.0,6.054713726043701,0.8349999785423279,3.159585475921631,0,0.3890900738515316,0.08125632411871006,0.024813953047943493,0.6513166699617629,2523136,56,0,0,0
250,,,,,1.355480764823093,3.87862521502769,,32,8415,,1.6065717624732738,4.985689767628169,,32,14382,0.57391357421875,0.40918155592315053,1.5148507912716331,4.548742364144423,,,0.9068031718825923,2.476393262268713,,32,6174,,,2.1905474659075734,8.940106178526552,,32,3861,0,0.0,,,,,,,,,,,,,,,,
260,general_warm,0,,,,,,,,,,,,,,,,,,,,,,,,,,,,,,,,,,1.3203626871109009,2.0192224979400635,1.0,6.061528205871582,0.8091000318527222,2.7400190830230713,0,0.3932161559157916,-0.18693872067212527,0.030255886193897043,0.5110167079619945,2523136,56,0,0,0
280,general_warm,0,,,,,,,,,,,,,,,,,,,,,,,,,,,,,,,,,,1.4180212020874023,2.3763647079467773,1.0,6.067573070526123,0.8410999774932861,3.1460509300231934,0,0.3571265721768238,0.048485363488517966,0.026131998956765212,0.37837565000804646,2523136,56,0,0,0
300,general_warm,0,,,,,,,,,,,,,,,,,,,,,,,,,,,,,,,,,,1.6140636205673218,2.415707588195801,1.0,6.072915077209473,0.897350013256073,3.283468723297119,0,0.3720336034989954,0.24255687960664676,0.026763629140923655,0.5918945787444948,2523136,56,0,0,0
320,general_warm,0,,,,,,,,,,,,,,,,,,,,,,,,,,,,,,,,,,1.2605012655258179,1.9282368421554565,1.0,6.078842639923096,0.8334000110626221,2.6192758083343506,0,0.4541234133856022,-0.12085913401304944,0.029087472847470687,0.4014575032960801,2523136,56,0,0,0
340,general_warm,0,,,,,,,,,,,,,,,,,,,,,,,,,,,,,,,,,,1.3049501180648804,1.7418867349624634,1.0,6.08433723449707,0.8031499981880188,2.455205202102661,0,0.354855863432905,-0.26918848109198734,0.04110595223508657,0.5370857547199915,2523136,56,0,0,0
360,general_warm,0,,,,,,,,,,,,,,,,,,,,,,,,,,,,,,,,,,1.0823540687561035,2.100532293319702,1.0,6.09025764465332,0.7667999863624573,2.7026119232177734,0,0.3616040401359548,0.12041452452623551,0.027745029487691465,0.49547927065028086,2523136,56,0,0,0
380,general_warm,0,,,,,,,,,,,,,,,,,,,,,,,,,,,,,,,,,,1.185308575630188,2.057941198348999,1.0,6.094823837280273,0.7940499782562256,2.711543560028076,0,0.40946911549013226,-0.14179335128158396,0.023213322196776666,0.6201040966170174,2523136,56,0,0,0
400,general_warm,0,,,,,,,,,,,,,,,,,,,,,,,,,,,,,,,,,,1.5044465065002441,1.9311902523040771,1.0,6.099806308746338,0.8150500059127808,2.7444114685058594,0,0.3803944559280757,0.35051621297108276,0.02923423670794046,0.543862680393079,2523136,56,0,0,0
420,general_warm,0,,,,,,,,,,,,,,,,,,,,,,,,,,,,,,,,,,1.3023192882537842,2.228386640548706,1.0,6.104462623596191,0.833899974822998,2.9405908584594727,0,0.42508068115885805,-0.29002144126155016,0.028412881916359302,0.7353097694970313,2523136,56,0,0,0
440,general_warm,0,,,,,,,,,,,,,,,,,,,,,,,,,,,,,,,,,,1.2239811420440674,2.4644789695739746,1.0,6.110040664672852,0.8324500322341919,3.1375699043273926,0,0.4345788095492295,-0.24796876854296507,0.02926741281287774,0.7971261575345009,2523136,56,0,0,0
460,general_warm,0,,,,,,,,,,,,,,,,,,,,,,,,,,,,,,,,,,1.3552731275558472,1.9836276769638062,1.0,6.114266872406006,0.832550048828125,2.7224068641662598,0,0.45212216335856265,0.2567186747910455,0.031913536436678394,0.46695058490075764,2523136,56,0,0,0
480,general_warm,0,,,,,,,,,,,,,,,,,,,,,,,,,,,,,,,,,,1.0691428184509277,2.2053098678588867,1.0,6.118227005004883,0.8111000061035156,2.8010635375976562,0,0.4324586608764845,0.015170751138482177,0.02748334367744743,0.4809865953075508,2523136,56,0,0,0
499,,,0.109375,0.002878288137579732,1.3583590529606728,3.8898050977177347,,32,8415,-0.03976203198062245,1.5668097304926514,4.791338125217719,,32,14382,0.5713348388671875,0.4081583347450308,1.5124270122661136,4.537730568371316,0.03125,-0.009782663239682021,0.8970205086429103,2.4522856515125846,,32,6174,0.03125,0.03697129106064656,2.22751875696822,9.27681945553892,,32,3861,0,0.0,,,,,,,,,,,,,,,,
500,code_recurrent,0,,,,,,,,,,,,,,,,,,,,,,,,,,,,,,,,,,1.046775460243225,3.255915403366089,1.0,6.122501373291016,0.9025999903678894,3.8405280113220215,0,0.22365213095622538,0.20266111457437677,0.023734492777536313,18.109085484156534,2523136,56,0,0,0
500,,,,-0.018990093373997263,1.3364906714490958,3.805664715970022,,32,8415,-0.04813374506218704,1.5584380174110868,4.751393851449116,,32,14382,0.4549102783203125,0.3202565251564493,1.5005247002676694,4.484041230828537,,-0.021621629957786714,0.8851815419248056,2.4234243046658888,,32,6174,,0.03144110437811598,2.2219885702856894,9.225658507314648,,32,3861,0,0.0,,,,,,,,,,,,,,,,
520,code_recurrent,0,,,,,,,,,,,,,,,,,,,,,,,,,,,,,,,,,,1.1741656064987183,1.2167140245437622,1.0,6.224846839904785,0.8788000345230103,1.8660452365875244,0,0.21165851544216865,-0.07953913388856952,0.10185448752184,0.2887290102444471,2523136,56,0,0,0
540,code_recurrent,0,,,,,,,,,,,,,,,,,,,,,,,,,,,,,,,,,,0.9267638921737671,1.0767537355422974,1.0,6.238767623901367,0.9015499949455261,1.6025233268737793,0,0.4215091924411084,0.24208856788131275,0.013626362946224473,0.13861756738393552,2523136,56,0,0,0
560,code_recurrent,0,,,,,,,,,,,,,,,,,,,,,,,,,,,,,,,,,,0.9527051448822021,1.0410816669464111,1.0,6.242227077484131,0.8765499591827393,1.579856514930725,0,0.4334064647542893,0.09643731371033937,0.009986100921274296,0.12232917296212344,2523136,56,0,0,0
580,code_recurrent,0,,,,,,,,,,,,,,,,,,,,,,,,,,,,,,,,,,0.8567456007003784,0.961051881313324,1.0,6.245664119720459,0.9025999903678894,1.4518812894821167,0,0.4317802892916279,0.13068517751526088,0.008106563113711125,0.09538326000439978,2523136,56,0,0,0
600,code_recurrent,0,,,,,,,,,,,,,,,,,,,,,,,,,,,,,,,,,,0.8759957551956177,1.028342366218567,1.0,6.246265888214111,0.8788000345230103,1.5288029909133911,0,0.3254350948383863,0.05869850105539497,0.006835103610212663,0.12069512966074168,2523136,56,0,0,0
620,code_recurrent,0,,,,,,,,,,,,,,,,,,,,,,,,,,,,,,,,,,0.7517837285995483,0.9746607542037964,1.0,6.251376152038574,0.9015499949455261,1.4130662679672241,0,0.432659745363883,0.06650488979773529,0.005926840642969759,0.10677606495954688,2523136,56,0,0,0
640,code_recurrent,0,,,,,,,,,,,,,,,,,,,,,,,,,,,,,,,,,,0.8012077808380127,0.9669853448867798,1.0,6.256630897521973,0.8765499591827393,1.4301555156707764,0,0.43287899231493393,0.05439192986523267,0.006947921892990255,0.10858399147197369,2523136,56,0,0,0
660,code_recurrent,0,,,,,,,,,,,,,,,,,,,,,,,,,,,,,,,,,,0.7686184048652649,0.8977283239364624,1.0,6.262818813323975,0.9025999903678894,1.3446656465530396,0,0.4330640215382888,0.05577184633252078,0.007200590296581919,0.0916375660884475,2523136,56,0,0,0
680,code_recurrent,0,,,,,,,,,,,,,,,,,,,,,,,,,,,,,,,,,,0.7711508870124817,0.9783161878585815,1.0,6.2677435874938965,0.8788000345230103,1.4265689849853516,0,0.38645971361213116,0.004402874543822171,0.006921624141516134,0.10452491487893793,2523136,56,0,0,0
700,code_recurrent,0,,,,,,,,,,,,,,,,,,,,,,,,,,,,,,,,,,0.6721837520599365,0.9270825982093811,1.0,6.274481296539307,0.9015499949455261,1.3259193897247314,0,0.4349974715966703,0.05433816446955981,0.006201769541099017,0.10209028070703859,2523136,56,0,0,0
720,code_recurrent,0,,,,,,,,,,,,,,,,,,,,,,,,,,,,,,,,,,0.7161976099014282,0.9250808954238892,1.0,6.282063961029053,0.8765499591827393,1.3460004329681396,0,0.43508724213051025,0.0167391101422254,0.006534525252590399,0.1327080396462291,2523136,56,0,0,0
740,code_recurrent,0,,,,,,,,,,,,,,,,,,,,,,,,,,,,,,,,,,0.6991422772407532,0.8606554865837097,1.0,6.290674209594727,0.9025999903678894,1.273133397102356,0,0.4361057301882715,-0.0010226174698410822,0.007946661455068916,0.09282160800630375,2523136,56,0,0,0
750,,,,-0.30414237228094376,1.0513383925421493,2.8614783375973785,,32,8415,-0.022569520833876533,1.5840022416393973,4.874425452658783,,32,14382,0.3989105224609375,0.2813459383387144,1.3904691959109443,4.0167342462154325,,-0.11964476560364656,0.7871584062789457,2.1971441562188105,,32,6174,,-0.051169722724288214,2.139377743183285,8.494150441048244,,32,3861,0,0.0,,,,,,,,,,,,,,,,
760,code_recurrent,0,,,,,,,,,,,,,,,,,,,,,,,,,,,,,,,,,,0.6991037130355835,0.9402230381965637,1.0,6.2981109619140625,0.8788000345230103,1.3527560234069824,0,0.6198250238858176,-0.019309146762160317,0.006784171264966034,0.10950500309940368,2523136,56,0,0,0
780,code_recurrent,0,,,,,,,,,,,,,,,,,,,,,,,,,,,,,,,,,,0.6033727526664734,0.8973093628883362,1.0,6.306225776672363,0.9015499949455261,1.2620580196380615,0,0.575046231822329,0.001988529614858895,0.006866265914868564,0.10396473666298248,2523136,56,0,0,0
800,code_recurrent,0,,,,,,,,,,,,,,,,,,,,,,,,,,,,,,,,,,0.6418557167053223,0.8955039978027344,1.0,6.31498908996582,0.8765499591827393,1.2795817852020264,0,0.5067114782140322,0.004342143363568799,0.006729969942003548,0.12124252637168244,2523136,56,0,0,0
820,code_recurrent,0,,,,,,,,,,,,,,,,,,,,,,,,,,,,,,,,,,0.6454378366470337,0.8351885080337524,1.0,6.325490474700928,0.9025999903678894,1.2211624383926392,0,0.47156730337389663,0.028550871045029323,0.008333406917795183,0.09902046460155693,2523136,56,0,0,0
840,code_recurrent,0,,,,,,,,,,,,,,,,,,,,,,,,,,,,,,,,,,0.6169058084487915,0.915877103805542,1.0,6.334174633026123,0.8788000345230103,1.287671685218811,0,0.45047416951447644,-0.04681088585389911,0.00881442605177798,0.1122960316312928,2523136,56,0,0,0
860,code_recurrent,0,,,,,,,,,,,,,,,,,,,,,,,,,,,,,,,,,,0.5418797731399536,0.8741825819015503,1.0,6.343154430389404,0.9015499949455261,1.2085540294647217,0,0.44652646783985095,-0.03571140908752568,0.00682585362496505,0.10589477049985103,2523136,56,0,0,0
880,code_recurrent,0,,,,,,,,,,,,,,,,,,,,,,,,,,,,,,,,,,0.564716100692749,0.8766704797744751,1.0,6.352275848388672,0.8765499591827393,1.2225513458251953,0,0.44366001774660313,-0.003697272519015574,0.008242447250005272,0.11894958732383591,2523136,56,0,0,0
900,code_recurrent,0,,,,,,,,,,,,,,,,,,,,,,,,,,,,,,,,,,0.5938188433647156,0.8163068294525146,1.0,6.36287784576416,0.9025999903678894,1.1768450736999512,0,0.4412101462357045,0.003816545385883988,0.009152113051996345,0.10289233147151887,2523136,56,0,0,0
920,code_recurrent,0,,,,,,,,,,,,,,,,,,,,,,,,,,,,,,,,,,0.5596060752868652,0.8952503204345703,1.0,6.371429443359375,0.8788000345230103,1.2387676239013672,0,0.44027498219409883,-0.018765896057759943,0.007582962826182622,0.11728530853454555,2523136,56,0,0,0
940,code_recurrent,0,,,,,,,,,,,,,,,,,,,,,,,,,,,,,,,,,,0.4853867292404175,0.8578370213508606,1.0,6.379581928253174,0.9015499949455261,1.1643261909484863,0,0.44156220880253055,0.014219499606822086,0.00897077281408692,0.10610163902775162,2523136,56,0,0,0
960,code_recurrent,0,,,,,,,,,,,,,,,,,,,,,,,,,,,,,,,,,,0.49685046076774597,0.8614901304244995,1.0,6.388909816741943,0.8765499591827393,1.173804521560669,0,0.44044073800854083,-0.028566256604140756,0.0111091706133078,0.12306674270639344,2523136,56,0,0,0
980,code_recurrent,0,,,,,,,,,,,,,,,,,,,,,,,,,,,,,,,,,,0.5451753735542297,0.8019657731056213,1.0,6.399397850036621,0.9025999903678894,1.138547420501709,0,0.4427666982320314,-0.026900304601960152,0.011232714970699614,0.10587436822021291,2523136,56,0,0,0
1000,code_recurrent,0,,,,,,,,,,,,,,,,,,,,,,,,,,,,,,,,,,0.5114186406135559,0.8807918429374695,1.0,6.407322406768799,0.8788000345230103,1.2005743980407715,0,0.44288595759796595,-0.015827632216054814,0.007795559755334305,0.13738254336788067,2523136,56,0,0,0
1000,,,,-0.3184053453886291,1.037075419434464,2.8209548288582544,,32,8415,0.006045069221726873,1.6126168316950007,5.015919886915506,,32,14382,0.392669677734375,0.27974438829486875,1.4255204996976907,4.160022569827223,,-0.07961899461119082,0.8271841772714015,2.2868702444027984,,32,6174,,0.03465810448232309,2.2252055703898965,9.255385241510513,,32,3861,0,0.0,,,,,,,,,,,,,,,,
1020,code_recurrent,0,,,,,,,,,,,,,,,,,,,,,,,,,,,,,,,,,,0.4458542466163635,0.8404924869537354,1.0,6.414976119995117,0.9015499949455261,1.127569317817688,0,0.44243796018388865,0.00849571023718454,0.008611366227786575,0.12120657834032225,2523136,56,0,0,0
1040,code_recurrent,0,,,,,,,,,,,,,,,,,,,,,,,,,,,,,,,,,,0.44429904222488403,0.8483840227127075,1.0,6.423687934875488,0.8765499591827393,1.134770393371582,0,0.4422977736388614,-0.03129850941435767,0.009199962751858587,0.1294588276495536,2523136,56,0,0,0
1060,code_recurrent,0,,,,,,,,,,,,,,,,,,,,,,,,,,,,,,,,,,0.5048473477363586,0.788731038570404,1.0,6.4329376220703125,0.9025999903678894,1.105484127998352,0,0.4433080402339912,0.0162097308909454,0.011752876083898757,0.10928024873433131,2523136,56,0,0,0
1080,code_recurrent,0,,,,,,,,,,,,,,,,,,,,,,,,,,,,,,,,,,0.48348623514175415,0.8645732998847961,1.0,6.441341876983643,0.8788000345230103,1.1707298755645752,0,0.44295925765745087,-0.030918950464443436,0.008253496650898357,0.2847349215890207,2523136,56,0,0,0
1100,code_recurrent,0,,,,,,,,,,,,,,,,,,,,,,,,,,,,,,,,,,0.39548832178115845,0.8266996145248413,1.0,6.448909759521484,0.9015499949455261,1.0889328718185425,0,0.4408493163776472,0.01139996624988271,0.0169971138854245,0.11754573349146143,2523136,56,0,0,0
1120,code_recurrent,0,,,,,,,,,,,,,,,,,,,,,,,,,,,,,,,,,,0.407917320728302,0.8382724523544312,1.0,6.457304000854492,0.8765499591827393,1.1068041324615479,0,0.4423002389690081,-0.013780816803253921,0.010557415412687178,0.1821553279778787,2523136,56,0,0,0
1140,code_recurrent,0,,,,,,,,,,,,,,,,,,,,,,,,,,,,,,,,,,0.45979738235473633,0.7795307040214539,1.0,6.46513032913208,0.9025999903678894,1.0740807056427002,0,0.44630516530077324,-0.004082350956325952,0.009538943846783941,0.1102889116794344,2523136,56,0,0,0
1160,code_recurrent,0,,,,,,,,,,,,,,,,,,,,,,,,,,,,,,,,,,0.4457588493824005,0.8650062680244446,1.0,6.472445964813232,0.8788000345230103,1.152610182762146,0,0.4442442118918271,-0.019722672439196946,0.012269140139687806,0.29878501068386765,2523136,56,0,0,0
1180,code_recurrent,0,,,,,,,,,,,,,,,,,,,,,,,,,,,,,,,,,,0.34948480129241943,0.8209120035171509,1.0,6.479933261871338,0.9015499949455261,1.0604537725448608,0,0.443168882046737,0.012598924962471105,0.01283850503867374,0.1307685768616105,2523136,56,0,0,0
1200,code_recurrent,0,,,,,,,,,,,,,,,,,,,,,,,,,,,,,,,,,,0.37231218814849854,0.8309935331344604,1.0,6.487579345703125,0.8765499591827393,1.0820255279541016,0,0.4443019330124303,-0.018701583049343235,0.012162711760694427,0.18200799422782094,2523136,56,0,0,0
1220,code_recurrent,0,,,,,,,,,,,,,,,,,,,,,,,,,,,,,,,,,,0.4266796410083771,0.7709285020828247,1.0,6.495333194732666,0.9025999903678894,1.0492216348648071,0,0.445445861077178,-0.01723839364629904,0.014499038924825274,0.11508225505905492,2523136,56,0,0,0
1240,code_recurrent,0,,,,,,,,,,,,,,,,,,,,,,,,,,,,,,,,,,0.40403470396995544,0.8440950512886047,1.0,6.502895832061768,0.8788000345230103,1.111141324043274,0,0.4443141526391526,-0.07851736514878992,0.015297898052385935,0.22650383467830365,2523136,56,0,0,0
1250,,,,-0.2896287597366125,1.0658520050864806,2.903311566806079,,32,8415,0.045136172820192,1.6517079352934658,5.215880610616475,,32,14382,0.3903656005859375,0.27898521163836626,1.4678135572164266,4.339736175530995,,-0.03293859483665118,0.8738645770459411,2.3961531016066995,,32,6174,,0.08928224553224551,2.279829711439819,9.775015694443606,,32,3861,0,0.0,,,,,,,,,,,,,,,,
1260,code_recurrent,0,,,,,,,,,,,,,,,,,,,,,,,,,,,,,,,,,,0.32261013984680176,0.810139536857605,1.0,6.509758949279785,0.9015499949455261,1.0365421772003174,0,0.4433587603952537,-0.018750756223328478,0.012576176665930283,0.13495884084748844,2523136,56,0,0,0
1280,code_recurrent,0,,,,,,,,,,,,,,,,,,,,,,,,,,,,,,,,,,0.34030258655548096,0.8234490156173706,1.0,6.516489505767822,0.8765499591827393,1.058765172958374,0,0.4456741447391567,-0.03185302067556352,0.013003970010183928,0.1904953244038754,2523136,56,0,0,0
1300,code_recurrent,0,,,,,,,,,,,,,,,,,,,,,,,,,,,,,,,,,,0.384033739566803,0.7661292552947998,1.0,6.523055076599121,0.9025999903678894,1.023376703262329,0,0.4462383192157454,0.0005260685408887054,0.012038995638038844,0.10840600205674057,2523136,56,0,0,0
1320,code_recurrent,0,,,,,,,,,,,,,,,,,,,,,,,,,,,,,,,,,,0.34583523869514465,0.845274806022644,1.0,6.529625415802002,0.8788000345230103,1.0834887027740479,0,0.4444992432846578,-0.012109344128735497,0.014340935163717303,0.18716103097808268,2523136,56,0,0,0
1340,code_recurrent,0,,,,,,,,,,,,,,,,,,,,,,,,,,,,,,,,,,0.2853073477745056,0.8063603639602661,1.0,6.535715579986572,0.9015499949455261,1.0143712759017944,0,0.44732680019819954,0.041070752373863276,0.013076153474615975,0.13511987827895652,2523136,56,0,0,0
1360,code_recurrent,0,,,,,,,,,,,,,,,,,,,,,,,,,,,,,,,,,,0.3146445155143738,0.8170863389968872,1.0,6.542328834533691,0.8765499591827393,1.0398318767547607,0,0.4467832585828903,-0.02995601530710701,0.01225251311617386,0.2777738380142384,2523136,56,0,0,0
1380,code_recurrent,0,,,,,,,,,,,,,,,,,,,,,,,,,,,,,,,,,,0.3552510142326355,0.7602657675743103,1.0,6.548089504241943,0.9025999903678894,1.0033721923828125,0,0.44744332230805745,-0.06894854222316228,0.015858362403897836,0.11370349502161381,2523136,56,0,0,0
1400,code_recurrent,0,,,,,,,,,,,,,,,,,,,,,,,,,,,,,,,,,,0.3308364748954773,0.831865131855011,1.0,6.554266929626465,0.8788000345230103,1.0628260374069214,0,0.44434254463682704,-0.04033120278888548,0.015378590429475205,0.28378629318719345,2523136,56,0,0,0
1420,code_recurrent,0,,,,,,,,,,,,,,,,,,,,,,,,,,,,,,,,,,0.27686697244644165,0.7950003743171692,1.0,6.560060977935791,0.9015499949455261,0.9990345239639282,0,0.44510983609221605,-0.029192878559115343,0.01644972104002677,0.24627726955546272,2523136,56,0,0,0
1440,code_recurrent,0,,,,,,,,,,,,,,,,,,,,,,,,,,,,,,,,,,0.2737003564834595,0.8128602504730225,1.0,6.565495014190674,0.8765499591827393,1.0153653621673584,0,0.4474577635294391,-0.03245171929510044,0.01451541400821288,0.18407595411889138,2523136,56,0,0,0
1460,code_recurrent,0,,,,,,,,,,,,,,,,,,,,,,,,,,,,,,,,,,0.3337588310241699,0.754002034664154,1.0,6.570776462554932,0.9025999903678894,0.9865891933441162,0,0.4474229866493351,-0.07354107343625012,0.017340285515612258,0.12378924254564538,2523136,56,0,0,0
1480,code_recurrent,0,,,,,,,,,,,,,,,,,,,,,,,,,,,,,,,,,,0.317770779132843,0.8265978097915649,1.0,6.5762224197387695,0.8788000345230103,1.0512454509735107,0,0.4493303817423914,-0.045253449685073326,0.01656607369973605,0.3602335755491541,2523136,56,0,0,0
1500,code_recurrent,0,,,,,,,,,,,,,,,,,,,,,,,,,,,,,,,,,,0.24198533594608307,0.7952226996421814,1.0,6.5818257331848145,0.9015499949455261,0.9820336103439331,0,0.4501246927964497,-0.03180499211469266,0.018587107424409912,0.1625697677866334,2523136,56,0,0,0
1500,,,,-0.2628794551674838,1.0926013096556093,2.9820211523345725,,32,8415,0.07433795146493893,1.6809097139382128,5.370439313060499,,32,14382,0.38946533203125,0.27857670167676446,1.4951996854499177,4.460227106386048,,-0.002824675198855542,0.9039784966837368,2.469408125653659,,32,6174,,0.11276175561453883,2.3033092215221123,10.007243907724249,,32,3861,0,0.0,,,,,,,,,,,,,,,,
1520,code_recurrent,0,,,,,,,,,,,,,,,,,,,,,,,,,,,,,,,,,,0.2526000142097473,0.8067715167999268,1.0,6.586989879608154,0.8765499591827393,0.9989414215087891,0,0.45241831148777445,-0.005576355805845067,0.013388444802221205,0.16224586641682046,2523136,56,0,0,0
1540,code_recurrent,0,,,,,,,,,,,,,,,,,,,,,,,,,,,,,,,,,,0.3068397343158722,0.7521833181381226,1.0,6.591508388519287,0.9025999903678894,0.9715182781219482,0,0.45093022736095706,-0.017314095769376894,0.01692030807875747,0.13470194150087617,2523136,56,0,0,0
1560,code_recurrent,0,,,,,,,,,,,,,,,,,,,,,,,,,,,,,,,,,,0.29759445786476135,0.8213597536087036,1.0,6.596920967102051,0.8788000345230103,1.0361261367797852,0,0.4503564922145616,-0.051118244986615276,0.01527718552037157,0.3208614744719059,2523136,56,0,0,0
1580,code_recurrent,0,,,,,,,,,,,,,,,,,,,,,,,,,,,,,,,,,,0.20645169913768768,0.7924054265022278,1.0,6.601713180541992,0.9015499949455261,0.9616484045982361,0,0.4528648708338879,0.02937124361259131,0.01633255976023123,0.14196262346018876,2523136,56,0,0,0
1600,code_recurrent,0,,,,,,,,,,,,,,,,,,,,,,,,,,,,,,,,,,0.2314601093530655,0.802843451499939,1.0,6.6056976318359375,0.8765499591827393,0.9846304655075073,0,0.45193614088176004,-0.024907129269974706,0.01757890329186228,0.16318044710372176,2523136,56,0,0,0
1620,code_recurrent,0,,,,,,,,,,,,,,,,,,,,,,,,,,,,,,,,,,0.2838645577430725,0.7473393082618713,1.0,6.610442161560059,0.9025999903678894,0.9553760290145874,0,0.4533075335755517,-0.01850269878403716,0.015419883750164733,0.10966953075239583,2523136,56,0,0,0
1640,code_recurrent,0,,,,,,,,,,,,,,,,,,,,,,,,,,,,,,,,,,0.25340333580970764,0.8163838386535645,1.0,6.615373134613037,0.8788000345230103,1.0092391967773438,0,0.4556164305339028,-0.053257692784037705,0.016863736037224058,0.15124695828805365,2523136,56,0,0,0
1660,code_recurrent,0,,,,,,,,,,,,,,,,,,,,,,,,,,,,,,,,,,0.18397819995880127,0.7868010401725769,1.0,6.620089054107666,0.9015499949455261,0.9449910521507263,0,0.4567181236149233,-0.008011230771704245,0.01836616579676047,0.10465558991723119,2523136,56,0,0,0
1680,code_recurrent,0,,,,,,,,,,,,,,,,,,,,,,,,,,,,,,,,,,0.23603999614715576,0.7958886623382568,1.0,6.6241326332092285,0.8765499591827393,0.9801499843597412,0,0.44961919431442954,0.07647149309715522,0.01972102517749937,0.5493357978909025,2523136,56,0,0,0
1700,code_recurrent,0,,,,,,,,,,,,,,,,,,,,,,,,,,,,,,,,,,0.27392715215682983,0.741609513759613,1.0,6.628195285797119,0.9025999903678894,0.9448550343513489,0,0.4506934555019201,0.024330592743353918,0.015022009686707328,0.12808338946825454,2523136,56,0,0,0
1720,code_recurrent,0,,,,,,,,,,,,,,,,,,,,,,,,,,,,,,,,,,0.24723736941814423,0.8061231374740601,1.0,6.632863998413086,0.8788000345230103,0.9960704445838928,0,0.4557024919576043,-0.07122363249072805,0.016491132095411774,0.1577646523773197,2523136,56,0,0,0
1740,code_recurrent,0,,,,,,,,,,,,,,,,,,,,,,,,,,,,,,,,,,0.17717278003692627,0.7792220115661621,1.0,6.637032508850098,0.9015499949455261,0.9341787099838257,0,0.45632101679521275,-0.007973229296372406,0.016075712314710788,0.10609324540913342,2523136,56,0,0,0
1750,,,,-0.2368638308927975,1.1186169339302956,3.0606182374214095,,32,8415,0.09307124594490945,1.6996430084181833,5.4719935873556524,,32,14382,0.3889923095703125,0.2784897940499442,1.5160982601658648,4.5544203195516175,,0.016700999189203203,0.9235041710717955,2.5180987968003494,,32,6174,,0.13208146133561183,2.3226289272431853,10.202460607666099,,32,3861,0,0.0,,,,,,,,,,,,,,,,
1760,code_recurrent,0,,,,,,,,,,,,,,,,,,,,,,,,,,,,,,,,,,0.23528063297271729,0.7913615703582764,1.0,6.640417575836182,0.8765499591827393,0.9754060506820679,0,0.4456011193381329,-0.07994786995446443,0.017514066900023155,0.3797044178855325,2523136,56,0,0,0
1780,code_recurrent,0,,,,,,,,,,,,,,,,,,,,,,,,,,,,,,,,,,0.27397871017456055,0.7368432879447937,1.0,6.64434814453125,0.9025999903678894,0.9402761459350586,0,0.4484859266031758,0.003293136375889714,0.01654601875759129,0.16348788953489726,2523136,56,0,0,0
1800,code_recurrent,0,,,,,,,,,,,,,,,,,,,,,,,,,,,,,,,,,,0.22636893391609192,0.8047134876251221,1.0,6.648471832275391,0.8788000345230103,0.9843826293945312,0,0.45123185127290155,0.011304881095254262,0.014922859686212467,0.12859003248787115,2523136,56,0,0,0
1820,code_recurrent,0,,,,,,,,,,,,,,,,,,,,,,,,,,,,,,,,,,0.17019276320934296,0.775980532169342,1.0,6.65236234664917,0.9015499949455261,0.9276005029678345,0,0.45401900533645134,-0.02566881202593712,0.016979232703202538,0.12280345230052869,2523136,56,0,0,0
1840,code_recurrent,0,,,,,,,,,,,,,,,,,,,,,,,,,,,,,,,,,,0.19477330148220062,0.7918259501457214,1.0,6.655498504638672,0.8765499591827393,0.9557675719261169,0,0.4535661336869685,-0.0009722434707717704,0.01633720831550096,0.1973162737394136,2523136,56,0,0,0
1860,code_recurrent,0,,,,,,,,,,,,,,,,,,,,,,,,,,,,,,,,,,0.2503959834575653,0.7343606948852539,1.0,6.658761501312256,0.9025999903678894,0.9261463284492493,0,0.45416902179488516,-0.09449214571837469,0.02362764777120439,0.15090567355177234,2523136,56,0,0,0
1880,code_recurrent,0,,,,,,,,,,,,,,,,,,,,,,,,,,,,,,,,,,0.21588625013828278,0.7982123494148254,1.0,6.662928104400635,0.8788000345230103,0.9727847576141357,0,0.4528084959477555,-0.09298083099669643,0.02344206454701692,0.11744706567435984,2523136,56,0,0,0
1900,code_recurrent,0,,,,,,,,,,,,,,,,,,,,,,,,,,,,,,,,,,0.15946029126644135,0.7711145877838135,1.0,6.666277885437012,0.9015499949455261,0.917507529258728,0,0.45294616879127664,-0.021076490539209253,0.022188752080084726,0.11987558472901583,2523136,56,0,0,0
1920,code_recurrent,0,,,,,,,,,,,,,,,,,,,,,,,,,,,,,,,,,,0.17800083756446838,0.7863302826881409,1.0,6.669414520263672,0.8765499591827393,0.942024827003479,0,0.4528322121771045,0.021374333609336254,0.018971458004255377,0.14326559876106562,2523136,56,0,0,0
1940,code_recurrent,0,,,,,,,,,,,,,,,,,,,,,,,,,,,,,,,,,,0.22384308278560638,0.7364181876182556,1.0,6.672338962554932,0.9025999903678894,0.9150631427764893,0,0.4574734212860959,-0.035750998693401925,0.016878137655467505,0.16708706368707002,2523136,56,0,0,0
1960,code_recurrent,0,,,,,,,,,,,,,,,,,,,,,,,,,,,,,,,,,,0.2010960429906845,0.7937798500061035,1.0,6.6758809089660645,0.8788000345230103,0.9610866904258728,0,0.45682903303587363,-0.03460272550624462,0.016686317780505982,0.136263009808248,2523136,56,0,0,0
1980,code_recurrent,0,,,,,,,,,,,,,,,,,,,,,,,,,,,,,,,,,,0.14785480499267578,0.766334056854248,1.0,6.6790771484375,0.9015499949455261,0.907052218914032,0,0.4555477109171037,0.00599330326492366,0.01709198570396337,0.09903027178749205,2523136,56,0,0,0
1999,,,0.140625,-0.2221266983947936,1.1333540664282995,3.106056969848264,,32,8415,0.10737217943055999,1.7139439419038338,5.550810437673715,0.14713421141118244,32,14382,0.388427734375,0.2783340142697704,1.532398974159375,4.629269008774567,0.015625,0.0240500264465906,0.9308531983291829,2.536672539370579,,32,6174,0.015625,0.16089722406861062,2.351444689976184,10.500729069843809,,32,3861,0,0.0,,,,,,,,,,,,,,,,
2000,novel_inject,0,,,,,,,,,,,,,,,,,,,,,,,,,,,,,,,,,,1.1012632846832275,4.158136367797852,1.0,6.681884765625,0.7915500402450562,4.7755866050720215,0,0.02850771265371382,0.012918622303654306,0.02086546862893368,9.038238907049573,2523136,56,0,0,0
2000,,,,-0.22145965993227312,1.13402110489082,3.108129520472577,,32,8415,0.1017003235109426,1.7082720859842164,5.519416156715926,,32,14382,0.3885345458984375,0.2783202346490354,1.5272692445494442,4.60558291403856,,0.022719303844119465,0.9295224757267118,2.5332991768900226,,32,6174,,0.1467138456884549,2.3372613115960283,10.352844486809177,,32,3861,0,0.0,,,,,,,,,,,,,,,,
2020,novel_inject,0,,,,,,,,,,,,,,,,,,,,,,,,,,,,,,,,,,1.2544866800308228,2.2655694484710693,1.0,6.697750568389893,0.7851499915122986,2.9597902297973633,0,0.1753637811416089,-0.27308621994702015,0.2242261674669054,1.8740197904053189,2523136,56,0,0,0
2040,novel_inject,0,,,,,,,,,,,,,,,,,,,,,,,,,,,,,,,,,,1.5376964807510376,2.0930213928222656,1.0,6.712346076965332,0.8454499840736389,2.928992986679077,0,0.2841167134010438,-0.41671625277376734,0.13509388122234553,1.1172510605009776,2523136,56,0,0,0
2060,novel_inject,0,,,,,,,,,,,,,,,,,,,,,,,,,,,,,,,,,,1.253859043121338,2.1645584106445312,1.0,6.723443508148193,0.8221499919891357,2.858722448348999,0,0.2736533848231448,0.2369633589072951,0.1037935454191433,1.5082306119184647,2523136,56,0,0,0
2080,novel_inject,0,,,,,,,,,,,,,,,,,,,,,,,,,,,,,,,,,,1.3160760402679443,2.0095231533050537,1.0,6.729345321655273,0.8012000322341919,2.7348544597625732,0,0.2533218011862087,-0.10940610787448739,0.0724613388941165,1.0726061670080065,2523136,56,0,0,0
2100,novel_inject,0,,,,,,,,,,,,,,,,,,,,,,,,,,,,,,,,,,1.0986816883087158,2.111166477203369,1.0,6.733191013336182,0.8032000064849854,2.7278389930725098,0,0.257110690843977,-0.07195681047090018,0.0653288502024398,1.7486109564701717,2523136,56,0,0,0
2120,novel_inject,0,,,,,,,,,,,,,,,,,,,,,,,,,,,,,,,,,,1.4356508255004883,2.008894681930542,1.0,6.737374782562256,0.8076499700546265,2.7940938472747803,0,0.25696038727212644,-0.3488142248617286,0.06604040778641189,1.2602007759941949,2523136,56,0,0,0
2140,novel_inject,0,,,,,,,,,,,,,,,,,,,,,,,,,,,,,,,,,,1.1528912782669067,2.402712106704712,1.0,6.740781784057617,0.791949987411499,3.046565532684326,0,0.16773406238605415,0.2156157312316022,0.07061586909823948,1.1641041009199051,2523136,56,0,0,0
2149,,,0.140625,-0.09119358074077177,1.2642871840823213,3.5405680631293155,0.13093311765402182,32,8415,0.0059847809843684985,1.6125565434576423,5.01561749506222,,32,14382,0.3871917724609375,0.277656347573209,1.5310850529221083,4.623190508120954,0.03125,0.06894300514569673,0.975746177028289,2.653146189295852,,32,6174,0.015625,0.0812028412126069,2.2717503071201803,9.696357573676302,,32,3861,0,0.0,,,,,,,,,,,,,,,,
2160,math_recurrent,0,,,,,,,,,,,,,,,,,,,,,,,,,,,,,,,,,,1.1957886219024658,1.6318848133087158,1.0,6.799168586730957,0.8876000046730042,2.2977709770202637,0,0.342643297631308,0.6211641571883645,0.7763812043600612,1.4778589981888968,2523136,56,0,0,0
2180,math_recurrent,0,,,,,,,,,,,,,,,,,,,,,,,,,,,,,,,,,,1.182905912399292,1.1334795951843262,1.0,6.848526954650879,0.8835999965667725,1.7934178113937378,0,0.35134014829707627,0.23183822029802417,0.10748954145385632,0.7679355329582614,2523136,56,0,0,0
2200,math_recurrent,0,,,,,,,,,,,,,,,,,,,,,,,,,,,,,,,,,,1.1276037693023682,0.9777451753616333,1.0,6.859527111053467,0.8609499931335449,1.6101423501968384,0,0.3515446345739156,0.19428130889511003,0.0433309646434195,0.4726917424490527,2523136,56,0,0,0
2220,math_recurrent,0,,,,,,,,,,,,,,,,,,,,,,,,,,,,,,,,,,1.022903323173523,1.166322112083435,1.0,6.866502285003662,0.8617500066757202,1.74643874168396,0,0.3519642885653697,0.05963576075321596,0.036118599209224896,0.7646347356339296,2523136,56,0,0,0
2240,math_recurrent,0,,,,,,,,,,,,,,,,,,,,,,,,,,,,,,,,,,0.7815398573875427,1.112602710723877,1.0,6.870622634887695,0.8876000046730042,1.5720789432525635,0,0.3580230453557837,0.01922077893894831,0.030605838555724376,0.42904614058751905,2523136,56,0,0,0
2250,,,,-0.16370963483641576,1.1917711299866773,3.2929082141481363,,32,8415,-0.004308083876003899,1.60226367859727,4.96425719773218,,32,14382,0.2161102294921875,0.1518483324115779,1.3869710106419098,4.0027075140038,,-0.27958653743189055,0.6272166344507017,1.872391768960655,,32,6174,,-0.06391486637458321,2.12663259953299,8.386578241213003,,32,3861,0,0.0,,,,,,,,,,,,,,,,
2260,math_recurrent,0,,,,,,,,,,,,,,,,,,,,,,,,,,,,,,,,,,0.8861966729164124,0.9985344409942627,1.0,6.8772873878479,0.8835999965667725,1.5104056596755981,0,0.36110244861966867,0.10120355642616882,0.03248713860243914,0.5323387639035307,2523136,56,0,0,0
2280,math_recurrent,0,,,,,,,,,,,,,,,,,,,,,,,,,,,,,,,,,,0.9543320536613464,0.8902928829193115,1.0,6.886730194091797,0.8609499931335449,1.436326265335083,0,0.36464756887320754,0.015127324536609064,0.02607959495628223,0.4457188716424363,2523136,56,0,0,0
2300,math_recurrent,0,,,,,,,,,,,,,,,,,,,,,,,,,,,,,,,,,,0.8260917067527771,1.0793282985687256,1.0,6.895030975341797,0.8617500066757202,1.5613244771957397,0,0.3680109669883871,0.07693927021422756,0.027285740847167162,0.474775841796682,2523136,56,0,0,0
2320,math_recurrent,0,,,,,,,,,,,,,,,,,,,,,,,,,,,,,,,,,,0.6499371528625488,1.0519129037857056,1.0,6.902186393737793,0.8876000046730042,1.4459033012390137,0,0.37913117769966675,-0.013431902345993356,0.027745436413937972,0.39374293037468483,2523136,56,0,0,0
2340,math_recurrent,0,,,,,,,,,,,,,,,,,,,,,,,,,,,,,,,,,,0.7581921815872192,0.948817253112793,1.0,6.911930084228516,0.8835999965667725,1.397032618522644,0,0.37966696260208416,0.025828027964702675,0.027241269138730352,0.43034464780773435,2523136,56,0,0,0
2360,math_recurrent,0,,,,,,,,,,,,,,,,,,,,,,,,,,,,,,,,,,0.8426904678344727,0.8506585359573364,1.0,6.921594142913818,0.8609499931335449,1.3412196636199951,0,0.38437116128606513,0.059714339898034395,0.026399230159493903,0.41322367506486085,2523136,56,0,0,0
2380,math_recurrent,0,,,,,,,,,,,,,,,,,,,,,,,,,,,,,,,,,,0.6974518299102783,1.0316232442855835,1.0,6.931556701660156,0.8617500066757202,1.4496647119522095,0,0.38613980602949305,0.023847777024327246,0.02844511409371441,0.4241377240194688,2523136,56,0,0,0
2400,math_recurrent,0,,,,,,,,,,,,,,,,,,,,,,,,,,,,,,,,,,0.5486821532249451,1.016560673713684,1.0,6.940451622009277,0.8876000046730042,1.3603062629699707,0,0.3945515550548762,-0.049410866506929906,0.027575688550455703,0.35413223707250185,2523136,56,0,0,0
2420,math_recurrent,0,,,,,,,,,,,,,,,,,,,,,,,,,,,,,,,,,,0.6440206170082092,0.9170712232589722,1.0,6.950847625732422,0.8835999965667725,1.3085899353027344,0,0.3945385028492086,0.02085055170963252,0.026921676865424075,0.3384560046628827,2523136,56,0,0,0
2440,math_recurrent,0,,,,,,,,,,,,,,,,,,,,,,,,,,,,,,,,,,0.75668865442276,0.8255159258842468,1.0,6.960951328277588,0.8609499931335449,1.2734698057174683,0,0.39827258683940103,0.052535894430807924,0.0230777887686614,0.3779578341318975,2523136,56,0,0,0
2460,math_recurrent,0,,,,,,,,,,,,,,,,,,,,,,,,,,,,,,,,,,0.6109422445297241,1.0030786991119385,1.0,6.969709396362305,0.8617500066757202,1.3782470226287842,0,0.3977544335413153,-0.06671470328313132,0.028257341242750134,0.3956983988365484,2523136,56,0,0,0
2480,math_recurrent,0,,,,,,,,,,,,,,,,,,,,,,,,,,,,,,,,,,0.47566667199134827,0.9916571378707886,1.0,6.977888107299805,0.8876000046730042,1.299269437789917,0,0.40312668264812623,-0.0546263627402368,0.02619883462616671,0.3516057005713856,2523136,56,0,0,0
2500,math_recurrent,0,,,,,,,,,,,,,,,,,,,,,,,,,,,,,,,,,,0.5676136612892151,0.8955784440040588,1.0,6.987483978271484,0.8835999965667725,1.2492601871490479,0,0.4053029136846238,0.011286403975516026,0.024496347865917617,0.3190555882950624,2523136,56,0,0,0
2500,,,,-0.07444249117438173,1.2810382736487114,3.600375961102056,,32,8415,0.058014412546933736,1.6645861750202076,5.283486358661283,,32,14382,0.20965576171875,0.14930854849263925,1.4429495336666625,4.233163278966287,,-0.2883526178328474,0.6184505540497449,1.8560499636092256,,32,6174,,0.017175666040412096,2.2077231319479855,9.094984720211835,,32,3861,0,0.0,,,,,,,,,,,,,,,,
2520,math_recurrent,0,,,,,,,,,,,,,,,,,,,,,,,,,,,,,,,,,,0.6792763471603394,0.81015944480896,1.0,6.996152877807617,0.8609499931335449,1.219759225845337,0,0.40719248101878247,0.005506247178085947,0.02737293886501224,0.32897580133544074,2523136,56,0,0,0
2540,math_recurrent,0,,,,,,,,,,,,,,,,,,,,,,,,,,,,,,,,,,0.5389181971549988,0.9807082414627075,1.0,7.004612445831299,0.8617500066757202,1.3202134370803833,0,0.4067981073566564,0.005492862326458895,0.024971623190989094,0.3812951604111327,2523136,56,0,0,0
2560,math_recurrent,0,,,,,,,,,,,,,,,,,,,,,,,,,,,,,,,,,,0.41008952260017395,0.9775382876396179,1.0,7.012369155883789,0.8876000046730042,1.25270676612854,0,0.41299110553562135,0.025405817864728824,0.027308167809886593,0.399186322501018,2523136,56,0,0,0
2580,math_recurrent,0,,,,,,,,,,,,,,,,,,,,,,,,,,,,,,,,,,0.48673468828201294,0.8794786930084229,1.0,7.021431922912598,0.8835999965667725,1.193060278892517,0,0.4122102877891223,0.004688965499683816,0.02795144144874362,0.25942097045776863,2523136,56,0,0,0
2600,math_recurrent,0,,,,,,,,,,,,,,,,,,,,,,,,,,,,,,,,,,0.6153939962387085,0.7966837882995605,1.0,7.0291523933410645,0.8609499931335449,1.1746723651885986,0,0.4143574080863382,0.0037228832474543844,0.027581135663277807,0.3287886573681756,2523136,56,0,0,0
2620,math_recurrent,0,,,,,,,,,,,,,,,,,,,,,,,,,,,,,,,,,,0.46915867924690247,0.9668912887573242,1.0,7.036893367767334,0.8617500066757202,1.2718394994735718,0,0.415021061742231,-0.009085729825268831,0.025633052064638055,0.38418185789552,2523136,56,0,0,0
2640,math_recurrent,0,,,,,,,,,,,,,,,,,,,,,,,,,,,,,,,,,,0.35657504200935364,0.9649077653884888,1.0,7.043973445892334,0.8876000046730042,1.213634967803955,0,0.4202490643288748,-0.0036621166675883743,0.02786167979144329,0.42221149869617963,2523136,56,0,0,0
2660,math_recurrent,0,,,,,,,,,,,,,,,,,,,,,,,,,,,,,,,,,,0.4265383183956146,0.8688347935676575,1.0,7.052200794219971,0.8835999965667725,1.1526259183883667,0,0.42004078582906335,0.02580010557929719,0.026269068855733154,0.2558057636968673,2523136,56,0,0,0
2680,math_recurrent,0,,,,,,,,,,,,,,,,,,,,,,,,,,,,,,,,,,0.5330649018287659,0.7875131368637085,1.0,7.059017658233643,0.8609499931335449,1.1246356964111328,0,0.4212532236528585,0.025337803784558282,0.02560401210960533,0.27357222541634524,2523136,56,0,0,0
2700,math_recurrent,0,,,,,,,,,,,,,,,,,,,,,,,,,,,,,,,,,,0.4154328405857086,0.9522363543510437,1.0,7.065330505371094,0.8617500066757202,1.2306060791015625,0,0.4191083642420212,-0.06324613952892832,0.029600659785200916,0.3571895172612535,2523136,56,0,0,0
2720,math_recurrent,0,,,,,,,,,,,,,,,,,,,,,,,,,,,,,,,,,,0.32093390822410583,0.9493955969810486,1.0,7.0724592208862305,0.8876000046730042,1.1805871725082397,0,0.4217651366539525,-0.09747463063935616,0.03568602078520353,0.25038212123844356,2523136,56,0,0,0
2740,math_recurrent,0,,,,,,,,,,,,,,,,,,,,,,,,,,,,,,,,,,0.38692158460617065,0.8570371270179749,1.0,7.08030366897583,0.8835999965667725,1.1213009357452393,0,0.42376885318469854,0.013710692115377501,0.02602173541709485,0.2574232682970072,2523136,56,0,0,0
2750,,,,-0.019965974079025672,1.3355147907440674,3.8019526527639256,,32,8415,0.08621683069005526,1.692788593163329,5.434614523198097,,32,14382,0.2088165283203125,0.14826394424957484,1.4829370278838825,4.4058668505053715,,-0.2713139802458837,0.6354891916367086,1.887945482735625,,32,6174,,0.07740807008385131,2.2679555359914247,9.659631842844892,,32,3861,0,0.0,,,,,,,,,,,,,,,,
2760,math_recurrent,0,,,,,,,,,,,,,,,,,,,,,,,,,,,,,,,,,,0.4792286157608032,0.779937744140625,1.0,7.085782527923584,0.8609499931335449,1.090409755706787,0,0.4246731626870039,0.047287076245993376,0.028914860340337904,0.2657390423119068,2523136,56,0,0,0
2780,math_recurrent,0,,,,,,,,,,,,,,,,,,,,,,,,,,,,,,,,,,0.34901294112205505,0.9439011216163635,1.0,7.091991424560547,0.8617500066757202,1.1893274784088135,0,0.42299945646265424,-0.06273493858835925,0.02167016046513463,0.2721218921894592,2523136,56,0,0,0
2800,math_recurrent,0,,,,,,,,,,,,,,,,,,,,,,,,,,,,,,,,,,0.2772896885871887,0.9407709240913391,1.0,7.096639633178711,0.8876000046730042,1.150382161140442,0,0.42667405608320796,-0.008281178518830399,0.031145043415017424,0.21647553657669397,2523136,56,0,0,0
2820,math_recurrent,0,,,,,,,,,,,,,,,,,,,,,,,,,,,,,,,,,,0.3515655994415283,0.8501604199409485,1.0,7.10340690612793,0.8835999965667725,1.0969773530960083,0,0.42799779893544265,0.039635011629018536,0.02948116192239381,0.3060447387456421,2523136,56,0,0,0
2840,math_recurrent,0,,,,,,,,,,,,,,,,,,,,,,,,,,,,,,,,,,0.44400477409362793,0.7726565599441528,1.0,7.108208179473877,0.8609499931335449,1.0657410621643066,0,0.42872670503208393,0.033947948439163156,0.03123768210292809,0.2566102990141464,2523136,56,0,0,0
2860,math_recurrent,0,,,,,,,,,,,,,,,,,,,,,,,,,,,,,,,,,,0.3262368440628052,0.9350069761276245,1.0,7.113764762878418,0.8617500066757202,1.1692631244659424,0,0.42649649646198445,0.017258573331803615,0.026490779268363164,0.2563845793347037,2523136,56,0,0,0
2880,math_recurrent,0,,,,,,,,,,,,,,,,,,,,,,,,,,,,,,,,,,0.2481066882610321,0.9337047338485718,1.0,7.119338035583496,0.8876000046730042,1.1289514303207397,0,0.43322122713181227,-0.004332937857335699,0.03475761423293974,0.1866953893638556,2523136,56,0,0,0
2900,math_recurrent,0,,,,,,,,,,,,,,,,,,,,,,,,,,,,,,,,,,0.3112442195415497,0.8438875079154968,1.0,7.124823093414307,0.8835999965667725,1.0707578659057617,0,0.429782825877388,0.03181584432604723,0.022235618677685066,0.2397341264175281,2523136,56,0,0,0
2920,math_recurrent,0,,,,,,,,,,,,,,,,,,,,,,,,,,,,,,,,,,0.3992743194103241,0.7677903771400452,1.0,7.129228591918945,0.8609499931335449,1.038719892501831,0,0.4311717619823806,-0.08506504479529602,0.02530481062371225,0.2345713758072446,2523136,56,0,0,0
2940,math_recurrent,0,,,,,,,,,,,,,,,,,,,,,,,,,,,,,,,,,,0.2929133176803589,0.9276783466339111,1.0,7.133724212646484,0.8617500066757202,1.1454722881317139,0,0.43043088735428275,-0.04405874814463979,0.02885406001042279,0.23363944036028686,2523136,56,0,0,0
2960,math_recurrent,0,,,,,,,,,,,,,,,,,,,,,,,,,,,,,,,,,,0.2328876405954361,0.9235208034515381,1.0,7.137838840484619,0.8876000046730042,1.1113430261611938,0,0.43579509730185334,-0.027717385796547336,0.026469937836130462,0.1556619180662055,2523136,56,0,0,0
2980,math_recurrent,0,,,,,,,,,,,,,,,,,,,,,,,,,,,,,,,,,,0.28645870089530945,0.839259147644043,1.0,7.143027305603027,0.8835999965667725,1.0539188385009766,0,0.43303109232955944,0.03626298953063919,0.03026703243395166,0.26126231728565125,2523136,56,0,0,0
3000,math_recurrent,0,,,,,,,,,,,,,,,,,,,,,,,,,,,,,,,,,,0.3614532947540283,0.765449047088623,1.0,7.1471662521362305,0.8609499931335449,1.017647385597229,0,0.43265704423100654,-0.028054643546056468,0.02855520623898695,0.2060372288915373,2523136,56,0,0,0
3000,,,,0.01503574418936604,1.3705165090124591,3.9373838646017596,,32,8415,0.11563583541655809,1.722207597889832,5.596870475616204,,32,14382,0.2103271484375,0.14790429874342315,1.512813107546357,4.539482902989074,,-0.2623859648956308,0.6444172069869615,1.904876556967502,,32,6174,,0.12356365038860151,2.314111116296175,10.115927038496341,,32,3861,0,0.0,,,,,,,,,,,,,,,,
3020,math_recurrent,0,,,,,,,,,,,,,,,,,,,,,,,,,,,,,,,,,,0.2732445299625397,0.9191885590553284,1.0,7.152163028717041,0.8617500066757202,1.1273324489593506,0,0.4329061444768833,-0.0010096431734772132,0.02838173586623891,0.22393856531393433,2523136,56,0,0,0
3040,math_recurrent,0,,,,,,,,,,,,,,,,,,,,,,,,,,,,,,,,,,0.21334964036941528,0.9197007417678833,1.0,7.156266212463379,0.8876000046730042,1.0979381799697876,0,0.43420126517867524,-0.024675354908270362,0.03161720979685289,0.1417052622854946,2523136,56,0,0,0
3060,math_recurrent,0,,,,,,,,,,,,,,,,,,,,,,,,,,,,,,,,,,0.263500452041626,0.8325228095054626,1.0,7.1607890129089355,0.8835999965667725,1.0358809232711792,0,0.4353693814938863,0.08978750362751141,0.029541710970760693,0.23880402107856105,2523136,56,0,0,0
3080,math_recurrent,0,,,,,,,,,,,,,,,,,,,,,,,,,,,,,,,,,,0.3351987302303314,0.7625811696052551,1.0,7.164804458618164,0.8609499931335449,1.0018285512924194,0,0.43469331960989904,0.016652434153781672,0.03102040968074035,0.21211117605663957,2523136,56,0,0,0
3100,math_recurrent,0,,,,,,,,,,,,,,,,,,,,,,,,,,,,,,,,,,0.24711956083774567,0.9135829210281372,1.0,7.169361591339111,0.8617500066757202,1.1088364124298096,0,0.4355193827246698,0.020012873362117847,0.03090447725779894,0.185429851010087,2523136,56,0,0,0
3120,math_recurrent,0,,,,,,,,,,,,,,,,,,,,,,,,,,,,,,,,,,0.19353200495243073,0.9171710014343262,1.0,7.173051357269287,0.8876000046730042,1.0856674909591675,0,0.43752468160575486,-0.06329357730075051,0.07392633898952414,0.12691990612222562,2523136,56,0,0,0
3140,math_recurrent,0,,,,,,,,,,,,,,,,,,,,,,,,,,,,,,,,,,0.24440668523311615,0.8298991322517395,1.0,7.179269313812256,0.8835999965667725,1.0238951444625854,0,0.43451325668760343,-0.08952447235891928,0.03163970243148801,0.2057834025649797,2523136,56,0,0,0
3160,math_recurrent,0,,,,,,,,,,,,,,,,,,,,,,,,,,,,,,,,,,0.3175966143608093,0.7590973377227783,1.0,7.1827311515808105,0.8609499931335449,0.9897229671478271,0,0.5243145071714463,-0.0007294912169787235,0.02455069521175964,0.18240138933594738,2523136,56,0,0,0
3180,math_recurrent,0,,,,,,,,,,,,,,,,,,,,,,,,,,,,,,,,,,0.2213868498802185,0.9137386679649353,1.0,7.186183452606201,0.8617500066757202,1.0962939262390137,0,0.5180150562870968,-0.033524227839994376,0.02558984630667264,0.17207245457740059,2523136,56,0,0,0
3200,math_recurrent,0,,,,,,,,,,,,,,,,,,,,,,,,,,,,,,,,,,0.1845410019159317,0.9095640778541565,1.0,7.189482688903809,0.8876000046730042,1.0737295150756836,0,0.5136983510587062,-0.0036291551306411357,0.022856965562003475,0.129271622900925,2523136,56,0,0,0
3220,math_recurrent,0,,,,,,,,,,,,,,,,,,,,,,,,,,,,,,,,,,0.21658626198768616,0.8256946802139282,1.0,7.192967891693115,0.8835999965667725,1.0059174299240112,0,0.509700057924103,0.034408996746476204,0.03399762965864428,0.16735023638263108,2523136,56,0,0,0
3240,math_recurrent,0,,,,,,,,,,,,,,,,,,,,,,,,,,,,,,,,,,0.28014934062957764,0.7565550208091736,1.0,7.195636749267578,0.8609499931335449,0.9685860872268677,0,0.5022415066559903,-0.06115094182314351,0.029889370165100054,0.15056437761005428,2523136,56,0,0,0
3250,,,,0.03856184127000706,1.3940426060931002,4.031113361206948,,32,8415,0.13894491629347883,1.7455166787667526,5.728860691550412,,32,14382,0.2103424072265625,0.14765489020315156,1.533891664743526,4.636184234897927,,-0.25079954176378505,0.6560036301188072,1.9270756182866826,,32,6174,,0.14945627808786988,2.3400037439954433,10.38127543010699,,32,3861,0,0.0,,,,,,,,,,,,,,,,
3260,math_recurrent,0,,,,,,,,,,,,,,,,,,,,,,,,,,,,,,,,,,0.21071256697177887,0.9053694009780884,1.0,7.199216842651367,0.8617500066757202,1.0827178955078125,0,0.49546759052146766,-0.01957008121618336,0.02725054524794576,0.16589292438020783,2523136,56,0,0,0
3280,math_recurrent,0,,,,,,,,,,,,,,,,,,,,,,,,,,,,,,,,,,0.17434054613113403,0.9053627252578735,1.0,7.202474594116211,0.8876000046730042,1.064557671546936,0,0.49192950634401694,0.0037810386436051757,0.03349101791335713,0.14035028244353948,2523136,56,0,0,0
3300,math_recurrent,0,,,,,,,,,,,,,,,,,,,,,,,,,,,,,,,,,,0.1984410434961319,0.8223928213119507,1.0,7.2061004638671875,0.8835999965667725,0.9936743378639221,0,0.4877747857078697,-0.056553308644132425,0.03815268033871516,0.16202957834161463,2523136,56,0,0,0
3320,math_recurrent,0,,,,,,,,,,,,,,,,,,,,,,,,,,,,,,,,,,0.26766836643218994,0.7529284358024597,1.0,7.209718704223633,0.8609499931335449,0.9588598012924194,0,0.4859050654541132,0.05837785296483032,0.027732037134941608,0.16390147779491684,2523136,56,0,0,0
3340,math_recurrent,0,,,,,,,,,,,,,,,,,,,,,,,,,,,,,,,,,,0.19324679672718048,0.9016512036323547,1.0,7.213026523590088,0.8617500066757202,1.0704048871994019,0,0.48330116874286533,-0.06422973205501746,0.02349734653955296,0.1529236936616519,2523136,56,0,0,0
3360,math_recurrent,0,,,,,,,,,,,,,,,,,,,,,,,,,,,,,,,,,,0.16482338309288025,0.9015621542930603,1.0,7.215982437133789,0.8876000046730042,1.0561336278915405,0,0.48699769496158163,0.009994999973319605,0.025892999661450703,0.12441159207669515,2523136,56,0,0,0
3380,math_recurrent,0,,,,,,,,,,,,,,,,,,,,,,,,,,,,,,,,,,0.18782126903533936,0.8202995657920837,1.0,7.219299793243408,0.8835999965667725,0.986403226852417,0,0.4835749812192139,-0.01698855773221502,0.02272740764957335,0.1854914651207981,2523136,56,0,0,0
3400,math_recurrent,0,,,,,,,,,,,,,,,,,,,,,,,,,,,,,,,,,,0.24579456448554993,0.7520162463188171,1.0,7.2218546867370605,0.8609499931335449,0.9471320509910583,0,0.4821170757376265,0.06185882034852901,0.03399475660648137,0.1494187902866138,2523136,56,0,0,0
3420,math_recurrent,0,,,,,,,,,,,,,,,,,,,,,,,,,,,,,,,,,,0.18527185916900635,0.8967586159706116,1.0,7.2248334884643555,0.8617500066757202,1.0616428852081299,0,0.47584252551134165,0.008344835163110733,0.027899472508949065,0.21048134480499558,2523136,56,0,0,0
3440,math_recurrent,0,,,,,,,,,,,,,,,,,,,,,,,,,,,,,,,,,,0.15658029913902283,0.9016411900520325,1.0,7.227592945098877,0.8876000046730042,1.0522072315216064,0,0.4723347400752283,-0.04064477972445145,0.03144424596417045,0.13426088268558184,2523136,56,0,0,0
3460,math_recurrent,0,,,,,,,,,,,,,,,,,,,,,,,,,,,,,,,,,,0.17867319285869598,0.8152919411659241,1.0,7.231054306030273,0.8835999965667725,0.9769390821456909,0,0.47081320939795307,0.017480763326083042,0.031850073827681916,0.2825625580513761,2523136,56,0,0,0
3480,math_recurrent,0,,,,,,,,,,,,,,,,,,,,,,,,,,,,,,,,,,0.23763565719127655,0.7485705614089966,1.0,7.236583232879639,0.8609499931335449,0.9397541880607605,0,0.47065029541049375,-0.002059949566111235,0.039354469624554946,0.15571394668566804,2523136,56,0,0,0
3500,math_recurrent,0,,,,,,,,,,,,,,,,,,,,,,,,,,,,,,,,,,0.1817488819360733,0.8970842361450195,1.0,7.24074649810791,0.8617500066757202,1.060366153717041,0,0.4670590826194673,-0.06107565891787609,0.02634001866884766,0.16280308921363146,2523136,56,0,0,0
3500,,,,0.0492352109966856,1.4047159758197787,4.074369357496137,,32,8415,0.15100320883146034,1.7575749713047342,5.798359143911674,,32,14382,0.2096710205078125,0.1474031201836203,1.5429282577631542,4.678269411911847,,-0.25010128781213936,0.6567018840704529,1.9284216763427595,,32,6174,,0.16217273395007759,2.352720199857651,10.514131399119666,,32,3861,0,0.0,,,,,,,,,,,,,,,,
3520,math_recurrent,0,,,,,,,,,,,,,,,,,,,,,,,,,,,,,,,,,,0.1596580445766449,0.8938450217247009,1.0,7.243104457855225,0.8876000046730042,1.046105146408081,0,0.4676821398940357,-0.023387727481479357,0.040472591656171494,0.12991188557611572,2523136,56,0,0,0
3540,math_recurrent,0,,,,,,,,,,,,,,,,,,,,,,,,,,,,,,,,,,0.16539518535137177,0.8140143156051636,1.0,7.24606466293335,0.8835999965667725,0.9691725373268127,0,0.4658500234502946,0.0228748874007059,0.027421438679217345,0.1977480218198801,2523136,56,0,0,0
3560,math_recurrent,0,,,,,,,,,,,,,,,,,,,,,,,,,,,,,,,,,,0.22382012009620667,0.7462660670280457,1.0,7.248228073120117,0.8609499931335449,0.9306584000587463,0,0.4670250664415665,0.005567368099166613,0.035818818813589004,0.13798741699152048,2523136,56,0,0,0
3580,math_recurrent,0,,,,,,,,,,,,,,,,,,,,,,,,,,,,,,,,,,0.16104048490524292,0.8968431353569031,1.0,7.250526428222656,0.8617500066757202,1.0498685836791992,0,0.4636640699780932,-0.11204431056311089,0.03624535028578802,0.16249349657446147,2523136,56,0,0,0
3600,math_recurrent,0,,,,,,,,,,,,,,,,,,,,,,,,,,,,,,,,,,0.1284930557012558,0.8987761735916138,1.0,7.25328254699707,0.8876000046730042,1.0355554819107056,0,0.4689842104388218,-0.03312310816545505,0.0324584445006968,0.10801421897042365,2523136,56,0,0,0
3620,math_recurrent,0,,,,,,,,,,,,,,,,,,,,,,,,,,,,,,,,,,0.1540212780237198,0.810861349105835,1.0,7.255673885345459,0.8835999965667725,0.9604287147521973,0,0.46615574334667637,-0.03280650774000345,0.02854636036569164,0.1533690976747681,2523136,56,0,0,0
3640,math_recurrent,0,,,,,,,,,,,,,,,,,,,,,,,,,,,,,,,,,,0.2139946073293686,0.7426900267601013,1.0,7.257926940917969,0.8609499931335449,0.9222666025161743,0,0.46524466594934394,-0.035345734105378925,0.04446343956736937,0.14591055057706342,2523136,56,0,0,0
3020,math_recurrent,0,,,,,,,,,,,,,,,,,,,,,,,,,,,,,,,,,,0.2732868194580078,0.9192802309989929,1.0,7.152152061462402,0.8617500066757202,1.1274452209472656,0,0.4330339012152728,-0.004436324071970635,0.02840672421106507,0.22152257515265356,2523136,56,0,0,0
3040,math_recurrent,0,,,,,,,,,,,,,,,,,,,,,,,,,,,,,,,,,,0.21481500566005707,0.9196532964706421,1.0,7.15626859664917,0.8876000046730042,1.0986233949661255,0,0.4343897713035822,-0.030535845786549283,0.031815193362888836,0.1442068281036521,2523136,56,0,0,0
3060,math_recurrent,0,,,,,,,,,,,,,,,,,,,,,,,,,,,,,,,,,,0.26412439346313477,0.8323575258255005,1.0,7.160815238952637,0.8835999965667725,1.0360279083251953,0,0.43565554683492724,0.08906925271938755,0.03011840378111672,0.2293408207950138,2523136,56,0,0,0
3080,math_recurrent,0,,,,,,,,,,,,,,,,,,,,,,,,,,,,,,,,,,0.33309000730514526,0.762639582157135,1.0,7.164865493774414,0.8609499931335449,1.0008331537246704,0,0.43461850950939557,0.014109008721009429,0.03134733393995298,0.20873818124925334,2523136,56,0,0,0
3100,math_recurrent,0,,,,,,,,,,,,,,,,,,,,,,,,,,,,,,,,,,0.24589841067790985,0.9133586883544922,1.0,7.169529438018799,0.8617500066757202,1.1080032587051392,0,0.4360270073678491,0.031738606416703466,0.03064601459459121,0.18524253851187136,2523136,56,0,0,0
3120,math_recurrent,0,,,,,,,,,,,,,,,,,,,,,,,,,,,,,,,,,,0.19179637730121613,0.9172780513763428,1.0,7.173063278198242,0.8876000046730042,1.084906816482544,0,0.4379925165851076,-0.052099996685033796,0.038035719639562544,0.12939429389578955,2523136,56,0,0,0
3140,math_recurrent,0,,,,,,,,,,,,,,,,,,,,,,,,,,,,,,,,,,0.24044884741306305,0.8297969698905945,1.0,7.177835941314697,0.8835999965667725,1.0217998027801514,0,0.43482635083593946,-0.095580947866048,0.03196811085448615,0.22351796493702938,2523136,56,0,0,0
3160,math_recurrent,0,,,,,,,,,,,,,,,,,,,,,,,,,,,,,,,,,,0.3151610791683197,0.7594107389450073,1.0,7.181097507476807,0.8609499931335449,0.9888022541999817,0,0.5242611444014383,-0.0009018795244628564,0.024448648574466388,0.17892439516468178,2523136,56,0,0,0
3180,math_recurrent,0,,,,,,,,,,,,,,,,,,,,,,,,,,,,,,,,,,0.22308403253555298,0.9131205081939697,1.0,7.1845598220825195,0.8617500066757202,1.0965081453323364,0,0.5180379820634566,-0.035794828116195276,0.025450638992830166,0.17353130825869148,2523136,56,0,0,0
3200,math_recurrent,0,,,,,,,,,,,,,,,,,,,,,,,,,,,,,,,,,,0.18448607623577118,0.9105047583580017,1.0,7.187892913818359,0.8876000046730042,1.0746266841888428,0,0.5142750738111359,-0.006260886636612538,0.023302461956405923,0.13707598270404905,2523136,56,0,0,0
3220,math_recurrent,0,,,,,,,,,,,,,,,,,,,,,,,,,,,,,,,,,,0.21901419758796692,0.8259294033050537,1.0,7.1915764808654785,0.8835999965667725,1.0073522329330444,0,0.5099527869545866,0.03533024551247114,0.03349494100622242,0.19479072520006743,2523136,56,0,0,0
3240,math_recurrent,0,,,,,,,,,,,,,,,,,,,,,,,,,,,,,,,,,,0.281276673078537,0.7562039494514465,1.0,7.194217681884766,0.8609499931335449,0.9687844514846802,0,0.5024132943688572,-0.05827631822571026,0.030705548372370974,0.15252958615384404,2523136,56,0,0,0
3250,,,,0.03966091652392478,1.3951416813470179,4.03554629376499,,32,8415,0.13870522323097023,1.745276985704244,5.727487687942863,,32,14382,0.210235595703125,0.14771509494911247,1.5350478492741004,4.641547619324799,,-0.24959026419463803,0.6572129076879543,1.9294073972057415,,32,6174,,0.15201235644961208,2.3425598223571855,10.407844725736043,,32,3861,0,0.0,,,,,,,,,,,,,,,,
3260,math_recurrent,0,,,,,,,,,,,,,,,,,,,,,,,,,,,,,,,,,,0.2102958858013153,0.9057708978652954,1.0,7.1978559494018555,0.8617500066757202,1.082897424697876,0,0.4952292944487896,-0.024540311051948396,0.02674091419330724,0.17165818628633306,2523136,56,0,0,0
3280,math_recurrent,0,,,,,,,,,,,,,,,,,,,,,,,,,,,,,,,,,,0.17866496741771698,0.9046350717544556,1.0,7.201113224029541,0.8876000046730042,1.0659786462783813,0,0.49120372220993014,-0.0013608960476371326,0.033453674802172276,0.15458978342690638,2523136,56,0,0,0
3300,math_recurrent,0,,,,,,,,,,,,,,,,,,,,,,,,,,,,,,,,,,0.20073159039020538,0.8218124508857727,1.0,7.2047319412231445,0.8835999965667725,0.9942255616188049,0,0.48776103042551106,-0.05156137696758378,0.03729248014648283,0.1603290486578194,2523136,56,0,0,0
3320,math_recurrent,0,,,,,,,,,,,,,,,,,,,,,,,,,,,,,,,,,,0.2677006423473358,0.7529666423797607,1.0,7.20843505859375,0.8609499931335449,0.9589013457298279,0,0.48633413782872675,0.06206042793512877,0.028223157930927025,0.16431157598419796,2523136,56,0,0,0
3340,math_recurrent,0,,,,,,,,,,,,,,,,,,,,,,,,,,,,,,,,,,0.19399739801883698,0.901684045791626,1.0,7.211792945861816,0.8617500066757202,1.0708006620407104,0,0.48411165493718317,-0.07275914436156329,0.02418857784091776,0.1523749781388139,2523136,56,0,0,0
3360,math_recurrent,0,,,,,,,,,,,,,,,,,,,,,,,,,,,,,,,,,,0.16266845166683197,0.9025059938430786,1.0,7.214780330657959,0.8876000046730042,1.055988073348999,0,0.48755691185651334,0.018145563089222248,0.026380918345724542,0.12460449976876142,2523136,56,0,0,0
3380,math_recurrent,0,,,,,,,,,,,,,,,,,,,,,,,,,,,,,,,,,,0.18358634412288666,0.8209273815155029,1.0,7.218209743499756,0.8835999965667725,0.9849026799201965,0,0.4835998412176604,-0.027967464257796695,0.0231317451157208,0.1891849268020855,2523136,56,0,0,0
3400,math_recurrent,0,,,,,,,,,,,,,,,,,,,,,,,,,,,,,,,,,,0.2459517866373062,0.7518625259399414,1.0,7.220706939697266,0.8609499931335449,0.9470455050468445,0,0.4823037719656189,0.06263568617162361,0.03371174191863882,0.15267844304797196,2523136,56,0,0,0
3420,math_recurrent,0,,,,,,,,,,,,,,,,,,,,,,,,,,,,,,,,,,0.18076202273368835,0.898125946521759,1.0,7.223631858825684,0.8617500066757202,1.0607433319091797,0,0.47571956332005755,0.006909438051349882,0.027089366331208675,0.2045564069220471,2523136,56,0,0,0
3440,math_recurrent,0,,,,,,,,,,,,,,,,,,,,,,,,,,,,,,,,,,0.15408483147621155,0.9026451110839844,1.0,7.226480484008789,0.8876000046730042,1.0519523620605469,0,0.47242825959684775,-0.0523288568011984,0.02981773550836517,0.12649600620544146,2523136,56,0,0,0
3460,math_recurrent,0,,,,,,,,,,,,,,,,,,,,,,,,,,,,,,,,,,0.17405007779598236,0.81545490026474,1.0,7.229870319366455,0.8835999965667725,0.9747786521911621,0,0.4713007258306445,0.02470553388827414,0.0321502056745221,0.24782941206580117,2523136,56,0,0,0
3480,math_recurrent,0,,,,,,,,,,,,,,,,,,,,,,,,,,,,,,,,,,0.2326834499835968,0.749186098575592,1.0,7.2326273918151855,0.8609499931335449,0.9378540515899658,0,0.470630499930721,0.014901111501135997,0.03229073197802617,0.15531088097819262,2523136,56,0,0,0
3500,math_recurrent,0,,,,,,,,,,,,,,,,,,,,,,,,,,,,,,,,,,0.17479144036769867,0.8973199725151062,1.0,7.235732555389404,0.8617500066757202,1.0570729970932007,0,0.4677435742544828,-0.050670012149826756,0.027127402514174937,0.15227364457197606,2523136,56,0,0,0
3500,,,,0.04975536978818518,1.4052361346112783,4.076489227824052,,32,8415,0.15006379705860629,1.75663555953188,5.792914654777637,,32,14382,0.2095947265625,0.1475570315406436,1.543318327712237,4.680094620179452,,-0.25178769787886324,0.6550154740037291,1.9251723072693394,,32,6174,,0.16583867679448705,2.3563861427020605,10.552746340725935,,32,3861,0,0.0,,,,,,,,,,,,,,,,
3520,math_recurrent,0,,,,,,,,,,,,,,,,,,,,,,,,,,,,,,,,,,0.15999409556388855,0.8932731747627258,1.0,7.238103866577148,0.8876000046730042,1.0456513166427612,0,0.4674816592697922,-0.0362317315801712,0.03729487399437598,0.13715781582489847,2523136,56,0,0,0
3540,math_recurrent,0,,,,,,,,,,,,,,,,,,,,,,,,,,,,,,,,,,0.1664050966501236,0.813784122467041,1.0,7.241126537322998,0.8835999965667725,0.9693979024887085,0,0.46569185659455437,0.03471054829424247,0.027405012676137545,0.2114102642273619,2523136,56,0,0,0
3560,math_recurrent,0,,,,,,,,,,,,,,,,,,,,,,,,,,,,,,,,,,0.22233889997005463,0.7464457750320435,1.0,7.2431640625,0.8609499931335449,0.9300468564033508,0,0.4671407019440767,0.007708966636398275,0.037296433400155767,0.14223186613784897,2523136,56,0,0,0
3580,math_recurrent,0,,,,,,,,,,,,,,,,,,,,,,,,,,,,,,,,,,0.16314029693603516,0.894834578037262,1.0,7.245516777038574,0.8617500066757202,1.0488598346710205,0,0.46351523540314954,-0.10891383040247352,0.03625281609203075,0.14635469768314607,2523136,56,0,0,0
3600,math_recurrent,0,,,,,,,,,,,,,,,,,,,,,,,,,,,,,,,,,,0.12801803648471832,0.8985007405281067,1.0,7.248198986053467,0.8876000046730042,1.03499174118042,0,0.46835768393928845,-0.03879766423155421,0.03457704327800976,0.10497481045387094,2523136,56,0,0,0
3620,math_recurrent,0,,,,,,,,,,,,,,,,,,,,,,,,,,,,,,,,,,0.14903397858142853,0.8110851049423218,1.0,7.2509074211120605,0.8835999965667725,0.9581111669540405,0,0.4646499449681597,-0.018527203971253976,0.02989281397534623,0.1705618475460344,2523136,56,0,0,0
3640,math_recurrent,0,,,,,,,,,,,,,,,,,,,,,,,,,,,,,,,,,,0.21383118629455566,0.7431854605674744,1.0,7.253302097320557,0.8609499931335449,0.9226340651512146,0,0.46264269415785275,-0.04369151996538027,0.04906687916493014,0.15812891327317743,2523136,56,0,0,0
3649,,,0.0625,-0.06790822981654787,1.2875725350065452,3.6239787881588224,0.15421846857824573,32,8415,0.027000286137837337,1.6335720486111112,5.122138607466018,0.02101550515346884,32,14382,0.4493865966796875,0.3932617083698714,1.4746065265982757,4.36931622493551,0.03125,-0.15140111569181236,0.7554020561907799,2.128467114726216,,32,6174,0.03125,0.03133200067709341,2.221879466584667,9.22465200873449,,32,3861,0,0.0,,,,,,,,,,,,,,,,
3660,medical_recurrent,0,,,,,,,,,,,,,,,,,,,,,,,,,,,,,,,,,,0.34322699904441833,0.7653669714927673,1.0,5.317625045776367,0.3125999867916107,0.9901567101478577,0,0.12994072006200538,0.33153821750810103,0.3017621572587698,0.23579307029999438,2523136,56,0,0,0
3680,medical_recurrent,0,,,,,,,,,,,,,,,,,,,,,,,,,,,,,,,,,,1.1654696464538574,2.122974157333374,1.0,5.361730098724365,0.6582499742507935,2.759326219558716,0,0.3315472544730182,0.09645526945574343,0.109736438444446,1.6201449816425642,2523136,56,0,0,0
3700,medical_recurrent,0,,,,,,,,,,,,,,,,,,,,,,,,,,,,,,,,,,0.7802115678787231,1.9263083934783936,1.0,5.377722263336182,0.6424499750137329,2.3701913356781006,0,0.33315063604183637,0.09716609916150835,0.07014835110702922,1.0068442836876899,2523136,56,0,0,0
3720,medical_recurrent,0,,,,,,,,,,,,,,,,,,,,,,,,,,,,,,,,,,0.9470158219337463,1.7273672819137573,1.0,5.386799335479736,0.5934000015258789,2.2547433376312256,0,0.17341017280080687,-0.032917793902535256,0.0692683886795763,0.9874584609080875,2523136,56,0,0,0
3740,medical_recurrent,0,,,,,,,,,,,,,,,,,,,,,,,,,,,,,,,,,,0.22427672147750854,0.5590466856956482,1.0,5.394706726074219,0.3125999867916107,0.7251321077346802,0,0.27022209003257186,-0.02311334005311697,0.04167270635121635,0.0706842387065528,2523136,56,0,0,0
3750,,,,-0.11041219148052206,1.245068573342571,3.4731729582501307,,32,8415,0.03753166426837806,1.6441034267416519,5.176366833753356,,32,14382,0.297698974609375,0.2678829374767485,1.314108826703044,3.72143306527578,,-0.17148234939204476,0.7353208224905475,2.08615116936961,,32,6174,,-0.5586049816701673,1.6319424842374062,5.1137985500499035,,32,3861,0,0.0,,,,,,,,,,,,,,,,
3760,medical_recurrent,0,,,,,,,,,,,,,,,,,,,,,,,,,,,,,,,,,,0.6058314442634583,1.8096513748168945,1.0,5.400968074798584,0.6582499742507935,2.166576862335205,0,0.3576426646157272,-0.012306698136464027,0.04012933242179099,0.6418246385597047,2523136,56,0,0,0
3780,medical_recurrent,0,,,,,,,,,,,,,,,,,,,,,,,,,,,,,,,,,,0.4232979118824005,1.6776999235153198,1.0,5.408828258514404,0.6424499750137329,1.943437099456787,0,0.36178165172536864,0.038649079734958444,0.03642845197418143,0.45475255064074954,2523136,56,0,0,0
3800,medical_recurrent,0,,,,,,,,,,,,,,,,,,,,,,,,,,,,,,,,,,0.6058409810066223,1.5722739696502686,1.0,5.415616989135742,0.5934000015258789,1.9293506145477295,0,0.2780794708443671,-0.03944870721534244,0.033820742605963634,0.5615189930394529,2523136,56,0,0,0
3820,medical_recurrent,0,,,,,,,,,,,,,,,,,,,,,,,,,,,,,,,,,,0.18876399099826813,0.5210460424423218,1.0,5.4227213859558105,0.3125999867916107,0.6696552634239197,0,0.33964081353185704,0.05849201583103942,0.03293665671824581,0.056715396954308425,2523136,56,0,0,0
3840,medical_recurrent,0,,,,,,,,,,,,,,,,,,,,,,,,,,,,,,,,,,0.428628146648407,1.6999151706695557,1.0,5.428962230682373,0.6582499742507935,1.968518853187561,0,0.3774160457221835,-0.09722602795019546,0.024451141287794426,0.686638932817039,2523136,56,0,0,0
3860,medical_recurrent,0,,,,,,,,,,,,,,,,,,,,,,,,,,,,,,,,,,0.29566267132759094,1.5817596912384033,1.0,5.437053203582764,0.6424499750137329,1.783961534500122,0,0.38088703386627204,0.05543555517215282,0.025973668444665178,0.28437189663804713,2523136,56,0,0,0
3880,medical_recurrent,0,,,,,,,,,,,,,,,,,,,,,,,,,,,,,,,,,,0.46228596568107605,1.4982805252075195,1.0,5.445303916931152,0.5934000015258789,1.7838765382766724,0,0.3384594551298243,-0.043450300685695505,0.021500995297664922,0.4525802285661773,2523136,56,0,0,0
3900,medical_recurrent,0,,,,,,,,,,,,,,,,,,,,,,,,,,,,,,,,,,0.16910165548324585,0.49773260951042175,1.0,5.452633857727051,0.3125999867916107,0.636809766292572,0,0.37720769937497517,0.14628705324555216,0.027100777266074034,0.05538893643737076,2523136,56,0,0,0
3920,medical_recurrent,0,,,,,,,,,,,,,,,,,,,,,,,,,,,,,,,,,,0.3341808617115021,1.6220197677612305,1.0,5.458249568939209,0.6582499742507935,1.843692660331726,0,0.3927489017041862,-0.028110526464713206,0.03202536168419534,0.4070711980263392,2523136,56,0,0,0
3940,medical_recurrent,0,,,,,,,,,,,,,,,,,,,,,,,,,,,,,,,,,,0.2468576431274414,1.5195746421813965,1.0,5.466395854949951,0.6424499750137329,1.6976673603057861,0,0.3965941241686854,0.12679113552024188,0.02542648984429737,0.2705798944340102,2523136,56,0,0,0
3960,medical_recurrent,0,,,,,,,,,,,,,,,,,,,,,,,,,,,,,,,,,,0.36555686593055725,1.4459521770477295,1.0,5.4742608070373535,0.5934000015258789,1.6834732294082642,0,0.3672316031260647,0.062282428423973864,0.02614441748545875,0.313884512187233,2523136,56,0,0,0
3980,medical_recurrent,0,,,,,,,,,,,,,,,,,,,,,,,,,,,,,,,,,,0.15662480890750885,0.4814470410346985,1.0,5.48148250579834,0.3125999867916107,0.6145742535591125,0,0.3975780173002339,-0.06619315685903919,0.01799882705811234,0.05370951370587425,2523136,56,0,0,0
4000,medical_recurrent,0,,,,,,,,,,,,,,,,,,,,,,,,,,,,,,,,,,0.2763674855232239,1.5663305521011353,1.0,5.486536026000977,0.6582499742507935,1.7593796253204346,0,0.40704458124595344,0.007087637574711282,0.021813996414846135,0.3105879619126282,2523136,56,0,0,0
4000,,,,-0.08129065746504582,1.2741901073580473,3.5758042195268187,,32,8415,0.09153567406849716,1.698107436541771,5.463597396022479,,32,14382,0.301788330078125,0.2654110136486235,1.3208908642513062,3.7467577434474664,,-0.14304605378353907,0.7637571180990532,2.146325087589632,,32,6174,,-0.6430386709012199,1.5475087950063535,4.699747552344611,,32,3861,0,0.0,,,,,,,,,,,,,,,,
4020,medical_recurrent,0,,,,,,,,,,,,,,,,,,,,,,,,,,,,,,,,,,0.20225463807582855,1.4674081802368164,1.0,5.493514060974121,0.6424499750137329,1.6234705448150635,0,0.41271035792849625,-0.11576390777398567,0.025637312843242572,0.2032858291877404,2523136,56,0,0,0
4040,medical_recurrent,0,,,,,,,,,,,,,,,,,,,,,,,,,,,,,,,,,,0.29461371898651123,1.4064650535583496,1.0,5.500443458557129,0.5934000015258789,1.6087764501571655,0,0.39210158826660535,0.050244383401669826,0.029429992926972254,0.22011382355103418,2523136,56,0,0,0
4060,medical_recurrent,0,,,,,,,,,,,,,,,,,,,,,,,,,,,,,,,,,,0.14430294930934906,0.46878302097320557,1.0,5.507628440856934,0.3125999867916107,0.5960108041763306,0,0.40783408088456274,-0.01708326445493315,0.023440705948612757,0.046709966016489836,2523136,56,0,0,0
4080,medical_recurrent,0,,,,,,,,,,,,,,,,,,,,,,,,,,,,,,,,,,0.23481878638267517,1.5290017127990723,1.0,5.513460636138916,0.6582499742507935,1.7015457153320312,0,0.41242181176650433,0.009243116768110278,0.019749809009954333,0.20168366556366285,2523136,56,0,0,0
4100,medical_recurrent,0,,,,,,,,,,,,,,,,,,,,,,,,,,,,,,,,,,0.2059444934129715,1.42196524143219,1.0,5.519986152648926,0.6424499750137329,1.5801373720169067,0,0.4208653373468151,0.33097035261536284,0.0261171426646234,0.27600243387241213,2523136,56,0,0,0
4120,medical_recurrent,0,,,,,,,,,,,,,,,,,,,,,,,,,,,,,,,,,,0.25699618458747864,1.3755242824554443,1.0,5.526991367340088,0.5934000015258789,1.5592923164367676,0,0.41087774467444954,0.12574960288475268,0.03263436477734811,0.18951057162549761,2523136,56,0,0,0
4140,medical_recurrent,0,,,,,,,,,,,,,,,,,,,,,,,,,,,,,,,,,,0.12840227782726288,0.46047064661979675,1.0,5.533929824829102,0.3125999867916107,0.5800110697746277,0,0.4272181375438343,-0.05397037526043797,0.025414968457161673,0.061747886941191696,2523136,56,0,0,0
4160,medical_recurrent,0,,,,,,,,,,,,,,,,,,,,,,,,,,,,,,,,,,0.20220032334327698,1.5023951530456543,1.0,5.539466857910156,0.6582499742507935,1.6588900089263916,0,0.4235143563414498,-0.06445659713686577,0.024908729242752232,0.19161713440266867,2523136,56,0,0,0
4180,medical_recurrent,0,,,,,,,,,,,,,,,,,,,,,,,,,,,,,,,,,,0.16281096637248993,1.391005516052246,1.0,5.545274257659912,0.6424499750137329,1.5278637409210205,0,0.4239469645585099,0.03435880100421075,0.025529288036364412,0.1522913896138706,2523136,56,0,0,0
4200,medical_recurrent,0,,,,,,,,,,,,,,,,,,,,,,,,,,,,,,,,,,0.21806779503822327,1.3543524742126465,1.0,5.55164098739624,0.5934000015258789,1.5189027786254883,0,0.4136580823465216,0.02501624998071098,0.03163600436943982,0.1794033824007899,2523136,56,0,0,0
4220,medical_recurrent,0,,,,,,,,,,,,,,,,,,,,,,,,,,,,,,,,,,0.1214001327753067,0.4539314806461334,1.0,5.557470321655273,0.3125999867916107,0.5702062845230103,0,0.4371394728376411,0.28615008500803796,0.02537824927370936,0.04786509235522577,2523136,56,0,0,0
4240,medical_recurrent,0,,,,,,,,,,,,,,,,,,,,,,,,,,,,,,,,,,0.19602271914482117,1.4714093208312988,1.0,5.56147575378418,0.6582499742507935,1.6250354051589966,0,0.44127392156210943,0.1764110227564483,0.021479243944059055,0.1571365498568094,2523136,56,0,0,0
4250,,,,-0.0648018014763907,1.2906789633467024,3.6352539222014633,,32,8415,0.12016844480894084,1.7267402072822147,5.6222964828510635,,32,14382,0.3018341064453125,0.2644081375225872,1.332969285275094,3.792287068611289,,-0.12703024688414244,0.7797729249984499,2.1809769639175633,,32,6174,,-0.655862420434564,1.5346850454730094,4.639863953644185,,32,3861,0,0.0,,,,,,,,,,,,,,,,
4260,medical_recurrent,0,,,,,,,,,,,,,,,,,,,,,,,,,,,,,,,,,,0.14091694355010986,1.3715183734893799,1.0,5.5666704177856445,0.6424499750137329,1.4976434707641602,0,0.43295527817394347,-0.18369971697185455,0.017823610740107677,0.15479698525889526,2523136,56,0,0,0
4280,medical_recurrent,0,,,,,,,,,,,,,,,,,,,,,,,,,,,,,,,,,,0.1934724897146225,1.3328917026519775,1.0,5.572183609008789,0.5934000015258789,1.4853497743606567,0,0.41448785474305666,-0.018519664027345634,0.02412792386575824,0.1641534633757103,2523136,56,0,0,0
4300,medical_recurrent,0,,,,,,,,,,,,,,,,,,,,,,,,,,,,,,,,,,0.11701525747776031,0.44687506556510925,1.0,5.577057838439941,0.3125999867916107,0.5611532926559448,0,0.433227835943674,0.149344971357745,0.020859733900232685,0.03872513059777991,2523136,56,0,0,0
4320,medical_recurrent,0,,,,,,,,,,,,,,,,,,,,,,,,,,,,,,,,,,0.16358822584152222,1.459886908531189,1.0,5.581017017364502,0.6582499742507935,1.5974912643432617,0,0.4351483619910758,-0.0982012179769559,0.02372214069649104,0.14284052214333937,2523136,56,0,0,0
4340,medical_recurrent,0,,,,,,,,,,,,,,,,,,,,,,,,,,,,,,,,,,0.1407623589038849,1.3527089357376099,1.0,5.586096286773682,0.6424499750137329,1.478951096534729,0,0.4331715361737905,-0.06960235866219071,0.023063492314476106,0.21229899335829985,2523136,56,0,0,0
4360,medical_recurrent,0,,,,,,,,,,,,,,,,,,,,,,,,,,,,,,,,,,0.17574000358581543,1.3210561275482178,1.0,5.591944217681885,0.5934000015258789,1.4648455381393433,0,0.4244759905942897,-0.05159902307683036,0.025635262056889516,0.1591981664418228,2523136,56,0,0,0
4380,medical_recurrent,0,,,,,,,,,,,,,,,,,,,,,,,,,,,,,,,,,,0.10528546571731567,0.44040852785110474,1.0,5.596652507781982,0.3125999867916107,0.5490177869796753,0,0.4290577326127782,0.006718509381503931,0.01851988447578772,0.03138956421808827,2523136,56,0,0,0
4400,medical_recurrent,0,,,,,,,,,,,,,,,,,,,,,,,,,,,,,,,,,,0.15546052157878876,1.44602632522583,1.0,5.599915504455566,0.6582499742507935,1.5797557830810547,0,0.4372535833578744,-0.006796519473677368,0.029901589476873002,0.14290969917580248,2523136,56,0,0,0
4420,medical_recurrent,0,,,,,,,,,,,,,,,,,,,,,,,,,,,,,,,,,,0.11909071356058121,1.335936427116394,1.0,5.605152606964111,0.6424499750137329,1.451533317565918,0,0.43977416438876016,0.10731946478439827,0.026891087881097248,0.1303105029203589,2523136,56,0,0,0
4440,medical_recurrent,0,,,,,,,,,,,,,,,,,,,,,,,,,,,,,,,,,,0.14645184576511383,1.3121471405029297,1.0,5.61014461517334,0.5934000015258789,1.4414745569229126,0,0.4370801164595731,-0.2325817477124344,0.024965643051952598,0.16022307835519314,2523136,56,0,0,0
4460,medical_recurrent,0,,,,,,,,,,,,,,,,,,,,,,,,,,,,,,,,,,0.10196799039840698,0.43536511063575745,1.0,5.614502429962158,0.3125999867916107,0.5424941182136536,0,0.43716772155922173,-0.026697526103816926,0.03456435261796864,0.027808158701315287,2523136,56,0,0,0
4480,medical_recurrent,0,,,,,,,,,,,,,,,,,,,,,,,,,,,,,,,,,,0.1483863890171051,1.4285978078842163,1.0,5.6180853843688965,0.6582499742507935,1.558971881866455,0,0.4396431842102145,0.1525853380777075,0.019255241447882286,0.15663916125361407,2523136,56,0,0,0
4500,medical_recurrent,0,,,,,,,,,,,,,,,,,,,,,,,,,,,,,,,,,,0.11134232580661774,1.3235094547271729,1.0,5.622321128845215,0.6424499750137329,1.435403823852539,0,0.4424016014536077,0.22668013220806774,0.022341379046528824,0.15559987727966576,2523136,56,0,0,0
4500,,,,-0.046573352870385776,1.3089074119527073,3.7021266024255386,,32,8415,0.1571061982181503,1.7636779606914241,5.833854672470665,,32,14382,0.3036041259765625,0.26392185444734534,1.3479909809063524,3.8496836685318834,,-0.11302702335003012,0.7937761485325622,2.2117325076728473,,32,6174,,-0.6649450634588574,1.525602402448716,4.597912528975347,,32,3861,0,0.0,,,,,,,,,,,,,,,,
4520,medical_recurrent,0,,,,,,,,,,,,,,,,,,,,,,,,,,,,,,,,,,0.13097412884235382,1.3070136308670044,1.0,5.627085208892822,0.5934000015258789,1.4287714958190918,0,0.4492730966353665,0.3236796824826992,0.023901121255512987,0.19044952083911215,2523136,56,0,0,0
4540,medical_recurrent,0,,,,,,,,,,,,,,,,,,,,,,,,,,,,,,,,,,0.09814631193876266,0.4331108629703522,1.0,5.630950450897217,0.3125999867916107,0.5384935140609741,0,0.447534732542032,-0.11536406784684264,0.02294058912019763,0.025858789899696904,2523136,56,0,0,0
4560,medical_recurrent,0,,,,,,,,,,,,,,,,,,,,,,,,,,,,,,,,,,0.13310246169567108,1.4158316850662231,1.0,5.633794784545898,0.6582499742507935,1.5387208461761475,0,0.44312527814697544,0.06750094298955187,0.020938089467023337,0.11252950840289631,2523136,56,0,0,0
4580,medical_recurrent,0,,,,,,,,,,,,,,,,,,,,,,,,,,,,,,,,,,0.11089826375246048,1.3112950325012207,1.0,5.637557029724121,0.6424499750137329,1.4231197834014893,0,0.4449055697462562,0.03034495017449704,0.02877437309140251,0.18894995106531987,2523136,56,0,0,0
4600,medical_recurrent,0,,,,,,,,,,,,,,,,,,,,,,,,,,,,,,,,,,0.12880173325538635,1.2979795932769775,1.0,5.642913341522217,0.5934000015258789,1.4188096523284912,0,0.445864587850791,0.16522786922619812,0.030900476482652484,0.18959670539294918,2523136,56,0,0,0
4620,medical_recurrent,0,,,,,,,,,,,,,,,,,,,,,,,,,,,,,,,,,,0.09566951543092728,0.4295702576637268,1.0,5.64698600769043,0.3125999867916107,0.5338748693466187,0,0.4481958557894797,-0.03571988731606065,0.019899168408047112,0.028720596896868848,2523136,56,0,0,0
4640,medical_recurrent,0,,,,,,,,,,,,,,,,,,,,,,,,,,,,,,,,,,0.12308488041162491,1.4066823720932007,1.0,5.649685382843018,0.6582499742507935,1.524721622467041,0,0.4418615056201718,-0.0676981240477679,0.0203543680173064,0.1322024640819383,2523136,56,0,0,0
4660,medical_recurrent,0,,,,,,,,,,,,,,,,,,,,,,,,,,,,,,,,,,0.12202797085046768,1.2943634986877441,1.0,5.652761459350586,0.6424499750137329,1.41190505027771,0,0.4731682312670979,-0.013657987001352012,0.018750013128691723,0.15656450196568455,2523136,56,0,0,0
4680,medical_recurrent,0,,,,,,,,,,,,,,,,,,,,,,,,,,,,,,,,,,0.11598644405603409,1.2873331308364868,1.0,5.656754016876221,0.5934000015258789,1.4018938541412354,0,0.5014044472931732,-0.3377267403744294,0.018708108282381935,0.1479492467103733,2523136,56,0,0,0
4700,medical_recurrent,0,,,,,,,,,,,,,,,,,,,,,,,,,,,,,,,,,,0.09188713133335114,0.42685091495513916,1.0,5.659965991973877,0.3125999867916107,0.5293941497802734,0,0.5143140495504678,-0.07135982571552242,0.022275492861600858,0.02868846607438865,2523136,56,0,0,0
4720,medical_recurrent,0,,,,,,,,,,,,,,,,,,,,,,,,,,,,,,,,,,0.12331245839595795,1.4007872343063354,1.0,5.66317892074585,0.6582499742507935,1.5190752744674683,0,0.5073419604897813,-0.1709057722847709,0.02345346873478284,0.15269736259111338,2523136,56,0,0,0
4740,medical_recurrent,0,,,,,,,,,,,,,,,,,,,,,,,,,,,,,,,,,,0.09884075075387955,1.2860289812088013,1.0,5.667143821716309,0.6424499750137329,1.3921207189559937,0,0.501125328885668,-0.05235610888173271,0.024530797215208174,0.09573418572988537,2523136,56,0,0,0
4750,,,,-0.033802683893159546,1.3216780809299336,3.7497084148903905,,32,8415,0.16184513546664236,1.7684168979399162,5.861566554253055,,32,14382,0.3045501708984375,0.2636878084974224,1.3574123777113742,3.886124457967287,,-0.10653147745333247,0.8002716944292598,2.226145677714606,,32,6174,,-0.651264628361186,1.5392828375463874,4.661246201248244,,32,3861,0,0.0,,,,,,,,,,,,,,,,
4760,medical_recurrent,0,,,,,,,,,,,,,,,,,,,,,,,,,,,,,,,,,,0.1157674565911293,1.2752842903137207,1.0,5.6712541580200195,0.5934000015258789,1.3898805379867554,0,0.51090142366183,-0.060011229180547944,0.03010037165608198,0.10908550612983249,2523136,56,0,0,0
4780,medical_recurrent,0,,,,,,,,,,,,,,,,,,,,,,,,,,,,,,,,,,0.09384704381227493,0.4235421121120453,1.0,5.67487096786499,0.3125999867916107,0.5272143483161926,0,0.5123506332366589,0.1568641279757555,0.032058478933980776,0.03465132052374501,2523136,56,0,0,0
4800,medical_recurrent,0,,,,,,,,,,,,,,,,,,,,,,,,,,,,,,,,,,0.12460988014936447,1.3843894004821777,1.0,5.677905559539795,0.6582499742507935,1.5034734010696411,0,0.5053136486809605,0.1513887359448875,0.022763390383786625,0.1559012595268469,2523136,56,0,0,0
4820,medical_recurrent,0,,,,,,,,,,,,,,,,,,,,,,,,,,,,,,,,,,0.10738005489110947,1.2744210958480835,1.0,5.681394577026367,0.6424499750137329,1.384925127029419,0,0.499205634690322,0.013217224444295945,0.03149309409338803,0.11112049914423436,2523136,56,0,0,0
4840,medical_recurrent,0,,,,,,,,,,,,,,,,,,,,,,,,,,,,,,,,,,0.11492231488227844,1.274239420890808,1.0,5.6855950355529785,0.5934000015258789,1.3885564804077148,0,0.5021217343862743,0.44258618308231235,0.03996135647600842,0.19651728265933574,2523136,56,0,0,0
4860,medical_recurrent,0,,,,,,,,,,,,,,,,,,,,,,,,,,,,,,,,,,0.09128039330244064,0.42427918314933777,1.0,5.68923282623291,0.3125999867916107,0.5268117189407349,0,0.5056998278166532,0.3246211377887188,0.02316624156184613,0.048124852257647684,2523136,56,0,0,0
4880,medical_recurrent,0,,,,,,,,,,,,,,,,,,,,,,,,,,,,,,,,,,0.12075568735599518,1.3768147230148315,1.0,5.691639423370361,0.6582499742507935,1.4941089153289795,0,0.4977299046353015,0.005717957816419325,0.017478869050105532,0.12413879613436404,2523136,56,0,0,0
4900,medical_recurrent,0,,,,,,,,,,,,,,,,,,,,,,,,,,,,,,,,,,0.11381673067808151,1.2833349704742432,1.0,5.694836616516113,0.6424499750137329,1.3971917629241943,0,0.485581862754631,-0.020326850048149936,0.02274756199931578,0.4607067562403187,2523136,56,0,0,0
4920,medical_recurrent,0,,,,,,,,,,,,,,,,,,,,,,,,,,,,,,,,,,0.12310677766799927,1.274162769317627,1.0,5.698886871337891,0.5934000015258789,1.392704963684082,0,0.48298260111107194,-0.12984196198522113,0.022731869936078074,0.2526647528958699,2523136,56,0,0,0
4940,medical_recurrent,0,,,,,,,,,,,,,,,,,,,,,,,,,,,,,,,,,,0.09254000335931778,0.42368456721305847,1.0,5.702154636383057,0.3125999867916107,0.5269761085510254,0,0.48921268478651164,0.13367532569931687,0.02310068435035646,0.041755485718715055,2523136,56,0,0,0
4949,,,0.125,-0.02923610458328696,1.3262446602398061,3.766870912884963,0.19289059381150664,32,8415,0.16245204950469772,1.7690238119779715,5.865125101036594,0.15646726852032922,32,14382,0.302215576171875,0.2632837360408031,1.359565656152042,3.8945013816682725,0.0625,-0.10157665651826209,0.8052265153643302,2.2372032023282116,0.04982445917355027,32,6174,0.0,-0.6527798288815136,1.5377676370260598,4.654188826597821,,32,3861,0,0.0,,,,,,,,,,,,,,,,
4950,,,,-0.05264676797269585,1.3028339968503972,3.6797101917960924,,32,8415,0.152161145306416,1.7587329077796898,5.805077164229049,,32,14382,0.2893524169921875,0.26296405402981504,1.347907909386851,3.8493638827426677,,-0.11246220842317578,0.7943409634594165,2.2129820800627398,,32,6174,,-0.6548236964496732,1.5357237694579002,4.644685995571207,,32,3861,0,0.0,,,,,,,,,,,,,,,,
4960,code_revisit,0,,,,,,,,,,,,,,,,,,,,,,,,,,,,,,,,,,0.48201119899749756,1.1484733819961548,1.0,5.733293533325195,0.9093500375747681,1.4468119144439697,0,0.3764893290579027,-0.0607264310903182,0.08615564343977779,0.8236487879876107,2523136,56,0,0,0
4980,code_revisit,0,,,,,,,,,,,,,,,,,,,,,,,,,,,,,,,,,,0.28311407566070557,1.0711135864257812,1.0,5.742105960845947,0.9125499725341797,1.2700916528701782,0,0.24763858525976198,0.1113503809361386,0.033112745712112104,0.3671000329984559,2523136,56,0,0,0
5000,code_revisit,0,,,,,,,,,,,,,,,,,,,,,,,,,,,,,,,,,,0.23648427426815033,0.9682832956314087,1.0,5.752927780151367,0.9013000130653381,1.1440547704696655,0,0.42838443663921366,0.07887554092615444,0.022131920817293343,0.5246922887536505,2523136,56,0,0,0
5000,,,,-0.21658893841331528,1.1388918264097778,3.1233052822640346,,32,8415,0.1136596747589218,1.7202314372321956,5.585821081661069,,32,14382,0.27239990234375,0.2619604512947757,1.3142327338131834,3.721894205861184,,-0.13042790765394696,0.7763752642286453,2.173579318508805,,32,6174,,-0.569115058525459,1.6214324073821145,5.060333586854249,,32,3861,0,0.0,,,,,,,,,,,,,,,,
5020,code_revisit,0,,,,,,,,,,,,,,,,,,,,,,,,,,,,,,,,,,0.23516514897346497,0.911074697971344,1.0,5.759439945220947,0.8962500095367432,1.0862517356872559,0,0.4252486076246435,-0.002200845841019015,0.028448324660504502,0.2028264202975801,2523136,56,0,0,0
5040,code_revisit,0,,,,,,,,,,,,,,,,,,,,,,,,,,,,,,,,,,0.20168468356132507,0.8590309619903564,1.0,5.765183925628662,0.9093500375747681,1.0175251960754395,0,0.42741344653053875,0.050736683817896325,0.0182979114176262,0.18817746272931496,2523136,56,0,0,0
5050,,,,-0.22612077301623779,1.1293599918068553,3.093675888472919,,32,8415,0.11405802018419298,1.7206297826574668,5.588046611170653,,32,14382,0.277862548828125,0.26204951279828337,1.3119103596545527,3.713260604043601,,-0.12436859654808718,0.7824345753345051,2.186789694282735,,32,6174,,-0.5753303770881897,1.6152170888193838,5.028979540206656,,32,3861,0,0.0,,,,,,,,,,,,,,,,
5060,code_revisit,0,,,,,,,,,,,,,,,,,,,,,,,,,,,,,,,,,,0.20488178730010986,0.9797236323356628,1.0,5.770561695098877,0.9125499725341797,1.1398701667785645,0,0.34891528855582166,0.007871537560796631,0.02616188842064095,0.2718016039816633,2523136,56,0,0,0
5080,code_revisit,0,,,,,,,,,,,,,,,,,,,,,,,,,,,,,,,,,,0.20324590802192688,0.9147725701332092,1.0,5.774946212768555,0.9013000130653381,1.0741450786590576,0,0.4242505628153153,0.017162900208079788,0.022042947598836488,0.49636495325655217,2523136,56,0,0,0
5100,code_revisit,0,,,,,,,,,,,,,,,,,,,,,,,,,,,,,,,,,,0.2016865760087967,0.8679360151290894,1.0,5.778957843780518,0.8962500095367432,1.02656888961792,0,0.4407189670259752,-0.059186806507308835,0.01693712484871318,0.20012025398364855,2523136,56,0,0,0
5100,,,,-0.21611118509311877,1.1393695797299743,3.1247978082338537,,32,8415,0.11087701145257522,1.717448773925849,5.570299228362876,,32,14382,0.2802886962890625,0.26212466492944836,1.3165078362389127,3.7303715361379655,,-0.11995227938529385,0.7868508924972984,2.196468607986027,,32,6174,,-0.568185367105045,1.6223620988025285,5.065040323141539,,32,3861,0,0.0,,,,,,,,,,,,,,,,
5120,code_revisit,0,,,,,,,,,,,,,,,,,,,,,,,,,,,,,,,,,,0.16679736971855164,0.8253844976425171,1.0,5.782246112823486,0.9093500375747681,0.9666056632995605,0,0.4486289016166668,0.08378551608724852,0.017173852165052222,0.11465928703990011,2523136,56,0,0,0
5140,code_revisit,0,,,,,,,,,,,,,,,,,,,,,,,,,,,,,,,,,,0.19002695381641388,0.9462283849716187,1.0,5.78579044342041,0.9125499725341797,1.0990997552871704,0,0.4108852031743469,0.04129920355210613,0.018374957229077282,0.21305400151759388,2523136,56,0,0,0
5150,,,,-0.21314555104120259,1.1423352137818905,3.134078569888688,,32,8415,0.11708343213033223,1.723655194603606,5.604978353977299,,32,14382,0.28497314453125,0.26227175135190794,1.321073488805402,3.7474420558938943,,-0.11665120324078293,0.7901519686418094,2.2037312988626256,,32,6174,,-0.5623958877132706,1.6281515781943028,5.094449318954111,,32,3861,0,0.0,,,,,,,,,,,,,,,,
5160,code_revisit,0,,,,,,,,,,,,,,,,,,,,,,,,,,,,,,,,,,0.15993812680244446,0.893156886100769,1.0,5.788935661315918,0.9013000130653381,1.0310152769088745,0,0.441755722251027,0.01915345574733302,0.02527682447643389,0.24085627565426487,2523136,56,0,0,0
5180,code_revisit,0,,,,,,,,,,,,,,,,,,,,,,,,,,,,,,,,,,0.1752042919397354,0.8521409630775452,1.0,5.792252063751221,0.8962500095367432,0.9976656436920166,0,0.5471815742943597,-0.0033992756465782543,0.020819397034153107,0.21575635519056094,2523136,56,0,0,0
5200,code_revisit,0,,,,,,,,,,,,,,,,,,,,,,,,,,,,,,,,,,0.1501200944185257,0.8044266104698181,1.0,5.795162677764893,0.9093500375747681,0.9374383091926575,0,0.4990526169344811,0.0027985723967763726,0.016935611910940635,0.08708936801357638,2523136,56,0,0,0
5200,,,,-0.20758663365618513,1.147894131166908,3.1515491675523517,,32,8415,0.11843837695068049,1.7250101394239543,5.612577937711836,,32,14382,0.288726806640625,0.26229487308839555,1.3218986121479217,3.750535433842624,,-0.11496400230711701,0.7918391695754753,2.207452574754932,,32,6174,,-0.5676964574822241,1.6228510084253494,5.067517275549093,,32,3861,0,0.0,,,,,,,,,,,,,,,,
5220,code_revisit,0,,,,,,,,,,,,,,,,,,,,,,,,,,,,,,,,,,0.15917760133743286,0.9266960024833679,1.0,5.797832489013672,0.9125499725341797,1.064263105392456,0,0.45123836523643723,-0.04553122275579621,0.023865693693404043,0.10815966718401464,2523136,56,0,0,0
5240,code_revisit,0,,,,,,,,,,,,,,,,,,,,,,,,,,,,,,,,,,0.13326165080070496,0.877983808517456,1.0,5.801208019256592,0.9013000130653381,1.0026267766952515,0,0.46732651004300685,-0.0013509443628468684,0.01636538129514231,0.12409290415900094,2523136,56,0,0,0
5250,,,,-0.20041988053211335,1.1550608842909798,3.1742166715759375,,32,8415,0.11432956763988855,1.7209013301131624,5.589564237054622,,32,14382,0.2899322509765625,0.26239011076842844,1.3246516167934632,3.7608749010856726,,-0.11570456022578302,0.7910986116568093,2.2058184334334494,,32,6174,,-0.5590018247946715,1.631545641112902,5.111769576873871,,32,3861,0,0.0,,,,,,,,,,,,,,,,
5260,code_revisit,0,,,,,,,,,,,,,,,,,,,,,,,,,,,,,,,,,,0.164761483669281,0.8332543969154358,1.0,5.8036651611328125,0.8962500095367432,0.9736717343330383,0,0.4550868136356923,-0.05592877538375823,0.01624152881004626,0.1360236991610792,2523136,56,0,0,0
5280,code_revisit,0,,,,,,,,,,,,,,,,,,,,,,,,,,,,,,,,,,0.13453608751296997,0.7942407727241516,1.0,5.8061017990112305,0.9093500375747681,0.9195698499679565,0,0.46563786381899425,0.06500820938422944,0.016111617232488086,0.07336008639355737,2523136,56,0,0,0
5300,code_revisit,0,,,,,,,,,,,,,,,,,,,,,,,,,,,,,,,,,,0.14804884791374207,0.9136447310447693,1.0,5.808733940124512,0.9125499725341797,1.045756459236145,0,0.44902487915816597,-0.0037144331020369592,0.02082705057137424,0.13700415875378344,2523136,56,0,0,0
5300,,,,-0.21067094717858748,1.1448098176445056,3.141843776766314,,32,8415,0.1200436414523145,1.7266154039255883,5.621594845162336,,32,14382,0.293853759765625,0.2624418038089259,1.3247495280870318,3.761243151239818,,-0.11080862922038237,0.7959945426622099,2.2166444483800185,,32,6174,,-0.5589691177917497,1.6315783481158237,5.11193677027054,,32,3861,0,0.0,,,,,,,,,,,,,,,,
5320,code_revisit,0,,,,,,,,,,,,,,,,,,,,,,,,,,,,,,,,,,0.12037086486816406,0.8672356009483337,1.0,5.8111724853515625,0.9013000130653381,0.9855327606201172,0,0.43915558551229006,-0.046846606178275706,0.017586679938840607,0.06970085381338047,2523136,56,0,0,0
5340,code_revisit,0,,,,,,,,,,,,,,,,,,,,,,,,,,,,,,,,,,0.15172196924686432,0.8254832625389099,1.0,5.813705921173096,0.8962500095367432,0.9594812989234924,0,0.45003862326794764,0.06262769286487517,0.0220249523260882,0.14588356108389913,2523136,56,0,0,0
5350,,,,-0.20891667783649925,1.1465640869865938,3.1473602542604695,,32,8415,0.11738887103073736,1.7239606335040112,5.606690593881558,,32,14382,0.291748046875,0.2624326433454241,1.3262033273985612,3.766715220625154,,-0.11517372044846585,0.7916294514341264,2.2069896804442024,,32,6174,,-0.5478883282380598,1.6426591376695137,5.1688960599791,,32,3861,0,0.0,,,,,,,,,,,,,,,,
5360,code_revisit,0,,,,,,,,,,,,,,,,,,,,,,,,,,,,,,,,,,0.1341366469860077,0.780392587184906,1.0,5.816032886505127,0.9093500375747681,0.9056212306022644,0,0.44130755234695107,0.05002541011448817,0.02111271176642428,0.0760921099577986,2523136,56,0,0,0
5380,code_revisit,0,,,,,,,,,,,,,,,,,,,,,,,,,,,,,,,,,,0.14038635790348053,0.9030921459197998,1.0,5.818579196929932,0.9125499725341797,1.0314711332321167,0,0.4446075822097021,0.04296566654375056,0.015608303211740263,0.10613321785977671,2523136,56,0,0,0
5399,,,0.109375,-0.20565585194778668,1.1498249128753064,3.1576399991791506,,32,8415,0.1197029530728515,1.7262747155461253,5.619679959332736,0.113718172088483,32,14382,0.2956390380859375,0.26248469969042304,1.32763905402035,3.772127077988321,0.03125,-0.11370172182409977,0.7931014500584925,2.2102407584219312,0.037699393867712594,32,6174,0.0625,-0.549192328306098,1.6413551376014754,5.162160211892865,0.10358750057541566,32,3861,0,0.0,,,,,,,,,,,,,,,,
5400,mixed_tail,0,,,,,,,,,,,,,,,,,,,,,,,,,,,,,,,,,,1.0380865335464478,2.0530648231506348,1.0,5.82090425491333,0.6079000234603882,2.630316972732544,0,0.38610856804425825,-0.004376601788992828,0.016735484722691277,3.81718908359134,2523136,56,0,0,0
5420,mixed_tail,0,,,,,,,,,,,,,,,,,,,,,,,,,,,,,,,,,,0.6079789400100708,1.781050443649292,1.0,5.8351945877075195,0.8603500127792358,2.1433918476104736,0,0.48613660743281883,-0.02129705801572917,0.33138951815309975,2.111868738844281,2523136,56,0,0,0
5440,mixed_tail,0,,,,,,,,,,,,,,,,,,,,,,,,,,,,,,,,,,0.5693552494049072,1.4968061447143555,1.0,5.85917329788208,0.9178500175476074,1.8400754928588867,0,0.4600024987895525,0.04581732430960983,0.12244855297345017,1.3048705934768632,2523136,56,0,0,0
5460,mixed_tail,0,,,,,,,,,,,,,,,,,,,,,,,,,,,,,,,,,,0.8691178560256958,1.6452922821044922,1.0,5.885162353515625,0.6711499691009521,2.138702869415283,0,0.40810199414468956,-0.1435695984733424,0.15354854625368874,1.6301409896877075,2523136,56,0,0,0
5480,mixed_tail,0,,,,,,,,,,,,,,,,,,,,,,,,,,,,,,,,,,0.7976763844490051,0.9486152529716492,1.0,5.910373687744141,0.8730499744415283,1.4065572023391724,0,0.47540951070095766,0.2490110866991537,0.221265210879464,0.6124627166797244,2523136,56,0,0,0
5500,mixed_tail,0,,,,,,,,,,,,,,,,,,,,,,,,,,,,,,,,,,0.8219606280326843,0.9247798919677734,1.0,5.944529056549072,0.871749997138977,1.3952054977416992,0,0.4578068481956201,0.1311039876475531,0.08511332411259886,0.47926181716814875,2523136,56,0,0,0
5500,,,,-0.14747107376035173,1.2080096910627414,3.346816819798777,,32,8415,0.11608481854759867,1.7226565810208725,5.5993839402557635,,32,14382,0.2671101888020833,0.2603743935928864,1.3309101734650224,3.784486359543426,,-0.13668527161376076,0.7701179002688315,2.160020905818326,,32,6174,,-0.567690944399929,1.6228565215076445,5.067545213265877,,32,3861,0,0.0,,,,,,,,,,,,,,,,
5520,mixed_tail,0,,,,,,,,,,,,,,,,,,,,,,,,,,,,,,,,,,0.7569433450698853,0.8399268388748169,1.0,5.974330425262451,0.7684999704360962,1.2781418561935425,0,0.2650056217435606,0.15727884248813748,0.20173896323475574,0.33268764229520914,2523136,56,0,0,0
5540,mixed_tail,0,,,,,,,,,,,,,,,,,,,,,,,,,,,,,,,,,,1.013641595840454,1.0713564157485962,1.0,5.988009452819824,0.6209999918937683,1.6380573511123657,0,0.47752593064965304,0.05521690066338384,0.07132379619907292,1.2211663251358365,2523136,56,0,0,0
5560,mixed_tail,0,,,,,,,,,,,,,,,,,,,,,,,,,,,,,,,,,,0.9141051173210144,1.149125337600708,1.0,6.00429630279541,0.6209499835968018,1.6662209033966064,0,0.4585835650911042,0.08509124759958857,0.07672940049734381,0.6825107478787975,2523136,56,0,0,0
5580,mixed_tail,0,,,,,,,,,,,,,,,,,,,,,,,,,,,,,,,,,,1.392335295677185,2.4495866298675537,1.0,6.017414093017578,0.8316999673843384,3.2059285640716553,0,0.39679545335472755,0.38750950686101404,0.04808899316611508,1.5440258329822905,2523136,56,0,0,0
5600,mixed_tail,0,,,,,,,,,,,,,,,,,,,,,,,,,,,,,,,,,,0.5583651065826416,1.8545138835906982,1.0,6.0299506187438965,0.8810499906539917,2.193995952606201,0,0.42887130227439546,0.5585288764642817,0.09344858312535853,7.423067825559586,2523136,56,0,0,0
5620,mixed_tail,0,,,,,,,,,,,,,,,,,,,,,,,,,,,,,,,,,,1.425794005393982,2.255114793777466,1.0,6.04724645614624,0.8086000084877014,3.028484344482422,0,0.42402606482101085,-0.14305712266026863,0.05728904523162378,2.384280129226427,2523136,56,0,0,0
5640,mixed_tail,0,,,,,,,,,,,,,,,,,,,,,,,,,,,,,,,,,,0.9149744510650635,1.770925760269165,1.0,6.0645527839660645,0.6338499784469604,2.2890586853027344,0,0.4353204737278805,-0.1735854287856325,0.21073634089635954,0.9369143098356231,2523136,56,0,0,0
5660,mixed_tail,0,,,,,,,,,,,,,,,,,,,,,,,,,,,,,,,,,,1.4380685091018677,2.5174057483673096,1.0,6.074316024780273,0.8112499713897705,3.297183036804199,0,0.3319378717380178,-0.08541760707573433,0.06388683694725235,1.1604185490854204,2523136,56,0,0,0
5680,mixed_tail,0,,,,,,,,,,,,,,,,,,,,,,,,,,,,,,,,,,0.9451918005943298,0.8720294833183289,1.0,6.080957412719727,0.8532999753952026,1.4054349660873413,0,0.48579987588981977,0.0806131675989101,0.09160582759668902,0.2911381179969462,2523136,56,0,0,0
5700,mixed_tail,0,,,,,,,,,,,,,,,,,,,,,,,,,,,,,,,,,,1.1708043813705444,0.7965288162231445,1.0,6.086371421813965,0.8317999839782715,1.4427947998046875,0,0.48140824753382744,0.08726844492567969,0.06859211467561267,0.2902316505296363,2523136,56,0,0,0
5720,mixed_tail,0,,,,,,,,,,,,,,,,,,,,,,,,,,,,,,,,,,0.8468326926231384,1.2267382144927979,1.0,6.095877647399902,0.6233999729156494,1.7111133337020874,0,0.43690019119564305,0.2809602418398884,0.049624204369527955,0.7213411618792821,2523136,56,0,0,0
5740,mixed_tail,0,,,,,,,,,,,,,,,,,,,,,,,,,,,,,,,,,,0.9192255735397339,0.8508051037788391,1.0,6.103610992431641,0.8817499876022339,1.3714540004730225,0,0.4899017328530794,0.09643842723952341,0.1234243325534321,0.44898971992116127,2523136,56,0,0,0
5750,,,,-0.2784190966129587,1.0770616682101344,2.9360398049661187,,32,8415,0.08863220511913772,1.6952039675924115,5.447757017782547,,32,14382,0.2664998372395833,0.25963330431049375,1.2571831303275909,3.5155048080489726,,-0.19010978429341419,0.7166933875891781,2.0476512151868915,,32,6174,,-0.6507739679889339,1.5397734979186395,4.663533851228207,,32,3861,0,0.0,,,,,,,,,,,,,,,,
5760,mixed_tail,0,,,,,,,,,,,,,,,,,,,,,,,,,,,,,,,,,,1.5008968114852905,2.1117546558380127,1.0,6.112794876098633,0.8395000100135803,2.9233310222625732,0,0.36225439217081373,-0.19549212414131034,0.056299392515349954,1.1063304934946319,2523136,56,0,0,0
5780,mixed_tail,0,,,,,,,,,,,,,,,,,,,,,,,,,,,,,,,,,,0.9859830141067505,0.9055970907211304,1.0,6.123885154724121,0.8543499708175659,1.4598275423049927,0,0.4667213305781349,0.010630869487483454,0.08509023740207629,0.35535961686382217,2523136,56,0,0,0
5800,mixed_tail,0,,,,,,,,,,,,,,,,,,,,,,,,,,,,,,,,,,1.0071296691894531,0.8543533086776733,1.0,6.136893272399902,0.7996000051498413,1.419287085533142,0,0.4847749795491912,0.09023976981240724,0.054281893122704726,0.275884576614887,2523136,56,0,0,0
5820,mixed_tail,0,,,,,,,,,,,,,,,,,,,,,,,,,,,,,,,,,,1.3881640434265137,2.336920738220215,1.0,6.149405479431152,0.7809500098228455,3.092496871948242,0,0.36816035718161483,0.04781662596256605,0.055595155296817654,1.0747839082091573,2523136,56,0,0,0
5840,mixed_tail,0,,,,,,,,,,,,,,,,,,,,,,,,,,,,,,,,,,0.6505063772201538,1.6359047889709473,1.0,6.1569132804870605,0.8585500121116638,2.0227272510528564,0,0.4258710754409637,0.24053964970101202,0.045384484885763084,0.919872959998865,2523136,56,0,0,0
5860,mixed_tail,0,,,,,,,,,,,,,,,,,,,,,,,,,,,,,,,,,,1.330509066581726,2.317222833633423,1.0,6.159648895263672,0.8009999990463257,3.0440738201141357,0,0.4647144572624189,0.024211618578452283,0.062092691260789125,0.9547724337095306,2523136,56,0,0,0
5880,mixed_tail,0,,,,,,,,,,,,,,,,,,,,,,,,,,,,,,,,,,1.365583062171936,2.190847396850586,1.0,6.16385555267334,0.8327000141143799,2.9352774620056152,0,0.4436283357011391,-0.2299173961073393,0.045373669927496287,0.8934989538694185,2523136,56,0,0,0
5900,mixed_tail,0,,,,,,,,,,,,,,,,,,,,,,,,,,,,,,,,,,0.642837405204773,1.4834116697311401,1.0,6.1725382804870605,0.8739500045776367,1.8665556907653809,0,0.24482358190918665,0.1035259661553677,0.047352128725735444,1.2450782919450412,2523136,56,0,0,0
5920,mixed_tail,0,,,,,,,,,,,,,,,,,,,,,,,,,,,,,,,,,,0.9231031537055969,1.2461680173873901,1.0,6.1819047927856445,0.5762499570846558,1.7695386409759521,0,0.46687756211694903,0.19735903149869824,0.0584783176418453,0.5708350900974538,2523136,56,0,0,0
5940,mixed_tail,0,,,,,,,,,,,,,,,,,,,,,,,,,,,,,,,,,,0.5674554705619812,1.6779755353927612,1.0,6.18490743637085,0.8945499658584595,2.023552417755127,0,0.39029585615416373,0.1743291950967562,0.04459561898653942,0.7353947641121017,2523136,56,0,0,0
5960,mixed_tail,0,,,,,,,,,,,,,,,,,,,,,,,,,,,,,,,,,,1.3805173635482788,1.9458600282669067,1.0,6.1919732093811035,0.7811000347137451,2.698038339614868,0,0.35279639188769896,-0.15365268763188006,0.05672959481173801,1.1046625239508494,2523136,56,0,0,0
5980,mixed_tail,0,,,,,,,,,,,,,,,,,,,,,,,,,,,,,,,,,,1.5416985750198364,2.273247241973877,1.0,6.196847438812256,0.8260999917984009,3.106065034866333,0,0.371029141161471,-0.07040092432622,0.05495022481366519,1.051236159082443,2523136,56,0,0,0
5999,mixed_tail,0,,,,,,,,,,,,,,,,,,,,,,,,,,,,,,,,,,0.5621519088745117,1.6881742477416992,1.0,6.2047576904296875,0.8691999912261963,2.0312976837158203,0,0.39634609221757866,0.03641498014414018,0.041489254334379756,1.0257485902735166,2523136,56,0,0,0
5999,,,0.09375,-0.2849248930307209,1.0705558717923722,2.917000527705148,,32,8415,0.07536846187943258,1.6819402243527064,5.375976459256409,,32,14382,0.2663167317708333,0.2593237948255474,1.2409530092594772,3.4589082661305053,0.03125,-0.189785210028952,0.7170179618536403,2.04831593794405,,32,6174,0.015625,-0.6962494868683835,1.49429797903919,4.456207103714388,,32,3861,0,0.0,,,,,,,,,,,,,,,,
