step,phase,consolidation/count,eval/code/exact_match,eval/code/forgetting_delta,eval/code/loss,eval/code/ppl,eval/code/retention_delta,eval/code/samples,eval/code/tokens,eval/general/forgetting_delta,eval/general/loss,eval/general/ppl,eval/general/retention_delta,eval/general/samples,eval/general/tokens,eval/lora/sparsity_max,eval/lora/sparsity_mean,eval/macro_loss,eval/macro_ppl,eval/math/exact_match,eval/math/forgetting_delta,eval/math/loss,eval/math/ppl,eval/math/retention_delta,eval/math/samples,eval/math/tokens,eval/medical/exact_match,eval/medical/forgetting_delta,eval/medical/loss,eval/medical/ppl,eval/medical/retention_delta,eval/medical/samples,eval/medical/tokens,eval/retrieval/buffer_size,eval/retrieval/hit_rate,loss/ce,loss/kd,loss/kd_row_hit_frac,loss/reg,loss/teacher_conf_mean,loss/total,retrieval/buffer_size,signals/repetition_mean,signals/stability_C_mean,signals/stability_adam_mean,signals/surprise_mean,write/coords_opened,write/f_count,write/p_count,write/r_count,write/replay_count
0,general_warm,0,,,,,,,,,,,,,,,,,,,,,,,,,,,,,,,,,,1.2278996706008911,3.7857136726379395,1.0,5.840904712677002,0.7789499759674072,4.458072662353516,0,0.022727272727272728,0.0,0.0,19.966827051980154,2523136,56,0,0,0
20,general_warm,0,,,,,,,,,,,,,,,,,,,,,,,,,,,,,,,,,,1.4320017099380493,2.784046173095703,1.0,5.927177429199219,0.8402999639511108,3.559318780899048,0,0.09221841811952838,0.19167708946458464,0.07283852027640457,0.608825433514421,2523136,56,0,0,0
40,general_warm,0,,,,,,,,,,,,,,,,,,,,,,,,,,,,,,,,,,1.2172492742538452,3.1092331409454346,1.0,5.955950736999512,0.7899500131607056,3.7774174213409424,0,0.39427415106999225,0.17115718467227584,0.03564358599306572,1.3823249236458823,2523136,56,0,0,0
60,general_warm,0,,,,,,,,,,,,,,,,,,,,,,,,,,,,,,,,,,1.3985964059829712,2.7110891342163086,1.0,5.974343299865723,0.8260500431060791,3.470130681991577,0,0.325203204337302,-0.0425515881548303,0.031345903722658046,0.6139264535099741,2523136,56,0,0,0
80,general_warm,0,,,,,,,,,,,,,,,,,,,,,,,,,,,,,,,,,,1.2204707860946655,2.298792600631714,1.0,5.986354351043701,0.8059999942779541,2.9688916206359863,0,0.3165589348488416,-0.2592363596195355,0.029808343129439484,0.29900601357812917,2523136,56,0,0,0
100,general_warm,0,,,,,,,,,,,,,,,,,,,,,,,,,,,,,,,,,,1.3416023254394531,2.2539079189300537,1.0,5.997209072113037,0.8016999959945679,2.9846811294555664,0,0.36146434739828026,0.26073605299045866,0.0606725323501797,0.3456744279061991,2523136,56,0,0,0
120,general_warm,0,,,,,,,,,,,,,,,,,,,,,,,,,,,,,,,,,,1.313299298286438,2.274301528930664,1.0,6.008054256439209,0.8324999809265137,2.9910316467285156,0,0.42587367457861364,0.11714775124814228,0.02234075922326791,0.4479537129520424,2523136,56,0,0,0
140,general_warm,0,,,,,,,,,,,,,,,,,,,,,,,,,,,,,,,,,,1.4481130838394165,2.609954833984375,1.0,6.015925407409668,0.8324500322341919,3.3941705226898193,0,0.35057359463116455,0.05446180425600947,0.024112071278726773,0.6105736171442365,2523136,56,0,0,0
160,general_warm,0,,,,,,,,,,,,,,,,,,,,,,,,,,,,,,,,,,1.3122680187225342,2.4928786754608154,1.0,6.024038314819336,0.8214000463485718,3.2092528343200684,0,0.42356426524908786,0.2499167802244691,0.04328568883920236,0.4451957791688897,2523136,56,0,0,0
180,general_warm,0,,,,,,,,,,,,,,,,,,,,,,,,,,,,,,,,,,1.4254631996154785,2.525952100753784,1.0,6.0330119132995605,0.8349000215530396,3.29901385307312,0,0.3612312069449085,-0.1489921476292823,0.0208532830234617,0.403494142930186,2523136,56,0,0,0
200,general_warm,0,,,,,,,,,,,,,,,,,,,,,,,,,,,,,,,,,,1.1847267150878906,1.8639945983886719,1.0,6.040267467498779,0.7782000303268433,2.5167605876922607,0,0.431771424281715,-0.19861065740198164,0.02493494157088063,0.4608170773538332,2523136,56,0,0,0
220,general_warm,0,,,,,,,,,,,,,,,,,,,,,,,,,,,,,,,,,,1.471540927886963,2.249819040298462,1.0,6.046688079833984,0.857699990272522,3.0460562705993652,0,0.4136772244482824,-0.15073641819097766,0.02752503188445218,0.6195085646732459,2523136,56,0,0,0
240,general_warm,0,,,,,,,,,,,,,,,,,,,,,,,,,,,,,,,,,,1.185322642326355,2.417630434036255,1.0,6.054237365722656,0.8436499834060669,3.070834159851074,0,0.38418611024001803,-0.3888439442629793,0.027378882745665217,1.110236737936262,2523136,56,0,0,0
250,,,,,1.3938037131134413,4.0301504715431165,,32,8415,,1.617666054328979,5.041310430448729,,32,14382,0.57379150390625,0.4093305626694037,1.5296061028297436,4.616358093737266,,,0.9302565386506165,2.5351594605900476,,32,6174,,,2.1766981052259373,8.817144856750206,,32,3861,0,0.0,,,,,,,,,,,,,,,,
260,general_warm,0,,,,,,,,,,,,,,,,,,,,,,,,,,,,,,,,,,1.1848715543746948,1.9056029319763184,1.0,6.0616302490234375,0.7975000143051147,2.558655023574829,0,0.42183438036266613,0.09238801846264064,0.028694528984349398,0.3857966423152931,2523136,56,0,0,0
280,general_warm,0,,,,,,,,,,,,,,,,,,,,,,,,,,,,,,,,,,1.1674919128417969,2.335014581680298,1.0,6.067636013031006,0.8166000247001648,2.9794368743896484,0,0.44330814620204123,-0.08220994383944864,0.028019035925408674,0.45813519502916034,2523136,56,0,0,0
300,general_warm,0,,,,,,,,,,,,,,,,,,,,,,,,,,,,,,,,,,1.104556679725647,2.259613513946533,1.0,6.074182987213135,0.8094000220298767,2.872633695602417,0,0.4098169259688381,0.07560804835104916,0.02500329373833088,0.36917080924151435,2523136,56,0,0,0
320,general_warm,0,,,,,,,,,,,,,,,,,,,,,,,,,,,,,,,,,,1.2891242504119873,2.5305304527282715,1.0,6.078949928283691,0.8196499943733215,3.23588228225708,0,0.40935914674619756,0.13419692953799053,0.023276148773434143,0.6002954523951288,2523136,56,0,0,0
340,general_warm,0,,,,,,,,,,,,,,,,,,,,,,,,,,,,,,,,,,1.2850468158721924,2.1023647785186768,1.0,6.08419942855835,0.8153499960899353,2.8057303428649902,0,0.44501615718498577,-0.3777308692058016,0.02833458963663332,0.5305761030623837,2523136,56,0,0,0
360,general_warm,0,,,,,,,,,,,,,,,,,,,,,,,,,,,,,,,,,,1.5091561079025269,1.782029151916504,1.0,6.0894293785095215,0.8234000205993652,2.597501516342163,0,0.4232911790775327,0.21455753841187938,0.02601406873085551,0.36667573110215246,2523136,56,0,0,0
380,general_warm,0,,,,,,,,,,,,,,,,,,,,,,,,,,,,,,,,,,1.2237498760223389,2.046312093734741,1.0,6.094232082366943,0.7907500267028809,2.7191293239593506,0,0.3137074596092072,0.08942827608552761,0.02504550690895745,0.43723151731112647,2523136,56,0,0,0
400,general_warm,0,,,,,,,,,,,,,,,,,,,,,,,,,,,,,,,,,,1.3802711963653564,2.2881546020507812,1.0,6.09893798828125,0.8598499894142151,3.0392794609069824,0,0.4418237228797846,-0.24330636355443858,0.026709213994059063,0.9999592992521468,2523136,56,0,0,0
420,general_warm,0,,,,,,,,,,,,,,,,,,,,,,,,,,,,,,,,,,1.2522802352905273,2.2667267322540283,1.0,6.103891372680664,0.8220999836921692,2.9539058208465576,0,0.4503955711780462,-0.2792282634930286,0.04115428621067651,0.788559238991094,2523136,56,0,0,0
440,general_warm,0,,,,,,,,,,,,,,,,,,,,,,,,,,,,,,,,,,1.1541086435317993,2.2202277183532715,1.0,6.108824253082275,0.8135499954223633,2.858370304107666,0,0.39170284162790864,0.3213129809591919,0.03267058004285135,0.3835445166225471,2523136,56,0,0,0
460,general_warm,0,,,,,,,,,,,,,,,,,,,,,,,,,,,,,,,,,,1.36281156539917,2.4075517654418945,1.0,6.113275051116943,0.8706499934196472,3.150090217590332,0,0.4348349914921728,-0.07037139237841725,0.03090614267876224,0.5098865346539588,2523136,56,0,0,0
480,general_warm,0,,,,,,,,,,,,,,,,,,,,,,,,,,,,,,,,,,1.2922261953353882,1.918390154838562,1.0,6.118334770202637,0.7969000339508057,2.6256866455078125,0,0.4231053021312821,0.26416986141287324,0.02242934410164635,0.40410074423702935,2523136,56,0,0,0
499,,,0.0625,0.040069989880421986,1.4338737029938633,4.194917623907149,,32,8415,-0.03766196766411567,1.5800040866648632,4.854975651855301,,32,14382,0.572052001953125,0.408345670116191,1.5547278383924168,4.733797991751306,0.09375,0.05502725643828954,0.9852837950889061,2.678571942128084,,32,6174,0.015625,0.04305166359609691,2.2197497688220342,9.205027192871187,,32,3861,0,0.0,,,,,,,,,,,,,,,,
500,code_recurrent,0,,,,,,,,,,,,,,,,,,,,,,,,,,,,,,,,,,1.4171991348266602,3.5106852054595947,1.0,6.122897624969482,0.8467999696731567,4.280513763427734,0,0.23303398762131336,-0.22033959720699517,0.03204533292631072,19.459688540867397,2523136,56,0,0,0
500,,,,0.010465734145220784,1.404269447258662,4.072550441338706,,32,8415,-0.04689593070439613,1.5707701236245828,4.810351332858684,,32,14382,0.4551849365234375,0.320159912109375,1.5404563165178877,4.666719286293438,,0.04046687702936458,0.9707234156799811,2.639853480163508,,32,6174,,0.03936417428238714,2.2160622795083245,9.171146259646212,,32,3861,0,0.0,,,,,,,,,,,,,,,,
520,code_recurrent,0,,,,,,,,,,,,,,,,,,,,,,,,,,,,,,,,,,1.3618903160095215,1.3376619815826416,1.0,6.22139310836792,0.9101499915122986,2.0808210372924805,0,0.3904870972609714,0.03607522634722825,0.17182030185820565,0.20326152932017094,2523136,56,0,0,0
540,code_recurrent,0,,,,,,,,,,,,,,,,,,,,,,,,,,,,,,,,,,1.016963005065918,1.029517412185669,1.0,6.239623069763184,0.8571000099182129,1.6003952026367188,0,0.3981530384866339,0.22486302559264004,0.014112227847282258,0.09919050530427032,2523136,56,0,0,0
560,code_recurrent,0,,,,,,,,,,,,,,,,,,,,,,,,,,,,,,,,,,1.2103132009506226,0.9624990224838257,1.0,6.2421135902404785,0.8988499641418457,1.6300766468048096,0,0.41624346907365395,0.19992248534357973,0.007831570515889556,0.12924167818818538,2523136,56,0,0,0
580,code_recurrent,0,,,,,,,,,,,,,,,,,,,,,,,,,,,,,,,,,,1.0887928009033203,1.0119585990905762,1.0,6.243516445159912,0.8467999696731567,1.6187901496887207,0,0.42011504711019915,0.12934378430613183,0.007420823369951298,0.11959513979298728,2523136,56,0,0,0
600,code_recurrent,0,,,,,,,,,,,,,,,,,,,,,,,,,,,,,,,,,,1.131138801574707,1.1242926120758057,1.0,6.244417667388916,0.9101499915122986,1.7523062229156494,0,0.41764953839039337,0.08769380968546361,0.0059652641362008,0.12272770179228651,2523136,56,0,0,0
620,code_recurrent,0,,,,,,,,,,,,,,,,,,,,,,,,,,,,,,,,,,0.8502886295318604,0.93462073802948,1.0,6.248462677001953,0.8571000099182129,1.422249674797058,0,0.4193626040706518,0.052355416765619466,0.0059090782925190904,0.08534591201367596,2523136,56,0,0,0
640,code_recurrent,0,,,,,,,,,,,,,,,,,,,,,,,,,,,,,,,,,,1.0466917753219604,0.8876021504402161,1.0,6.252283096313477,0.8988499641418457,1.47347092628479,0,0.4186853691590991,0.07616872480139136,0.005338673244160231,0.11625110438566597,2523136,56,0,0,0
660,code_recurrent,0,,,,,,,,,,,,,,,,,,,,,,,,,,,,,,,,,,0.9689674377441406,0.9505007863044739,1.0,6.2564215660095215,0.8467999696731567,1.4975486993789673,0,0.4197374430644178,0.09325334138702601,0.006223443620986055,0.1125243958277953,2523136,56,0,0,0
680,code_recurrent,0,,,,,,,,,,,,,,,,,,,,,,,,,,,,,,,,,,1.0231167078018188,1.0714741945266724,1.0,6.259958267211914,0.9101499915122986,1.6456321477890015,0,0.42060933760384456,0.00443461470422335,0.005917936523208425,0.12222260684366264,2523136,56,0,0,0
700,code_recurrent,0,,,,,,,,,,,,,,,,,,,,,,,,,,,,,,,,,,0.7718238234519958,0.8903157711029053,1.0,6.265865802764893,0.8571000099182129,1.3388863801956177,0,0.42214110828692764,0.0929044860302903,0.005825245449419266,0.09372493634739565,2523136,56,0,0,0
720,code_recurrent,0,,,,,,,,,,,,,,,,,,,,,,,,,,,,,,,,,,0.9496783018112183,0.846156895160675,1.0,6.271756649017334,0.8988499641418457,1.3837136030197144,0,0.4224609893066546,0.0682552971619381,0.00556968824424234,0.11459290348289032,2523136,56,0,0,0
740,code_recurrent,0,,,,,,,,,,,,,,,,,,,,,,,,,,,,,,,,,,0.8973310589790344,0.9128590822219849,1.0,6.27687406539917,0.8467999696731567,1.4242932796478271,0,0.4229991377699967,0.04790771478396242,0.005129455288942341,0.11805268257028526,2523136,56,0,0,0
750,,,,-0.330019512391841,1.0637842007216003,2.8973142892109616,,32,8415,-0.030344309917561763,1.5873217444114172,4.8906330070891,,32,14382,0.4026641845703125,0.28231154980302664,1.3888744975620777,4.010333871435083,,-0.14969184709900518,0.7805646915516113,2.1827044723322535,,32,6174,,-0.05287075166225552,2.123827353563682,8.363084794260853,,32,3861,0,0.0,,,,,,,,,,,,,,,,
760,code_recurrent,0,,,,,,,,,,,,,,,,,,,,,,,,,,,,,,,,,,0.9342272877693176,1.035638689994812,1.0,6.282572269439697,0.9101499915122986,1.5655779838562012,0,0.42405513744797424,0.002096419992864997,0.006809136312314501,0.127145068474587,2523136,56,0,0,0
780,code_recurrent,0,,,,,,,,,,,,,,,,,,,,,,,,,,,,,,,,,,0.7044909000396729,0.8590458631515503,1.0,6.2892560958862305,0.8571000099182129,1.2741838693618774,0,0.42563911248001823,0.0009244450380460226,0.005141209345772892,0.10064927385676474,2523136,56,0,0,0
800,code_recurrent,0,,,,,,,,,,,,,,,,,,,,,,,,,,,,,,,,,,0.8636164665222168,0.8195328712463379,1.0,6.29613733291626,0.8988499641418457,1.3143024444580078,0,0.42777282464052263,0.0714723524225909,0.005408789937214423,0.1164290309041029,2523136,56,0,0,0
820,code_recurrent,0,,,,,,,,,,,,,,,,,,,,,,,,,,,,,,,,,,0.8227552771568298,0.8844399452209473,1.0,6.3030524253845215,0.8467999696731567,1.3588480949401855,0,0.4290436465140272,0.010167434506001882,0.0060022621123593245,0.12025419832872493,2523136,56,0,0,0
840,code_recurrent,0,,,,,,,,,,,,,,,,,,,,,,,,,,,,,,,,,,0.8537355661392212,1.0073003768920898,1.0,6.3103485107421875,0.9101499915122986,1.4972715377807617,0,0.43000649730587964,0.010705060024130424,0.006298755065331028,0.13198433415520758,2523136,56,0,0,0
860,code_recurrent,0,,,,,,,,,,,,,,,,,,,,,,,,,,,,,,,,,,0.6335937976837158,0.8357996344566345,1.0,6.3181071281433105,0.8571000099182129,1.2157775163650513,0,0.4304781961270064,-0.007919919768547905,0.006366881904365968,0.10108645745804386,2523136,56,0,0,0
880,code_recurrent,0,,,,,,,,,,,,,,,,,,,,,,,,,,,,,,,,,,0.7792307138442993,0.8011288642883301,1.0,6.3256731033325195,0.8988499641418457,1.2540009021759033,0,0.4313140155176665,0.022526600944859507,0.005741904192559775,0.12359475024369737,2523136,56,0,0,0
900,code_recurrent,0,,,,,,,,,,,,,,,,,,,,,,,,,,,,,,,,,,0.7551181316375732,0.8650451898574829,1.0,6.333317756652832,0.8467999696731567,1.30593740940094,0,0.43209837203092727,-0.008825324055838532,0.006888000643904513,0.13201165677063048,2523136,56,0,0,0
920,code_recurrent,0,,,,,,,,,,,,,,,,,,,,,,,,,,,,,,,,,,0.7756279706954956,0.9876853823661804,1.0,6.341926097869873,0.9101499915122986,1.4389185905456543,0,0.43392068873009143,0.008255119516564133,0.006820439707879568,0.16590229171727386,2523136,56,0,0,0
940,code_recurrent,0,,,,,,,,,,,,,,,,,,,,,,,,,,,,,,,,,,0.5616086721420288,0.8189120292663574,1.0,6.3504509925842285,0.8571000099182129,1.1632208824157715,0,0.6499571661342272,-0.00822130757400633,0.007031160699839276,0.10105425710568115,2523136,56,0,0,0
960,code_recurrent,0,,,,,,,,,,,,,,,,,,,,,,,,,,,,,,,,,,0.7060794830322266,0.7879510521888733,1.0,6.358697891235352,0.8988499641418457,1.2045776844024658,0,0.6086041467252119,0.01878700034701199,0.007265889915242229,0.14538735663074823,2523136,56,0,0,0
980,code_recurrent,0,,,,,,,,,,,,,,,,,,,,,,,,,,,,,,,,,,0.6814770698547363,0.8478848934173584,1.0,6.3668904304504395,0.8467999696731567,1.252292275428772,0,0.5468506738805516,-0.003948483618192508,0.00641829258935999,0.13627228218589035,2523136,56,0,0,0
1000,code_recurrent,0,,,,,,,,,,,,,,,,,,,,,,,,,,,,,,,,,,0.6920475363731384,0.9716436862945557,1.0,6.375123500823975,0.9101499915122986,1.3814187049865723,0,0.49462067367021023,-0.024316018906704682,0.007843613651736329,0.18247047424434668,2523136,56,0,0,0
1000,,,,-0.3610936056625538,1.0327101074508875,2.8086673198563643,,32,8415,-0.005410391868959419,1.6122556624600195,5.014108618074202,,32,14382,0.3979644775390625,0.2809596418523464,1.4086550543247829,4.090450269447934,,-0.1232611702837757,0.8069953683668408,2.2411639879208978,,32,6174,,0.005960973795446467,2.182659079021384,8.869860588643663,,32,3861,0,0.0,,,,,,,,,,,,,,,,
1020,code_recurrent,0,,,,,,,,,,,,,,,,,,,,,,,,,,,,,,,,,,0.4978031814098358,0.8043912053108215,1.0,6.382999420166016,0.8571000099182129,1.117122769355774,0,0.4708708487161937,0.027274302437685298,0.00796041214369267,0.1151019646830502,2523136,56,0,0,0
1040,code_recurrent,0,,,,,,,,,,,,,,,,,,,,,,,,,,,,,,,,,,0.6418837308883667,0.7795276045799255,1.0,6.390512466430664,0.8988499641418457,1.164374589920044,0,0.45245946328551606,0.009394787073168638,0.00912252467704035,0.27481932867436654,2523136,56,0,0,0
1060,code_recurrent,0,,,,,,,,,,,,,,,,,,,,,,,,,,,,,,,,,,0.6124898195266724,0.8373501300811768,1.0,6.398868560791016,0.8467999696731567,1.2075836658477783,0,0.4443551948440837,0.014270808240066149,0.008493058780939982,0.1390506870305491,2523136,56,0,0,0
1080,code_recurrent,0,,,,,,,,,,,,,,,,,,,,,,,,,,,,,,,,,,0.6080445051193237,0.9585530757904053,1.0,6.406985282897949,0.9101499915122986,1.3266452550888062,0,0.4416714141081037,-0.02371654679466571,0.00878872919341712,0.16217604685456505,2523136,56,0,0,0
1100,code_recurrent,0,,,,,,,,,,,,,,,,,,,,,,,,,,,,,,,,,,0.4516069293022156,0.7928111553192139,1.0,6.414416790008545,0.8571000099182129,1.0827587842941284,0,0.44044935456283507,0.011291982840962842,0.010211670364157136,0.11408353887261853,2523136,56,0,0,0
1120,code_recurrent,0,,,,,,,,,,,,,,,,,,,,,,,,,,,,,,,,,,0.5755197405815125,0.7670287489891052,1.0,6.421390533447266,0.8988499641418457,1.1190024614334106,0,0.43469307403883783,0.0073445868516241065,0.011846100931916946,0.1981332699103015,2523136,56,0,0,0
1140,code_recurrent,0,,,,,,,,,,,,,,,,,,,,,,,,,,,,,,,,,,0.5465471744537354,0.8280103206634521,1.0,6.429074764251709,0.8467999696731567,1.1655746698379517,0,0.43509363295074965,-0.03808760070907218,0.009121107925210028,0.14305111934977863,2523136,56,0,0,0
1160,code_recurrent,0,,,,,,,,,,,,,,,,,,,,,,,,,,,,,,,,,,0.542862057685852,0.9484657049179077,1.0,6.436713695526123,0.9101499915122986,1.2842639684677124,0,0.43487294339030896,-0.03296051349648873,0.009352422356125085,0.17556297994322248,2523136,56,0,0,0
1180,code_recurrent,0,,,,,,,,,,,,,,,,,,,,,,,,,,,,,,,,,,0.40359342098236084,0.7859947681427002,1.0,6.4435858726501465,0.8571000099182129,1.0522273778915405,0,0.4330045613056134,-0.0011020679355299632,0.009955794712351192,0.13446052056988553,2523136,56,0,0,0
1200,code_recurrent,0,,,,,,,,,,,,,,,,,,,,,,,,,,,,,,,,,,0.5096371173858643,0.7611515522003174,1.0,6.450236797332764,0.8988499641418457,1.080472469329834,0,0.4318661939219757,-0.032970301436892314,0.010298852822355306,0.1976983787432786,2523136,56,0,0,0
1220,code_recurrent,0,,,,,,,,,,,,,,,,,,,,,,,,,,,,,,,,,,0.48895326256752014,0.820258617401123,1.0,6.457106113433838,0.8467999696731567,1.1293063163757324,0,0.43170628210703665,-0.005276954705810307,0.012340304647232332,0.1496759368964131,2523136,56,0,0,0
1240,code_recurrent,0,,,,,,,,,,,,,,,,,,,,,,,,,,,,,,,,,,0.4895719587802887,0.9407598972320557,1.0,6.464571475982666,0.9101499915122986,1.2501916885375977,0,0.42993174291387765,-0.01977517871377391,0.011506176226779758,0.20500230950613818,2523136,56,0,0,0
1250,,,,-0.33977006899765105,1.0540336441157903,2.8692011443681613,,32,8415,0.03091392893732192,1.6485799832663008,5.199591076009956,,32,14382,0.3942718505859375,0.27989378429594497,1.4528150940934719,4.275132491590859,,-0.08256893571928403,0.8476876029313325,2.334242909841785,,32,6174,,0.08426104083452701,2.2609591460604643,9.592285158430352,,32,3861,0,0.0,,,,,,,,,,,,,,,,
1260,code_recurrent,0,,,,,,,,,,,,,,,,,,,,,,,,,,,,,,,,,,0.3711360991001129,0.7778182029724121,1.0,6.471176624298096,0.8571000099182129,1.0280979871749878,0,0.42758799362816413,0.006528632779788625,0.010312035681942241,0.14707798895588706,2523136,56,0,0,0
1280,code_recurrent,0,,,,,,,,,,,,,,,,,,,,,,,,,,,,,,,,,,0.4594497084617615,0.751785159111023,1.0,6.477462291717529,0.8988499641418457,1.0462846755981445,0,0.4314316944852474,-0.010798307620072072,0.011094478925593966,0.16119682463329463,2523136,56,0,0,0
1300,code_recurrent,0,,,,,,,,,,,,,,,,,,,,,,,,,,,,,,,,,,0.44265660643577576,0.8151845932006836,1.0,6.484479904174805,0.8467999696731567,1.1013576984405518,0,0.43000700438167644,0.008430864940497227,0.01013651470328489,0.1914058834816965,2523136,56,0,0,0
1320,code_recurrent,0,,,,,,,,,,,,,,,,,,,,,,,,,,,,,,,,,,0.4387252628803253,0.935940146446228,1.0,6.490819931030273,0.9101499915122986,1.2202109098434448,0,0.4227754775901719,-0.05715422452859847,0.01377752311287507,0.19264329512795758,2523136,56,0,0,0
1340,code_recurrent,0,,,,,,,,,,,,,,,,,,,,,,,,,,,,,,,,,,0.31986263394355774,0.7718713283538818,1.0,6.4965500831604,0.8571000099182129,0.9967681169509888,0,0.4238258793839889,0.005416093456525621,0.012331689054530763,0.1311293442408362,2523136,56,0,0,0
1360,code_recurrent,0,,,,,,,,,,,,,,,,,,,,,,,,,,,,,,,,,,0.4168623685836792,0.7490202784538269,1.0,6.502151012420654,0.8988499641418457,1.0224729776382446,0,0.43116002634428413,-0.0024428334103764166,0.011046456821661974,0.1620719177811037,2523136,56,0,0,0
1380,code_recurrent,0,,,,,,,,,,,,,,,,,,,,,,,,,,,,,,,,,,0.39211979508399963,0.8083704710006714,1.0,6.508549213409424,0.8467999696731567,1.0695159435272217,0,0.43620986857861854,-0.02454432344945547,0.010899541762635289,0.15188643543847968,2523136,56,0,0,0
1400,code_recurrent,0,,,,,,,,,,,,,,,,,,,,,,,,,,,,,,,,,,0.39506450295448303,0.9296658039093018,1.0,6.514471054077148,0.9101499915122986,1.192342758178711,0,0.438986240942819,-0.04736776556196024,0.011277763234148364,0.28299434537452367,2523136,56,0,0,0
1420,code_recurrent,0,,,,,,,,,,,,,,,,,,,,,,,,,,,,,,,,,,0.29193511605262756,0.7638658285140991,1.0,6.519920349121094,0.8571000099182129,0.9750325679779053,0,0.43695636013729705,-0.047873171986014186,0.011871756245345174,0.14967160247680214,2523136,56,0,0,0
1440,code_recurrent,0,,,,,,,,,,,,,,,,,,,,,,,,,,,,,,,,,,0.38182908296585083,0.7415441274642944,1.0,6.524835586547852,0.8988499641418457,0.9977070093154907,0,0.43898005257562317,-3.901495334243269e-05,0.011609364224095194,0.22346243723813028,2523136,56,0,0,0
1460,code_recurrent,0,,,,,,,,,,,,,,,,,,,,,,,,,,,,,,,,,,0.3566948175430298,0.8017781972885132,1.0,6.53054666519165,0.8467999696731567,1.0454310178756714,0,0.4457110728065016,0.03165297626609182,0.014376245439052582,0.1521094477572848,2523136,56,0,0,0
1480,code_recurrent,0,,,,,,,,,,,,,,,,,,,,,,,,,,,,,,,,,,0.35447216033935547,0.9238572716712952,1.0,6.535837173461914,0.9101499915122986,1.1664516925811768,0,0.438287575482342,-0.06611433136900555,0.017870680232428843,0.26931139212397354,2523136,56,0,0,0
1500,code_recurrent,0,,,,,,,,,,,,,,,,,,,,,,,,,,,,,,,,,,0.2683092951774597,0.7613353729248047,1.0,6.540639877319336,0.8571000099182129,0.9608964323997498,0,0.44053728049482227,-0.04118367034867073,0.011726692264958743,0.22972838869466194,2523136,56,0,0,0
1500,,,,-0.30204019892166145,1.0917635141917799,2.9795238747900727,,32,8415,0.05918537766392018,1.676851431992899,5.348688721027426,,32,14382,0.3930206298828125,0.2794470754610438,1.4797536145112435,4.391863456177793,,-0.058290106523450236,0.8719664321271663,2.391609169657247,,32,6174,,0.10173497450719138,2.2784330797331287,9.761373126630312,,32,3861,0,0.0,,,,,,,,,,,,,,,,
1520,code_recurrent,0,,,,,,,,,,,,,,,,,,,,,,,,,,,,,,,,,,0.3523949980735779,0.7396154403686523,1.0,6.545527458190918,0.8988499641418457,0.9812682271003723,0,0.44021269555784254,0.004829357837609548,0.01227038269844054,0.2588279330866441,2523136,56,0,0,0
1540,code_recurrent,0,,,,,,,,,,,,,,,,,,,,,,,,,,,,,,,,,,0.3132621943950653,0.7988356351852417,1.0,6.550739288330078,0.8467999696731567,1.0209741592407227,0,0.439460434889143,0.03366053266758432,0.01376445893852395,0.15283227972390634,2523136,56,0,0,0
1560,code_recurrent,0,,,,,,,,,,,,,,,,,,,,,,,,,,,,,,,,,,0.3339099884033203,0.9157116413116455,1.0,6.555965423583984,0.9101499915122986,1.148226261138916,0,0.4388048157175146,-0.06413565957336687,0.01673118762638686,0.38505005579855706,2523136,56,0,0,0
1580,code_recurrent,0,,,,,,,,,,,,,,,,,,,,,,,,,,,,,,,,,,0.24348199367523193,0.7556936740875244,1.0,6.560558319091797,0.8571000099182129,0.9430402517318726,0,0.442811366449767,-0.02968729310669005,0.011351217058975072,0.17166409247096567,2523136,56,0,0,0
1600,code_recurrent,0,,,,,,,,,,,,,,,,,,,,,,,,,,,,,,,,,,0.31042662262916565,0.7341451048851013,1.0,6.564456939697266,0.8988499641418457,0.9550029635429382,0,0.44868136178535106,-0.02985967586989448,0.01206235710535169,0.21853719136958558,2523136,56,0,0,0
1620,code_recurrent,0,,,,,,,,,,,,,,,,,,,,,,,,,,,,,,,,,,0.2852037250995636,0.7950608134269714,1.0,6.5690202713012695,0.8467999696731567,1.0033528804779053,0,0.449821518974038,-0.042340744083048776,0.017977838007925403,0.14614155947097712,2523136,56,0,0,0
1640,code_recurrent,0,,,,,,,,,,,,,,,,,,,,,,,,,,,,,,,,,,0.3009538948535919,0.9135680198669434,1.0,6.574045181274414,0.9101499915122986,1.129785418510437,0,0.44784723866355397,-0.014875298501075511,0.020345774335631478,0.39523578297405965,2523136,56,0,0,0
1660,code_recurrent,0,,,,,,,,,,,,,,,,,,,,,,,,,,,,,,,,,,0.22802579402923584,0.7510520219802856,1.0,6.578677177429199,0.8571000099182129,0.9308516979217529,0,0.4381644163508304,-0.016247018622899696,0.017423647150604262,0.17717175297291268,2523136,56,0,0,0
1680,code_recurrent,0,,,,,,,,,,,,,,,,,,,,,,,,,,,,,,,,,,0.30711397528648376,0.7268384695053101,1.0,6.582380294799805,0.8988499641418457,0.946219265460968,0,0.4490778796362482,-0.018496665529840226,0.01736035011634822,0.3059948707206382,2523136,56,0,0,0
1700,code_recurrent,0,,,,,,,,,,,,,,,,,,,,,,,,,,,,,,,,,,0.2641342878341675,0.7913960814476013,1.0,6.586921691894531,0.8467999696731567,0.9893324375152588,0,0.43497196626356543,0.018320508968567344,0.01723172503841361,0.142679769915366,2523136,56,0,0,0
1720,code_recurrent,0,,,,,,,,,,,,,,,,,,,,,,,,,,,,,,,,,,0.2864835560321808,0.9094034433364868,1.0,6.591924667358398,0.9101499915122986,1.118564486503601,0,0.4310233625931681,-0.002571836340523857,0.015144576154841436,1.3941181434170595,2523136,56,0,0,0
1740,code_recurrent,0,,,,,,,,,,,,,,,,,,,,,,,,,,,,,,,,,,0.2094680368900299,0.7459436655044556,1.0,6.595925807952881,0.8571000099182129,0.9166369438171387,0,0.4355039378581575,0.019043853853613006,0.016605272104165382,0.17859816550617177,2523136,56,0,0,0
1750,,,,-0.28492036707261015,1.1088833460408312,3.030971957212142,,32,8415,0.07580040167939961,1.6934664560083785,5.438299695340064,,32,14382,0.390869140625,0.27900654280266796,1.50456630014288,4.502200603047012,,-0.029429893876728563,0.900826644773888,2.4616371698207784,,32,6174,,0.1383906485224844,2.3150887537484217,10.125821583484168,,32,3861,0,0.0,,,,,,,,,,,,,,,,
1760,code_recurrent,0,,,,,,,,,,,,,,,,,,,,,,,,,,,,,,,,,,0.25544172525405884,0.7284116148948669,1.0,6.599388122558594,0.8988499641418457,0.9221264123916626,0,0.44404335274377665,-0.0034398523899393956,0.015027735618290506,0.20729786000022338,2523136,56,0,0,0
1780,code_recurrent,0,,,,,,,,,,,,,,,,,,,,,,,,,,,,,,,,,,0.24409987032413483,0.7856477499008179,1.0,6.604034423828125,0.8467999696731567,0.9737380146980286,0,0.44843391075188876,-0.04274707685233027,0.015991009377490078,0.21731160040944816,2523136,56,0,0,0
1800,code_recurrent,0,,,,,,,,,,,,,,,,,,,,,,,,,,,,,,,,,,0.26342517137527466,0.9084915518760681,1.0,6.607792854309082,0.9101499915122986,1.106282114982605,0,0.4404874290838833,-0.0286655098607298,0.016958092713713766,0.35423640005940954,2523136,56,0,0,0
1820,code_recurrent,0,,,,,,,,,,,,,,,,,,,,,,,,,,,,,,,,,,0.1892172396183014,0.7434105277061462,1.0,6.61166524887085,0.8571000099182129,0.9041357636451721,0,0.439500300145419,-0.04629687935812399,0.016188398527262348,0.1444930445461992,2523136,56,0,0,0
1840,code_recurrent,0,,,,,,,,,,,,,,,,,,,,,,,,,,,,,,,,,,0.24769602715969086,0.7227758169174194,1.0,6.615126609802246,0.8988499641418457,0.9127750992774963,0,0.4437330497677601,-0.036050248531474996,0.016794049004018898,0.19276609340061746,2523136,56,0,0,0
1860,code_recurrent,0,,,,,,,,,,,,,,,,,,,,,,,,,,,,,,,,,,0.23204758763313293,0.7867383360862732,1.0,6.618682861328125,0.8467999696731567,0.9689489603042603,0,0.4454781797752728,-0.0031984620103945155,0.014668877602606599,0.31761809933694113,2523136,56,0,0,0
1880,code_recurrent,0,,,,,,,,,,,,,,,,,,,,,,,,,,,,,,,,,,0.22695159912109375,0.900459885597229,1.0,6.622716426849365,0.9101499915122986,1.0801628828048706,0,0.4384766871564004,-0.04620729136097777,0.01934952493997232,0.24084806930096378,2523136,56,0,0,0
1900,code_recurrent,0,,,,,,,,,,,,,,,,,,,,,,,,,,,,,,,,,,0.1800030767917633,0.7395303249359131,1.0,6.626049995422363,0.8571000099182129,0.8957923650741577,0,0.43111960887056194,-0.040203699721522365,0.018970467789941246,0.14146470755841287,2523136,56,0,0,0
1920,code_recurrent,0,,,,,,,,,,,,,,,,,,,,,,,,,,,,,,,,,,0.21178306639194489,0.7229095697402954,1.0,6.628900051116943,0.8988499641418457,0.8950901031494141,0,0.43803101599469857,-0.005415516482961331,0.016483758855241514,0.18381489439911786,2523136,56,0,0,0
1940,code_recurrent,0,,,,,,,,,,,,,,,,,,,,,,,,,,,,,,,,,,0.2208852767944336,0.7803561687469482,1.0,6.632728576660156,0.8467999696731567,0.9571260809898376,0,0.44776593921437874,-0.041150022462326366,0.022031952943357212,0.22260625563147993,2523136,56,0,0,0
1960,code_recurrent,0,,,,,,,,,,,,,,,,,,,,,,,,,,,,,,,,,,0.20509856939315796,0.8958878517150879,1.0,6.636289119720459,0.9101499915122986,1.0648000240325928,0,0.4239443463430549,-0.0206892493484442,0.020383908136356033,0.17631493869814135,2523136,56,0,0,0
1980,code_recurrent,0,,,,,,,,,,,,,,,,,,,,,,,,,,,,,,,,,,0.1610105335712433,0.7383958101272583,1.0,6.638972282409668,0.8571000099182129,0.885290801525116,0,0.43291302118160147,-0.04108392170434984,0.017598156958249296,0.155710526384295,2523136,56,0,0,0
1999,,,0.0625,-0.265692109659323,1.1281116034541183,3.089816189229666,,32,8415,0.09684775273834045,1.7145138070673194,5.5539745526450774,0.13450972040245612,32,14382,0.3901824951171875,0.27899060930524555,1.522729817084008,4.584723584989458,0.03125,-0.016908339786807614,0.9133481988638089,2.492654479991784,,32,6174,0.015625,0.15824755372484844,2.3349456589507858,10.328898630930066,,32,3861,0,0.0,,,,,,,,,,,,,,,,
2000,novel_inject,0,,,,,,,,,,,,,,,,,,,,,,,,,,,,,,,,,,1.4734711647033691,3.725271463394165,1.0,6.641955375671387,0.8203999996185303,4.528426647186279,0,0.028368349696209195,-0.01565530737778837,0.020369925528269498,6.46943612467675,2523136,56,0,0,0
2000,,,,-0.26762980360823296,1.1261739095052083,3.0838348679530583,,32,8415,0.09211359407321229,1.7097796484021912,5.527743296347211,,32,14382,0.390228271484375,0.2789774265419058,1.5185939600671916,4.5658009813449265,,-0.01830956817715934,0.9119469704734572,2.48916414771451,,32,6174,,0.14977720666197225,2.3264753118879096,10.241778763386108,,32,3861,0,0.0,,,,,,,,,,,,,,,,
2020,novel_inject,0,,,,,,,,,,,,,,,,,,,,,,,,,,,,,,,,,,1.173889398574829,2.4322969913482666,1.0,6.6622161865234375,0.805649995803833,3.0858640670776367,0,0.25375057361682046,-0.23670570711796504,0.23830278166939342,1.8450924180802843,2523136,56,0,0,0
2040,novel_inject,0,,,,,,,,,,,,,,,,,,,,,,,,,,,,,,,,,,1.216996431350708,2.1862518787384033,1.0,6.678173065185547,0.838450014591217,2.861531972885132,0,0.2714732291056535,0.16456856465499317,0.10503967419148438,1.0874618671716205,2523136,56,0,0,0
2060,novel_inject,0,,,,,,,,,,,,,,,,,,,,,,,,,,,,,,,,,,1.4477871656417847,2.404348850250244,1.0,6.686817646026611,0.8425999879837036,3.195110559463501,0,0.24895890188085426,-0.024114887265438614,0.08013014986756302,1.2043673589589103,2523136,56,0,0,0
2080,novel_inject,0,,,,,,,,,,,,,,,,,,,,,,,,,,,,,,,,,,1.308608889579773,1.9702051877975464,1.0,6.692104339599609,0.7991999983787537,2.6914305686950684,0,0.24485044383637833,0.041622056089441424,0.059410901157747185,0.817878038164169,2523136,56,0,0,0
2100,novel_inject,0,,,,,,,,,,,,,,,,,,,,,,,,,,,,,,,,,,1.0787272453308105,1.7084922790527344,1.0,6.695967674255371,0.784000039100647,2.3148155212402344,0,0.2422938443060588,0.09879316046551269,0.053560872645013864,0.9777937039496407,2523136,56,0,0,0
2120,novel_inject,0,,,,,,,,,,,,,,,,,,,,,,,,,,,,,,,,,,1.2517067193984985,2.091832160949707,1.0,6.700282096862793,0.8192499876022339,2.7846882343292236,0,0.23741694001945124,0.05955444907470207,0.06220584557583881,0.9300628176047688,2523136,56,0,0,0
2140,novel_inject,0,,,,,,,,,,,,,,,,,,,,,,,,,,,,,,,,,,1.2255970239639282,1.9005757570266724,1.0,6.704150676727295,0.7951500415802002,2.580415725708008,0,0.24696932482171,-0.11891152907420681,0.04640837942087461,1.0134791645029233,2523136,56,0,0,0
2149,,,0.078125,-0.14576933164364214,1.2480343814697992,3.483489012994797,0.11992277801568085,32,8415,-0.004954813783613954,1.612711240545365,5.016393456499777,,32,14382,0.38861083984375,0.2781927926199777,1.5207348187035838,4.575586186440948,0.046875,0.0368010950660026,0.9670576337166191,2.6301940683556917,,32,6174,0.015625,0.07843791385661492,2.2551360190825522,9.536590380205812,,32,3861,0,0.0,,,,,,,,,,,,,,,,
2160,math_recurrent,0,,,,,,,,,,,,,,,,,,,,,,,,,,,,,,,,,,0.6042323708534241,1.7211730480194092,1.0,6.763627052307129,0.8722000122070312,2.090925455093384,0,0.17473291107997022,0.7174462452530861,0.792972586552302,1.6060015998662465,2523136,56,0,0,0
2180,math_recurrent,0,,,,,,,,,,,,,,,,,,,,,,,,,,,,,,,,,,0.6510123014450073,1.3071720600128174,1.0,6.816003799438477,0.9068000316619873,1.700838327407837,0,0.27710591937502754,0.2279263405861067,0.10012561505630849,1.115410701481123,2523136,56,0,0,0
2200,math_recurrent,0,,,,,,,,,,,,,,,,,,,,,,,,,,,,,,,,,,0.4899909198284149,1.3571922779083252,1.0,6.828416347503662,0.8489999771118164,1.6704719066619873,0,0.35317051740905636,0.009615796418594462,0.04687086181744697,0.5258823871494286,2523136,56,0,0,0
2220,math_recurrent,0,,,,,,,,,,,,,,,,,,,,,,,,,,,,,,,,,,0.47636523842811584,1.294771671295166,1.0,6.835995197296143,0.9018000364303589,1.6013143062591553,0,0.35504728652215345,0.17389852030568623,0.032154659980848904,0.510151388330592,2523136,56,0,0,0
2240,math_recurrent,0,,,,,,,,,,,,,,,,,,,,,,,,,,,,,,,,,,0.4072016775608063,1.2780057191848755,1.0,6.839218616485596,0.8722000122070312,1.5499987602233887,0,0.34765346556313614,0.22805431327183864,0.026671728526522952,0.36485379409813695,2523136,56,0,0,0
2250,,,,-0.20886911901064864,1.1849345941027927,3.270472906255644,,32,8415,-0.016336957994911083,1.6013290963340678,4.9596198583303215,,32,14382,0.2201690673828125,0.15214328376614317,1.378371513931394,3.9684338233641205,,-0.31285503747048493,0.6174015011801316,1.8541038900142732,,32,6174,,-0.06687724111735349,2.109820864108584,8.246763860905283,,32,3861,0,0.0,,,,,,,,,,,,,,,,
2260,math_recurrent,0,,,,,,,,,,,,,,,,,,,,,,,,,,,,,,,,,,0.38620999455451965,1.1245166063308716,1.0,6.845491409301758,0.9068000316619873,1.3860764503479004,0,0.3597573147679844,0.07306742062168528,0.02481104243834991,0.358667080899671,2523136,56,0,0,0
2280,math_recurrent,0,,,,,,,,,,,,,,,,,,,,,,,,,,,,,,,,,,0.37181881070137024,1.2308305501937866,1.0,6.852884769439697,0.8489999771118164,1.4852688312530518,0,0.36569316826743264,0.021961318590911105,0.027311681554697098,0.4524279802032406,2523136,56,0,0,0
2300,math_recurrent,0,,,,,,,,,,,,,,,,,,,,,,,,,,,,,,,,,,0.3821614980697632,1.1622536182403564,1.0,6.8605756759643555,0.9018000364303589,1.4219402074813843,0,0.3698377151031617,-0.050071517658320124,0.02530804649808459,0.43695075215091783,2523136,56,0,0,0
2320,math_recurrent,0,,,,,,,,,,,,,,,,,,,,,,,,,,,,,,,,,,0.328188955783844,1.1804717779159546,1.0,6.8692522048950195,0.8722000122070312,1.4132587909698486,0,0.3711223550208138,0.0393800186928794,0.022944350412026755,0.2827692727957453,2523136,56,0,0,0
2340,math_recurrent,0,,,,,,,,,,,,,,,,,,,,,,,,,,,,,,,,,,0.2964199185371399,1.0592399835586548,1.0,6.877767562866211,0.9068000316619873,1.276227593421936,0,0.37906170811723705,0.09308670027530752,0.022221113158212534,0.2837168078485226,2523136,56,0,0,0
2360,math_recurrent,0,,,,,,,,,,,,,,,,,,,,,,,,,,,,,,,,,,0.31187793612480164,1.1488032341003418,1.0,6.886198043823242,0.8489999771118164,1.37360417842865,0,0.3843728016213636,0.1415601021227693,0.023007865708010892,0.4172325029496163,2523136,56,0,0,0
2380,math_recurrent,0,,,,,,,,,,,,,,,,,,,,,,,,,,,,,,,,,,0.319812536239624,1.0942388772964478,1.0,6.896054744720459,0.9018000364303589,1.3231056928634644,0,0.38703873138969874,0.06617971697206874,0.02386815673745577,0.4050531001199805,2523136,56,0,0,0
2400,math_recurrent,0,,,,,,,,,,,,,,,,,,,,,,,,,,,,,,,,,,0.28441479802131653,1.1275957822799683,1.0,6.9052910804748535,0.8722000122070312,1.3388561010360718,0,0.389999082178774,0.026192996436813182,0.021747784375671354,0.27032392718607473,2523136,56,0,0,0
2420,math_recurrent,0,,,,,,,,,,,,,,,,,,,,,,,,,,,,,,,,,,0.2272031307220459,1.0163319110870361,1.0,6.9138031005859375,0.9068000316619873,1.1990715265274048,0,0.39178044796356254,-0.06446649450559302,0.025645016340376248,0.23383018313537512,2523136,56,0,0,0
2440,math_recurrent,0,,,,,,,,,,,,,,,,,,,,,,,,,,,,,,,,,,0.26532185077667236,1.0835986137390137,1.0,6.922924041748047,0.8489999771118164,1.2854887247085571,0,0.39536337620297385,0.012300140153716452,0.028093516768606764,0.34660401206522706,2523136,56,0,0,0
2460,math_recurrent,0,,,,,,,,,,,,,,,,,,,,,,,,,,,,,,,,,,0.2636111378669739,1.0517815351486206,1.0,6.93308162689209,0.9018000364303589,1.2529178857803345,0,0.39754698414441336,0.08327259391704242,0.023071348974998625,0.3675558144611025,2523136,56,0,0,0
2480,math_recurrent,0,,,,,,,,,,,,,,,,,,,,,,,,,,,,,,,,,,0.23449817299842834,1.0941113233566284,1.0,6.941755294799805,0.8722000122070312,1.2807780504226685,0,0.4000387165952043,-0.021957067024361874,0.023838757831854598,0.24630533374609456,2523136,56,0,0,0
2500,math_recurrent,0,,,,,,,,,,,,,,,,,,,,,,,,,,,,,,,,,,0.1763717383146286,0.9875843524932861,1.0,6.950048446655273,0.9068000316619873,1.1452707052230835,0,0.40311232790519475,0.008915946839676638,0.024491112356236768,0.1815234784450796,2523136,56,0,0,0
2500,,,,-0.12875539560935634,1.265048317504085,3.5432639336426175,,32,8415,0.035973243464052285,1.6536392977930312,5.225964101133335,,32,14382,0.2122955322265625,0.15000144802794166,1.4277801392844731,4.169433349989348,,-0.325048527595562,0.6052080110550545,1.8316331692104204,,32,6174,,0.01052682555978457,2.187224930785722,8.91045165313666,,32,3861,0,0.0,,,,,,,,,,,,,,,,
2520,math_recurrent,0,,,,,,,,,,,,,,,,,,,,,,,,,,,,,,,,,,0.22797413170337677,1.0423283576965332,1.0,6.9581379890441895,0.8489999771118164,1.2258968353271484,0,0.40555055920296673,0.01098001325486361,0.039837983852651505,0.2238258227232903,2523136,56,0,0,0
2540,math_recurrent,0,,,,,,,,,,,,,,,,,,,,,,,,,,,,,,,,,,0.21715565025806427,1.02188241481781,1.0,6.968038082122803,0.9018000364303589,1.2001405954360962,0,0.4061015442408244,0.007124307434423827,0.025090443479665926,0.2996088272167577,2523136,56,0,0,0
2560,math_recurrent,0,,,,,,,,,,,,,,,,,,,,,,,,,,,,,,,,,,0.19908472895622253,1.068354606628418,1.0,6.976478099822998,0.8722000122070312,1.2376617193222046,0,0.41117952506171107,0.045025084929095884,0.025191129222586157,0.24585998114494106,2523136,56,0,0,0
2580,math_recurrent,0,,,,,,,,,,,,,,,,,,,,,,,,,,,,,,,,,,0.14349909126758575,0.9700219631195068,1.0,6.985280513763428,0.9068000316619873,1.1116243600845337,0,0.41233103891629036,0.01477883546717099,0.024269064500307046,0.1447237539859045,2523136,56,0,0,0
2600,math_recurrent,0,,,,,,,,,,,,,,,,,,,,,,,,,,,,,,,,,,0.19797804951667786,1.0243397951126099,1.0,6.991950035095215,0.8489999771118164,1.1932482719421387,0,0.41338180853614437,0.005891186295359928,0.021969293163985843,0.32399149590896237,2523136,56,0,0,0
2620,math_recurrent,0,,,,,,,,,,,,,,,,,,,,,,,,,,,,,,,,,,0.17883610725402832,1.00047767162323,1.0,7.000162124633789,0.9018000364303589,1.1598973274230957,0,0.41567246619652326,0.020727141188607284,0.02844247724269591,0.2321817051353199,2523136,56,0,0,0
2640,math_recurrent,0,,,,,,,,,,,,,,,,,,,,,,,,,,,,,,,,,,0.16456863284111023,1.0467203855514526,1.0,7.007438659667969,0.8722000122070312,1.199079155921936,0,0.4172521737724365,0.005746915649589417,0.026640374442592023,0.2064010386103912,2523136,56,0,0,0
2660,math_recurrent,0,,,,,,,,,,,,,,,,,,,,,,,,,,,,,,,,,,0.1213947981595993,0.953093945980072,1.0,7.0146613121032715,0.9068000316619873,1.0839378833770752,0,0.42017497472884163,-0.08850506881468131,0.025055477517612633,0.12155483107392986,2523136,56,0,0,0
2680,math_recurrent,0,,,,,,,,,,,,,,,,,,,,,,,,,,,,,,,,,,0.1789165884256363,1.003217101097107,1.0,7.021392822265625,0.8489999771118164,1.1628893613815308,0,0.4189590756450969,-0.017130518494273668,0.023004157100951977,0.21614841281303337,2523136,56,0,0,0
2700,math_recurrent,0,,,,,,,,,,,,,,,,,,,,,,,,,,,,,,,,,,0.14864887297153473,0.984649121761322,1.0,7.02902889251709,0.9018000364303589,1.1292638778686523,0,0.4229937645303409,0.13077130921218277,0.02225982603942236,0.18364835886196013,2523136,56,0,0,0
2720,math_recurrent,0,,,,,,,,,,,,,,,,,,,,,,,,,,,,,,,,,,0.14232203364372253,1.0268555879592896,1.0,7.034634113311768,0.8722000122070312,1.1683629751205444,0,0.4205585435399323,-0.04413196516855221,0.02342441902968973,0.17092032276744407,2523136,56,0,0,0
2740,math_recurrent,0,,,,,,,,,,,,,,,,,,,,,,,,,,,,,,,,,,0.10696473717689514,0.9387078881263733,1.0,7.041599750518799,0.9068000316619873,1.0626062154769897,0,0.4234303830643175,-0.05785817495364297,0.024465300669036214,0.11210613939171983,2523136,56,0,0,0
2750,,,,-0.06473206255454356,1.3290716505588978,3.7775348868624614,,32,8415,0.07177101191485025,1.6894370662438292,5.416430755041844,,32,14382,0.2104949951171875,0.1490141161445047,1.4708812565301799,4.353069622264731,,-0.30610519819441917,0.6241513404561974,1.8666611252568717,,32,6174,,0.06416686363585766,2.240864968861795,9.401459741437955,,32,3861,0,0.0,,,,,,,,,,,,,,,,
2760,math_recurrent,0,,,,,,,,,,,,,,,,,,,,,,,,,,,,,,,,,,0.15983489155769348,0.9938090443611145,1.0,7.046899795532227,0.8489999771118164,1.144195556640625,0,0.4241976628710704,0.042292993147774335,0.026443923429571213,0.31031993039188877,2523136,56,0,0,0
2780,math_recurrent,0,,,,,,,,,,,,,,,,,,,,,,,,,,,,,,,,,,0.13305220007896423,0.9697076082229614,1.0,7.053866386413574,0.9018000364303589,1.1067723035812378,0,0.4246311533600936,-0.05540977367075227,0.02275371183936913,0.17128121116686437,2523136,56,0,0,0
2800,math_recurrent,0,,,,,,,,,,,,,,,,,,,,,,,,,,,,,,,,,,0.13119074702262878,1.01041841506958,1.0,7.0604023933410645,0.8722000122070312,1.1466177701950073,0,0.4247167653744805,-0.02871522320908428,0.02770438948091829,0.14621751826729565,2523136,56,0,0,0
2820,math_recurrent,0,,,,,,,,,,,,,,,,,,,,,,,,,,,,,,,,,,0.09094537049531937,0.9286366105079651,1.0,7.066464900970459,0.9068000316619873,1.0447739362716675,0,0.42490037203724107,-0.02437259298832422,0.022954111636084105,0.12271193985842051,2523136,56,0,0,0
2840,math_recurrent,0,,,,,,,,,,,,,,,,,,,,,,,,,,,,,,,,,,0.14488813281059265,0.980191171169281,1.0,7.072142124176025,0.8489999771118164,1.123356580734253,0,0.4259806111960649,0.0289786560086733,0.0305725416349661,0.25540807413025984,2523136,56,0,0,0
2860,math_recurrent,0,,,,,,,,,,,,,,,,,,,,,,,,,,,,,,,,,,0.12043929845094681,0.9614244103431702,1.0,7.077833652496338,0.9018000364303589,1.0924224853515625,0,0.4263035146598676,0.024151651702205918,0.02864445911254734,0.1877844817847723,2523136,56,0,0,0
2880,math_recurrent,0,,,,,,,,,,,,,,,,,,,,,,,,,,,,,,,,,,0.11994235217571259,0.9984985589981079,1.0,7.083669185638428,0.8722000122070312,1.129306435585022,0,0.42704042075499915,-0.005536773957179061,0.03060824746591231,0.14720336455733532,2523136,56,0,0,0
2900,math_recurrent,0,,,,,,,,,,,,,,,,,,,,,,,,,,,,,,,,,,0.09086499363183975,0.9179772734642029,1.0,7.089159965515137,0.9068000316619873,1.0343014001846313,0,0.4273670547059238,-0.011357322761406457,0.025523416146207307,0.24490068026980946,2523136,56,0,0,0
2920,math_recurrent,0,,,,,,,,,,,,,,,,,,,,,,,,,,,,,,,,,,0.12581920623779297,0.977419376373291,1.0,7.093589782714844,0.8489999771118164,1.1112648248672485,0,0.4292740741054889,0.05210309366728844,0.02461278914762217,0.430953354595436,2523136,56,0,0,0
2940,math_recurrent,0,,,,,,,,,,,,,,,,,,,,,,,,,,,,,,,,,,0.10926258563995361,0.9547033905982971,1.0,7.0988593101501465,0.9018000364303589,1.0803232192993164,0,0.42938575713520905,0.03617880326886994,0.036220862194600086,0.2530510582857662,2523136,56,0,0,0
2960,math_recurrent,0,,,,,,,,,,,,,,,,,,,,,,,,,,,,,,,,,,0.10737060755491257,0.9913180470466614,1.0,7.103887557983398,0.8722000122070312,1.116042137145996,0,0.4357203588687118,0.0438277828995654,0.027216615483519578,0.1866316506195636,2523136,56,0,0,0
2980,math_recurrent,0,,,,,,,,,,,,,,,,,,,,,,,,,,,,,,,,,,0.08945992588996887,0.9217472076416016,1.0,7.108791351318359,0.9068000316619873,1.0375651121139526,0,0.43683396001121577,-0.08149813115388886,0.024938761438464834,0.4448404638865401,2523136,56,0,0,0
3000,math_recurrent,0,,,,,,,,,,,,,,,,,,,,,,,,,,,,,,,,,,0.12739688158035278,0.9645748138427734,1.0,7.113714694976807,0.8489999771118164,1.0994104146957397,0,0.4344649470323571,0.021267644326144364,0.024641586134269363,0.29921095881256315,2523136,56,0,0,0
3000,,,,-0.02072984193381422,1.373073871179627,3.947466067562031,,32,8415,0.104166344133509,1.721832398462488,5.5947709269181995,,32,14382,0.210113525390625,0.1484439875803837,1.5043658881423334,4.50129839842663,,-0.291477061260237,0.6387794773903795,1.8941675935090254,,32,6174,,0.10707970031090142,2.2837778055368387,9.813684660333909,,32,3861,0,0.0,,,,,,,,,,,,,,,,
3020,math_recurrent,0,,,,,,,,,,,,,,,,,,,,,,,,,,,,,,,,,,0.10675512999296188,0.9434027075767517,1.0,7.118375778198242,0.9018000364303589,1.0679640769958496,0,0.43464167629663775,0.0003866636522746246,0.02802238590638375,0.26973896818383347,2523136,56,0,0,0
3040,math_recurrent,0,,,,,,,,,,,,,,,,,,,,,,,,,,,,,,,,,,0.09497024863958359,0.9822423458099365,1.0,7.122095108032227,0.8722000122070312,1.100948452949524,0,0.43336391902728705,0.049760282513619004,0.030118613349392063,0.13739015411822095,2523136,56,0,0,0
3060,math_recurrent,0,,,,,,,,,,,,,,,,,,,,,,,,,,,,,,,,,,0.0747162401676178,0.8997266888618469,1.0,7.126437187194824,0.9068000316619873,1.0083491802215576,0,0.43602726589993523,0.014712203467622333,0.02615736398498513,0.09684918897285585,2523136,56,0,0,0
3080,math_recurrent,0,,,,,,,,,,,,,,,,,,,,,,,,,,,,,,,,,,0.10739341378211975,0.9532814025878906,1.0,7.1304521560668945,0.8489999771118164,1.0782827138900757,0,0.43322856225499573,-0.0898324622706111,0.036146461988784497,0.10090356215775487,2523136,56,0,0,0
3100,math_recurrent,0,,,,,,,,,,,,,,,,,,,,,,,,,,,,,,,,,,0.10037487745285034,0.9330068826675415,1.0,7.134812355041504,0.9018000364303589,1.0545424222946167,0,0.4335026420158952,0.0005521266845919724,0.03113095347311289,0.24760776968406778,2523136,56,0,0,0
3120,math_recurrent,0,,,,,,,,,,,,,,,,,,,,,,,,,,,,,,,,,,0.0936000868678093,0.9721001386642456,1.0,7.1388773918151855,0.8722000122070312,1.0902888774871826,0,0.433210054987729,-0.032805538526320434,0.02615458253320188,0.1195404566972265,2523136,56,0,0,0
3140,math_recurrent,0,,,,,,,,,,,,,,,,,,,,,,,,,,,,,,,,,,0.0683390274643898,0.8939475417137146,1.0,7.142863750457764,0.9068000316619873,0.999545693397522,0,0.4341204150247157,0.04700660652555858,0.022597914828091033,0.06799887976357862,2523136,56,0,0,0
3160,math_recurrent,0,,,,,,,,,,,,,,,,,,,,,,,,,,,,,,,,,,0.09555049985647202,0.9504178166389465,1.0,7.146478652954102,0.8489999771118164,1.0696579217910767,0,0.594530121080668,-0.0792264707020617,0.04090899011519338,0.1164978739465513,2523136,56,0,0,0
3180,math_recurrent,0,,,,,,,,,,,,,,,,,,,,,,,,,,,,,,,,,,0.08755268901586533,0.9259132742881775,1.0,7.150202751159668,0.9018000364303589,1.041191577911377,0,0.5808868909990383,0.03362996627817795,0.0283504281836074,0.09095129527092452,2523136,56,0,0,0
3200,math_recurrent,0,,,,,,,,,,,,,,,,,,,,,,,,,,,,,,,,,,0.08476463705301285,0.9636925458908081,1.0,7.154025554656982,0.8722000122070312,1.0776151418685913,0,0.5789673535790041,-0.00887411362990471,0.028539510865488813,0.09723546969453022,2523136,56,0,0,0
3220,math_recurrent,0,,,,,,,,,,,,,,,,,,,,,,,,,,,,,,,,,,0.0662003830075264,0.889825165271759,1.0,7.157718658447266,0.9068000316619873,0.9945025444030762,0,0.5652766445861708,-0.04225977347024517,0.021023298152500675,0.08040408895070117,2523136,56,0,0,0
3240,math_recurrent,0,,,,,,,,,,,,,,,,,,,,,,,,,,,,,,,,,,0.09612001478672028,0.9433448314666748,1.0,7.160611629486084,0.8489999771118164,1.0630109310150146,0,0.5508751360991143,0.04537228535627946,0.027602768982095377,0.11558496373454256,2523136,56,0,0,0
3250,,,,-0.0033565382977289726,1.3904471748157123,4.016645794301983,,32,8415,0.11223635290912681,1.7299024072381057,5.640103448295407,,32,14382,0.2116851806640625,0.14823023478190106,1.5144960348325902,4.54712895470181,,-0.2923636577026645,0.637892880947952,1.8924889754975944,,32,6174,,0.12304357110265318,2.2997416763285905,9.97160622014921,,32,3861,0,0.0,,,,,,,,,,,,,,,,
3260,math_recurrent,0,,,,,,,,,,,,,,,,,,,,,,,,,,,,,,,,,,0.08527828007936478,0.9207932353019714,1.0,7.165027141571045,0.9018000364303589,1.0350825786590576,0,0.5352664586313127,0.06008569560487688,0.04050604364731246,0.10563627102722725,2523136,56,0,0,0
3280,math_recurrent,0,,,,,,,,,,,,,,,,,,,,,,,,,,,,,,,,,,0.08632645756006241,0.9575860500335693,1.0,7.168258190155029,0.8722000122070312,1.0724318027496338,0,0.5248153933537335,-0.04078315484886324,0.029207280409404093,0.1470191346688403,2523136,56,0,0,0
3300,math_recurrent,0,,,,,,,,,,,,,,,,,,,,,,,,,,,,,,,,,,0.06379653513431549,0.8825245499610901,1.0,7.171621799468994,0.9068000316619873,0.9861390590667725,0,0.5166638892555372,0.020208399732447497,0.028641033509657497,0.0770870960775822,2523136,56,0,0,0
3320,math_recurrent,0,,,,,,,,,,,,,,,,,,,,,,,,,,,,,,,,,,0.0832897424697876,0.9425634741783142,1.0,7.174679279327393,0.8489999771118164,1.055955171585083,0,0.5047420563252933,0.004917735880423736,0.03527716094524496,0.12696686193997425,2523136,56,0,0,0
3340,math_recurrent,0,,,,,,,,,,,,,,,,,,,,,,,,,,,,,,,,,,0.0883859395980835,0.9168538451194763,1.0,7.1787919998168945,0.9018000364303589,1.032834768295288,0,0.494765608814295,-0.049911796888669153,0.022511722325598674,0.16360343539762118,2523136,56,0,0,0
3360,math_recurrent,0,,,,,,,,,,,,,,,,,,,,,,,,,,,,,,,,,,0.0787716954946518,0.9504952430725098,1.0,7.181142807006836,0.8722000122070312,1.061692476272583,0,0.4926714182336078,-0.06139394040552101,0.030754320035939888,0.09051092997015941,2523136,56,0,0,0
3380,math_recurrent,0,,,,,,,,,,,,,,,,,,,,,,,,,,,,,,,,,,0.05933938920497894,0.8797619938850403,1.0,7.184834957122803,0.9068000316619873,0.9812800288200378,0,0.4876421645294205,-0.027938565085475733,0.024226932748708695,0.06677146821711508,2523136,56,0,0,0
3400,math_recurrent,0,,,,,,,,,,,,,,,,,,,,,,,,,,,,,,,,,,0.08241991698741913,0.9366117715835571,1.0,7.187577724456787,0.8489999771118164,1.0496975183486938,0,0.48212954496303023,-0.12049586639685524,0.03172942694010479,0.11276791294120134,2523136,56,0,0,0
3420,math_recurrent,0,,,,,,,,,,,,,,,,,,,,,,,,,,,,,,,,,,0.07978598773479462,0.9103599786758423,1.0,7.190692901611328,0.9018000364303589,1.0221598148345947,0,0.4764838988587682,-0.017410204527550377,0.027630837559182612,0.08763952732736628,2523136,56,0,0,0
3440,math_recurrent,0,,,,,,,,,,,,,,,,,,,,,,,,,,,,,,,,,,0.07193256914615631,0.9509245753288269,1.0,7.193541049957275,0.8722000122070312,1.058826208114624,0,0.47473163855486616,0.008295005316280626,0.03067035969006755,0.13933631401095126,2523136,56,0,0,0
3460,math_recurrent,0,,,,,,,,,,,,,,,,,,,,,,,,,,,,,,,,,,0.05908169969916344,0.8755162954330444,1.0,7.196404457092285,0.9068000316619873,0.9770211577415466,0,0.4741260601439431,-0.10175877314759418,0.042858092761820274,0.09302795685768601,2523136,56,0,0,0
3480,math_recurrent,0,,,,,,,,,,,,,,,,,,,,,,,,,,,,,,,,,,0.08676734566688538,0.9352642893791199,1.0,7.199577331542969,0.8489999771118164,1.0506436824798584,0,0.4683608478038202,-0.0858827476955152,0.02930955984962306,0.19521226041492018,2523136,56,0,0,0
3500,math_recurrent,0,,,,,,,,,,,,,,,,,,,,,,,,,,,,,,,,,,0.07790926098823547,0.9070556163787842,1.0,7.2028021812438965,0.9018000364303589,1.018038272857666,0,0.4658566553669364,-0.004296607271369014,0.024940301794263105,0.09564963730554732,2523136,56,0,0,0
3500,,,,0.004509787239351359,1.3983135003527927,4.048366637354782,,32,8415,0.1277120879587983,1.7453781422877772,5.728067090334292,,32,14382,0.2104644775390625,0.14798617200786565,1.5236793035855747,4.589078785421637,,-0.29682372710756555,0.633432811543051,1.8840671382688914,,32,6174,,0.14089465493274078,2.317592760158678,10.15120847684543,,32,3861,0,0.0,,,,,,,,,,,,,,,,
3520,math_recurrent,0,,,,,,,,,,,,,,,,,,,,,,,,,,,,,,,,,,0.0677025318145752,0.94344562292099,1.0,7.205692768096924,0.8722000122070312,1.049353837966919,0,0.46500778472573784,-0.06970581228961237,0.028503961438342693,0.07906188948139074,2523136,56,0,0,0
3540,math_recurrent,0,,,,,,,,,,,,,,,,,,,,,,,,,,,,,,,,,,0.05865872651338577,0.8708171844482422,1.0,7.207839012145996,0.9068000316619873,0.9722249507904053,0,0.46910916290473165,-0.19063052350455628,0.03186124192942525,0.09466620139363739,2523136,56,0,0,0
3560,math_recurrent,0,,,,,,,,,,,,,,,,,,,,,,,,,,,,,,,,,,0.08360856026411057,0.9284296631813049,1.0,7.210257053375244,0.8489999771118164,1.0423364639282227,0,0.4657484583208285,-0.04774697060098073,0.02965086201457159,0.11934122314883602,2523136,56,0,0,0
3580,math_recurrent,0,,,,,,,,,,,,,,,,,,,,,,,,,,,,,,,,,,0.07690750062465668,0.9013235569000244,1.0,7.213015556335449,0.9018000364303589,1.0119074583053589,0,0.46264252224900554,-0.014459875211676783,0.02815052180602733,0.08481969017653711,2523136,56,0,0,0
3600,math_recurrent,0,,,,,,,,,,,,,,,,,,,,,,,,,,,,,,,,,,0.07605069875717163,0.9373834729194641,1.0,7.216032028198242,0.8722000122070312,1.0475691556930542,0,0.46266389203485375,-0.050157652070213644,0.03463151317481543,0.11056447309988833,2523136,56,0,0,0
3620,math_recurrent,0,,,,,,,,,,,,,,,,,,,,,,,,,,,,,,,,,,0.06376663595438004,0.8678072094917297,1.0,7.219537258148193,0.9068000316619873,0.9718858599662781,0,0.4622037679606766,0.01439871994495791,0.025826984054468097,0.13824287849729733,2523136,56,0,0,0
3640,math_recurrent,0,,,,,,,,,,,,,,,,,,,,,,,,,,,,,,,,,,0.07435907423496246,0.9280468225479126,1.0,7.22166633605957,0.8489999771118164,1.0374430418014526,0,0.4651430066977536,0.04876668636955271,0.03347349922165334,0.14424877574164716,2523136,56,0,0,0
3020,math_recurrent,0,,,,,,,,,,,,,,,,,,,,,,,,,,,,,,,,,,0.10779699683189392,0.9430915713310242,1.0,7.118388652801514,0.9018000364303589,1.0681740045547485,0,0.43449644789655634,-0.006266273406384114,0.028146197530440984,0.26296723401026123,2523136,56,0,0,0
3040,math_recurrent,0,,,,,,,,,,,,,,,,,,,,,,,,,,,,,,,,,,0.09402693808078766,0.982663094997406,1.0,7.122125625610352,0.8722000122070312,1.1008977890014648,0,0.4332351975282733,0.039817339387289916,0.03059407830578349,0.13964826220143883,2523136,56,0,0,0
3060,math_recurrent,0,,,,,,,,,,,,,,,,,,,,,,,,,,,,,,,,,,0.07421137392520905,0.8996426463127136,1.0,7.12643575668335,0.9068000316619873,1.0080126523971558,0,0.4360099989409269,0.006055734610916781,0.026862470898038098,0.09285283332454071,2523136,56,0,0,0
3080,math_recurrent,0,,,,,,,,,,,,,,,,,,,,,,,,,,,,,,,,,,0.10670986771583557,0.9530608057975769,1.0,7.1304707527160645,0.8489999771118164,1.0777204036712646,0,0.4331477182288498,-0.07606061693513766,0.03514891557750248,0.09655291346448755,2523136,56,0,0,0
3100,math_recurrent,0,,,,,,,,,,,,,,,,,,,,,,,,,,,,,,,,,,0.09974260628223419,0.9326779246330261,1.0,7.1349077224731445,0.9018000364303589,1.0538983345031738,0,0.4334023918392994,-0.002611559516351138,0.03116354722943571,0.1961914359311026,2523136,56,0,0,0
3120,math_recurrent,0,,,,,,,,,,,,,,,,,,,,,,,,,,,,,,,,,,0.09367094933986664,0.9723694920539856,1.0,7.1389007568359375,0.8722000122070312,1.090593934059143,0,0.4333110501969917,-0.032459200489808736,0.027063273310306526,0.12217845532688357,2523136,56,0,0,0
3140,math_recurrent,0,,,,,,,,,,,,,,,,,,,,,,,,,,,,,,,,,,0.06807014346122742,0.8939141035079956,1.0,7.142962455749512,0.9068000316619873,0.9993788003921509,0,0.4344335760239587,0.053845487035037616,0.023296211475861216,0.06930130313608854,2523136,56,0,0,0
3160,math_recurrent,0,,,,,,,,,,,,,,,,,,,,,,,,,,,,,,,,,,0.09604394435882568,0.9501250982284546,1.0,7.146646499633789,0.8489999771118164,1.0696135759353638,0,0.5947931440399123,-0.08292166455690417,0.04131479523706412,0.09815225202353701,2523136,56,0,0,0
3180,math_recurrent,0,,,,,,,,,,,,,,,,,,,,,,,,,,,,,,,,,,0.08814834803342819,0.9258297681808472,1.0,7.150322437286377,0.9018000364303589,1.0414071083068848,0,0.5810960269412231,0.025960394260307242,0.028271722762535013,0.09702317361084242,2523136,56,0,0,0
3200,math_recurrent,0,,,,,,,,,,,,,,,,,,,,,,,,,,,,,,,,,,0.0859832763671875,0.9636759757995605,1.0,7.154214859008789,0.8722000122070312,1.0782097578048706,0,0.5791399973522299,0.005201287530196298,0.028670938311529063,0.11403772687273366,2523136,56,0,0,0
3220,math_recurrent,0,,,,,,,,,,,,,,,,,,,,,,,,,,,,,,,,,,0.06440994888544083,0.8901923894882202,1.0,7.157841205596924,0.9068000316619873,0.9939757585525513,0,0.5655880923481987,-0.04502572171830772,0.021494341519336022,0.07570631902162281,2523136,56,0,0,0
3240,math_recurrent,0,,,,,,,,,,,,,,,,,,,,,,,,,,,,,,,,,,0.09675432741641998,0.9429903030395508,1.0,7.160730838775635,0.8489999771118164,1.0629748106002808,0,0.5512633134269763,0.03922056705674289,0.028094030417768017,0.11656240461364624,2523136,56,0,0,0
3250,,,,-0.002562421230921208,1.39124129188252,4.019836748106306,,32,8415,0.112527659764593,1.730193714093572,5.6417466884273715,,32,14382,0.2118377685546875,0.14818438056374894,1.5145041999142477,4.547166082532608,,-0.29394976359800806,0.6363067750526085,1.8894896668160637,,32,6174,,0.12357691340235277,2.30027501862829,9.976925918026211,,32,3861,0,0.0,,,,,,,,,,,,,,,,
3260,math_recurrent,0,,,,,,,,,,,,,,,,,,,,,,,,,,,,,,,,,,0.08479505777359009,0.920440137386322,1.0,7.165256977081299,0.9018000364303589,1.0344902276992798,0,0.5357591312934542,0.06274280571129306,0.04093077448196709,0.09860331709422762,2523136,56,0,0,0
3280,math_recurrent,0,,,,,,,,,,,,,,,,,,,,,,,,,,,,,,,,,,0.08423680067062378,0.9567534923553467,1.0,7.168342113494873,0.8722000122070312,1.070555329322815,0,0.5253096355766955,-0.05865507905088764,0.028965769609850315,0.11090581043963395,2523136,56,0,0,0
3300,math_recurrent,0,,,,,,,,,,,,,,,,,,,,,,,,,,,,,,,,,,0.06535205245018005,0.8824796676635742,1.0,7.171731948852539,0.9068000316619873,0.9868730306625366,0,0.5170676950351215,0.016058870079827363,0.028721121007887023,0.08274663194777473,2523136,56,0,0,0
3320,math_recurrent,0,,,,,,,,,,,,,,,,,,,,,,,,,,,,,,,,,,0.08364801853895187,0.9428081512451172,1.0,7.174962520599365,0.8489999771118164,1.0563817024230957,0,0.5056465197044006,-0.005126575703408369,0.03368203864610266,0.13274144720404393,2523136,56,0,0,0
3340,math_recurrent,0,,,,,,,,,,,,,,,,,,,,,,,,,,,,,,,,,,0.08869487047195435,0.917680025100708,1.0,7.1791300773620605,0.9018000364303589,1.0338187217712402,0,0.49597568659306124,-0.054238893407663066,0.023193550384825182,0.1747947166274701,2523136,56,0,0,0
3360,math_recurrent,0,,,,,,,,,,,,,,,,,,,,,,,,,,,,,,,,,,0.07699983566999435,0.9501239657402039,1.0,7.181422710418701,0.8722000122070312,1.0604380369186401,0,0.49379541448903336,-0.0678639761629581,0.030545045977960976,0.08919386662661084,2523136,56,0,0,0
3380,math_recurrent,0,,,,,,,,,,,,,,,,,,,,,,,,,,,,,,,,,,0.06020905822515488,0.8803414702415466,1.0,7.185256004333496,0.9068000316619873,0.9822985529899597,0,0.48842972881398766,-0.02210943337247175,0.02424457212762227,0.07448802460428505,2523136,56,0,0,0
3400,math_recurrent,0,,,,,,,,,,,,,,,,,,,,,,,,,,,,,,,,,,0.08221566677093506,0.9358987808227539,1.0,7.1880059242248535,0.8489999771118164,1.0488866567611694,0,0.48305747623551937,-0.11383074099389237,0.02925549957916022,0.10604815969746263,2523136,56,0,0,0
3420,math_recurrent,0,,,,,,,,,,,,,,,,,,,,,,,,,,,,,,,,,,0.0785767138004303,0.9110786318778992,1.0,7.191101551055908,0.9018000364303589,1.0222779512405396,0,0.4773023212200331,-0.006233188312242939,0.026925257330257742,0.10250873744842552,2523136,56,0,0,0
3440,math_recurrent,0,,,,,,,,,,,,,,,,,,,,,,,,,,,,,,,,,,0.07430323958396912,0.9504504203796387,1.0,7.193917751312256,0.8722000122070312,1.0595412254333496,0,0.4759142589626945,0.013144467628860314,0.03177022054673188,0.10442058101946872,2523136,56,0,0,0
3460,math_recurrent,0,,,,,,,,,,,,,,,,,,,,,,,,,,,,,,,,,,0.05944027006626129,0.8755090832710266,1.0,7.1968255043029785,0.9068000316619873,0.9771974682807922,0,0.4752811371722117,-0.08315179859969898,0.04097755908714755,0.08638926195867715,2523136,56,0,0,0
3480,math_recurrent,0,,,,,,,,,,,,,,,,,,,,,,,,,,,,,,,,,,0.08606544137001038,0.9353410005569458,1.0,7.199949741363525,0.8489999771118164,1.0503731966018677,0,0.4692374050626521,-0.0864651536560684,0.030841211582874024,0.20020961749352634,2523136,56,0,0,0
3500,math_recurrent,0,,,,,,,,,,,,,,,,,,,,,,,,,,,,,,,,,,0.07906822115182877,0.9064465165138245,1.0,7.203129291534424,0.9018000364303589,1.0180119276046753,0,0.4661723446707242,-0.00814811215760918,0.02515255614656896,0.09306833520531654,2523136,56,0,0,0
3500,,,,0.002790786280776558,1.3965944993942179,4.041413469188075,,32,8415,0.12765264000519316,1.745318694334172,5.727726578589122,,32,14382,0.2106170654296875,0.14795809375996494,1.5218810846430355,4.580834032178297,,-0.3002223418606189,0.6300341967899976,1.87767478861689,,32,6174,,0.13887884282781737,2.3155769480537547,10.130766158776588,,32,3861,0,0.0,,,,,,,,,,,,,,,,
3520,math_recurrent,0,,,,,,,,,,,,,,,,,,,,,,,,,,,,,,,,,,0.06640899181365967,0.9436748027801514,1.0,7.205957412719727,0.8722000122070312,1.0489388704299927,0,0.4650472354392338,-0.06592456330586824,0.028214985831818057,0.0858607687588249,2523136,56,0,0,0
3540,math_recurrent,0,,,,,,,,,,,,,,,,,,,,,,,,,,,,,,,,,,0.05806314945220947,0.8710063099861145,1.0,7.207986354827881,0.9068000316619873,0.9721177220344543,0,0.4690056601480594,-0.18467238132559163,0.03161541508762018,0.11355755246052193,2523136,56,0,0,0
3560,math_recurrent,0,,,,,,,,,,,,,,,,,,,,,,,,,,,,,,,,,,0.08368375152349472,0.9284480810165405,1.0,7.210472583770752,0.8489999771118164,1.0423946380615234,0,0.46558401362003876,-0.0460444791367211,0.030770123738884214,0.11834809605682653,2523136,56,0,0,0
3580,math_recurrent,0,,,,,,,,,,,,,,,,,,,,,,,,,,,,,,,,,,0.07594702392816544,0.9013339281082153,1.0,7.213239669799805,0.9018000364303589,1.0114398002624512,0,0.46279241481129235,-0.026236945867172574,0.028357538468174872,0.08419947615188975,2523136,56,0,0,0
3600,math_recurrent,0,,,,,,,,,,,,,,,,,,,,,,,,,,,,,,,,,,0.07442095130681992,0.9376228451728821,1.0,7.216243743896484,0.8722000122070312,1.046995759010315,0,0.46300500107319637,-0.07377381149230391,0.03365424925291408,0.097677136496419,2523136,56,0,0,0
3620,math_recurrent,0,,,,,,,,,,,,,,,,,,,,,,,,,,,,,,,,,,0.06240082159638405,0.8671736717224121,1.0,7.2194294929504395,0.9068000316619873,0.9705683588981628,0,0.4618024668112963,0.0011132587366903732,0.025115168276095085,0.09882330487497033,2523136,56,0,0,0
3640,math_recurrent,0,,,,,,,,,,,,,,,,,,,,,,,,,,,,,,,,,,0.07347892969846725,0.9271249175071716,1.0,7.221587181091309,0.8489999771118164,1.036080241203308,0,0.46480087241591,0.06656925554021395,0.03461428201158664,0.12662590604630256,2523136,56,0,0,0
3649,,,0.109375,-0.11830905635514144,1.2754946567582999,3.580472076840053,0.14738305330418155,32,8415,0.013649450457820622,1.6313155047867995,5.1105933083598165,0.018604264241434576,32,14382,0.4508819580078125,0.39378600866616176,1.4680778146301485,4.340883134528511,0.078125,-0.19033269261248031,0.7399238460381362,2.0957759067785817,,32,6174,0.0,0.048879145711421046,2.2255772509373584,9.258825927542473,,32,3861,0,0.0,,,,,,,,,,,,,,,,
3660,medical_recurrent,0,,,,,,,,,,,,,,,,,,,,,,,,,,,,,,,,,,1.1994961500167847,2.1279783248901367,1.0,5.282686233520508,0.6237499713897705,2.7805533409118652,0,0.09840467514243324,0.2521711750721027,0.26853217099394117,1.7451887052683603,2523136,56,0,0,0
3680,medical_recurrent,0,,,,,,,,,,,,,,,,,,,,,,,,,,,,,,,,,,1.1162830591201782,1.6958122253417969,1.0,5.32615327835083,0.5874999761581421,2.3072152137756348,0,0.12948313542874304,0.1851874565223365,0.09401686691516449,0.860299628074207,2523136,56,0,0,0
3700,medical_recurrent,0,,,,,,,,,,,,,,,,,,,,,,,,,,,,,,,,,,1.057879090309143,1.7573267221450806,1.0,5.33965539932251,0.624750018119812,2.339662790298462,0,0.198584704897858,0.09245510640071838,0.050136900817354516,0.8672969373918715,2523136,56,0,0,0
3720,medical_recurrent,0,,,,,,,,,,,,,,,,,,,,,,,,,,,,,,,,,,0.9534599184989929,1.9939332008361816,1.0,5.348244667053223,0.6500500440597534,2.5241456031799316,0,0.2630237023416721,0.17933991297780136,0.051586395484350976,0.9913962549869977,2523136,56,0,0,0
3740,medical_recurrent,0,,,,,,,,,,,,,,,,,,,,,,,,,,,,,,,,,,0.7098160982131958,1.5952168703079224,1.0,5.356220245361328,0.6237499713897705,2.0036871433258057,0,0.18226508388602544,0.11522929621112,0.038799930977383774,0.4733421723047892,2523136,56,0,0,0
3750,,,,-0.1784100990952724,1.215393614018169,3.3716209204281262,,32,8415,0.005849342521250467,1.6235153968502294,5.070885194048994,,32,14382,0.302825927734375,0.26848661980661404,1.2918899795127496,3.6396589402045905,,-0.21589321066038025,0.7143633279902363,2.0428856200341308,,32,6174,,-0.562410526033573,1.6142875791923643,5.0243072271263465,,32,3861,0,0.0,,,,,,,,,,,,,,,,
3760,medical_recurrent,0,,,,,,,,,,,,,,,,,,,,,,,,,,,,,,,,,,0.7074320316314697,1.4595695734024048,1.0,5.363380432128906,0.5874999761581421,1.8669193983078003,0,0.24701459105651224,0.11595377214585564,0.03426067725208307,0.45092251271245976,2523136,56,0,0,0
3780,medical_recurrent,0,,,,,,,,,,,,,,,,,,,,,,,,,,,,,,,,,,0.7049387693405151,1.5546146631240845,1.0,5.370724678039551,0.624750018119812,1.9607912302017212,0,0.3235292713443961,-0.003399505780959901,0.02725874820783261,0.3922902586795981,2523136,56,0,0,0
3800,medical_recurrent,0,,,,,,,,,,,,,,,,,,,,,,,,,,,,,,,,,,0.6294001936912537,1.7978811264038086,1.0,5.377751350402832,0.6500500440597534,2.166358709335327,0,0.3441972432296249,-0.03362194932664612,0.031776185402469265,0.3415443467124114,2523136,56,0,0,0
3820,medical_recurrent,0,,,,,,,,,,,,,,,,,,,,,,,,,,,,,,,,,,0.5255019068717957,1.488784670829773,1.0,5.385649681091309,0.6237499713897705,1.8053921461105347,0,0.23914092534090745,0.025255973741877824,0.02841414601527273,0.32411902805879,2523136,56,0,0,0
3840,medical_recurrent,0,,,,,,,,,,,,,,,,,,,,,,,,,,,,,,,,,,0.5526378154754639,1.373495101928711,1.0,5.393004417419434,0.5874999761581421,1.7037440538406372,0,0.2686647237735457,-0.07608232357389559,0.029049738220101786,0.29338979979474394,2523136,56,0,0,0
3860,medical_recurrent,0,,,,,,,,,,,,,,,,,,,,,,,,,,,,,,,,,,0.5399858355522156,1.4658491611480713,1.0,5.4004082679748535,0.624750018119812,1.7898461818695068,0,0.3651040571111558,0.03984835592979964,0.02524111389167725,0.25117953813501764,2523136,56,0,0,0
3880,medical_recurrent,0,,,,,,,,,,,,,,,,,,,,,,,,,,,,,,,,,,0.46980583667755127,1.710189938545227,1.0,5.40735387802124,0.6500500440597534,1.999166488647461,0,0.3788190167033954,0.018310108935111202,0.026318887990736773,0.28501997759772674,2523136,56,0,0,0
3900,medical_recurrent,0,,,,,,,,,,,,,,,,,,,,,,,,,,,,,,,,,,0.43333402276039124,1.4253798723220825,1.0,5.415534019470215,0.6237499713897705,1.696202278137207,0,0.2820173124992002,0.07696752122969233,0.023111696905707795,0.2506700703430743,2523136,56,0,0,0
3920,medical_recurrent,0,,,,,,,,,,,,,,,,,,,,,,,,,,,,,,,,,,0.46126043796539307,1.3235151767730713,1.0,5.422482967376709,0.5874999761581421,1.6083701848983765,0,0.3033885883569108,0.008670795150724839,0.037599851789751226,0.2012254469037529,2523136,56,0,0,0
3940,medical_recurrent,0,,,,,,,,,,,,,,,,,,,,,,,,,,,,,,,,,,0.43875157833099365,1.4169834852218628,1.0,5.430457592010498,0.624750018119812,1.6906638145446777,0,0.38819195607782786,0.10065932292906966,0.0239180003381556,0.2176737136163172,2523136,56,0,0,0
3960,medical_recurrent,0,,,,,,,,,,,,,,,,,,,,,,,,,,,,,,,,,,0.389119029045105,1.6531018018722534,1.0,5.437897682189941,0.6500500440597534,1.9020402431488037,0,0.3975796593513024,0.008180993883537926,0.019450197596516873,0.2179857529640671,2523136,56,0,0,0
3980,medical_recurrent,0,,,,,,,,,,,,,,,,,,,,,,,,,,,,,,,,,,0.3746879994869232,1.380825400352478,1.0,5.445062160491943,0.6237499713897705,1.6226199865341187,0,0.3304349443289902,-0.09268774977785402,0.017675482632873194,0.21474065813162024,2523136,56,0,0,0
4000,medical_recurrent,0,,,,,,,,,,,,,,,,,,,,,,,,,,,,,,,,,,0.40304335951805115,1.2852991819381714,1.0,5.451995372772217,0.5874999761581421,1.5413408279418945,0,0.3307437611771076,-0.054859335040548886,0.02554173934243856,0.18247497689038042,2523136,56,0,0,0
4000,,,,-0.1458516148676563,1.247952098245785,3.483202392080198,,32,8415,0.06820702900924336,1.6858730833382223,5.397161047272953,,32,14382,0.3061370849609375,0.2658134512349862,1.3068637965186878,3.6945686048128255,,-0.17601580383478732,0.7542407348158292,2.125996715111589,,32,6174,,-0.637308835551023,1.5393892696749143,4.661742334004795,,32,3861,0,0.0,,,,,,,,,,,,,,,,
4020,medical_recurrent,0,,,,,,,,,,,,,,,,,,,,,,,,,,,,,,,,,,0.3906552791595459,1.3719569444656372,1.0,5.458723545074463,0.624750018119812,1.621871829032898,0,0.4051697253157046,0.06572020294178012,0.01724220080493343,0.18079987374681328,2523136,56,0,0,0
4040,medical_recurrent,0,,,,,,,,,,,,,,,,,,,,,,,,,,,,,,,,,,0.32702040672302246,1.605876088142395,1.0,5.4646220207214355,0.6500500440597534,1.8240325450897217,0,0.408129043542535,-0.03865178833283218,0.022693869652640485,0.182225342792651,2523136,56,0,0,0
4060,medical_recurrent,0,,,,,,,,,,,,,,,,,,,,,,,,,,,,,,,,,,0.35061970353126526,1.3454129695892334,1.0,5.47149658203125,0.6237499713897705,1.5754377841949463,0,0.3521851953570055,0.08936304704652034,0.024880612442742974,0.4559455040191847,2523136,56,0,0,0
4080,medical_recurrent,0,,,,,,,,,,,,,,,,,,,,,,,,,,,,,,,,,,0.3582488000392914,1.2593085765838623,1.0,5.477968215942383,0.5874999761581421,1.4932125806808472,0,0.3380874565462885,0.030818484650808387,0.020755273595245347,0.19688030038442877,2523136,56,0,0,0
4100,medical_recurrent,0,,,,,,,,,,,,,,,,,,,,,,,,,,,,,,,,,,0.3232385218143463,1.345990538597107,1.0,5.484051704406738,0.624750018119812,1.5624504089355469,0,0.4136355958227128,0.06823358240736914,0.022128195203988562,0.15688167562087377,2523136,56,0,0,0
4120,medical_recurrent,0,,,,,,,,,,,,,,,,,,,,,,,,,,,,,,,,,,0.2818540036678314,1.5757502317428589,1.0,5.490023612976074,0.6500500440597534,1.7715774774551392,0,0.41773648933341206,0.012812241230026953,0.02080271944167122,0.16415124898628583,2523136,56,0,0,0
4140,medical_recurrent,0,,,,,,,,,,,,,,,,,,,,,,,,,,,,,,,,,,0.2691100239753723,1.3314460515975952,1.0,5.496619701385498,0.6237499713897705,1.5209672451019287,0,0.38284562647680215,0.041479052763731615,0.013074598141709373,0.2587550507237514,2523136,56,0,0,0
4160,medical_recurrent,0,,,,,,,,,,,,,,,,,,,,,,,,,,,,,,,,,,0.32487213611602783,1.2347248792648315,1.0,5.502479553222656,0.5874999761581421,1.4521857500076294,0,0.36405682009018603,0.08309234353613906,0.01289998752227615,0.1813299728587033,2523136,56,0,0,0
4180,medical_recurrent,0,,,,,,,,,,,,,,,,,,,,,,,,,,,,,,,,,,0.2791382968425751,1.3326060771942139,1.0,5.507169246673584,0.624750018119812,1.5272469520568848,0,0.42296768252665845,-0.17962445677923305,0.02253499873692081,0.20148788928867334,2523136,56,0,0,0
4200,medical_recurrent,0,,,,,,,,,,,,,,,,,,,,,,,,,,,,,,,,,,0.24486863613128662,1.553441047668457,1.0,5.512147903442383,0.6500500440597534,1.73099684715271,0,0.429951593647766,-0.010435378889919125,0.02026909530931522,0.1702818564952366,2523136,56,0,0,0
4220,medical_recurrent,0,,,,,,,,,,,,,,,,,,,,,,,,,,,,,,,,,,0.259145587682724,1.3043131828308105,1.0,5.517579555511475,0.6237499713897705,1.489061713218689,0,0.39929076130821217,0.13216177728983375,0.014304232427347746,0.15487154305040365,2523136,56,0,0,0
4240,medical_recurrent,0,,,,,,,,,,,,,,,,,,,,,,,,,,,,,,,,,,0.3010602295398712,1.218389630317688,1.0,5.523068428039551,0.5874999761581421,1.4241504669189453,0,0.38000551494267587,-0.31171655897716327,0.024330896303974208,0.20511712123536402,2523136,56,0,0,0
4250,,,,-0.10946786917892148,1.2843358439345198,3.612268050613446,,32,8415,0.10877007208717937,1.7264361264161583,5.620587109974296,,32,14382,0.307891845703125,0.26496108697385207,1.3315330275196826,3.786844276460101,,-0.14106000153270015,0.7891965371179164,2.201626790026636,,32,6174,,-0.6505345026158016,1.5261636026101357,4.600493602410475,,32,3861,0,0.0,,,,,,,,,,,,,,,,
4260,medical_recurrent,0,,,,,,,,,,,,,,,,,,,,,,,,,,,,,,,,,,0.28308358788490295,1.299647569656372,1.0,5.52867317199707,0.624750018119812,1.496476173400879,0,0.43434470851178764,-0.032153909782729376,0.021382335541651597,0.17933340236426346,2523136,56,0,0,0
4280,medical_recurrent,0,,,,,,,,,,,,,,,,,,,,,,,,,,,,,,,,,,0.23638172447681427,1.5229179859161377,1.0,5.533450126647949,0.6500500440597534,1.6964433193206787,0,0.4395166570673151,0.045756897963916084,0.022964815777682123,0.12904687246810348,2523136,56,0,0,0
4300,medical_recurrent,0,,,,,,,,,,,,,,,,,,,,,,,,,,,,,,,,,,0.23253335058689117,1.2864810228347778,1.0,5.5385942459106445,0.6237499713897705,1.4581336975097656,0,0.4161923885798861,-0.007291167619509257,0.019989002310478735,0.12778397724032403,2523136,56,0,0,0
4320,medical_recurrent,0,,,,,,,,,,,,,,,,,,,,,,,,,,,,,,,,,,0.260320246219635,1.2034494876861572,1.0,5.543667316436768,0.5874999761581421,1.3890461921691895,0,0.40818888832261263,-0.0866139694408048,0.020640103341568083,0.13785859501018885,2523136,56,0,0,0
4340,medical_recurrent,0,,,,,,,,,,,,,,,,,,,,,,,,,,,,,,,,,,0.23314495384693146,1.2908817529678345,1.0,5.548553943634033,0.624750018119812,1.462939739227295,0,0.4371541742232277,0.3050170730566606,0.02112517395529837,0.15128940442015254,2523136,56,0,0,0
4360,medical_recurrent,0,,,,,,,,,,,,,,,,,,,,,,,,,,,,,,,,,,0.2264156937599182,1.5134785175323486,1.0,5.554381370544434,0.6500500440597534,1.6822301149368286,0,0.4453523746883726,-0.2369026146323969,0.0396031542622026,0.19137639273253698,2523136,56,0,0,0
4380,medical_recurrent,0,,,,,,,,,,,,,,,,,,,,,,,,,,,,,,,,,,0.21934036910533905,1.2770583629608154,1.0,5.560276985168457,0.6237499713897705,1.442331314086914,0,0.42704949326234243,0.029518821320380084,0.01856056328655945,0.14454776931494948,2523136,56,0,0,0
4400,medical_recurrent,0,,,,,,,,,,,,,,,,,,,,,,,,,,,,,,,,,,0.23664000630378723,1.1982307434082031,1.0,5.565541744232178,0.5874999761581421,1.3722060918807983,0,0.41813090352113325,0.045330611130339094,0.01766653676177301,0.14074406392931466,2523136,56,0,0,0
4420,medical_recurrent,0,,,,,,,,,,,,,,,,,,,,,,,,,,,,,,,,,,0.21643711626529694,1.2760403156280518,1.0,5.569453239440918,0.624750018119812,1.4399534463882446,0,0.4352353007239674,-0.06572336000473504,0.01656101729558219,0.13375166180351425,2523136,56,0,0,0
4440,medical_recurrent,0,,,,,,,,,,,,,,,,,,,,,,,,,,,,,,,,,,0.18898186087608337,1.5052651166915894,1.0,5.573150634765625,0.6500500440597534,1.6554875373840332,0,0.4457487220899572,-0.006755822805903985,0.01844087390909119,0.19404829271019453,2523136,56,0,0,0
4460,medical_recurrent,0,,,,,,,,,,,,,,,,,,,,,,,,,,,,,,,,,,0.19211527705192566,1.2658621072769165,1.0,5.5774078369140625,0.6237499713897705,1.417693853378296,0,0.4385993106985558,0.060090989105187224,0.02012963095413787,0.13343598509414328,2523136,56,0,0,0
4480,medical_recurrent,0,,,,,,,,,,,,,,,,,,,,,,,,,,,,,,,,,,0.21612510085105896,1.1836475133895874,1.0,5.581220626831055,0.5874999761581421,1.347522258758545,0,0.4275347444422894,-0.10888774734381254,0.016211559905833194,0.126925712330119,2523136,56,0,0,0
4500,medical_recurrent,0,,,,,,,,,,,,,,,,,,,,,,,,,,,,,,,,,,0.2134028524160385,1.2542775869369507,1.0,5.584769248962402,0.624750018119812,1.416826605796814,0,0.43868129030024516,-0.12663716090277635,0.022238264836016156,0.11415218644080653,2523136,56,0,0,0
4500,,,,-0.10085933728368235,1.292944375829759,3.643498607095897,,32,8415,0.12443914878950246,1.7421052031184814,5.7093501216481695,,32,14382,0.3115386962890625,0.26466543496060535,1.337343021931839,3.8089098589309556,,-0.14110780696788572,0.7891487316827308,2.201521542815537,,32,6174,,-0.6515243281295529,1.5251737770963845,4.595942169400825,,32,3861,0,0.0,,,,,,,,,,,,,,,,
4520,medical_recurrent,0,,,,,,,,,,,,,,,,,,,,,,,,,,,,,,,,,,0.18788260221481323,1.4758076667785645,1.0,5.588331699371338,0.6500500440597534,1.6256322860717773,0,0.4424327412402516,0.1086915623745881,0.027631942312868814,0.11447823399470912,2523136,56,0,0,0
4540,medical_recurrent,0,,,,,,,,,,,,,,,,,,,,,,,,,,,,,,,,,,0.1726040542125702,1.2747043371200562,1.0,5.592577934265137,0.6237499713897705,1.4169321060180664,0,0.44019057575138126,-0.19102640183908598,0.01851160419469197,0.3365435579170783,2523136,56,0,0,0
4560,medical_recurrent,0,,,,,,,,,,,,,,,,,,,,,,,,,,,,,,,,,,0.1972081959247589,1.1769284009933472,1.0,5.596762657165527,0.5874999761581421,1.3315000534057617,0,0.43706518061199734,0.26867638842668384,0.028146882367039484,0.13286991705378842,2523136,56,0,0,0
4580,medical_recurrent,0,,,,,,,,,,,,,,,,,,,,,,,,,,,,,,,,,,0.19482573866844177,1.2492214441299438,1.0,5.600607872009277,0.624750018119812,1.4026403427124023,0,0.4501973004738531,0.228191415290764,0.022601254296947332,0.1032741387389482,2523136,56,0,0,0
4600,medical_recurrent,0,,,,,,,,,,,,,,,,,,,,,,,,,,,,,,,,,,0.18004226684570312,1.4652262926101685,1.0,5.60460090637207,0.6500500440597534,1.6112934350967407,0,0.4488966989557605,-0.10752281180092334,0.027216040933622964,0.11025023869874459,2523136,56,0,0,0
4620,medical_recurrent,0,,,,,,,,,,,,,,,,,,,,,,,,,,,,,,,,,,0.19564510881900787,1.2433322668075562,1.0,5.608731746673584,0.6237499713897705,1.3972420692443848,0,0.44068876164459686,0.12283207059538524,0.02342002599884475,0.23464865934044596,2523136,56,0,0,0
4640,medical_recurrent,0,,,,,,,,,,,,,,,,,,,,,,,,,,,,,,,,,,0.1867513209581375,1.1675666570663452,1.0,5.613004684448242,0.5874999761581421,1.3170723915100098,0,0.4402294778797785,-0.08244573038038132,0.024583705490277635,0.12453093497407815,2523136,56,0,0,0
4660,medical_recurrent,0,,,,,,,,,,,,,,,,,,,,,,,,,,,,,,,,,,0.1763925403356552,1.245505452156067,1.0,5.616008758544922,0.624750018119812,1.389861822128296,0,0.5250291652169948,-0.2729636603367648,0.017975196064198538,0.133280967545533,2523136,56,0,0,0
4680,medical_recurrent,0,,,,,,,,,,,,,,,,,,,,,,,,,,,,,,,,,,0.16243654489517212,1.4610737562179565,1.0,5.61920690536499,0.6500500440597534,1.5984840393066406,0,0.534879777483053,-0.2558605246979693,0.026072805741476635,0.12169489341950605,2523136,56,0,0,0
4700,medical_recurrent,0,,,,,,,,,,,,,,,,,,,,,,,,,,,,,,,,,,0.17187093198299408,1.2330118417739868,1.0,5.623736381530762,0.6237499713897705,1.3751846551895142,0,0.5099060429614899,0.0039483844427325365,0.016943868763360476,0.09143994481021922,2523136,56,0,0,0
4720,medical_recurrent,0,,,,,,,,,,,,,,,,,,,,,,,,,,,,,,,,,,0.19431918859481812,1.157206416130066,1.0,5.627805709838867,0.5874999761581421,1.3106441497802734,0,0.5193340222781981,-0.16002581651056452,0.02064952332422965,0.16922417314989227,2523136,56,0,0,0
4740,medical_recurrent,0,,,,,,,,,,,,,,,,,,,,,,,,,,,,,,,,,,0.16963550448417664,1.2330857515335083,1.0,5.630434513092041,0.624750018119812,1.374207854270935,0,0.5171326159872336,-0.05529996597864998,0.01936033046878283,0.08383737802357663,2523136,56,0,0,0
4750,,,,-0.08818667270707992,1.3056170404063614,3.6899652490496218,,32,8415,0.13937357983558019,1.757039634164559,5.7952558976254736,,32,14382,0.313690185546875,0.2643433395697146,1.3434926253991184,3.8324053140269125,,-0.1345788840147759,0.7956776546358406,2.2159421315793786,,32,6174,,-0.6610619328362248,1.5156361723897125,4.5523162637611625,,32,3861,0,0.0,,,,,,,,,,,,,,,,
4760,medical_recurrent,0,,,,,,,,,,,,,,,,,,,,,,,,,,,,,,,,,,0.16538920998573303,1.4478484392166138,1.0,5.633504390716553,0.6500500440597534,1.5868781805038452,0,0.5146695593507697,0.22303303884109482,0.02056231584237327,0.11754064610789693,2523136,56,0,0,0
4780,medical_recurrent,0,,,,,,,,,,,,,,,,,,,,,,,,,,,,,,,,,,0.1556398868560791,1.228088140487671,1.0,5.636932849884033,0.6237499713897705,1.3622773885726929,0,0.5038083742446554,0.09526268715645918,0.013708837452300249,0.08412849192640612,2523136,56,0,0,0
4800,medical_recurrent,0,,,,,,,,,,,,,,,,,,,,,,,,,,,,,,,,,,0.1621766835451126,1.1493009328842163,1.0,5.6391096115112305,0.5874999761581421,1.2867803573608398,0,0.5007771481814866,0.056929277096060105,0.026376852705069478,0.08011798583385017,2523136,56,0,0,0
4820,medical_recurrent,0,,,,,,,,,,,,,,,,,,,,,,,,,,,,,,,,,,0.16565513610839844,1.2247812747955322,1.0,5.641955375671387,0.624750018119812,1.3640284538269043,0,0.504232436223747,0.19791879425091402,0.015477731180125995,0.0853308206291071,2523136,56,0,0,0
4840,medical_recurrent,0,,,,,,,,,,,,,,,,,,,,,,,,,,,,,,,,,,0.15149784088134766,1.44184410572052,1.0,5.6450347900390625,0.6500500440597534,1.5740433931350708,0,0.49158961151603,0.0177187732000935,0.01966595938946638,0.08886771111763896,2523136,56,0,0,0
4860,medical_recurrent,0,,,,,,,,,,,,,,,,,,,,,,,,,,,,,,,,,,0.1478482186794281,1.2229875326156616,1.0,5.647979736328125,0.6237499713897705,1.353391408920288,0,0.4777417625858048,0.005550439662848865,0.028350110097773492,0.08105252180839816,2523136,56,0,0,0
4880,medical_recurrent,0,,,,,,,,,,,,,,,,,,,,,,,,,,,,,,,,,,0.15882685780525208,1.142984390258789,1.0,5.651400089263916,0.5874999761581421,1.278911828994751,0,0.47299905650691326,-0.030904217244824395,0.016630890782153795,0.085027569331347,2523136,56,0,0,0
4900,medical_recurrent,0,,,,,,,,,,,,,,,,,,,,,,,,,,,,,,,,,,0.15948601067066193,1.224013328552246,1.0,5.654355525970459,0.624750018119812,1.3602999448776245,0,0.4796479400448738,-0.11659654526946335,0.021713825723984174,0.12486435777788597,2523136,56,0,0,0
4920,medical_recurrent,0,,,,,,,,,,,,,,,,,,,,,,,,,,,,,,,,,,0.1439916044473648,1.4344933032989502,1.0,5.65671968460083,0.6500500440597534,1.5630563497543335,0,0.4831787576403554,-0.012147732561321132,0.018373890139073843,0.07954375598402251,2523136,56,0,0,0
4940,medical_recurrent,0,,,,,,,,,,,,,,,,,,,,,,,,,,,,,,,,,,0.1473461538553238,1.2166881561279297,1.0,5.659695625305176,0.6237499713897705,1.3469582796096802,0,0.4627774427396338,0.091391412142132,0.01750704680406858,0.08444475784365621,2523136,56,0,0,0
4949,,,0.0625,-0.08117056363264985,1.3126331494807915,3.7159454812144412,0.18452154602667314,32,8415,0.13946689377075083,1.7571329480997298,5.795796700990454,0.1444217075543648,32,14382,0.3142242431640625,0.2644124452759619,1.3481800547970564,3.850411612016457,0.109375,-0.12247816999637473,0.8077783686542418,2.2429195071638977,0.06785452261610558,32,6174,0.015625,-0.6615223522724745,1.5151757529534629,4.550220771313115,,32,3861,0,0.0,,,,,,,,,,,,,,,,
4950,,,,-0.0974613364225898,1.2963423766908515,3.655900277009827,,32,8415,0.1325212440708221,1.750187298399801,5.755680604822457,,32,14382,0.3031463623046875,0.2640489591222231,1.3405440901649746,3.821121974763319,,-0.1311961607443387,0.7990603779062778,2.2234507432114916,,32,6174,,-0.6601117975629696,1.5165863076629678,4.556643635487087,,32,3861,0,0.0,,,,,,,,,,,,,,,,
4960,code_revisit,0,,,,,,,,,,,,,,,,,,,,,,,,,,,,,,,,,,0.5452805757522583,1.1872304677963257,1.0,5.688839435577393,0.853950023651123,1.5167591571807861,0,0.2858118113637138,-0.013251534584144662,0.08524730420183568,1.4853016227956801,2523136,56,0,0,0
4980,code_revisit,0,,,,,,,,,,,,,,,,,,,,,,,,,,,,,,,,,,0.34115326404571533,0.9172967076301575,1.0,5.6991682052612305,0.8731499910354614,1.1448650360107422,0,0.3695768644204375,0.08166238957242708,0.03500571308347086,0.7553665589777723,2523136,56,0,0,0
5000,code_revisit,0,,,,,,,,,,,,,,,,,,,,,,,,,,,,,,,,,,0.24464938044548035,0.9356834292411804,1.0,5.707911968231201,0.8532500267028809,1.1150871515274048,0,0.40795368584816744,0.06879535278338673,0.022307581225380537,0.26997525022616464,2523136,56,0,0,0
5000,,,,-0.2615669345685716,1.1322367785448697,3.1025885480042725,,32,8415,0.07195901479496936,1.6896250691239483,5.417449155351854,,32,14382,0.2837371826171875,0.26298525544250906,1.2924557572327886,3.6417187607868486,,-0.1633964022039247,0.7668601364466918,2.152995517597461,,32,6174,,-0.5955970604102929,1.5811010448156444,4.860304279074642,,32,3861,0,0.0,,,,,,,,,,,,,,,,
5020,code_revisit,0,,,,,,,,,,,,,,,,,,,,,,,,,,,,,,,,,,0.27966269850730896,0.9351614117622375,1.0,5.7140984535217285,0.8864499926567078,1.1321337223052979,0,0.40814743671660964,0.07117383468097874,0.02371966881799467,0.36441253917735245,2523136,56,0,0,0
5040,code_revisit,0,,,,,,,,,,,,,,,,,,,,,,,,,,,,,,,,,,0.23980176448822021,0.904395341873169,1.0,5.719448089599609,0.853950023651123,1.0814907550811768,0,0.4176056188783742,0.021295163144324242,0.026364945566895167,0.3166084277428805,2523136,56,0,0,0
5050,,,,-0.2529436316578004,1.1408600814556409,3.129458797502757,,32,8415,0.08478673564394734,1.7024527899729263,5.4873903145955785,,32,14382,0.2889404296875,0.26308755160999947,1.302726282196899,3.6793138544338633,,-0.16537532429498958,0.764881214355627,2.1487391201342594,,32,6174,,-0.5739870622225358,1.6027110430034015,4.966478526540002,,32,3861,0,0.0,,,,,,,,,,,,,,,,
5060,code_revisit,0,,,,,,,,,,,,,,,,,,,,,,,,,,,,,,,,,,0.24757517874240875,0.845350980758667,1.0,5.724697589874268,0.8731499910354614,1.0263855457305908,0,0.42484022934996085,0.023928716030370976,0.02379103572078286,0.4561166701099229,2523136,56,0,0,0
5080,code_revisit,0,,,,,,,,,,,,,,,,,,,,,,,,,,,,,,,,,,0.19178009033203125,0.8866603374481201,1.0,5.728155136108398,0.8532500267028809,1.0398318767547607,0,0.4315690671999586,0.031559811538110286,0.017431827258163442,0.17070509351287333,2523136,56,0,0,0
5100,code_revisit,0,,,,,,,,,,,,,,,,,,,,,,,,,,,,,,,,,,0.21356451511383057,0.900591254234314,1.0,5.731940746307373,0.8864499926567078,1.0646929740905762,0,0.43238784749504605,0.015743244520438435,0.022378574475453845,0.2044473330918995,2523136,56,0,0,0
5100,,,,-0.247094683043672,1.1467090300697693,3.147816475421838,,32,8415,0.08245652694394479,1.7001225812729237,5.474618436294303,,32,14382,0.2966461181640625,0.26326131496299693,1.3059229210381773,3.691094110591019,,-0.15947348468312184,0.7707830539674947,2.1614581296474045,,32,6174,,-0.5706210863834156,1.6060770188425217,4.983223739446898,,32,3861,0,0.0,,,,,,,,,,,,,,,,
5120,code_revisit,0,,,,,,,,,,,,,,,,,,,,,,,,,,,,,,,,,,0.19103214144706726,0.8756293058395386,1.0,5.735706329345703,0.853950023651123,1.0285024642944336,0,0.41331161196062594,0.013259334194507184,0.028942532652974248,0.23791009486312903,2523136,56,0,0,0
5140,code_revisit,0,,,,,,,,,,,,,,,,,,,,,,,,,,,,,,,,,,0.21533380448818207,0.8167038559913635,1.0,5.7397990226745605,0.8731499910354614,0.9817687273025513,0,0.41578026496676507,-0.01435165259837439,0.024815607117858553,0.3082887704351119,2523136,56,0,0,0
5150,,,,-0.24377017460334027,1.150033538510101,3.1582988325508077,,32,8415,0.08643437081725414,1.704100425146233,5.496438984293766,,32,14382,0.2982330322265625,0.2632437984959609,1.3099992275992944,3.706170849560114,,-0.15912478650546902,0.7711317521451475,2.1622119575798604,,32,6174,,-0.5619669106302407,1.6147311945956966,5.026536581654818,,32,3861,0,0.0,,,,,,,,,,,,,,,,
5160,code_revisit,0,,,,,,,,,,,,,,,,,,,,,,,,,,,,,,,,,,0.15721778571605682,0.8688044548034668,1.0,5.7429728507995605,0.8532500267028809,1.00484299659729,0,0.4241217983400332,0.020181132887955755,0.02656936540660108,0.11798638024973492,2523136,56,0,0,0
5180,code_revisit,0,,,,,,,,,,,,,,,,,,,,,,,,,,,,,,,,,,0.20745757222175598,0.8751605749130249,1.0,5.746454238891602,0.8864499926567078,1.0363538265228271,0,0.4364650427516636,-0.01779037939663145,0.027187097903030616,0.19688064352801396,2523136,56,0,0,0
5200,code_revisit,0,,,,,,,,,,,,,,,,,,,,,,,,,,,,,,,,,,0.16369344294071198,0.8589025139808655,1.0,5.750021934509277,0.853950023651123,0.9982494711875916,0,0.43898017259869765,-0.01712142381958464,0.018280680738352536,0.16101361838065917,2523136,56,0,0,0
5200,,,,-0.24314554523869192,1.1506581678747494,3.1602722149961036,,32,8415,0.10113308953900702,1.718799143867986,5.577826274013869,,32,14382,0.3001556396484375,0.2633276958854831,1.3168410815706988,3.7316148721946734,,-0.14757218529269045,0.7826843533579261,2.1873359745117678,,32,6174,,-0.5614754440438035,1.6152226611821339,5.029007563582995,,32,3861,0,0.0,,,,,,,,,,,,,,,,
5220,code_revisit,0,,,,,,,,,,,,,,,,,,,,,,,,,,,,,,,,,,0.19869190454483032,0.7991275787353516,1.0,5.752652168273926,0.8731499910354614,0.956000030040741,0,0.4561634839595404,-0.0007049058892464798,0.024344340223257266,0.24447932521561308,2523136,56,0,0,0
5240,code_revisit,0,,,,,,,,,,,,,,,,,,,,,,,,,,,,,,,,,,0.15010929107666016,0.8494548201560974,1.0,5.755502223968506,0.8532500267028809,0.9820644855499268,0,0.4482703478695009,-0.017819571383630058,0.02603698413678637,0.09745685050323132,2523136,56,0,0,0
5250,,,,-0.23698804813414465,1.1568156649792967,3.1797916156633077,,32,8415,0.09869799814872748,1.7163640524777064,5.564260281197185,,32,14382,0.3029022216796875,0.2634263849582802,1.319314927655308,3.7408577410391755,,-0.14581803500092372,0.7844385036496928,2.1911762577819327,,32,6174,,-0.557056615711401,1.6196414895145363,5.051279055398844,,32,3861,0,0.0,,,,,,,,,,,,,,,,
5260,code_revisit,0,,,,,,,,,,,,,,,,,,,,,,,,,,,,,,,,,,0.1826210618019104,0.8664764165878296,1.0,5.758598327636719,0.8864499926567078,1.0153728723526,0,0.4495725169073177,0.014497173446995606,0.022684939582240844,0.1667373589284363,2523136,56,0,0,0
5280,code_revisit,0,,,,,,,,,,,,,,,,,,,,,,,,,,,,,,,,,,0.1487533450126648,0.8446557521820068,1.0,5.761760234832764,0.853950023651123,0.976650059223175,0,0.4539591075403195,0.052931230585922355,0.01773111074017213,0.09320068897768145,2523136,56,0,0,0
5300,code_revisit,0,,,,,,,,,,,,,,,,,,,,,,,,,,,,,,,,,,0.1742912083864212,0.7906676530838013,1.0,5.764456272125244,0.8731499910354614,0.9354578256607056,0,0.4425826983285504,-0.03454147257850439,0.023071129660728194,0.14967949628120378,2523136,56,0,0,0
5300,,,,-0.23923971954726486,1.1545639935661764,3.172639824546091,,32,8415,0.10642515417763954,1.7240912085066185,5.607422735319116,,32,14382,0.3018341064453125,0.2634041455327248,1.3253202107566209,3.763390240117275,,-0.1370297089957635,0.793226829654853,2.210517894889348,,32,6174,,-0.5472992939271015,1.6293988112988358,5.100807248880222,,32,3861,0,0.0,,,,,,,,,,,,,,,,
5320,code_revisit,0,,,,,,,,,,,,,,,,,,,,,,,,,,,,,,,,,,0.1338896006345749,0.840012788772583,1.0,5.766536712646484,0.8532500267028809,0.9646229147911072,0,0.5418812969027443,-0.036175244521863145,0.02193588860044699,0.0848580948550195,2523136,56,0,0,0
5340,code_revisit,0,,,,,,,,,,,,,,,,,,,,,,,,,,,,,,,,,,0.1593654751777649,0.8540424108505249,1.0,5.769038200378418,0.8864499926567078,0.9914155006408691,0,0.5213417054439019,0.008522036720283463,0.018607798786020823,0.12429108257804598,2523136,56,0,0,0
5350,,,,-0.23796822269686757,1.1558354904165737,3.1766763917878857,,32,8415,0.1033055116231445,1.7209715659521234,5.589956838575426,,32,14382,0.304779052734375,0.26350524798542463,1.3255388717836163,3.764213236867542,,-0.14106567353154997,0.7891908651190666,2.2016143024374304,,32,6174,,-0.540540539579236,1.6361575656467013,5.135399119346863,,32,3861,0,0.0,,,,,,,,,,,,,,,,
5360,code_revisit,0,,,,,,,,,,,,,,,,,,,,,,,,,,,,,,,,,,0.1406521499156952,0.833846926689148,1.0,5.771324157714844,0.853950023651123,0.9618862867355347,0,0.47505022500942173,-0.021052380441688,0.02290083368379061,0.09443871229295693,2523136,56,0,0,0
5380,code_revisit,0,,,,,,,,,,,,,,,,,,,,,,,,,,,,,,,,,,0.16084416210651398,0.7815937995910645,1.0,5.774086952209473,0.8731499910354614,0.9197567701339722,0,0.4641351442963246,-0.06149844214087352,0.022028986734914636,0.14444995062750957,2523136,56,0,0,0
5399,,,0.0625,-0.23639530356413396,1.1574084095493073,3.1816769785913754,,32,8415,0.10782501598406435,1.7254910703130433,5.615277848992828,0.11277982976767831,32,14382,0.3049468994140625,0.2634753532150165,1.3280571861198038,3.773704655197698,0.046875,-0.13445243180512534,0.7958041068454912,2.2162223600757573,0.055880260807354976,32,6174,0.0,-0.5431729474545637,1.6335251577713736,5.121898431716526,0.11834940481791079,32,3861,0,0.0,,,,,,,,,,,,,,,,
5400,mixed_tail,0,,,,,,,,,,,,,,,,,,,,,,,,,,,,,,,,,,0.6191956400871277,2.025268793106079,1.0,5.775976657867432,0.8862999677658081,2.3926262855529785,0,0.23839862054826227,-0.01593807518552889,0.023873428838874496,1.830754988723331,2523136,56,0,0,0
5420,mixed_tail,0,,,,,,,,,,,,,,,,,,,,,,,,,,,,,,,,,,1.2146573066711426,3.0284759998321533,1.0,5.788481712341309,0.7821500301361084,3.6936895847320557,0,0.48530508380703435,0.6777400712349585,0.386509771976206,4.468238772097088,2523136,56,0,0,0
5440,mixed_tail,0,,,,,,,,,,,,,,,,,,,,,,,,,,,,,,,,,,0.9922613501548767,0.9798041582107544,1.0,5.829039096832275,0.8551000356674194,1.5342252254486084,0,0.42249029926994164,-0.01405239657781619,0.17253828069993427,0.768129165352337,2523136,56,0,0,0
5460,mixed_tail,0,,,,,,,,,,,,,,,,,,,,,,,,,,,,,,,,,,1.4189282655715942,2.1400198936462402,1.0,5.867673873901367,0.7953000068664551,2.90816068649292,0,0.4631298045207633,0.10410316324643125,0.0879251266312268,2.3136480926994296,2523136,56,0,0,0
5480,mixed_tail,0,,,,,,,,,,,,,,,,,,,,,,,,,,,,,,,,,,1.011934757232666,0.9792423844337463,1.0,5.901669979095459,0.8328999876976013,1.5442264080047607,0,0.4394135121642017,0.4113136486682509,0.6134854202942243,1.6309643353971224,2523136,56,0,0,0
5500,mixed_tail,0,,,,,,,,,,,,,,,,,,,,,,,,,,,,,,,,,,0.5091437697410583,1.000746488571167,1.0,5.932543754577637,0.3343999981880188,1.3146438598632812,0,0.4536561434155656,0.0027619449018467484,0.07821163098726955,0.3455849304440476,2523136,56,0,0,0
5500,,,,-0.20775807607903474,1.1860456370344066,3.2741085613716407,,32,8415,0.12482887918437546,1.7424949335133544,5.71157566257785,,32,14382,0.2697957356770833,0.2604875369947784,1.308677919331978,3.701277089171516,,-0.16266692630828372,0.7675896123423328,2.1545666489125117,,32,6174,,-0.6381166107881195,1.5385814944378178,4.657978214471609,,32,3861,0,0.0,,,,,,,,,,,,,,,,
5520,mixed_tail,0,,,,,,,,,,,,,,,,,,,,,,,,,,,,,,,,,,1.0351365804672241,1.7201839685440063,1.0,5.95596170425415,0.6294500231742859,2.297311782836914,0,0.303416547299597,0.031950059646208374,0.41512013076553267,0.8715292396999541,2523136,56,0,0,0
5540,mixed_tail,0,,,,,,,,,,,,,,,,,,,,,,,,,,,,,,,,,,0.5923739671707153,1.9127578735351562,1.0,5.970644474029541,0.8891000151634216,2.268651247024536,0,0.42128795261065244,0.0013147788247027034,0.05874862746734704,1.6189181073790504,2523136,56,0,0,0
5560,mixed_tail,0,,,,,,,,,,,,,,,,,,,,,,,,,,,,,,,,,,1.1948679685592651,2.2277791500091553,1.0,5.980315685272217,0.796049952507019,2.885016441345215,0,0.4403215589727924,-0.13726230760429253,0.05860383721098067,1.4110021736886764,2523136,56,0,0,0
5580,mixed_tail,0,,,,,,,,,,,,,,,,,,,,,,,,,,,,,,,,,,0.5824742317199707,1.7602397203445435,1.0,5.992748737335205,0.9056999683380127,2.1114044189453125,0,0.32010516199185796,0.6837534164743764,0.12187279159173606,1.5693358210107637,2523136,56,0,0,0
5600,mixed_tail,0,,,,,,,,,,,,,,,,,,,,,,,,,,,,,,,,,,1.0094168186187744,1.1352248191833496,1.0,6.004096508026123,0.6389000415802002,1.6999741792678833,0,0.39844546659790475,0.06198124559575392,0.07627252003562356,0.9183330726055872,2523136,56,0,0,0
5620,mixed_tail,0,,,,,,,,,,,,,,,,,,,,,,,,,,,,,,,,,,1.0436416864395142,0.8935873508453369,1.0,6.012967586517334,0.7738000154495239,1.4755377769470215,0,0.5005467575026726,0.17512606949146306,0.0794557051467044,0.31860149778898744,2523136,56,0,0,0
5640,mixed_tail,0,,,,,,,,,,,,,,,,,,,,,,,,,,,,,,,,,,0.9485666751861572,0.8451123833656311,1.0,6.019451141357422,0.8064000010490417,1.3795902729034424,0,0.5036146044775961,0.04848730983004706,0.05864677989027566,0.27287530350306677,2523136,56,0,0,0
5660,mixed_tail,0,,,,,,,,,,,,,,,,,,,,,,,,,,,,,,,,,,1.2517164945602417,2.433464527130127,1.0,6.024487495422363,0.8125499486923218,3.119567632675171,0,0.46542447388314473,0.03959296065815059,0.08557232000554602,1.0742181743421253,2523136,56,0,0,0
5680,mixed_tail,0,,,,,,,,,,,,,,,,,,,,,,,,,,,,,,,,,,1.4539289474487305,2.0478734970092773,1.0,6.031589984893799,0.8077000379562378,2.835153818130493,0,0.4410124292098104,-0.015545859342507486,0.2549040516690602,1.0652597109240198,2523136,56,0,0,0
5700,mixed_tail,0,,,,,,,,,,,,,,,,,,,,,,,,,,,,,,,,,,0.6600959300994873,1.6763179302215576,1.0,6.044407844543457,0.8340499997138977,2.066809892654419,0,0.4407304160713208,0.005186582075631512,0.09638064034460556,4.577828425736654,2523136,56,0,0,0
5720,mixed_tail,0,,,,,,,,,,,,,,,,,,,,,,,,,,,,,,,,,,1.4517937898635864,2.139333486557007,1.0,6.054161071777344,0.8477500081062317,2.925771951675415,0,0.46288243704952886,0.3341870069769876,0.34874318111983554,0.9307749020674871,2523136,56,0,0,0
5740,mixed_tail,0,,,,,,,,,,,,,,,,,,,,,,,,,,,,,,,,,,0.9419405460357666,1.6216861009597778,1.0,6.0595855712890625,0.6450999975204468,2.153252124786377,0,0.39956789295778855,0.02892831653610171,0.04858848366383759,0.49213595928417314,2523136,56,0,0,0
5750,,,,-0.3076623201511901,1.0861413929622512,2.9628196310008423,,32,8415,0.052730360310957236,1.6703964146399362,5.3142740357100795,,32,14382,0.2681681315104167,0.2599119848134566,1.2440715230184738,3.4697117558097035,,-0.20338779025607645,0.7268687483945401,2.068593170389724,,32,6174,,-0.6838185691487695,1.4928795360771678,4.44989070889274,,32,3861,0,0.0,,,,,,,,,,,,,,,,
5760,mixed_tail,0,,,,,,,,,,,,,,,,,,,,,,,,,,,,,,,,,,1.4879897832870483,2.3213043212890625,1.0,6.076021194458008,0.866599977016449,3.1260595321655273,0,0.4290365837861253,0.18840617623313197,0.0659714777909574,1.475660843319363,2523136,56,0,0,0
5780,mixed_tail,0,,,,,,,,,,,,,,,,,,,,,,,,,,,,,,,,,,0.9409803152084351,0.8801907896995544,1.0,6.084226608276367,0.8416000008583069,1.4115232229232788,0,0.5269412837267311,-0.02174530578590098,0.1371632084693937,0.2711913629301957,2523136,56,0,0,0
5800,mixed_tail,0,,,,,,,,,,,,,,,,,,,,,,,,,,,,,,,,,,0.8754623532295227,1.5271666049957275,1.0,6.090737342834473,0.7038500308990479,2.0258052349090576,0,0.22711638528458383,0.020431252957288443,0.044671738914968,0.6841298629130635,2523136,56,0,0,0
5820,mixed_tail,0,,,,,,,,,,,,,,,,,,,,,,,,,,,,,,,,,,1.2804509401321411,2.1592719554901123,1.0,6.103212356567383,0.826449990272522,2.8605294227600098,0,0.3672894205153922,0.11954764167395686,0.04232802021775454,0.9022036660285223,2523136,56,0,0,0
5840,mixed_tail,0,,,,,,,,,,,,,,,,,,,,,,,,,,,,,,,,,,0.8049117922782898,1.4459887742996216,1.0,6.11028528213501,0.6465499997138977,1.9095475673675537,0,0.45109199459431093,0.05588466546864116,0.04937296175649242,0.5791444879557405,2523136,56,0,0,0
5860,mixed_tail,0,,,,,,,,,,,,,,,,,,,,,,,,,,,,,,,,,,0.8946903944015503,0.7839357256889343,1.0,6.116114616394043,0.8545500040054321,1.2924420833587646,0,0.489459163439167,0.033674367545505186,0.03717805935395142,0.27661921813611,2523136,56,0,0,0
5880,mixed_tail,0,,,,,,,,,,,,,,,,,,,,,,,,,,,,,,,,,,1.2524733543395996,2.3306334018707275,1.0,6.122374057769775,0.777999997138977,3.0180938243865967,0,0.39620113520048245,0.11067961372360255,0.04992125183639545,0.9200167494870367,2523136,56,0,0,0
5900,mixed_tail,0,,,,,,,,,,,,,,,,,,,,,,,,,,,,,,,,,,0.7669199705123901,1.5440930128097534,1.0,6.133615970611572,0.8579000234603882,1.9888890981674194,0,0.4024041342201537,0.22170733249887625,0.06588256967860082,1.1638161674141883,2523136,56,0,0,0
5920,mixed_tail,0,,,,,,,,,,,,,,,,,,,,,,,,,,,,,,,,,,0.4114137589931488,1.4888408184051514,1.0,6.141516208648682,0.9255000352859497,1.75596284866333,0,0.38821602843160746,0.5874793054535985,0.12481634050962472,0.7350664477499704,2523136,56,0,0,0
5940,mixed_tail,0,,,,,,,,,,,,,,,,,,,,,,,,,,,,,,,,,,0.3795144557952881,0.6558372974395752,1.0,6.146852970123291,0.3206000030040741,0.9070630669593811,0,0.3033571746746864,0.04310615809559489,0.04983853760604111,0.16697259121648375,2523136,56,0,0,0
5960,mixed_tail,0,,,,,,,,,,,,,,,,,,,,,,,,,,,,,,,,,,0.8242824673652649,1.5531389713287354,1.0,6.155141353607178,0.6498500108718872,2.02683162689209,0,0.44988623995074484,0.044799526178394444,0.04381964472344234,0.6542153711475077,2523136,56,0,0,0
5980,mixed_tail,0,,,,,,,,,,,,,,,,,,,,,,,,,,,,,,,,,,0.9411714673042297,1.3141911029815674,1.0,6.158599853515625,0.6042500138282776,1.846362829208374,0,0.3978569646662909,0.16052302726062148,0.056704304908357914,0.679443448994841,2523136,56,0,0,0
5999,mixed_tail,0,,,,,,,,,,,,,,,,,,,,,,,,,,,,,,,,,,0.7618215084075928,0.940568208694458,1.0,6.163149833679199,0.8126000165939331,1.3831104040145874,0,0.5062426601423472,0.027333744186242775,0.060730031824537685,0.19511360111868098,2523136,56,0,0,0
5999,,,0.046875,-0.3126538970820334,1.081149816031408,2.9480673381133844,,32,8415,0.055544385723039325,1.6732104400520182,5.329249598818612,,32,14382,0.2679443359375,0.25959334081533003,1.2330778449486344,3.4317757718494972,0.046875,-0.21670198085279502,0.7135545577978215,2.041234062993212,,32,6174,0.015625,-0.7123015393126477,1.4643965659132896,4.324932640939401,,32,3861,0,0.0,,,,,,,,,,,,,,,,
