step,phase,consolidation/count,eval/code/exact_match,eval/code/forgetting_delta,eval/code/loss,eval/code/ppl,eval/code/retention_delta,eval/code/samples,eval/code/tokens,eval/general/forgetting_delta,eval/general/loss,eval/general/ppl,eval/general/retention_delta,eval/general/samples,eval/general/tokens,eval/lora/sparsity_max,eval/lora/sparsity_mean,eval/macro_loss,eval/macro_ppl,eval/math/exact_match,eval/math/forgetting_delta,eval/math/loss,eval/math/ppl,eval/math/retention_delta,eval/math/samples,eval/math/tokens,eval/medical/exact_match,eval/medical/forgetting_delta,eval/medical/loss,eval/medical/ppl,eval/medical/retention_delta,eval/medical/samples,eval/medical/tokens,eval/retrieval/buffer_size,eval/retrieval/hit_rate,loss/ce,loss/kd,loss/kd_row_hit_frac,loss/reg,loss/teacher_conf_mean,loss/total,retrieval/buffer_size,signals/repetition_mean,signals/stability_C_mean,signals/stability_adam_mean,signals/surprise_mean,write/coords_opened,write/f_count,write/p_count,write/r_count,write/replay_count
0,general_warm,0,,,,,,,,,,,,,,,,,,,,,,,,,,,,,,,,,,1.3859089612960815,0.0,0.0,5.839632511138916,0.8518500328063965,1.4443053007125854,0,0.022727272727272728,0.0,0.0,17.80627473914434,0,6,0,0,0
20,general_warm,0,,,,,,,,,,,,,,,,,,,,,,,,,,,,,,,,,,1.025381088256836,0.0,0.0,5.839632511138916,0.8286000490188599,1.0837774276733398,0,0.2903364409216814,0.20448898559802078,0.04924391978198574,0.5955252263044554,0,6,0,0,0
40,general_warm,0,,,,,,,,,,,,,,,,,,,,,,,,,,,,,,,,,,1.3990488052368164,0.0,0.0,5.839632511138916,0.7856999635696411,1.4574451446533203,0,0.37963892846138364,0.2200870501609253,0.04031171730556895,0.5352366566539757,0,6,0,0,0
60,general_warm,0,,,,,,,,,,,,,,,,,,,,,,,,,,,,,,,,,,1.1034492254257202,0.0,0.0,5.839632511138916,0.7939499616622925,1.1618455648422241,0,0.35778029672187184,0.1630796103272587,0.040692571137425686,0.5897496036593877,0,6,0,0,0
80,general_warm,0,,,,,,,,,,,,,,,,,,,,,,,,,,,,,,,,,,1.2736421823501587,0.0,0.0,5.839632511138916,0.7663999795913696,1.3320385217666626,0,0.39315347724971356,0.21597140892741404,0.03757815210680877,0.5175418416422511,0,6,0,0,0
100,general_warm,0,,,,,,,,,,,,,,,,,,,,,,,,,,,,,,,,,,1.2960413694381714,0.0,0.0,5.839632511138916,0.8627499938011169,1.3544377088546753,0,0.18250819213686345,0.14995348011975043,0.0381170099542018,0.6345390530569214,0,6,0,0,0
120,general_warm,0,,,,,,,,,,,,,,,,,,,,,,,,,,,,,,,,,,1.1301554441452026,0.0,0.0,5.839632511138916,0.8041000366210938,1.1885517835617065,0,0.2420086986733027,0.11286692199272304,0.037275644734738364,0.5861177636753946,0,6,0,0,0
140,general_warm,0,,,,,,,,,,,,,,,,,,,,,,,,,,,,,,,,,,1.044730305671692,0.0,0.0,5.839632511138916,0.8096500039100647,1.1031266450881958,0,0.38608308666934293,0.16628653288769005,0.03754432391197909,0.5397306219925956,0,6,0,0,0
160,general_warm,0,,,,,,,,,,,,,,,,,,,,,,,,,,,,,,,,,,1.1577717065811157,0.0,0.0,5.839632511138916,0.840999960899353,1.2161680459976196,0,0.37688054554486056,0.10917770480903398,0.03560095334218608,0.5838136572449927,0,6,0,0,0
180,general_warm,0,,,,,,,,,,,,,,,,,,,,,,,,,,,,,,,,,,1.1020437479019165,0.0,0.0,5.839632511138916,0.8158000111579895,1.1604400873184204,0,0.3246746553639807,0.09450213526724838,0.03626621546785509,0.536590812059622,0,6,0,0,0
200,general_warm,0,,,,,,,,,,,,,,,,,,,,,,,,,,,,,,,,,,0.9275362491607666,0.0,0.0,5.839632511138916,0.7732000350952148,0.9859325885772705,0,0.25721798575402915,0.0846976408959433,0.033813498123356746,0.4975555142594708,0,6,0,0,0
220,general_warm,0,,,,,,,,,,,,,,,,,,,,,,,,,,,,,,,,,,1.431870937347412,0.0,0.0,5.839632511138916,0.8312000036239624,1.490267276763916,0,0.3669750539785898,0.18001382087823004,0.036724764124179875,0.6315366761788489,0,6,0,0,0
240,general_warm,0,,,,,,,,,,,,,,,,,,,,,,,,,,,,,,,,,,1.0625109672546387,0.0,0.0,5.839632511138916,0.7965999841690063,1.1209073066711426,0,0.3391967453106005,0.1475513501999168,0.03511574458596962,0.46208020149478835,0,6,0,0,0
250,,,,,1.0972695888399158,2.995974603569729,,32,8415,,1.4260085085605054,4.162053193151598,,32,14382,0.7510986328125,0.5375849146421263,1.313837319168269,3.720422805311199,,,0.7717175522320163,2.1634789525991036,,32,6174,,,1.9603536270406388,7.101838023122361,,32,3861,0,0.0,,,,,,,,,,,,,,,,
260,general_warm,0,,,,,,,,,,,,,,,,,,,,,,,,,,,,,,,,,,1.0353941917419434,0.0,0.0,5.839632511138916,0.8145999908447266,1.0937905311584473,0,0.38772287255857846,0.07589846805785783,0.03303796531750806,0.5222601767688516,0,6,0,0,0
280,general_warm,0,,,,,,,,,,,,,,,,,,,,,,,,,,,,,,,,,,1.0949616432189941,0.0,0.0,5.839632511138916,0.855650007724762,1.153357982635498,0,0.3363478444319375,0.11466065805455271,0.03491658772977572,0.5553838817846207,0,6,0,0,0
300,general_warm,0,,,,,,,,,,,,,,,,,,,,,,,,,,,,,,,,,,1.2183126211166382,0.0,0.0,5.839632511138916,0.8218500018119812,1.276708960533142,0,0.40984623870047737,0.11635468190070242,0.03194395185610841,0.5489923297885865,0,6,0,0,0
320,general_warm,0,,,,,,,,,,,,,,,,,,,,,,,,,,,,,,,,,,1.1071499586105347,0.0,0.0,5.839632511138916,0.8156499862670898,1.1655462980270386,0,0.36260900855637573,0.08957423946620631,0.033780232895283945,0.6536378843325471,0,6,0,0,0
340,general_warm,0,,,,,,,,,,,,,,,,,,,,,,,,,,,,,,,,,,1.1508779525756836,0.0,0.0,5.839632511138916,0.8394500017166138,1.2092742919921875,0,0.3971178513951963,0.13272950978301065,0.032468232941917245,0.5972506518874849,0,6,0,0,0
360,general_warm,0,,,,,,,,,,,,,,,,,,,,,,,,,,,,,,,,,,1.284517526626587,0.0,0.0,5.839632511138916,0.8440499901771545,1.3429138660430908,0,0.42092244594727857,0.14991839181831373,0.03430407975120322,0.6784114739014989,0,6,0,0,0
380,general_warm,0,,,,,,,,,,,,,,,,,,,,,,,,,,,,,,,,,,1.191144347190857,0.0,0.0,5.839632511138916,0.8213000297546387,1.2495406866073608,0,0.4333401863142594,0.14588338055598019,0.03225770090736212,0.5417467117073044,0,6,0,0,0
400,general_warm,0,,,,,,,,,,,,,,,,,,,,,,,,,,,,,,,,,,1.0930099487304688,0.0,0.0,5.839632511138916,0.7973999977111816,1.1514062881469727,0,0.4316279079623662,0.11726608617131465,0.03232579341394797,0.44165790765768004,0,6,0,0,0
420,general_warm,0,,,,,,,,,,,,,,,,,,,,,,,,,,,,,,,,,,1.2038899660110474,0.0,0.0,5.839632511138916,0.8286999464035034,1.2622863054275513,0,0.4046059660371965,0.09630854002898559,0.02949034075385758,0.5347941930804934,0,6,0,0,0
440,general_warm,0,,,,,,,,,,,,,,,,,,,,,,,,,,,,,,,,,,1.3465501070022583,0.0,0.0,5.839632511138916,0.8730999827384949,1.4049464464187622,0,0.28600589995029496,0.05432706515057362,0.03416795971995545,0.7928177090154753,0,6,0,0,0
460,general_warm,0,,,,,,,,,,,,,,,,,,,,,,,,,,,,,,,,,,1.3568776845932007,0.0,0.0,5.839632511138916,0.8292499780654907,1.4152740240097046,0,0.1780583156255551,0.11820097325315666,0.03000424379068944,0.741000435536816,0,6,0,0,0
480,general_warm,0,,,,,,,,,,,,,,,,,,,,,,,,,,,,,,,,,,1.1745128631591797,0.0,0.0,5.839632511138916,0.8049499988555908,1.2329092025756836,0,0.4343728492714121,0.06677777294368882,0.03417540880008822,0.5164878721984606,0,6,0,0,0
499,,,0.125,0.009161819394542858,1.1064314082344586,3.0235493061383414,,32,8415,-0.015571349155520053,1.4104371594049854,4.097746380941135,,32,14382,0.7510986328125,0.5375849146421263,1.3142530876413225,3.7219699614271575,0.046875,0.0054631333618361255,0.7771806855938524,2.1753306709245552,,32,6174,0.0,0.002609470291355054,1.9629630973319938,7.120394258901072,,32,3861,0,0.0,,,,,,,,,,,,,,,,
500,code_recurrent,0,,,,,,,,,,,,,,,,,,,,,,,,,,,,,,,,,,0.9439215660095215,0.0,0.0,5.839632511138916,0.8567500114440918,1.0023179054260254,0,0.2136640829204843,0.03916479539371461,0.03376675484450682,2.0505808334028908,0,6,0,0,0
500,,,,0.004178536426999724,1.1014481252669155,3.008519584161184,,32,8415,-0.01534622101139882,1.4106622875491066,4.098669002829136,,32,14382,0.7510986328125,0.5375849146421263,1.3130423965832545,3.717466532357196,,0.005377690074588215,0.7770952423066045,2.175144811461515,,32,6174,,0.0026103041697524976,1.9629639312103913,7.120400196446502,,32,3861,0,0.0,,,,,,,,,,,,,,,,
520,code_recurrent,0,,,,,,,,,,,,,,,,,,,,,,,,,,,,,,,,,,0.9715021848678589,0.0,0.0,5.839632511138916,0.8783999681472778,1.0298985242843628,0,0.33694236924780896,0.2552791480972831,0.09521976340680369,1.3871913046590867,0,6,0,0,0
540,code_recurrent,0,,,,,,,,,,,,,,,,,,,,,,,,,,,,,,,,,,1.1260170936584473,0.0,0.0,5.839632511138916,0.8715000152587891,1.1844134330749512,0,0.3702785373402321,0.17773135758138128,0.06567702525044009,1.388972968052304,0,6,0,0,0
560,code_recurrent,0,,,,,,,,,,,,,,,,,,,,,,,,,,,,,,,,,,0.8171022534370422,0.0,0.0,5.839632511138916,0.9085999727249146,0.8754985928535461,0,0.3858239885601488,0.06064938848638641,0.05968907404365757,0.7765005968156314,0,6,0,0,0
580,code_recurrent,0,,,,,,,,,,,,,,,,,,,,,,,,,,,,,,,,,,0.6349343061447144,0.0,0.0,5.839632511138916,0.8567500114440918,0.6933306455612183,0,0.39928653089114635,0.008149453769354815,0.050002225009458404,0.733279563817713,0,6,0,0,0
600,code_recurrent,0,,,,,,,,,,,,,,,,,,,,,,,,,,,,,,,,,,0.7032228112220764,0.0,0.0,5.839632511138916,0.8783999681472778,0.7616191506385803,0,0.4006851460954906,0.06029094884953728,0.03485370787185809,0.6513957479406917,0,6,0,0,0
620,code_recurrent,0,,,,,,,,,,,,,,,,,,,,,,,,,,,,,,,,,,0.8522691130638123,0.0,0.0,5.839632511138916,0.8715000152587891,0.9106654524803162,0,0.40592890316020885,0.11157790556899272,0.038031537748045394,0.8625656903617911,0,6,0,0,0
640,code_recurrent,0,,,,,,,,,,,,,,,,,,,,,,,,,,,,,,,,,,0.6619696617126465,0.0,0.0,5.839632511138916,0.9085999727249146,0.7203660011291504,0,0.411393223246492,0.029323016709115888,0.04182102860779398,0.5285175549960326,0,6,0,0,0
660,code_recurrent,0,,,,,,,,,,,,,,,,,,,,,,,,,,,,,,,,,,0.5463942885398865,0.0,0.0,5.839632511138916,0.8567500114440918,0.6047906279563904,0,0.4159932286755844,0.0375754415789353,0.03529230533537293,0.5402628559619188,0,6,0,0,0
680,code_recurrent,0,,,,,,,,,,,,,,,,,,,,,,,,,,,,,,,,,,0.6074459552764893,0.0,0.0,5.839632511138916,0.8783999681472778,0.6658422946929932,0,0.42414347465765073,0.0805562905318636,0.0381894636588792,0.5042736087053541,0,6,0,0,0
700,code_recurrent,0,,,,,,,,,,,,,,,,,,,,,,,,,,,,,,,,,,0.7161932587623596,0.0,0.0,5.839632511138916,0.8715000152587891,0.7745895981788635,0,0.4269586728851421,0.11612005976452824,0.03637661317599907,0.6157565703349455,0,6,0,0,0
720,code_recurrent,0,,,,,,,,,,,,,,,,,,,,,,,,,,,,,,,,,,0.5870832204818726,0.0,0.0,5.839632511138916,0.9085999727249146,0.6454795598983765,0,0.4309312605746879,0.06184474358035784,0.03554153704114022,0.4615336560836387,0,6,0,0,0
740,code_recurrent,0,,,,,,,,,,,,,,,,,,,,,,,,,,,,,,,,,,0.4859606623649597,0.0,0.0,5.839632511138916,0.8567500114440918,0.5443570017814636,0,0.43413349199713946,0.08010268279654806,0.03889139884757618,0.4706515548189008,0,6,0,0,0
750,,,,-0.11463741635681268,0.9826321724831031,2.6714787885543054,,32,8415,0.01548857696197925,1.4414970855224847,4.227019291809238,,32,14382,0.7510986328125,0.5375849146421263,1.3082262285054034,3.699605633782678,,0.041495352529730245,0.8132129047617466,2.25514191569048,,32,6174,,0.03520912421364075,1.9955627512542795,7.356341653765689,,32,3861,0,0.0,,,,,,,,,,,,,,,,
760,code_recurrent,0,,,,,,,,,,,,,,,,,,,,,,,,,,,,,,,,,,0.5507489442825317,0.0,0.0,5.839632511138916,0.8783999681472778,0.6091452836990356,0,0.4406915701341073,0.09029531108639535,0.03393677507918919,0.4638159062062937,0,6,0,0,0
780,code_recurrent,0,,,,,,,,,,,,,,,,,,,,,,,,,,,,,,,,,,0.6332253217697144,0.0,0.0,5.839632511138916,0.8715000152587891,0.6916216611862183,0,0.44228548817736574,0.13129724643658847,0.028151887788304263,0.5331513570178122,0,6,0,0,0
800,code_recurrent,0,,,,,,,,,,,,,,,,,,,,,,,,,,,,,,,,,,0.5377564430236816,0.0,0.0,5.839632511138916,0.9085999727249146,0.5961527824401855,0,0.444506566968566,0.0999240292169686,0.036556517284008716,0.4389478224255736,0,6,0,0,0
820,code_recurrent,0,,,,,,,,,,,,,,,,,,,,,,,,,,,,,,,,,,0.44703203439712524,0.0,0.0,5.839632511138916,0.8567500114440918,0.5054283738136292,0,0.4441909269363095,0.09373009790267263,0.03741997151990377,0.4368389794691688,0,6,0,0,0
840,code_recurrent,0,,,,,,,,,,,,,,,,,,,,,,,,,,,,,,,,,,0.5115193724632263,0.0,0.0,5.839632511138916,0.8783999681472778,0.5699157118797302,0,0.45117451413713655,0.13470996597815038,0.03077550750551006,0.42570865202162944,0,6,0,0,0
860,code_recurrent,0,,,,,,,,,,,,,,,,,,,,,,,,,,,,,,,,,,0.5682437419891357,0.0,0.0,5.839632511138916,0.8715000152587891,0.6266400814056396,0,0.45096230587472946,0.14246195627077082,0.030798194827585824,0.5471697352590069,0,6,0,0,0
880,code_recurrent,0,,,,,,,,,,,,,,,,,,,,,,,,,,,,,,,,,,0.5038548707962036,0.0,0.0,5.839632511138916,0.9085999727249146,0.5622512102127075,0,0.4529429829513324,0.1275687417863602,0.03493022778559299,0.40018899931557594,0,6,0,0,0
900,code_recurrent,0,,,,,,,,,,,,,,,,,,,,,,,,,,,,,,,,,,0.4142414927482605,0.0,0.0,5.839632511138916,0.8567500114440918,0.4726378321647644,0,0.4537850101383521,0.12408719040104188,0.03250596561942191,0.402198426981294,0,6,0,0,0
920,code_recurrent,0,,,,,,,,,,,,,,,,,,,,,,,,,,,,,,,,,,0.4798525869846344,0.0,0.0,5.839632511138916,0.8783999681472778,0.5382488965988159,0,0.4599729406360223,0.14979147916061006,0.029682809664749555,0.4390117830345555,0,6,0,0,0
940,code_recurrent,0,,,,,,,,,,,,,,,,,,,,,,,,,,,,,,,,,,0.5307337045669556,0.0,0.0,5.839632511138916,0.8715000152587891,0.5891300439834595,0,0.47078658734656803,0.15712101414932736,0.028928184337795728,0.5342747379981336,0,6,0,0,0
960,code_recurrent,0,,,,,,,,,,,,,,,,,,,,,,,,,,,,,,,,,,0.4691544771194458,0.0,0.0,5.839632511138916,0.9085999727249146,0.5275508165359497,0,0.49248032658377305,0.13964417881964306,0.03278561736649228,0.36880845377842586,0,6,0,0,0
980,code_recurrent,0,,,,,,,,,,,,,,,,,,,,,,,,,,,,,,,,,,0.3882088363170624,0.0,0.0,5.839632511138916,0.8567500114440918,0.4466051459312439,0,0.5052675697341193,0.13905011601413467,0.02788888303089946,0.39399033002555367,0,6,0,0,0
1000,code_recurrent,0,,,,,,,,,,,,,,,,,,,,,,,,,,,,,,,,,,0.45107027888298035,0.0,0.0,5.839632511138916,0.8783999681472778,0.5094665884971619,0,0.5192820393309395,0.1564914400888873,0.03729076746644245,0.3948518961549751,0,6,0,0,0
1000,,,,-0.12067158835598635,0.9765980004839294,2.6554071642901893,,32,8415,0.020304548708889536,1.446313057269395,4.247425595943058,,32,14382,0.7510986328125,0.5375849146421263,1.315587521731163,3.7269400003822346,,0.04567234099857387,0.8173898932305902,2.2645813178806926,,32,6174,,0.06169550890009856,2.0220491359407373,7.553787823587523,,32,3861,0,0.0,,,,,,,,,,,,,,,,
1020,code_recurrent,0,,,,,,,,,,,,,,,,,,,,,,,,,,,,,,,,,,0.4849362075328827,0.0,0.0,5.839632511138916,0.8715000152587891,0.5433325171470642,0,0.5036675944057893,0.184006890361031,0.03156335295495828,0.47016002181030453,0,6,0,0,0
1040,code_recurrent,0,,,,,,,,,,,,,,,,,,,,,,,,,,,,,,,,,,0.45438411831855774,0.0,0.0,5.839632511138916,0.9085999727249146,0.5127804279327393,0,0.494384561315099,0.09713999510859139,0.036474149785048905,0.42743623041444356,0,6,0,0,0
1060,code_recurrent,0,,,,,,,,,,,,,,,,,,,,,,,,,,,,,,,,,,0.3686544597148895,0.0,0.0,5.839632511138916,0.8567500114440918,0.42705076932907104,0,0.4927159951838515,0.1418732898725596,0.04006945943415519,0.3767817706460991,0,6,0,0,0
1080,code_recurrent,0,,,,,,,,,,,,,,,,,,,,,,,,,,,,,,,,,,0.42705878615379333,0.0,0.0,5.839632511138916,0.8783999681472778,0.48545509576797485,0,0.5014678501335053,0.14519606897374615,0.03435124541588482,0.3770875892823651,0,6,0,0,0
1100,code_recurrent,0,,,,,,,,,,,,,,,,,,,,,,,,,,,,,,,,,,0.44542941451072693,0.0,0.0,5.839632511138916,0.8715000152587891,0.5038257241249084,0,0.48941405270774785,0.13961891102163854,0.04262085874372768,0.4940321025689916,0,6,0,0,0
1120,code_recurrent,0,,,,,,,,,,,,,,,,,,,,,,,,,,,,,,,,,,0.4251250624656677,0.0,0.0,5.839632511138916,0.9085999727249146,0.48352140188217163,0,0.4789069330425145,0.11083730471520019,0.03780588412080847,0.3835736972649419,0,6,0,0,0
1140,code_recurrent,0,,,,,,,,,,,,,,,,,,,,,,,,,,,,,,,,,,0.34465745091438293,0.0,0.0,5.839632511138916,0.8567500114440918,0.40305376052856445,0,0.4761129441114594,0.11897908040970963,0.03828132937381429,0.35425929891921226,0,6,0,0,0
1160,code_recurrent,0,,,,,,,,,,,,,,,,,,,,,,,,,,,,,,,,,,0.4078735113143921,0.0,0.0,5.839632511138916,0.8783999681472778,0.466269850730896,0,0.4948015641153124,0.14220083702821285,0.028899890407993796,0.3781268069845817,0,6,0,0,0
1180,code_recurrent,0,,,,,,,,,,,,,,,,,,,,,,,,,,,,,,,,,,0.4220556914806366,0.0,0.0,5.839632511138916,0.8715000152587891,0.4804520010948181,0,0.4883684893719174,0.1583814691569257,0.03893940893356644,0.4518393885994714,0,6,0,0,0
1200,code_recurrent,0,,,,,,,,,,,,,,,,,,,,,,,,,,,,,,,,,,0.40904203057289124,0.0,0.0,5.839632511138916,0.9085999727249146,0.46743834018707275,0,0.48801877077107786,0.13201397056192427,0.034194826938596275,0.39689836905352655,0,6,0,0,0
1220,code_recurrent,0,,,,,,,,,,,,,,,,,,,,,,,,,,,,,,,,,,0.3254942297935486,0.0,0.0,5.839632511138916,0.8567500114440918,0.3838905692100525,0,0.48280944156461286,0.1534600432496518,0.03474060585833199,0.3472673712623498,0,6,0,0,0
1240,code_recurrent,0,,,,,,,,,,,,,,,,,,,,,,,,,,,,,,,,,,0.38564637303352356,0.0,0.0,5.839632511138916,0.8783999681472778,0.4440426826477051,0,0.47913409665743795,0.13835551547994587,0.03608350061574981,0.36409418524375986,0,6,0,0,0
1250,,,,-0.11417527178958709,0.9830943170503287,2.6727136832908625,,32,8415,0.028468762629719313,1.4544772711902247,4.282244427915377,,32,14382,0.7510986328125,0.5375849146421263,1.3258480243559425,3.765377132973972,,0.05346279063964687,0.8251803428716632,2.28229232336898,,32,6174,,0.08028653927091445,2.040640166311553,7.695534043995219,,32,3861,0,0.0,,,,,,,,,,,,,,,,
1260,code_recurrent,0,,,,,,,,,,,,,,,,,,,,,,,,,,,,,,,,,,0.3964225947856903,0.0,0.0,5.839632511138916,0.8715000152587891,0.4548189043998718,0,0.4787493488896809,0.19117298259100476,0.031476737225487356,0.44185295365750793,0,6,0,0,0
1280,code_recurrent,0,,,,,,,,,,,,,,,,,,,,,,,,,,,,,,,,,,0.3906324803829193,0.0,0.0,5.839632511138916,0.9085999727249146,0.44902878999710083,0,0.47636235206091404,0.1485175915045797,0.037542097830760575,0.35494384913453975,0,6,0,0,0
1300,code_recurrent,0,,,,,,,,,,,,,,,,,,,,,,,,,,,,,,,,,,0.30632850527763367,0.0,0.0,5.839632511138916,0.8567500114440918,0.3647248148918152,0,0.4627678566883859,0.13651805586830182,0.04005840522503214,0.4023582397590554,0,6,0,0,0
1320,code_recurrent,0,,,,,,,,,,,,,,,,,,,,,,,,,,,,,,,,,,0.3656060993671417,0.0,0.0,5.839632511138916,0.8783999681472778,0.42400240898132324,0,0.46748070184959184,0.13083973886179073,0.041856097854259935,0.3647400884342099,0,6,0,0,0
1340,code_recurrent,0,,,,,,,,,,,,,,,,,,,,,,,,,,,,,,,,,,0.3695954382419586,0.0,0.0,5.839632511138916,0.8715000152587891,0.42799174785614014,0,0.4701848415692316,0.16719432363087045,0.03792825201378456,0.44844430515335665,0,6,0,0,0
1360,code_recurrent,0,,,,,,,,,,,,,,,,,,,,,,,,,,,,,,,,,,0.3690251410007477,0.0,0.0,5.839632511138916,0.9085999727249146,0.4274214506149292,0,0.4697830312264445,0.17203411324382095,0.03197333673015237,0.3216890615839807,0,6,0,0,0
1380,code_recurrent,0,,,,,,,,,,,,,,,,,,,,,,,,,,,,,,,,,,0.29540157318115234,0.0,0.0,5.839632511138916,0.8567500114440918,0.35379791259765625,0,0.47376702156291917,0.11834866863916561,0.04103238665099655,0.461801692873003,0,6,0,0,0
1400,code_recurrent,0,,,,,,,,,,,,,,,,,,,,,,,,,,,,,,,,,,0.34272342920303345,0.0,0.0,5.839632511138916,0.8783999681472778,0.40111976861953735,0,0.48641389225644954,0.1540705654770136,0.03222977529457282,0.36736533140379285,0,6,0,0,0
1420,code_recurrent,0,,,,,,,,,,,,,,,,,,,,,,,,,,,,,,,,,,0.35498756170272827,0.0,0.0,5.839632511138916,0.8715000152587891,0.4133839011192322,0,0.48749839259587496,0.1752613524482253,0.03680497329933421,0.5036576700411619,0,6,0,0,0
1440,code_recurrent,0,,,,,,,,,,,,,,,,,,,,,,,,,,,,,,,,,,0.3559248447418213,0.0,0.0,5.839632511138916,0.9085999727249146,0.4143211841583252,0,0.4857388719071741,0.1658619344400774,0.042194951550355034,0.3683765448807251,0,6,0,0,0
1460,code_recurrent,0,,,,,,,,,,,,,,,,,,,,,,,,,,,,,,,,,,0.2886736989021301,0.0,0.0,5.839632511138916,0.8567500114440918,0.34707003831863403,0,0.4644267750838625,0.1289637502403431,0.04798086784218275,0.5560915708187081,0,6,0,0,0
1480,code_recurrent,0,,,,,,,,,,,,,,,,,,,,,,,,,,,,,,,,,,0.3311482071876526,0.0,0.0,5.839632511138916,0.8783999681472778,0.3895445466041565,0,0.47433537684375915,0.0969858209573431,0.04001874507863134,0.48768081889147796,0,6,0,0,0
1500,code_recurrent,0,,,,,,,,,,,,,,,,,,,,,,,,,,,,,,,,,,0.33553987741470337,0.0,0.0,5.839632511138916,0.8715000152587891,0.3939362168312073,0,0.4622015631192912,0.1341276189819577,0.03561362200564454,0.8448076931257097,0,6,0,0,0
1500,,,,-0.10562070324105022,0.9916488855988655,2.69567567062159,,32,8415,0.03644843665801867,1.462456945218524,4.316552042304248,,32,14382,0.7510986328125,0.5375849146421263,1.334873746472907,3.799516213812699,,0.05833763762666522,0.8300551898586815,2.293445311694067,,32,6174,,0.09498033817491813,2.055333965215557,7.809445520336428,,32,3861,0,0.0,,,,,,,,,,,,,,,,
1520,code_recurrent,0,,,,,,,,,,,,,,,,,,,,,,,,,,,,,,,,,,0.35091155767440796,0.0,0.0,5.839632511138916,0.9085999727249146,0.40930789709091187,0,0.46422085307363126,0.18144768882276757,0.035195891170333775,0.42109308466906586,0,6,0,0,0
1540,code_recurrent,0,,,,,,,,,,,,,,,,,,,,,,,,,,,,,,,,,,0.28992483019828796,0.0,0.0,5.839578151702881,0.8567500114440918,0.3483206033706665,0,0.4611717677378154,0.16438914241734892,0.05131038831147765,0.4165697421228129,0,6,0,0,0
1560,code_recurrent,0,,,,,,,,,,,,,,,,,,,,,,,,,,,,,,,,,,0.3460262417793274,0.0,0.0,5.839578151702881,0.8783999681472778,0.40442201495170593,0,0.4778558454945426,0.1576406916803015,0.03826781728024047,0.43831017936860756,0,6,0,0,0
1580,code_recurrent,0,,,,,,,,,,,,,,,,,,,,,,,,,,,,,,,,,,0.35930681228637695,0.0,0.0,5.839578151702881,0.8715000152587891,0.4177025854587555,0,0.4656884455778087,0.17863681264238299,0.03408355606601588,0.6435298413452175,0,6,0,0,0
1600,code_recurrent,0,,,,,,,,,,,,,,,,,,,,,,,,,,,,,,,,,,0.347014844417572,0.0,0.0,5.839578151702881,0.9085999727249146,0.40541061758995056,0,0.4773858746825099,0.14412937218315033,0.03818412038926331,0.5291226101122678,0,6,0,0,0
1620,code_recurrent,0,,,,,,,,,,,,,,,,,,,,,,,,,,,,,,,,,,0.2695322632789612,0.0,0.0,5.839578151702881,0.8567500114440918,0.3279280364513397,0,0.4753217958458476,0.19947811038166816,0.031133504807283836,0.32857511736570844,0,6,0,0,0
1640,code_recurrent,0,,,,,,,,,,,,,,,,,,,,,,,,,,,,,,,,,,0.31475797295570374,0.0,0.0,5.839578151702881,0.8783999681472778,0.3731537461280823,0,0.4687558733159621,0.1483026743267796,0.03965446088788292,0.32995539250236655,0,6,0,0,0
1660,code_recurrent,0,,,,,,,,,,,,,,,,,,,,,,,,,,,,,,,,,,0.31771406531333923,0.0,0.0,5.839578151702881,0.8715000152587891,0.3761098384857178,0,0.47169519914394736,0.19069958444950835,0.04098484848019859,0.650512546779854,0,6,0,0,0
1680,code_recurrent,0,,,,,,,,,,,,,,,,,,,,,,,,,,,,,,,,,,0.3381348252296448,0.0,0.0,5.839578151702881,0.9085999727249146,0.3965305984020233,0,0.4681001249710686,0.12109166336137735,0.03405577719418539,0.442397418387589,0,6,0,0,0
1700,code_recurrent,0,,,,,,,,,,,,,,,,,,,,,,,,,,,,,,,,,,0.24516135454177856,0.0,0.0,5.839578151702881,0.8567500114440918,0.3035571277141571,0,0.4551156168622565,0.16528614487365953,0.0378250055244222,0.3485814092237325,0,6,0,0,0
1720,code_recurrent,0,,,,,,,,,,,,,,,,,,,,,,,,,,,,,,,,,,0.29090961813926697,0.0,0.0,5.839578151702881,0.8783999681472778,0.3493053913116455,0,0.46893164232043155,0.11459742059690013,0.04120784951891336,0.40439214884406993,0,6,0,0,0
1740,code_recurrent,0,,,,,,,,,,,,,,,,,,,,,,,,,,,,,,,,,,0.299271821975708,0.0,0.0,5.839578151702881,0.8715000152587891,0.35766759514808655,0,0.48245295055265874,0.1663749221978443,0.03090510958923943,0.7331856945795672,0,6,0,0,0
1750,,,,-0.0955794408642956,1.0016901479756202,2.72288001169903,,32,8415,0.07247901463472117,1.4984875231952266,4.4749157431143445,,32,14382,0.7510986328125,0.5342938429644318,1.3502989138441197,3.858578740937427,,0.06086060944443816,0.8325781616764545,2.2992389150568684,,32,6174,,0.10808619548853904,2.068439822529178,7.912468627465609,,32,3861,0,0.0,,,,,,,,,,,,,,,,
1760,code_recurrent,0,,,,,,,,,,,,,,,,,,,,,,,,,,,,,,,,,,0.32110798358917236,0.0,0.0,5.839578151702881,0.9085999727249146,0.3795037567615509,0,0.4797419958564494,0.16657435226287426,0.03823958265314263,0.3233301327696868,0,6,0,0,0
1780,code_recurrent,0,,,,,,,,,,,,,,,,,,,,,,,,,,,,,,,,,,0.2306193709373474,0.0,0.0,5.839578151702881,0.8567500114440918,0.28901514410972595,0,0.47643791108974926,0.12688632837879205,0.040420025363121004,0.44082110055264023,0,6,0,0,0
1800,code_recurrent,0,,,,,,,,,,,,,,,,,,,,,,,,,,,,,,,,,,0.2690504491329193,0.0,0.0,5.839578151702881,0.8783999681472778,0.32744622230529785,0,0.4853998170294568,0.1186823627711939,0.03724110850561706,0.4131634261045191,0,6,0,0,0
1820,code_recurrent,0,,,,,,,,,,,,,,,,,,,,,,,,,,,,,,,,,,0.2836034297943115,0.0,0.0,5.839578151702881,0.8715000152587891,0.34199920296669006,0,0.47865753504987074,0.13279276334963339,0.041710177075768275,0.5749579870038561,0,6,0,0,0
1840,code_recurrent,0,,,,,,,,,,,,,,,,,,,,,,,,,,,,,,,,,,0.29958033561706543,0.0,0.0,5.839578151702881,0.9085999727249146,0.35797610878944397,0,0.4767050166145562,0.12252468678343575,0.03355353355466846,0.34092044842148583,0,6,0,0,0
1860,code_recurrent,0,,,,,,,,,,,,,,,,,,,,,,,,,,,,,,,,,,0.22521544992923737,0.0,0.0,5.839578151702881,0.8567500114440918,0.2836112380027771,0,0.48316513666792377,0.1138841463481575,0.03728731734574669,0.6412114133141816,0,6,0,0,0
1880,code_recurrent,0,,,,,,,,,,,,,,,,,,,,,,,,,,,,,,,,,,0.2480558454990387,0.0,0.0,5.839578151702881,0.8783999681472778,0.30645161867141724,0,0.44899315436823645,0.10472636501903512,0.052579822233094584,0.35222748684741206,0,6,0,0,0
1900,code_recurrent,0,,,,,,,,,,,,,,,,,,,,,,,,,,,,,,,,,,0.2435927391052246,0.0,0.0,5.839578151702881,0.8715000152587891,0.30198851227760315,0,0.44500175390049224,0.06137607020459005,0.04646196395513557,0.5433906506214823,0,6,0,0,0
1920,code_recurrent,0,,,,,,,,,,,,,,,,,,,,,,,,,,,,,,,,,,0.28906959295272827,0.0,0.0,5.839578151702881,0.9085999727249146,0.3474653661251068,0,0.43884155598609126,0.1344886566907267,0.03623673859096709,0.3530465203736509,0,6,0,0,0
1940,code_recurrent,0,,,,,,,,,,,,,,,,,,,,,,,,,,,,,,,,,,0.20887544751167297,0.0,0.0,5.839578151702881,0.8567500114440918,0.2672712206840515,0,0.45243230227369907,0.11137585515306066,0.03629682694473082,0.4036201895820716,0,6,0,0,0
1960,code_recurrent,0,,,,,,,,,,,,,,,,,,,,,,,,,,,,,,,,,,0.23540744185447693,0.0,0.0,5.839578151702881,0.8783999681472778,0.29380321502685547,0,0.4668886496882334,0.1112785794165185,0.041125601373376355,0.38949229733811486,0,6,0,0,0
1980,code_recurrent,0,,,,,,,,,,,,,,,,,,,,,,,,,,,,,,,,,,0.23293305933475494,0.0,0.0,5.839578151702881,0.8715000152587891,0.2913288474082947,0,0.4625577486002444,0.07851619440563289,0.05061220620270996,0.6654149097878309,0,6,0,0,0
1999,,,0.140625,-0.08517521695586394,1.0120943718840518,2.7513573504369924,,32,8415,0.08205434507163889,1.5080628536321443,4.517970342076395,0.09762569422715894,32,14382,0.7510986328125,0.5342938429644318,1.3581284905993316,3.8889083584503816,0.03125,0.06380771578883604,0.8355252680208524,2.3060250114128484,,32,6174,0.015625,0.11647784181963883,2.0768314688602776,7.979146643671396,,32,3861,0,0.0,,,,,,,,,,,,,,,,
2000,novel_inject,0,,,,,,,,,,,,,,,,,,,,,,,,,,,,,,,,,,1.1211899518966675,0.0,0.0,5.839578151702881,0.8246999979019165,1.1795856952667236,0,0.05065057597639437,-0.0014639263390563428,0.044137625906261656,1.2067878762407909,0,6,0,0,0
2000,,,,-0.08616803736468559,1.0111015514752302,2.7486271022548405,,32,8415,0.07970913009208558,1.505717638652591,4.507387145139635,,32,14382,0.7510986328125,0.5342938429644318,1.356551327478801,3.8827797497864736,,0.06255158429629293,0.8342691365283093,2.303130159311507,,32,6174,,0.11476335621843448,2.0751169832590732,7.965478232136454,,32,3861,0,0.0,,,,,,,,,,,,,,,,
2020,novel_inject,0,,,,,,,,,,,,,,,,,,,,,,,,,,,,,,,,,,1.1237175464630127,0.0,0.0,5.839578151702881,0.8252000212669373,1.1821132898330688,0,0.26695496289527776,0.16064073647638516,0.047293334851957976,0.6398115297631612,0,6,0,0,0
2040,novel_inject,0,,,,,,,,,,,,,,,,,,,,,,,,,,,,,,,,,,1.0869678258895874,0.0,0.0,5.839578151702881,0.7865500450134277,1.1453635692596436,0,0.12931946775033587,0.16384107220801525,0.037105477622724946,0.6199811927619434,0,6,0,0,0
2060,novel_inject,0,,,,,,,,,,,,,,,,,,,,,,,,,,,,,,,,,,1.1211695671081543,0.0,0.0,5.839578151702881,0.8284000158309937,1.1795653104782104,0,0.26045933535201526,0.15534828638192266,0.04007927043999116,0.5743999116832301,0,6,0,0,0
2080,novel_inject,0,,,,,,,,,,,,,,,,,,,,,,,,,,,,,,,,,,1.100512146949768,0.0,0.0,5.839578151702881,0.788349986076355,1.1589078903198242,0,0.2622834729737712,0.18556676131473587,0.03904611428105642,0.5040494598803066,0,6,0,0,0
2100,novel_inject,0,,,,,,,,,,,,,,,,,,,,,,,,,,,,,,,,,,1.0772703886032104,0.0,0.0,5.839578151702881,0.7880499958992004,1.1356661319732666,0,0.261119366226053,0.11605912606631007,0.03629754989644483,0.5717323573099243,0,6,0,0,0
2120,novel_inject,0,,,,,,,,,,,,,,,,,,,,,,,,,,,,,,,,,,1.206459641456604,0.0,0.0,5.839578151702881,0.7863500118255615,1.2648553848266602,0,0.2548326865873694,0.0961656026109787,0.028008869077478134,0.5196969883072944,0,6,0,0,0
2140,novel_inject,0,,,,,,,,,,,,,,,,,,,,,,,,,,,,,,,,,,1.0325124263763428,0.0,0.0,5.839578151702881,0.824999988079071,1.090908169746399,0,0.25336602902276284,0.08455838246715887,0.03288427528200878,0.5066500818918621,0,6,0,0,0
2149,,,0.140625,-0.09479642109862407,1.0024731677412917,2.725012915511687,-0.009621204142760131,32,8415,0.009300345456777492,1.435308854017283,4.20094228634443,,32,14382,0.7510986328125,0.5342938429644318,1.3325272237059294,3.7906110147258154,0.03125,0.042774352434193585,0.8144919046662099,2.258028087298362,,32,6174,0.0,0.11748134135829447,2.0778349683989332,7.987157732536906,,32,3861,0,0.0,,,,,,,,,,,,,,,,
2160,math_recurrent,0,,,,,,,,,,,,,,,,,,,,,,,,,,,,,,,,,,1.4027506113052368,0.0,0.0,5.839578151702881,0.8757500052452087,1.461146354675293,0,0.11961372725466386,0.3303990979412837,0.10558202991350775,2.201265948537796,0,6,0,0,0
2180,math_recurrent,0,,,,,,,,,,,,,,,,,,,,,,,,,,,,,,,,,,1.2185972929000854,0.0,0.0,5.839578151702881,0.8689000010490417,1.2769930362701416,0,0.32464816103237704,0.26655324715622036,0.0998549682428203,1.3938315147918368,0,6,0,0,0
2200,math_recurrent,0,,,,,,,,,,,,,,,,,,,,,,,,,,,,,,,,,,0.8209100365638733,0.0,0.0,5.839578151702881,0.8999999761581421,0.8793058395385742,0,0.3320311946058026,0.11197524010952163,0.06556349631310218,0.9203841717706787,0,6,0,0,0
2220,math_recurrent,0,,,,,,,,,,,,,,,,,,,,,,,,,,,,,,,,,,0.9754199385643005,0.0,0.0,5.839578151702881,0.8944000005722046,1.0338157415390015,0,0.3518867885583835,0.178193797523688,0.06671335668347421,1.1189353293842739,0,6,0,0,0
2240,math_recurrent,0,,,,,,,,,,,,,,,,,,,,,,,,,,,,,,,,,,0.8665863871574402,0.0,0.0,5.839578151702881,0.8757500052452087,0.9249821901321411,0,0.31777161300032886,0.10711172382746424,0.045431568503143296,0.8155094001737851,0,6,0,0,0
2250,,,,-0.07817056783947018,1.0190990210004456,2.770697298970993,,32,8415,0.026561573141556938,1.4525700817020624,4.2740851594654155,,32,14382,0.7510986328125,0.5342938429644318,1.2565757837597724,3.513370326520282,,-0.20078393993618648,0.5709336122958298,1.7699186981741482,,32,6174,,0.02334679300011322,1.983700420040752,7.269593825507901,,32,3861,0,0.0,,,,,,,,,,,,,,,,
2260,math_recurrent,0,,,,,,,,,,,,,,,,,,,,,,,,,,,,,,,,,,0.8209795951843262,0.0,0.0,5.839578151702881,0.8689000010490417,0.8793753981590271,0,0.36303754055404963,0.05106746044475585,0.04123486313702805,0.5944850027088134,0,6,0,0,0
2280,math_recurrent,0,,,,,,,,,,,,,,,,,,,,,,,,,,,,,,,,,,0.6315581798553467,0.0,0.0,5.839578151702881,0.8999999761581421,0.6899539828300476,0,0.3679830543532802,0.05074172269087285,0.03645331249202764,0.6382362305881485,0,6,0,0,0
2300,math_recurrent,0,,,,,,,,,,,,,,,,,,,,,,,,,,,,,,,,,,0.7659463286399841,0.0,0.0,5.839578151702881,0.8944000005722046,0.8243421316146851,0,0.37159324601127725,0.022872043968943347,0.032876831137146505,0.8167557653453615,0,6,0,0,0
2320,math_recurrent,0,,,,,,,,,,,,,,,,,,,,,,,,,,,,,,,,,,0.7367868423461914,0.0,0.0,5.839578151702881,0.8757500052452087,0.7951826453208923,0,0.37043054516100105,0.09819100682424116,0.03664682024335932,0.5839792231363911,0,6,0,0,0
2340,math_recurrent,0,,,,,,,,,,,,,,,,,,,,,,,,,,,,,,,,,,0.7201612591743469,0.0,0.0,5.839578151702881,0.8689000010490417,0.7785570621490479,0,0.3840927051824403,0.04177773122708978,0.03516153153845124,0.47021298406143036,0,6,0,0,0
2360,math_recurrent,0,,,,,,,,,,,,,,,,,,,,,,,,,,,,,,,,,,0.5533584952354431,0.0,0.0,5.839578151702881,0.8999999761581421,0.611754298210144,0,0.3916571052590934,0.06508261992712505,0.03567251828868711,0.5222796674049089,0,6,0,0,0
2380,math_recurrent,0,,,,,,,,,,,,,,,,,,,,,,,,,,,,,,,,,,0.6605056524276733,0.0,0.0,5.839578151702881,0.8944000005722046,0.7189014554023743,0,0.3943664057542141,0.03893100413344135,0.03590804627904343,0.6816067043514479,0,6,0,0,0
2400,math_recurrent,0,,,,,,,,,,,,,,,,,,,,,,,,,,,,,,,,,,0.6637032628059387,0.0,0.0,5.839578151702881,0.8757500052452087,0.7220990657806396,0,0.4004135257521745,0.10216079405342628,0.029261510675063444,0.4939071918527285,0,6,0,0,0
2420,math_recurrent,0,,,,,,,,,,,,,,,,,,,,,,,,,,,,,,,,,,0.6583651304244995,0.0,0.0,5.839578151702881,0.8689000010490417,0.7167609333992004,0,0.40369962656108616,0.005986052515384342,0.035065759121928185,0.4227342463438473,0,6,0,0,0
2440,math_recurrent,0,,,,,,,,,,,,,,,,,,,,,,,,,,,,,,,,,,0.5005811452865601,0.0,0.0,5.839578151702881,0.8999999761581421,0.558976948261261,0,0.4090375530200765,0.03915443980752441,0.028841669753282555,0.4750102294106332,0,6,0,0,0
2460,math_recurrent,0,,,,,,,,,,,,,,,,,,,,,,,,,,,,,,,,,,0.5917619466781616,0.0,0.0,5.839578151702881,0.8944000005722046,0.6501577496528625,0,0.4091486771665993,0.06710059659755123,0.032493904007539626,0.6319340100127553,0,6,0,0,0
2480,math_recurrent,0,,,,,,,,,,,,,,,,,,,,,,,,,,,,,,,,,,0.6223232746124268,0.0,0.0,5.839578151702881,0.8757500052452087,0.6807190775871277,0,0.41296043710556696,0.05565838601510872,0.030013132396908032,0.4673464649726474,0,6,0,0,0
2500,math_recurrent,0,,,,,,,,,,,,,,,,,,,,,,,,,,,,,,,,,,0.6172199249267578,0.0,0.0,5.839578151702881,0.8689000010490417,0.6756157279014587,0,0.41613000742076156,0.01761531681404449,0.025506127876273932,0.4032088185231837,0,6,0,0,0
2500,,,,-0.0611546009265449,1.0361149879133709,2.8182467955694683,,32,8415,0.03084832739057486,1.4568568359510803,4.292446439212773,,32,14382,0.7510986328125,0.5342938429644318,1.2580972014279337,3.518719698492505,,-0.22339798186178306,0.5483195703702333,1.7303428539879142,,32,6174,,0.030743784436411348,1.99109741147705,7.32356631972528,,32,3861,0,0.0,,,,,,,,,,,,,,,,
2520,math_recurrent,0,,,,,,,,,,,,,,,,,,,,,,,,,,,,,,,,,,0.46444812417030334,0.0,0.0,5.839578151702881,0.8999999761581421,0.5228438973426819,0,0.42073696588253096,0.06558876504173636,0.030847722686649787,0.3769550108010807,0,6,0,0,0
2540,math_recurrent,0,,,,,,,,,,,,,,,,,,,,,,,,,,,,,,,,,,0.5407400131225586,0.0,0.0,5.839578151702881,0.8944000005722046,0.5991358160972595,0,0.41991139631552876,0.07963163857597724,0.0307898844769668,0.5322714159767779,0,6,0,0,0
2560,math_recurrent,0,,,,,,,,,,,,,,,,,,,,,,,,,,,,,,,,,,0.5870075225830078,0.0,0.0,5.839578151702881,0.8757500052452087,0.6454033255577087,0,0.42575160908450077,0.10957591237092856,0.03825359435618988,0.4433425915974473,0,6,0,0,0
2580,math_recurrent,0,,,,,,,,,,,,,,,,,,,,,,,,,,,,,,,,,,0.5816209316253662,0.0,0.0,5.839578151702881,0.8689000010490417,0.6400167346000671,0,0.4266775885152459,0.05122225806969384,0.032701980714346206,0.4502897121130474,0,6,0,0,0
2600,math_recurrent,0,,,,,,,,,,,,,,,,,,,,,,,,,,,,,,,,,,0.4399976134300232,0.0,0.0,5.839578151702881,0.8999999761581421,0.49839338660240173,0,0.4295126288488363,0.00961343850940466,0.026866203787485284,0.34873929619789124,0,6,0,0,0
2620,math_recurrent,0,,,,,,,,,,,,,,,,,,,,,,,,,,,,,,,,,,0.5060652494430542,0.0,0.0,5.839578151702881,0.8944000005722046,0.5644610524177551,0,0.4318294833220889,0.016611906957613037,0.0282822027994645,0.4910797363827153,0,6,0,0,0
2640,math_recurrent,0,,,,,,,,,,,,,,,,,,,,,,,,,,,,,,,,,,0.5625067949295044,0.0,0.0,5.839578151702881,0.8757500052452087,0.6209025979042053,0,0.43270657780238747,0.07054570309160876,0.02714865836167028,0.4374742229424772,0,6,0,0,0
2660,math_recurrent,0,,,,,,,,,,,,,,,,,,,,,,,,,,,,,,,,,,0.5536360144615173,0.0,0.0,5.839578151702881,0.8689000010490417,0.6120318174362183,0,0.433417454770275,0.07043793966710966,0.02739274468465102,0.38836870362597803,0,6,0,0,0
2680,math_recurrent,0,,,,,,,,,,,,,,,,,,,,,,,,,,,,,,,,,,0.4301126003265381,0.0,0.0,5.839578151702881,0.8999999761581421,0.4885083734989166,0,0.4356343371723774,0.01381217765447218,0.02504551918689339,0.37626110052778605,0,6,0,0,0
2700,math_recurrent,0,,,,,,,,,,,,,,,,,,,,,,,,,,,,,,,,,,0.47018539905548096,0.0,0.0,5.839578151702881,0.8944000005722046,0.5285812020301819,0,0.4353010988511549,0.08116046651515976,0.03381036468264129,0.45040408549091177,0,6,0,0,0
2720,math_recurrent,0,,,,,,,,,,,,,,,,,,,,,,,,,,,,,,,,,,0.538909912109375,0.0,0.0,5.839578151702881,0.8757500052452087,0.5973057150840759,0,0.43982421267522537,0.08684751259612053,0.026827056119809786,0.3931505154049586,0,6,0,0,0
2740,math_recurrent,0,,,,,,,,,,,,,,,,,,,,,,,,,,,,,,,,,,0.528863787651062,0.0,0.0,5.839578151702881,0.8689000010490417,0.5872595906257629,0,0.44186005577208143,0.019602398234253218,0.024093571657107935,0.3673919719481279,0,6,0,0,0
2750,,,,-0.055669480594084275,1.0416001082458315,2.833747691645844,,32,8415,0.034028529789298156,1.4600370383498036,4.306119016934036,,32,14382,0.7510986328125,0.5342938429644318,1.259272255693445,3.5228568152756914,,-0.2309028618073904,0.5408146904246259,1.717405446173209,,32,6174,,0.034283558712880025,1.9946371857535188,7.349536027731337,,32,3861,0,0.0,,,,,,,,,,,,,,,,
2760,math_recurrent,0,,,,,,,,,,,,,,,,,,,,,,,,,,,,,,,,,,0.4114200472831726,0.0,0.0,5.839578151702881,0.8999999761581421,0.46981582045555115,0,0.4426106766251382,0.03890469373020876,0.024758718419258318,0.3590961588398805,0,6,0,0,0
2780,math_recurrent,0,,,,,,,,,,,,,,,,,,,,,,,,,,,,,,,,,,0.4479493498802185,0.0,0.0,5.839578151702881,0.8944000005722046,0.5063451528549194,0,0.44060055884944754,0.10964408427909282,0.029744425123291358,0.42369855842183507,0,6,0,0,0
2800,math_recurrent,0,,,,,,,,,,,,,,,,,,,,,,,,,,,,,,,,,,0.51929771900177,0.0,0.0,5.839578151702881,0.8757500052452087,0.577693521976471,0,0.44138932862864694,0.09127353628199282,0.02694477390217048,0.38424707767036226,0,6,0,0,0
2820,math_recurrent,0,,,,,,,,,,,,,,,,,,,,,,,,,,,,,,,,,,0.5052788853645325,0.0,0.0,5.839578151702881,0.8689000010490417,0.5636746883392334,0,0.4457040345610014,0.041958062759866674,0.0298682066486291,0.35884820455833083,0,6,0,0,0
2840,math_recurrent,0,,,,,,,,,,,,,,,,,,,,,,,,,,,,,,,,,,0.39653483033180237,0.0,0.0,5.839578151702881,0.8999999761581421,0.4549306035041809,0,0.4491490159702349,0.06977163839370146,0.03018767431688805,0.3215887242248134,0,6,0,0,0
2860,math_recurrent,0,,,,,,,,,,,,,,,,,,,,,,,,,,,,,,,,,,0.43547505140304565,0.0,0.0,5.839578151702881,0.8944000005722046,0.4938708245754242,0,0.4466370565313689,0.09434287398055728,0.02694081804227261,0.506652783448734,0,6,0,0,0
2880,math_recurrent,0,,,,,,,,,,,,,,,,,,,,,,,,,,,,,,,,,,0.5057527422904968,0.0,0.0,5.839578151702881,0.8757500052452087,0.5641485452651978,0,0.4489849273613199,0.04369262645611473,0.02977080649311935,0.39514491338105423,0,6,0,0,0
2900,math_recurrent,0,,,,,,,,,,,,,,,,,,,,,,,,,,,,,,,,,,0.49282172322273254,0.0,0.0,5.839578151702881,0.8689000010490417,0.5512174963951111,0,0.4485826830426666,0.08920182576860368,0.03116868022119715,0.35861490936506357,0,6,0,0,0
2920,math_recurrent,0,,,,,,,,,,,,,,,,,,,,,,,,,,,,,,,,,,0.38262879848480225,0.0,0.0,5.839578151702881,0.8999999761581421,0.4410245716571808,0,0.45192480805275687,0.08868629427161068,0.03233594588698849,0.31465297042732204,0,6,0,0,0
2940,math_recurrent,0,,,,,,,,,,,,,,,,,,,,,,,,,,,,,,,,,,0.41537246108055115,0.0,0.0,5.839578151702881,0.8944000005722046,0.4737682342529297,0,0.453402732248136,0.103408351258882,0.02964598202545728,0.413598709955575,0,6,0,0,0
2960,math_recurrent,0,,,,,,,,,,,,,,,,,,,,,,,,,,,,,,,,,,0.4901130497455597,0.0,0.0,5.839578151702881,0.8757500052452087,0.5485088229179382,0,0.4544560764126274,0.10403067935424458,0.0316196842074749,0.38241719262940543,0,6,0,0,0
2980,math_recurrent,0,,,,,,,,,,,,,,,,,,,,,,,,,,,,,,,,,,0.47485050559043884,0.0,0.0,5.839578151702881,0.8689000010490417,0.5332462787628174,0,0.4542404524292488,0.08112471413499277,0.03186998263237968,0.35122933250571053,0,6,0,0,0
3000,math_recurrent,0,,,,,,,,,,,,,,,,,,,,,,,,,,,,,,,,,,0.3755183219909668,0.0,0.0,5.839578151702881,0.8999999761581421,0.43391409516334534,0,0.45356408663310394,0.04851096218252288,0.035622132810512706,0.30467663909944276,0,6,0,0,0
3000,,,,-0.049712420331532226,1.0475571685083835,2.8506788773916396,,32,8415,0.036849608492277586,1.462858117052783,4.318284068801628,,32,14382,0.7510986328125,0.5342938429644318,1.2643431162546659,3.5407661003306936,,-0.2287734698662296,0.5429440823657867,1.7210663718795296,,32,6174,,0.043659470051071514,2.0040130970917103,7.418768678328117,,32,3861,0,0.0,,,,,,,,,,,,,,,,
3020,math_recurrent,0,,,,,,,,,,,,,,,,,,,,,,,,,,,,,,,,,,0.40335237979888916,0.0,0.0,5.839578151702881,0.8944000005722046,0.4617481529712677,0,0.45473012935437845,0.09861255531099491,0.0264363908083252,0.41526004705164166,0,6,0,0,0
3040,math_recurrent,0,,,,,,,,,,,,,,,,,,,,,,,,,,,,,,,,,,0.4792705774307251,0.0,0.0,5.839578151702881,0.8757500052452087,0.537666380405426,0,0.45665183289778405,0.08221312640567444,0.024592248555864133,0.3824263423917786,0,6,0,0,0
3060,math_recurrent,0,,,,,,,,,,,,,,,,,,,,,,,,,,,,,,,,,,0.45752087235450745,0.0,0.0,5.839578151702881,0.8689000010490417,0.515916645526886,0,0.45506714684571553,0.08237278829619754,0.026316464962142093,0.3408725030838497,0,6,0,0,0
3080,math_recurrent,0,,,,,,,,,,,,,,,,,,,,,,,,,,,,,,,,,,0.36494171619415283,0.0,0.0,5.839578151702881,0.8999999761581421,0.42333748936653137,0,0.4576977433622318,0.06612188751958976,0.033553423972002096,0.3047259473966228,0,6,0,0,0
3100,math_recurrent,0,,,,,,,,,,,,,,,,,,,,,,,,,,,,,,,,,,0.39520564675331116,0.0,0.0,5.839578151702881,0.8944000005722046,0.4536014199256897,0,0.4566246933160799,0.09484728937137074,0.033855253190452614,0.42019902970346196,0,6,0,0,0
3120,math_recurrent,0,,,,,,,,,,,,,,,,,,,,,,,,,,,,,,,,,,0.46446406841278076,0.0,0.0,5.839578151702881,0.8757500052452087,0.5228598713874817,0,0.46029770686595045,0.08942472553462721,0.02671192265041764,0.3752762009936666,0,6,0,0,0
3140,math_recurrent,0,,,,,,,,,,,,,,,,,,,,,,,,,,,,,,,,,,0.4406571388244629,0.0,0.0,5.839578151702881,0.8689000010490417,0.49905291199684143,0,0.4588332126582541,0.09342424195658948,0.028523767793491955,0.33695396646147685,0,6,0,0,0
3160,math_recurrent,0,,,,,,,,,,,,,,,,,,,,,,,,,,,,,,,,,,0.35568252205848694,0.0,0.0,5.839578151702881,0.8999999761581421,0.4140782952308655,0,0.47239759981029256,0.06831824788033762,0.02697852380972888,0.29912827367347383,0,6,0,0,0
3180,math_recurrent,0,,,,,,,,,,,,,,,,,,,,,,,,,,,,,,,,,,0.3892369568347931,0.0,0.0,5.839578151702881,0.8944000005722046,0.44763273000717163,0,0.4907968223316859,0.10376338718093134,0.03582465782584179,0.4581217897316766,0,6,0,0,0
3200,math_recurrent,0,,,,,,,,,,,,,,,,,,,,,,,,,,,,,,,,,,0.4526347517967224,0.0,0.0,5.839578151702881,0.8757500052452087,0.5110305547714233,0,0.5058482963356931,0.06667663062190902,0.026740769558541832,0.3696478405878657,0,6,0,0,0
3220,math_recurrent,0,,,,,,,,,,,,,,,,,,,,,,,,,,,,,,,,,,0.42601945996284485,0.0,0.0,5.839578151702881,0.8689000010490417,0.4844152331352234,0,0.5185528450224335,0.046922788024988095,0.036830668064898674,0.34809468699589613,0,6,0,0,0
3240,math_recurrent,0,,,,,,,,,,,,,,,,,,,,,,,,,,,,,,,,,,0.34584978222846985,0.0,0.0,5.839578151702881,0.8999999761581421,0.4042455554008484,0,0.5204721985485751,0.07791001361536994,0.028736148332615223,0.30369238802010107,0,6,0,0,0
3250,,,,-0.0469635499352441,1.0503060389046717,2.8585258043184543,,32,8415,0.04041381207846606,1.4664223206389715,4.333702773744874,,32,14382,0.7510986328125,0.5342938429644318,1.2670953814732306,3.5505246506149177,,-0.22861290410532709,0.5431046481266892,1.7213427383980004,,32,6174,,0.04819489118195164,2.0085485182225904,7.4524923362442035,,32,3861,0,0.0,,,,,,,,,,,,,,,,
3260,math_recurrent,0,,,,,,,,,,,,,,,,,,,,,,,,,,,,,,,,,,0.374660462141037,0.0,0.0,5.839578151702881,0.8944000005722046,0.4330562353134155,0,0.5090695555955188,0.03933707782250297,0.03193542187634323,0.4420870963779707,0,6,0,0,0
3280,math_recurrent,0,,,,,,,,,,,,,,,,,,,,,,,,,,,,,,,,,,0.4441223442554474,0.0,0.0,5.839578151702881,0.8757500052452087,0.5025181174278259,0,0.5057093331061583,0.052355845841313045,0.03964107406458684,0.37638179626729756,0,6,0,0,0
3300,math_recurrent,0,,,,,,,,,,,,,,,,,,,,,,,,,,,,,,,,,,0.4131186008453369,0.0,0.0,5.839578151702881,0.8689000010490417,0.47151437401771545,0,0.5119639414968921,0.08170591158393238,0.031951409355840746,0.3668569599352186,0,6,0,0,0
3320,math_recurrent,0,,,,,,,,,,,,,,,,,,,,,,,,,,,,,,,,,,0.34329667687416077,0.0,0.0,5.839578151702881,0.8999999761581421,0.4016924500465393,0,0.5090270490533195,0.07510218598846612,0.0269842472710898,0.3117764602223086,0,6,0,0,0
3340,math_recurrent,0,,,,,,,,,,,,,,,,,,,,,,,,,,,,,,,,,,0.3666970431804657,0.0,0.0,5.839578151702881,0.8944000005722046,0.42509281635284424,0,0.5006463662479848,0.10440280955143473,0.029155689816448897,0.47463254112572895,0,6,0,0,0
3360,math_recurrent,0,,,,,,,,,,,,,,,,,,,,,,,,,,,,,,,,,,0.43321093916893005,0.0,0.0,5.839578151702881,0.8757500052452087,0.4916067123413086,0,0.49883450029605203,0.03586003991741953,0.03523275196803586,0.3651227233783593,0,6,0,0,0
3380,math_recurrent,0,,,,,,,,,,,,,,,,,,,,,,,,,,,,,,,,,,0.39509955048561096,0.0,0.0,5.839578151702881,0.8689000010490417,0.4534953236579895,0,0.49569143422397977,0.06577053123536254,0.026836180723168783,0.43117678733099074,0,6,0,0,0
3400,math_recurrent,0,,,,,,,,,,,,,,,,,,,,,,,,,,,,,,,,,,0.33153045177459717,0.0,0.0,5.839578151702881,0.8999999761581421,0.3899262249469757,0,0.4944936088448707,0.04405384947936649,0.03814190778630002,0.2908110767484658,0,6,0,0,0
3420,math_recurrent,0,,,,,,,,,,,,,,,,,,,,,,,,,,,,,,,,,,0.35287556052207947,0.0,0.0,5.839578151702881,0.8944000005722046,0.411271333694458,0,0.4872433754702331,0.08590007734788482,0.03752388918018412,0.4192816613094201,0,6,0,0,0
3440,math_recurrent,0,,,,,,,,,,,,,,,,,,,,,,,,,,,,,,,,,,0.4231621026992798,0.0,0.0,5.839578151702881,0.8757500052452087,0.4815578758716583,0,0.4918250074330934,0.10398802439366202,0.026042682398849774,0.3713911967736388,0,6,0,0,0
3460,math_recurrent,0,,,,,,,,,,,,,,,,,,,,,,,,,,,,,,,,,,0.39995256066322327,0.0,0.0,5.839578151702881,0.8689000010490417,0.4583483338356018,0,0.49486945037410807,0.08430173543872245,0.028276227828529146,0.33320039562762727,0,6,0,0,0
3480,math_recurrent,0,,,,,,,,,,,,,,,,,,,,,,,,,,,,,,,,,,0.328517347574234,0.0,0.0,5.839578151702881,0.8999999761581421,0.38691312074661255,0,0.4906575876303202,0.07483338806196116,0.03231445651072713,0.2952514582210117,0,6,0,0,0
3500,math_recurrent,0,,,,,,,,,,,,,,,,,,,,,,,,,,,,,,,,,,0.3379737138748169,0.0,0.0,5.839578151702881,0.8944000005722046,0.39636948704719543,0,0.482209547544286,0.13842608655769645,0.02564013398488954,0.3721959129448921,0,6,0,0,0
3500,,,,-0.043184712183879315,1.0540848766560365,2.86934814459683,,32,8415,0.041964653353584236,1.4679731619140897,4.3404288730886496,,32,14382,0.7510986328125,0.5342938429644318,1.2688731962609534,3.5568424401087353,,-0.2307501256292137,0.5409674266028026,1.7176677761505663,,32,6174,,0.052113692830245695,2.0124673198708845,7.481754474304581,,32,3861,0,0.0,,,,,,,,,,,,,,,,
3520,math_recurrent,0,,,,,,,,,,,,,,,,,,,,,,,,,,,,,,,,,,0.4167795181274414,0.0,0.0,5.839578151702881,0.8757500052452087,0.47517529129981995,0,0.48213917993799554,0.0815896995939381,0.029176217069967637,0.3659018666616508,0,6,0,0,0
3540,math_recurrent,0,,,,,,,,,,,,,,,,,,,,,,,,,,,,,,,,,,0.38190755248069763,0.0,0.0,5.839578151702881,0.8689000010490417,0.44030332565307617,0,0.48323729855074543,0.11373350587174562,0.03165376403901194,0.37607303139945814,0,6,0,0,0
3560,math_recurrent,0,,,,,,,,,,,,,,,,,,,,,,,,,,,,,,,,,,0.32113128900527954,0.0,0.0,5.839578151702881,0.8999999761581421,0.3795270621776581,0,0.48329752911323276,0.09697688993765041,0.031035561779780046,0.2861726716279037,0,6,0,0,0
3580,math_recurrent,0,,,,,,,,,,,,,,,,,,,,,,,,,,,,,,,,,,0.33076608180999756,0.0,0.0,5.839578151702881,0.8944000005722046,0.3891618549823761,0,0.4785954333337802,0.12103481836883086,0.03486554934864953,0.3591485151932353,0,6,0,0,0
3600,math_recurrent,0,,,,,,,,,,,,,,,,,,,,,,,,,,,,,,,,,,0.41099992394447327,0.0,0.0,5.839578151702881,0.8757500052452087,0.4693956971168518,0,0.4764404519768632,0.0677236996083853,0.039960980121164565,0.3901605259567972,0,6,0,0,0
3620,math_recurrent,0,,,,,,,,,,,,,,,,,,,,,,,,,,,,,,,,,,0.3702121376991272,0.0,0.0,5.839578151702881,0.8689000010490417,0.42860791087150574,0,0.47465306990803224,0.05981710444445655,0.04410112135644469,0.42378592862496295,0,6,0,0,0
3640,math_recurrent,0,,,,,,,,,,,,,,,,,,,,,,,,,,,,,,,,,,0.31746211647987366,0.0,0.0,5.839578151702881,0.8999999761581421,0.3758578896522522,0,0.4769654850743374,0.04424061171344614,0.03287110416706474,0.28685757115719807,0,6,0,0,0
3649,,,0.109375,-0.04134637171926059,1.0559232171206552,2.8746278348453425,0.04382884523660335,32,8415,0.0430528462770301,1.4690613548375355,4.345154667894955,0.03375250082025261,32,14382,0.7510986328125,0.5342938429644318,1.2703539341781862,3.5621130928400717,0.015625,-0.2296434259739052,0.5420741262581111,1.7195697707606286,,32,6174,0.0,0.05400341145580412,2.014357038496443,7.495906252314398,,32,3861,0,0.0,,,,,,,,,,,,,,,,
3660,medical_recurrent,0,,,,,,,,,,,,,,,,,,,,,,,,,,,,,,,,,,1.148943305015564,0.0,0.0,5.839578151702881,0.6283000111579895,1.2073390483856201,0,0.29859576077932115,0.4237826193150665,0.22768693430319664,1.840937471484381,0,6,0,0,0
3680,medical_recurrent,0,,,,,,,,,,,,,,,,,,,,,,,,,,,,,,,,,,1.254589557647705,0.0,0.0,5.839578151702881,0.5972999930381775,1.3129853010177612,0,0.12094848080980374,0.14381049907699758,0.12352629780532821,2.78807114069424,0,6,0,0,0
3700,medical_recurrent,0,,,,,,,,,,,,,,,,,,,,,,,,,,,,,,,,,,0.9535182118415833,0.0,0.0,5.839578151702881,0.5471500158309937,1.0119140148162842,0,0.3314330146479154,0.09840365074342117,0.09732706453059874,1.2638961857273465,0,6,0,0,0
3720,medical_recurrent,0,,,,,,,,,,,,,,,,,,,,,,,,,,,,,,,,,,1.043393611907959,0.0,0.0,5.839578151702881,0.5892499685287476,1.1017893552780151,0,0.2904989068771883,0.11088934885005333,0.08355183340904733,1.0847859745933897,0,6,0,0,0
3740,medical_recurrent,0,,,,,,,,,,,,,,,,,,,,,,,,,,,,,,,,,,0.5236338376998901,0.0,0.0,5.839578151702881,0.6283000111579895,0.5820296406745911,0,0.3512379745302824,0.08398065760099728,0.07815036652757534,0.6463758399562229,0,6,0,0,0
3750,,,,-0.037676806118399186,1.0595927827215166,2.8851958484140843,,32,8415,0.0752513993185926,1.501259907879098,4.4873391442483745,,32,14382,0.7510986328125,0.5342938429644318,1.1695893896449376,3.220669926565384,,-0.2237707298088506,0.5479468224231657,1.7296979924342437,,32,6174,,-0.3907955814846684,1.5695580455559703,4.804524343602133,,32,3861,0,0.0,,,,,,,,,,,,,,,,
3760,medical_recurrent,0,,,,,,,,,,,,,,,,,,,,,,,,,,,,,,,,,,0.6143617033958435,0.0,0.0,5.839578151702881,0.5972999930381775,0.6727575063705444,0,0.2017411457042135,0.09081403519043565,0.05586946709229359,1.519632566637463,0,6,0,0,0
3780,medical_recurrent,0,,,,,,,,,,,,,,,,,,,,,,,,,,,,,,,,,,0.5750131607055664,0.0,0.0,5.839578151702881,0.5471500158309937,0.6334089636802673,0,0.3806872831153388,0.1551730963609381,0.06420188597477382,0.5481159163018068,0,6,0,0,0
3800,medical_recurrent,0,,,,,,,,,,,,,,,,,,,,,,,,,,,,,,,,,,0.6945862174034119,0.0,0.0,5.839578151702881,0.5892499685287476,0.7529820203781128,0,0.37962570905060244,0.17757923214230686,0.05230678544778909,0.5838606208208061,0,6,0,0,0
3820,medical_recurrent,0,,,,,,,,,,,,,,,,,,,,,,,,,,,,,,,,,,0.3396650552749634,0.0,0.0,5.839578151702881,0.6283000111579895,0.3980608284473419,0,0.39402012983354123,0.15743125888652035,0.055369167022466186,0.3418307314730353,0,6,0,0,0
3840,medical_recurrent,0,,,,,,,,,,,,,,,,,,,,,,,,,,,,,,,,,,0.3969748616218567,0.0,0.0,5.839578151702881,0.5972999930381775,0.45537063479423523,0,0.270791679257356,0.12497826725926384,0.04943732678417175,0.8807011980386008,0,6,0,0,0
3860,medical_recurrent,0,,,,,,,,,,,,,,,,,,,,,,,,,,,,,,,,,,0.46003419160842896,0.0,0.0,5.839578151702881,0.5471500158309937,0.5184299945831299,0,0.41599745088901796,0.17914825104734128,0.0462150303218218,0.4058137353923586,0,6,0,0,0
3880,medical_recurrent,0,,,,,,,,,,,,,,,,,,,,,,,,,,,,,,,,,,0.5548153519630432,0.0,0.0,5.839578151702881,0.5892499685287476,0.6132111549377441,0,0.41936293140633535,0.2150923163862899,0.0419365125708282,0.4385424216943128,0,6,0,0,0
3900,medical_recurrent,0,,,,,,,,,,,,,,,,,,,,,,,,,,,,,,,,,,0.27315568923950195,0.0,0.0,5.839578151702881,0.6283000111579895,0.3315514624118805,0,0.4247145532800087,0.2087863692681172,0.03436099109757278,0.24719020690000246,0,6,0,0,0
3920,medical_recurrent,0,,,,,,,,,,,,,,,,,,,,,,,,,,,,,,,,,,0.2666292190551758,0.0,0.0,5.839578151702881,0.5972999930381775,0.3250249922275543,0,0.32220861325826233,0.146735012202823,0.03364360298340519,0.4564045719802379,0,6,0,0,0
3940,medical_recurrent,0,,,,,,,,,,,,,,,,,,,,,,,,,,,,,,,,,,0.38536536693573,0.0,0.0,5.839578151702881,0.5471500158309937,0.4437611401081085,0,0.4389593466135077,0.19630030322254502,0.04088970945911512,0.3269007047490468,0,6,0,0,0
3960,medical_recurrent,0,,,,,,,,,,,,,,,,,,,,,,,,,,,,,,,,,,0.48520925641059875,0.0,0.0,5.839578151702881,0.5892499685287476,0.5436050295829773,0,0.43625316331284364,0.19480228350065382,0.03501637546966473,0.3844684747949479,0,6,0,0,0
3980,medical_recurrent,0,,,,,,,,,,,,,,,,,,,,,,,,,,,,,,,,,,0.23192936182022095,0.0,0.0,5.839578151702881,0.6283000111579895,0.2903251349925995,0,0.43861911648268875,0.2054214484898174,0.04960516970013342,0.19205997664895322,0,6,0,0,0
4000,medical_recurrent,0,,,,,,,,,,,,,,,,,,,,,,,,,,,,,,,,,,0.22340691089630127,0.0,0.0,5.839578151702881,0.5972999930381775,0.2818026840686798,0,0.3566563019674959,0.17028280708888946,0.04607092666897982,0.3616905966211879,0,6,0,0,0
4000,,,,-0.032205495760685876,1.06506409307923,2.901024913720811,,32,8415,0.08536344190546341,1.5113719504659688,4.532945506900939,,32,14382,0.7510986328125,0.5342938429644318,1.1589063895294256,3.186446638544165,,-0.2230946522605508,0.5486228999714655,1.7308677978072842,,32,6174,,-0.4497870124396004,1.5105666146010384,4.529296432872773,,32,3861,0,0.0,,,,,,,,,,,,,,,,
4020,medical_recurrent,0,,,,,,,,,,,,,,,,,,,,,,,,,,,,,,,,,,0.3501906991004944,0.0,0.0,5.839578151702881,0.5471500158309937,0.4085864722728729,0,0.45333017860685854,0.239191057599133,0.02837792036700107,0.30540529027108165,0,6,0,0,0
4040,medical_recurrent,0,,,,,,,,,,,,,,,,,,,,,,,,,,,,,,,,,,0.43588119745254517,0.0,0.0,5.839578151702881,0.5892499685287476,0.4942769706249237,0,0.45293572235495755,0.19383619452959724,0.048174901002101485,0.34132635679155116,0,6,0,0,0
4060,medical_recurrent,0,,,,,,,,,,,,,,,,,,,,,,,,,,,,,,,,,,0.2069736123085022,0.0,0.0,5.839578151702881,0.6283000111579895,0.26536938548088074,0,0.45191299000690865,0.26000844812785673,0.02581537581004557,0.1633520971274092,0,6,0,0,0
4080,medical_recurrent,0,,,,,,,,,,,,,,,,,,,,,,,,,,,,,,,,,,0.20437410473823547,0.0,0.0,5.839578151702881,0.5972999930381775,0.262769877910614,0,0.3824041747847176,0.14873369649493334,0.04536967935217988,0.293315339945848,0,6,0,0,0
4100,medical_recurrent,0,,,,,,,,,,,,,,,,,,,,,,,,,,,,,,,,,,0.3217281997203827,0.0,0.0,5.839578151702881,0.5471500158309937,0.38012397289276123,0,0.46041713928755257,0.23212695472674177,0.04276387484980717,0.28614315611147695,0,6,0,0,0
4120,medical_recurrent,0,,,,,,,,,,,,,,,,,,,,,,,,,,,,,,,,,,0.3931255340576172,0.0,0.0,5.839578151702881,0.5892499685287476,0.4515213072299957,0,0.46270425204128474,0.236713862628676,0.04870859712125763,0.31066977652528927,0,6,0,0,0
4140,medical_recurrent,0,,,,,,,,,,,,,,,,,,,,,,,,,,,,,,,,,,0.1905411034822464,0.0,0.0,5.839578151702881,0.6283000111579895,0.24893689155578613,0,0.46182201616843094,0.2524143280627738,0.04326681505800003,0.14945501620097765,0,6,0,0,0
4160,medical_recurrent,0,,,,,,,,,,,,,,,,,,,,,,,,,,,,,,,,,,0.17826637625694275,0.0,0.0,5.839578151702881,0.5972999930381775,0.2366621494293213,0,0.40525448144721327,0.19177642815546797,0.04033491479173775,0.22456816545436306,0,6,0,0,0
4180,medical_recurrent,0,,,,,,,,,,,,,,,,,,,,,,,,,,,,,,,,,,0.296306312084198,0.0,0.0,5.839578151702881,0.5471500158309937,0.35470208525657654,0,0.4658512895753089,0.20714213802213116,0.03890995458951072,0.2637240882194231,0,6,0,0,0
4200,medical_recurrent,0,,,,,,,,,,,,,,,,,,,,,,,,,,,,,,,,,,0.3685162365436554,0.0,0.0,5.839578151702881,0.5892499685287476,0.42691200971603394,0,0.4656807869780702,0.21004797341967268,0.041563289225219735,0.29198578383241386,0,6,0,0,0
4220,medical_recurrent,0,,,,,,,,,,,,,,,,,,,,,,,,,,,,,,,,,,0.17703691124916077,0.0,0.0,5.839578151702881,0.6283000111579895,0.2354326844215393,0,0.4690489125012801,0.2729748809277745,0.025929255592119362,0.1402212849271203,0,6,0,0,0
4240,medical_recurrent,0,,,,,,,,,,,,,,,,,,,,,,,,,,,,,,,,,,0.16247524321079254,0.0,0.0,5.839578151702881,0.5972999930381775,0.22087103128433228,0,0.42341468511711583,0.28119799013282837,0.021821969019485608,0.19420705776779898,0,6,0,0,0
4250,,,,-0.026532051326686013,1.0707375375132298,2.917530494845729,,32,8415,0.09239906138097953,1.518407569941485,4.564950040432017,,32,14382,0.7510986328125,0.5342938429644318,1.1554742955411808,3.175529199746805,,-0.22237763251924658,0.5493399197127697,1.7321093092288087,,32,6174,,-0.47694147204340065,1.483412154997238,4.407960694685562,,32,3861,0,0.0,,,,,,,,,,,,,,,,
4260,medical_recurrent,0,,,,,,,,,,,,,,,,,,,,,,,,,,,,,,,,,,0.27605140209198,0.0,0.0,5.839578151702881,0.5471500158309937,0.3344471752643585,0,0.47579177357390906,0.23562991859424592,0.03908930252793998,0.25066110587545803,0,6,0,0,0
4280,medical_recurrent,0,,,,,,,,,,,,,,,,,,,,,,,,,,,,,,,,,,0.34027954936027527,0.0,0.0,5.839578151702881,0.5892499685287476,0.3986753225326538,0,0.47590508225664946,0.29393693684167893,0.02397728733467086,0.275376451334783,0,6,0,0,0
4300,medical_recurrent,0,,,,,,,,,,,,,,,,,,,,,,,,,,,,,,,,,,0.16624711453914642,0.0,0.0,5.839578151702881,0.6283000111579895,0.22464290261268616,0,0.4739907555882804,0.23334057474442357,0.03448487841893756,0.1305572041177324,0,6,0,0,0
4320,medical_recurrent,0,,,,,,,,,,,,,,,,,,,,,,,,,,,,,,,,,,0.15285590291023254,0.0,0.0,5.839578151702881,0.5972999930381775,0.21125167608261108,0,0.43766850056085416,0.24861965365042643,0.030232096099782557,0.1796960872376249,0,6,0,0,0
4340,medical_recurrent,0,,,,,,,,,,,,,,,,,,,,,,,,,,,,,,,,,,0.2563130557537079,0.0,0.0,5.839578151702881,0.5471500158309937,0.3147088289260864,0,0.4780802117266575,0.21153411672068095,0.03594651254012234,0.23395857365121916,0,6,0,0,0
4360,medical_recurrent,0,,,,,,,,,,,,,,,,,,,,,,,,,,,,,,,,,,0.3154280483722687,0.0,0.0,5.839578151702881,0.5892499685287476,0.3738238215446472,0,0.4757528108132169,0.19914171683818235,0.032321362657147266,0.26168682516685554,0,6,0,0,0
4380,medical_recurrent,0,,,,,,,,,,,,,,,,,,,,,,,,,,,,,,,,,,0.1538718044757843,0.0,0.0,5.839578151702881,0.6283000111579895,0.21226757764816284,0,0.47576897720287714,0.2685692069686151,0.03126095991788639,0.11877409593453482,0,6,0,0,0
4400,medical_recurrent,0,,,,,,,,,,,,,,,,,,,,,,,,,,,,,,,,,,0.14754195511341095,0.0,0.0,5.839578151702881,0.5972999930381775,0.20593774318695068,0,0.4441256660881983,0.21955151689637983,0.03783939584261841,0.1744797902240876,0,6,0,0,0
4420,medical_recurrent,0,,,,,,,,,,,,,,,,,,,,,,,,,,,,,,,,,,0.2519811987876892,0.0,0.0,5.839578151702881,0.5471500158309937,0.31037697196006775,0,0.4806918351643038,0.2377706087718252,0.034757486543071175,0.24816647736089573,0,6,0,0,0
4440,medical_recurrent,0,,,,,,,,,,,,,,,,,,,,,,,,,,,,,,,,,,0.29879412055015564,0.0,0.0,5.839578151702881,0.5892499685287476,0.3571898937225342,0,0.4817518875135582,0.2425308629504538,0.037894090021117814,0.25232601251512293,0,6,0,0,0
4460,medical_recurrent,0,,,,,,,,,,,,,,,,,,,,,,,,,,,,,,,,,,0.148118793964386,0.0,0.0,5.839578151702881,0.6283000111579895,0.20651456713676453,0,0.4773400964756854,0.24808343359368987,0.035309019291566476,0.11697273551826438,0,6,0,0,0
4480,medical_recurrent,0,,,,,,,,,,,,,,,,,,,,,,,,,,,,,,,,,,0.13934040069580078,0.0,0.0,5.839578151702881,0.5972999930381775,0.19773617386817932,0,0.4573476585797885,0.22155993954012437,0.044437557229742644,0.16050087526322357,0,6,0,0,0
4500,medical_recurrent,0,,,,,,,,,,,,,,,,,,,,,,,,,,,,,,,,,,0.2356695979833603,0.0,0.0,5.839578151702881,0.5471500158309937,0.2940653860569,0,0.48441210364191795,0.22897329239640385,0.03801678249701148,0.21789289129868386,0,6,0,0,0
4500,,,,-0.02510533369657053,1.0721642551433452,2.921695957802269,,32,8415,0.09819677313384334,1.5242052816943488,4.591493175304659,,32,14382,0.7510986328125,0.5342938429644318,1.1562552743817767,3.1780101895336634,,-0.22159942439122227,0.5501181278407941,1.73345777539749,,32,6174,,-0.4818201941920204,1.4785334328486184,4.386507852992683,,32,3861,0,0.0,,,,,,,,,,,,,,,,
4520,medical_recurrent,0,,,,,,,,,,,,,,,,,,,,,,,,,,,,,,,,,,0.28796032071113586,0.0,0.0,5.839578151702881,0.5892499685287476,0.3463560938835144,0,0.485240111617847,0.23042803405717546,0.05015823082880132,0.255090458833036,0,6,0,0,0
4540,medical_recurrent,0,,,,,,,,,,,,,,,,,,,,,,,,,,,,,,,,,,0.14304642379283905,0.0,0.0,5.839578151702881,0.6283000111579895,0.20144221186637878,0,0.4808842417605425,0.22675836877897382,0.04077589132246517,0.11403333585236282,0,6,0,0,0
4560,medical_recurrent,0,,,,,,,,,,,,,,,,,,,,,,,,,,,,,,,,,,0.12999211251735687,0.0,0.0,5.839578151702881,0.5972999930381775,0.1883879005908966,0,0.4637019563478516,0.262329130350346,0.021324358990652457,0.14696174619039373,0,6,0,0,0
4580,medical_recurrent,0,,,,,,,,,,,,,,,,,,,,,,,,,,,,,,,,,,0.2287599742412567,0.0,0.0,5.839578151702881,0.5471500158309937,0.28715574741363525,0,0.4856702252902691,0.17279976054643548,0.04953156631617319,0.21506667021543735,0,6,0,0,0
4600,medical_recurrent,0,,,,,,,,,,,,,,,,,,,,,,,,,,,,,,,,,,0.2704034149646759,0.0,0.0,5.839578151702881,0.5892499685287476,0.32879918813705444,0,0.4875019273338744,0.23957773430239676,0.03105764582841879,0.23929478926436296,0,6,0,0,0
4620,medical_recurrent,0,,,,,,,,,,,,,,,,,,,,,,,,,,,,,,,,,,0.13594377040863037,0.0,0.0,5.839578151702881,0.6283000111579895,0.1943395435810089,0,0.4844053805306414,0.2990237634429442,0.01515383289143857,0.11073967739052716,0,6,0,0,0
4640,medical_recurrent,0,,,,,,,,,,,,,,,,,,,,,,,,,,,,,,,,,,0.12708796560764313,0.0,0.0,5.839578151702881,0.5972999930381775,0.18548375368118286,0,0.4706721925695308,0.22158367151860148,0.04210589832315842,0.14946650027164393,0,6,0,0,0
4660,medical_recurrent,0,,,,,,,,,,,,,,,,,,,,,,,,,,,,,,,,,,0.21748803555965424,0.0,0.0,5.839578151702881,0.5471500158309937,0.27588382363319397,0,0.4903227335946254,0.23326044364200374,0.03981587463871591,0.20642631594978628,0,6,0,0,0
4680,medical_recurrent,0,,,,,,,,,,,,,,,,,,,,,,,,,,,,,,,,,,0.26254701614379883,0.0,0.0,5.839578151702881,0.5892499685287476,0.32094278931617737,0,0.5390290105296789,0.26609811569297953,0.04363593840380273,0.24603362309909055,0,6,0,0,0
4700,medical_recurrent,0,,,,,,,,,,,,,,,,,,,,,,,,,,,,,,,,,,0.13446933031082153,0.0,0.0,5.839578151702881,0.6283000111579895,0.19286510348320007,0,0.5578184363692722,0.2821682305740459,0.03264930589006297,0.11636975442192385,0,6,0,0,0
4720,medical_recurrent,0,,,,,,,,,,,,,,,,,,,,,,,,,,,,,,,,,,0.12431204319000244,0.0,0.0,5.839578151702881,0.5972999930381775,0.18270781636238098,0,0.5564654097581024,0.24041519637518963,0.03708193834782356,0.14532205834689121,0,6,0,0,0
4740,medical_recurrent,0,,,,,,,,,,,,,,,,,,,,,,,,,,,,,,,,,,0.20696653425693512,0.0,0.0,5.839578151702881,0.5471500158309937,0.26536232233047485,0,0.5576197623990132,0.24958124326907896,0.03000531402446093,0.20486615928156035,0,6,0,0,0
4750,,,,-0.02324604979598388,1.0740235390439319,2.9271332732491855,,32,8415,0.10492760726298478,1.5309361158234902,4.622501994814176,,32,14382,0.7510986328125,0.5342938429644318,1.1583508459388188,3.1846769201606793,,-0.2201133211492372,0.5516042310827791,1.7360357877391397,,32,6174,,-0.4835141292355647,1.476839497805074,4.379083683427466,,32,3861,0,0.0,,,,,,,,,,,,,,,,
4760,medical_recurrent,0,,,,,,,,,,,,,,,,,,,,,,,,,,,,,,,,,,0.24980562925338745,0.0,0.0,5.839578151702881,0.5892499685287476,0.308201402425766,0,0.5643452426735672,0.2042166813251762,0.04271164080423732,0.23160388052227004,0,6,0,0,0
4780,medical_recurrent,0,,,,,,,,,,,,,,,,,,,,,,,,,,,,,,,,,,0.13056841492652893,0.0,0.0,5.839578151702881,0.6283000111579895,0.18896418809890747,0,0.5588462630632066,0.2363551000557241,0.0362594630147907,0.11857140985214047,0,6,0,0,0
4800,medical_recurrent,0,,,,,,,,,,,,,,,,,,,,,,,,,,,,,,,,,,0.1171794906258583,0.0,0.0,5.839578151702881,0.5972999930381775,0.17557527124881744,0,0.5474299368821252,0.24281507204951985,0.03174087603591264,0.1334845505654812,0,6,0,0,0
4820,medical_recurrent,0,,,,,,,,,,,,,,,,,,,,,,,,,,,,,,,,,,0.20536574721336365,0.0,0.0,5.839578151702881,0.5471500158309937,0.2637615203857422,0,0.5483068887577421,0.2408779912511818,0.03264762157175158,0.2028547312886942,0,6,0,0,0
4840,medical_recurrent,0,,,,,,,,,,,,,,,,,,,,,,,,,,,,,,,,,,0.23622678220272064,0.0,0.0,5.839578151702881,0.5892499685287476,0.2946225702762604,0,0.5494097428204886,0.20995614060250642,0.047409501080475154,0.2225552834866066,0,6,0,0,0
4860,medical_recurrent,0,,,,,,,,,,,,,,,,,,,,,,,,,,,,,,,,,,0.12540647387504578,0.0,0.0,5.839578151702881,0.6283000111579895,0.18380224704742432,0,0.5441318827387841,0.23127005828843852,0.04693274356365677,0.11315652867926965,0,6,0,0,0
4880,medical_recurrent,0,,,,,,,,,,,,,,,,,,,,,,,,,,,,,,,,,,0.11468689143657684,0.0,0.0,5.839578151702881,0.5972999930381775,0.17308267951011658,0,0.5295140072003294,0.24164375817469722,0.028232062766180625,0.13196005314470283,0,6,0,0,0
4900,medical_recurrent,0,,,,,,,,,,,,,,,,,,,,,,,,,,,,,,,,,,0.19568118453025818,0.0,0.0,5.839578151702881,0.5471500158309937,0.2540769577026367,0,0.5344307424689932,0.2488017385892038,0.03670449806525121,0.1990215454132311,0,6,0,0,0
4920,medical_recurrent,0,,,,,,,,,,,,,,,,,,,,,,,,,,,,,,,,,,0.21958644688129425,0.0,0.0,5.839578151702881,0.5892499685287476,0.277982234954834,0,0.5316632098705847,0.24300364394938306,0.035536275814390846,0.1987139482524187,0,6,0,0,0
4940,medical_recurrent,0,,,,,,,,,,,,,,,,,,,,,,,,,,,,,,,,,,0.118384450674057,0.0,0.0,5.839578151702881,0.6283000111579895,0.17678022384643555,0,0.5302229550233554,0.2575446249684319,0.027119079079952032,0.10165794191675052,0,6,0,0,0
4949,,,0.078125,-0.023122441818228312,1.0741471470216875,2.9274951126363695,0.06205277513763563,32,8415,0.10792867644342752,1.533937185003933,4.636395280014972,0.09862833098665003,32,14382,0.7510986328125,0.5342938429644318,1.1599251959645949,3.1896946651591005,0.0,-0.21986934116908485,0.5518482110629315,1.7364593973902118,0.009774084804820338,32,6174,0.03125,-0.48058538627081115,1.4797682407698276,4.3919276931781415,,32,3861,0,0.0,,,,,,,,,,,,,,,,
4950,,,,-0.022891810162748882,1.0743777786771669,2.928170363544729,,32,8415,0.10800778194422711,1.5340162905047325,4.636762058892425,,32,14382,0.7510986328125,0.5342938429644318,1.1598411375112132,3.1894265556273815,,-0.21955357765664862,0.5521639745753677,1.7370077944860747,,32,6174,,-0.4815471207530533,1.4788065062875855,4.3877058553410215,,32,3861,0,0.0,,,,,,,,,,,,,,,,
4960,code_revisit,0,,,,,,,,,,,,,,,,,,,,,,,,,,,,,,,,,,0.43072810769081116,0.0,0.0,5.839578151702881,0.8968499898910522,0.4891238808631897,0,0.4759571904186982,0.40217113009254846,0.07080027544723143,0.7827986141045888,0,6,0,0,0
4980,code_revisit,0,,,,,,,,,,,,,,,,,,,,,,,,,,,,,,,,,,0.5062440037727356,0.0,0.0,5.839578151702881,0.8968000411987305,0.5646398067474365,0,0.5014246244532464,0.29510373808443546,0.06958467040713581,0.600909077257864,0,6,0,0,0
5000,code_revisit,0,,,,,,,,,,,,,,,,,,,,,,,,,,,,,,,,,,0.41951531171798706,0.0,0.0,5.839578151702881,0.8841999769210815,0.4779110848903656,0,0.4947673392844329,0.3277317020110786,0.06277145060474083,0.8124338380046306,0,6,0,0,0
5000,,,,-0.08642638688702298,1.0108432019528928,2.747917087475828,,32,8415,0.10327890263762862,1.529287411198134,4.614887133448096,,32,14382,0.7510986328125,0.5342938429644318,1.1464406971528018,3.146971925960188,,-0.21457156325606885,0.5571459889759475,1.745683184848051,,32,6174,,-0.4718674405564054,1.4884861864842334,4.430383665365384,,32,3861,0,0.0,,,,,,,,,,,,,,,,
5020,code_revisit,0,,,,,,,,,,,,,,,,,,,,,,,,,,,,,,,,,,0.3882039487361908,0.0,0.0,5.839578151702881,0.9069499969482422,0.44659972190856934,0,0.4902897769343371,0.26924499882651226,0.06740410372629643,1.0401574225297996,0,6,0,0,0
5040,code_revisit,0,,,,,,,,,,,,,,,,,,,,,,,,,,,,,,,,,,0.3224872052669525,0.0,0.0,5.839578151702881,0.8968499898910522,0.38088297843933105,0,0.4920716917371683,0.22336980690514402,0.05586986210685046,0.5112661392620159,0,6,0,0,0
5050,,,,-0.09060514816130061,1.0066644406786152,2.736458156708519,,32,8415,0.09812012058258568,1.524128629143091,4.591141239127264,,32,14382,0.7510986328125,0.5342938429644318,1.1434198274771998,3.137479678538857,,-0.21709009880458885,0.5546274534274275,1.741292151498385,,32,6174,,-0.47209484038097327,1.4882587866596655,4.4293763114375055,,32,3861,0,0.0,,,,,,,,,,,,,,,,
5060,code_revisit,0,,,,,,,,,,,,,,,,,,,,,,,,,,,,,,,,,,0.4433831572532654,0.0,0.0,5.839578151702881,0.8968000411987305,0.5017789602279663,0,0.468322225077393,0.14687839669308492,0.057664766450530834,0.6180616097081275,0,6,0,0,0
5080,code_revisit,0,,,,,,,,,,,,,,,,,,,,,,,,,,,,,,,,,,0.3356248140335083,0.0,0.0,5.839578151702881,0.8841999769210815,0.39402058720588684,0,0.46651643359531597,0.24771953962876328,0.048070086660011425,0.762021552404714,0,6,0,0,0
5100,code_revisit,0,,,,,,,,,,,,,,,,,,,,,,,,,,,,,,,,,,0.2850705087184906,0.0,0.0,5.839578151702881,0.9069499969482422,0.34346628189086914,0,0.45630661891594654,0.18837190941641374,0.05965582947690217,1.020125883900457,0,6,0,0,0
5100,,,,-0.0850035134200462,1.0122660754198696,2.751829808782584,,32,8415,0.0967769397347813,1.5227854482952867,4.584978645810474,,32,14382,0.7510986328125,0.5342938429644318,1.144237371064559,3.140045753726748,,-0.21673620561971074,0.5549813466123056,1.741908491976597,,32,6174,,-0.47343701310986464,1.4869166139307741,4.42343531116243,,32,3861,0,0.0,,,,,,,,,,,,,,,,
5120,code_revisit,0,,,,,,,,,,,,,,,,,,,,,,,,,,,,,,,,,,0.2899661958217621,0.0,0.0,5.839578151702881,0.8968499898910522,0.3483619689941406,0,0.4473574470194138,0.1609545949447368,0.05162988239160133,0.5683243834546634,0,6,0,0,0
5140,code_revisit,0,,,,,,,,,,,,,,,,,,,,,,,,,,,,,,,,,,0.41677767038345337,0.0,0.0,5.839578151702881,0.8968000411987305,0.4751734435558319,0,0.4252072149193758,0.12132126910312634,0.062277536137059095,0.6135640256993827,0,6,0,0,0
5150,,,,-0.08488387653534435,1.0123857123045714,2.75215904882237,,32,8415,0.09544368951315008,1.5214521980736555,4.578869795232868,,32,14382,0.7510986328125,0.5342938429644318,1.1444105583921607,3.140589616953133,,-0.21685904455602,0.5548585076759963,1.7416945309319372,,32,6174,,-0.4714078115262197,1.488945815514419,4.432420466363422,,32,3861,0,0.0,,,,,,,,,,,,,,,,
5160,code_revisit,0,,,,,,,,,,,,,,,,,,,,,,,,,,,,,,,,,,0.29423093795776367,0.0,0.0,5.839578151702881,0.8841999769210815,0.3526267111301422,0,0.4110806779243878,0.2011367839669609,0.04817281486096954,0.6157704940272702,0,6,0,0,0
5180,code_revisit,0,,,,,,,,,,,,,,,,,,,,,,,,,,,,,,,,,,0.2319192737340927,0.0,0.0,5.839578151702881,0.9069499969482422,0.29031506180763245,0,0.4170938276472684,0.17568814250574047,0.0529696308327691,0.7007352609069102,0,6,0,0,0
5200,code_revisit,0,,,,,,,,,,,,,,,,,,,,,,,,,,,,,,,,,,0.27018213272094727,0.0,0.0,5.839578151702881,0.8968499898910522,0.3285779058933258,0,0.42706379375197007,0.15153768420818128,0.04520716637018181,0.68172270384218,0,6,0,0,0
5200,,,,-0.07630812882385452,1.0209614600160613,2.775862362035547,,32,8415,0.0958422301558588,1.5218507387163642,4.58069502463383,,32,14382,0.7510986328125,0.5342938429644318,1.1475389157669804,3.1504298875589227,,-0.2152548648795921,0.5564626873524242,1.7444907641315879,,32,6174,,-0.4694728500575669,1.4908807769830719,4.441005332192468,,32,3861,0,0.0,,,,,,,,,,,,,,,,
5220,code_revisit,0,,,,,,,,,,,,,,,,,,,,,,,,,,,,,,,,,,0.3970308005809784,0.0,0.0,5.839578151702881,0.8968000411987305,0.45542657375335693,0,0.4565955330772637,0.09291723768443003,0.04662594429941641,0.6432852554179372,0,6,0,0,0
5240,code_revisit,0,,,,,,,,,,,,,,,,,,,,,,,,,,,,,,,,,,0.27135512232780457,0.0,0.0,5.839578151702881,0.8841999769210815,0.3297508955001831,0,0.46738280645227614,0.1406404544374839,0.05038651268012704,0.5955563849518224,0,6,0,0,0
5250,,,,-0.08051119173699317,1.0167583971029226,2.7642197224027703,,32,8415,0.09483057944337969,1.5208390880038851,4.576063304485027,,32,14382,0.7510986328125,0.5342938429644318,1.1465628176294582,3.147356259138808,,-0.21546639954344837,0.556251152688568,1.7441217828917341,,32,6174,,-0.4679509943181819,1.4924026327224569,4.447769047039612,,32,3861,0,0.0,,,,,,,,,,,,,,,,
5260,code_revisit,0,,,,,,,,,,,,,,,,,,,,,,,,,,,,,,,,,,0.2063855677843094,0.0,0.0,5.839578151702881,0.9069499969482422,0.2647813558578491,0,0.45377038029431915,0.18131089862436056,0.047996368874160075,0.6627628860137765,0,6,0,0,0
5280,code_revisit,0,,,,,,,,,,,,,,,,,,,,,,,,,,,,,,,,,,0.25612813234329224,0.0,0.0,5.839578151702881,0.8968499898910522,0.3145239055156708,0,0.4661178557173127,0.1724794757402768,0.03937144562055076,0.5532347933404029,0,6,0,0,0
5300,code_revisit,0,,,,,,,,,,,,,,,,,,,,,,,,,,,,,,,,,,0.3827599585056305,0.0,0.0,5.839578151702881,0.8968000411987305,0.44115573167800903,0,0.4388888193607983,0.08165895489842764,0.04371031169661336,0.6131794207980709,0,6,0,0,0
5300,,,,-0.07339854702238391,1.0238710418175319,2.783950721813608,,32,8415,0.09547472908572763,1.521483237646233,4.579011923599991,,32,14382,0.7510986328125,0.5342938429644318,1.1484874644599572,3.153419641450487,,-0.21533000465346108,0.5563875475785552,1.7443596884146162,,32,6174,,-0.46814559624313046,1.4922080307975083,4.446903586834173,,32,3861,0,0.0,,,,,,,,,,,,,,,,
5320,code_revisit,0,,,,,,,,,,,,,,,,,,,,,,,,,,,,,,,,,,0.25490477681159973,0.0,0.0,5.839578151702881,0.8841999769210815,0.31330054998397827,0,0.44862223675993196,0.17390455802836055,0.046738467998211346,0.5461061381276637,0,6,0,0,0
5340,code_revisit,0,,,,,,,,,,,,,,,,,,,,,,,,,,,,,,,,,,0.18731988966464996,0.0,0.0,5.839578151702881,0.9069499969482422,0.2457156777381897,0,0.46505609818286686,0.1275118585742478,0.046625873011108196,0.5330568984505676,0,6,0,0,0
5350,,,,-0.07538171451997,1.0218878743199458,2.778435152184142,,32,8415,0.09489245488338272,1.5209009634438881,4.576346459175544,,32,14382,0.7510986328125,0.5342938429644318,1.1475456455981714,3.150451089491588,,-0.21646523483370284,0.5552523173983135,1.742380562245559,,32,6174,,-0.4682121998101001,1.4921414272305387,4.446607417056412,,32,3861,0,0.0,,,,,,,,,,,,,,,,
5360,code_revisit,0,,,,,,,,,,,,,,,,,,,,,,,,,,,,,,,,,,0.24743783473968506,0.0,0.0,5.839578151702881,0.8968499898910522,0.3058336079120636,0,0.47020697479221213,0.1647394343911271,0.040732790319071635,0.6449301409047274,0,6,0,0,0
5380,code_revisit,0,,,,,,,,,,,,,,,,,,,,,,,,,,,,,,,,,,0.3762372136116028,0.0,0.0,5.839578151702881,0.8968000411987305,0.4346329867839813,0,0.46803499713859714,0.08439199795040102,0.03940731753920397,0.4931940875770081,0,6,0,0,0
5399,,,0.078125,-0.07578146034100208,1.0214881284989137,2.7773247063058846,,32,8415,0.09602632019951152,1.522034828760017,4.581538362603554,0.08672597474273402,32,14382,0.7510986328125,0.5342938429644318,1.1484992004228696,3.1534566500836116,0.015625,-0.21505802551210218,0.5566595267199141,1.744834182388199,0.01458540046180301,32,6174,0.03125,-0.4665393093280057,1.493814317712633,4.454052329807602,0.014046076942805463,32,3861,0,0.0,,,,,,,,,,,,,,,,
5400,mixed_tail,0,,,,,,,,,,,,,,,,,,,,,,,,,,,,,,,,,,0.7675091624259949,0.0,0.0,5.839578151702881,0.6410499811172485,0.8259049654006958,0,0.21895369922291627,-0.0025843560163463864,0.036859234070242754,1.384553475417788,0,6,0,0,0
5420,mixed_tail,0,,,,,,,,,,,,,,,,,,,,,,,,,,,,,,,,,,1.0088392496109009,0.0,0.0,5.839578151702881,0.7836500406265259,1.067234992980957,0,0.27668478988338974,0.055591633069395484,0.06676206003490184,0.4223786500474763,0,6,0,0,0
5440,mixed_tail,0,,,,,,,,,,,,,,,,,,,,,,,,,,,,,,,,,,0.4269711971282959,0.0,0.0,5.839578151702881,0.8948500156402588,0.48536697030067444,0,0.39632898586722526,0.05355395528541911,0.05894679361954331,0.9031928375363351,0,6,0,0,0
5460,mixed_tail,0,,,,,,,,,,,,,,,,,,,,,,,,,,,,,,,,,,1.122663974761963,0.0,0.0,5.839578151702881,0.7942500114440918,1.181059718132019,0,0.30510196910732695,0.08600690392527863,0.06397705842844313,0.5153768383853492,0,6,0,0,0
5480,mixed_tail,0,,,,,,,,,,,,,,,,,,,,,,,,,,,,,,,,,,0.7201331853866577,0.0,0.0,5.839578151702881,0.8691499829292297,0.7785289883613586,0,0.44564342668132817,0.006525201783266051,0.07619008562039761,1.0710502473371368,0,6,0,0,0
5500,mixed_tail,0,,,,,,,,,,,,,,,,,,,,,,,,,,,,,,,,,,1.2069191932678223,0.0,0.0,5.839578151702881,0.805649995803833,1.2653149366378784,0,0.4022582931663637,0.044469616423676986,0.07683140516340259,0.5216563231178692,0,6,0,0,0
5500,,,,-0.1014877636660726,0.9957818251738432,2.7068397897054317,,32,8415,0.07553274159702661,1.501541250157532,4.488601800078229,,32,14382,0.7510986328125,0.5342938429644318,1.1296387025593069,3.0945382493766824,,-0.2290550555694748,0.5426624966625415,1.7205818124205818,,32,6174,,-0.4817843887973283,1.4785692382433104,4.386664916449521,,32,3861,0,0.0,,,,,,,,,,,,,,,,
5520,mixed_tail,0,,,,,,,,,,,,,,,,,,,,,,,,,,,,,,,,,,0.6632007360458374,0.0,0.0,5.839578151702881,0.8253499865531921,0.7215965390205383,0,0.4341585242268375,0.04368355161360731,0.04531093308229058,1.1739817464635485,0,6,0,0,0
5540,mixed_tail,0,,,,,,,,,,,,,,,,,,,,,,,,,,,,,,,,,,0.5019317269325256,0.0,0.0,5.839578151702881,0.887499988079071,0.5603275299072266,0,0.43470739633838623,0.03934048395370025,0.05340831933158731,0.8574659614690712,0,6,0,0,0
5560,mixed_tail,0,,,,,,,,,,,,,,,,,,,,,,,,,,,,,,,,,,0.5325428247451782,0.0,0.0,5.839578151702881,0.903249979019165,0.5909386277198792,0,0.3001082859198797,0.03873304584911758,0.05659707233694101,1.7275425147442591,0,6,0,0,0
5580,mixed_tail,0,,,,,,,,,,,,,,,,,,,,,,,,,,,,,,,,,,0.42901018261909485,0.0,0.0,5.839578151702881,0.8596999645233154,0.4874059557914734,0,0.38265223453820435,0.06152442288917622,0.053640364793439706,0.5736423226694266,0,6,0,0,0
5600,mixed_tail,0,,,,,,,,,,,,,,,,,,,,,,,,,,,,,,,,,,1.0971571207046509,0.0,0.0,5.839578151702881,0.7904000282287598,1.155552864074707,0,0.4394577612487053,0.07524197458405979,0.060096073022023556,0.5408535682492787,0,6,0,0,0
5620,mixed_tail,0,,,,,,,,,,,,,,,,,,,,,,,,,,,,,,,,,,0.48875948786735535,0.0,0.0,5.839578151702881,0.8739500045776367,0.5471552610397339,0,0.40942944149533306,0.014288790264150262,0.05378226124134565,0.8905456523100534,0,6,0,0,0
5640,mixed_tail,0,,,,,,,,,,,,,,,,,,,,,,,,,,,,,,,,,,0.35791149735450745,0.0,0.0,5.839578151702881,0.8897500038146973,0.416307270526886,0,0.22585512451551218,0.04674924309074413,0.04563235431052153,0.6752282742233503,0,6,0,0,0
5660,mixed_tail,0,,,,,,,,,,,,,,,,,,,,,,,,,,,,,,,,,,0.4800785779953003,0.0,0.0,5.839578151702881,0.8600499629974365,0.5384743809700012,0,0.3107086554084115,0.0219777820332508,0.04531215247476385,0.6592336031534369,0,6,0,0,0
5680,mixed_tail,0,,,,,,,,,,,,,,,,,,,,,,,,,,,,,,,,,,0.8420193195343018,0.0,0.0,5.839578151702881,0.8509500026702881,0.9004151225090027,0,0.45163170768602245,0.05027021814021282,0.06298587802235805,0.9087067125572099,0,6,0,0,0
5700,mixed_tail,0,,,,,,,,,,,,,,,,,,,,,,,,,,,,,,,,,,0.4347134530544281,0.0,0.0,5.839578151702881,0.8881499767303467,0.49310922622680664,0,0.4214105016746682,-0.0019613027377220404,0.054619459654130634,0.7011277761842524,0,6,0,0,0
5720,mixed_tail,0,,,,,,,,,,,,,,,,,,,,,,,,,,,,,,,,,,1.097861409187317,0.0,0.0,5.839578151702881,0.7861499786376953,1.156257152557373,0,0.3320346354890815,0.04716225523069235,0.05220131666976071,0.41953046379817854,0,6,0,0,0
5740,mixed_tail,0,,,,,,,,,,,,,,,,,,,,,,,,,,,,,,,,,,0.4676193296909332,0.0,0.0,5.839578151702881,0.8856499791145325,0.5260151028633118,0,0.442564297909738,0.03986712137079199,0.046414662928630904,0.7242142232992347,0,6,0,0,0
5750,,,,-0.10788631881197086,0.9893832700279449,2.6895752190965347,,32,8415,0.06151246288492107,1.4875209714454265,4.426109455521535,,32,14382,0.7510986328125,0.5342938429644318,1.1179682434212832,3.0586334872329877,,-0.24051033813357936,0.531207214098437,1.7009845221351145,,32,6174,,-0.496592108927314,1.4637615181133248,4.32218697388796,,32,3861,0,0.0,,,,,,,,,,,,,,,,
5760,mixed_tail,0,,,,,,,,,,,,,,,,,,,,,,,,,,,,,,,,,,0.3712024688720703,0.0,0.0,5.839578151702881,0.9077000021934509,0.42959824204444885,0,0.40101257206536733,0.02010772951013808,0.05165364050291597,0.6609848752854363,0,6,0,0,0
5780,mixed_tail,0,,,,,,,,,,,,,,,,,,,,,,,,,,,,,,,,,,0.41079017519950867,0.0,0.0,5.839578151702881,0.9188500046730042,0.4691859483718872,0,0.4148661825452404,0.005445167825590553,0.044264790168889456,0.8099755467640029,0,6,0,0,0
5800,mixed_tail,0,,,,,,,,,,,,,,,,,,,,,,,,,,,,,,,,,,0.8942059874534607,0.0,0.0,5.839578151702881,0.8548499941825867,0.9526017904281616,0,0.43663021465141005,0.06406108264075426,0.04602817292694771,0.949365368497277,0,6,0,0,0
5820,mixed_tail,0,,,,,,,,,,,,,,,,,,,,,,,,,,,,,,,,,,1.1797627210617065,0.0,0.0,5.839578151702881,0.7840999960899353,1.2381584644317627,0,0.42124222512082027,0.06863096041862653,0.04673238372548468,0.47756780727751674,0,6,0,0,0
5840,mixed_tail,0,,,,,,,,,,,,,,,,,,,,,,,,,,,,,,,,,,0.38933780789375305,0.0,0.0,5.839578151702881,0.898900032043457,0.4477335810661316,0,0.4164529083161591,0.014433947542524297,0.06325077152559681,0.7395848313730861,0,6,0,0,0
5860,mixed_tail,0,,,,,,,,,,,,,,,,,,,,,,,,,,,,,,,,,,1.296804428100586,0.0,0.0,5.839578151702881,0.8784999847412109,1.355200171470642,0,0.46169485377357355,0.06369581267686694,0.03912437993973967,1.528088037835227,0,6,0,0,0
5880,mixed_tail,0,,,,,,,,,,,,,,,,,,,,,,,,,,,,,,,,,,0.797797679901123,0.0,0.0,5.839578151702881,0.6473000049591064,0.856193482875824,0,0.39916163045292014,0.012140092974212686,0.041453935062542316,0.885269968590093,0,6,0,0,0
5900,mixed_tail,0,,,,,,,,,,,,,,,,,,,,,,,,,,,,,,,,,,0.925689160823822,0.0,0.0,5.839578151702881,0.8578000068664551,0.984084963798523,0,0.48021811357356226,0.042491036030696705,0.04704617562422913,0.7458543505460496,0,6,0,0,0
5920,mixed_tail,0,,,,,,,,,,,,,,,,,,,,,,,,,,,,,,,,,,1.094775676727295,0.0,0.0,5.839578151702881,0.8282500505447388,1.153171420097351,0,0.4101218166720814,0.037440468505207845,0.035573993035636485,0.4152960331075722,0,6,0,0,0
5940,mixed_tail,0,,,,,,,,,,,,,,,,,,,,,,,,,,,,,,,,,,0.3370215892791748,0.0,0.0,5.839578151702881,0.8896999955177307,0.39541736245155334,0,0.404870923485567,0.02172954140301694,0.042085879832683575,0.5975085719710306,0,6,0,0,0
5960,mixed_tail,0,,,,,,,,,,,,,,,,,,,,,,,,,,,,,,,,,,0.876983642578125,0.0,0.0,5.839578151702881,0.9025999903678894,0.9353794455528259,0,0.474216014744759,0.030395599856482085,0.035917642300150224,0.8729415837143149,0,6,0,0,0
5980,mixed_tail,0,,,,,,,,,,,,,,,,,,,,,,,,,,,,,,,,,,0.7161428928375244,0.0,0.0,5.839578151702881,0.77920001745224,0.7745386958122253,0,0.45479551058563666,0.0314118250742987,0.04185861421246377,0.5240613996272996,0,6,0,0,0
5999,mixed_tail,0,,,,,,,,,,,,,,,,,,,,,,,,,,,,,,,,,,0.45417705178260803,0.0,0.0,5.839578151702881,0.8863999843597412,0.5125728249549866,0,0.42289319610394766,0.047671454692525525,0.044024062946084005,0.708391679468609,0,6,0,0,0
5999,,,0.109375,-0.11276832984022211,0.9845012589996937,2.6764766828307467,,32,8415,0.05274009571969285,1.4787486042801983,4.387451805719235,,32,14382,0.7510986328125,0.5342938429644318,1.111728415482407,3.039607561527837,0.03125,-0.24464998779692304,0.5270675644350933,1.6939575966703786,,32,6174,0.0,-0.5037573928259964,1.4565962342146423,4.291327965961513,,32,3861,0,0.0,,,,,,,,,,,,,,,,
0,general_warm,0,,,,,,,,,,,,,,,,,,,,,,,,,,,,,,,,,,1.3859089612960815,0.0,0.0,5.839632511138916,0.8518500328063965,1.4443053007125854,0,0.022727272727272728,0.0,0.0,17.805149796273973,0,6,0,0,0
20,general_warm,0,,,,,,,,,,,,,,,,,,,,,,,,,,,,,,,,,,1.0317050218582153,0.0,0.0,5.839632511138916,0.8286000490188599,1.0901013612747192,0,0.29307313699818666,0.21306802739854902,0.05084135551005602,0.5939149942899508,0,6,0,0,0
40,general_warm,0,,,,,,,,,,,,,,,,,,,,,,,,,,,,,,,,,,1.4060238599777222,0.0,0.0,5.839632511138916,0.7856999635696411,1.464420199394226,0,0.3844868621212388,0.2365712910291872,0.041657084065474685,0.5375684976577759,0,6,0,0,0
60,general_warm,0,,,,,,,,,,,,,,,,,,,,,,,,,,,,,,,,,,1.1042487621307373,0.0,0.0,5.839632511138916,0.7939499616622925,1.1626451015472412,0,0.36276070987213593,0.17702898475441284,0.04200165541103435,0.5879676019152005,0,6,0,0,0
80,general_warm,0,,,,,,,,,,,,,,,,,,,,,,,,,,,,,,,,,,1.278118371963501,0.0,0.0,5.839632511138916,0.7663999795913696,1.3365147113800049,0,0.39852719264485964,0.23477067831637605,0.039026782054099304,0.5276301134436849,0,6,0,0,0
100,general_warm,0,,,,,,,,,,,,,,,,,,,,,,,,,,,,,,,,,,1.29710054397583,0.0,0.0,5.839632511138916,0.8627499938011169,1.355496883392334,0,0.18691688844849602,0.15813080042218125,0.03904389777472095,0.6342265299979656,0,6,0,0,0
120,general_warm,0,,,,,,,,,,,,,,,,,,,,,,,,,,,,,,,,,,1.1387804746627808,0.0,0.0,5.839632511138916,0.8041000366210938,1.1971768140792847,0,0.24660484151438533,0.13883942170027044,0.03808444993836539,0.5959144189244225,0,6,0,0,0
140,general_warm,0,,,,,,,,,,,,,,,,,,,,,,,,,,,,,,,,,,1.044389247894287,0.0,0.0,5.839632511138916,0.8096500039100647,1.102785587310791,0,0.39082708704598307,0.1881590656973588,0.038338056826106616,0.5416164562460922,0,6,0,0,0
160,general_warm,0,,,,,,,,,,,,,,,,,,,,,,,,,,,,,,,,,,1.1595258712768555,0.0,0.0,5.839632511138916,0.840999960899353,1.2179222106933594,0,0.38046531728237987,0.11023388026764483,0.036205070278060345,0.5909186974877402,0,6,0,0,0
180,general_warm,0,,,,,,,,,,,,,,,,,,,,,,,,,,,,,,,,,,1.101660966873169,0.0,0.0,5.839632511138916,0.8158000111579895,1.1600573062896729,0,0.32884940483651226,0.10433575063403364,0.0371638792862613,0.5624097238693918,0,6,0,0,0
200,general_warm,0,,,,,,,,,,,,,,,,,,,,,,,,,,,,,,,,,,0.9272141456604004,0.0,0.0,5.839632511138916,0.7732000350952148,0.9856104850769043,0,0.2614395423598544,0.10294176543538924,0.034736559820908404,0.5025058866611548,0,6,0,0,0
220,general_warm,0,,,,,,,,,,,,,,,,,,,,,,,,,,,,,,,,,,1.4348933696746826,0.0,0.0,5.839632511138916,0.8312000036239624,1.4932897090911865,0,0.3723548672191811,0.20627967767878935,0.03731010591847793,0.6384343672366369,0,6,0,0,0
240,general_warm,0,,,,,,,,,,,,,,,,,,,,,,,,,,,,,,,,,,1.0641252994537354,0.0,0.0,5.839632511138916,0.7965999841690063,1.1225216388702393,0,0.34354096369407955,0.16332360831854334,0.03552018282491536,0.46170285788793414,0,6,0,0,0
250,,,,,1.09674369281626,2.994399446659419,,32,8415,,1.4274220186121322,4.167940457048637,,32,14382,0.7510986328125,0.5375849146421263,1.314133448563723,3.721524695010282,,,0.7733398402899572,2.1669915871496688,,32,6174,,,1.9590282425365433,7.092431592001921,,32,3861,0,0.0,,,,,,,,,,,,,,,,
260,general_warm,0,,,,,,,,,,,,,,,,,,,,,,,,,,,,,,,,,,1.0378869771957397,0.0,0.0,5.839632511138916,0.8145999908447266,1.0962833166122437,0,0.3924979685327483,0.09124990672405277,0.03395555810781107,0.5188494293462662,0,6,0,0,0
280,general_warm,0,,,,,,,,,,,,,,,,,,,,,,,,,,,,,,,,,,1.092126727104187,0.0,0.0,5.839632511138916,0.855650007724762,1.150523066520691,0,0.340485528769613,0.11195986253941166,0.03549310715780372,0.5561198887134355,0,6,0,0,0
300,general_warm,0,,,,,,,,,,,,,,,,,,,,,,,,,,,,,,,,,,1.220565915107727,0.0,0.0,5.839632511138916,0.8218500018119812,1.278962254524231,0,0.41457820661843164,0.13706577373834858,0.0328277885241227,0.5361839408794092,0,6,0,0,0
320,general_warm,0,,,,,,,,,,,,,,,,,,,,,,,,,,,,,,,,,,1.1092787981033325,0.0,0.0,5.839632511138916,0.8156499862670898,1.1676751375198364,0,0.36737584736603973,0.1061915989703266,0.03475282388177538,0.6374616835088956,0,6,0,0,0
340,general_warm,0,,,,,,,,,,,,,,,,,,,,,,,,,,,,,,,,,,1.1573256254196167,0.0,0.0,5.839632511138916,0.8394500017166138,1.2157219648361206,0,0.4026371531708849,0.1641548975707597,0.03357114312608563,0.6105361368448016,0,6,0,0,0
360,general_warm,0,,,,,,,,,,,,,,,,,,,,,,,,,,,,,,,,,,1.2862231731414795,0.0,0.0,5.839632511138916,0.8440499901771545,1.3446195125579834,0,0.4256945524498459,0.15965860885834054,0.03511402658260767,0.6774525291626415,0,6,0,0,0
380,general_warm,0,,,,,,,,,,,,,,,,,,,,,,,,,,,,,,,,,,1.196287751197815,0.0,0.0,5.839632511138916,0.8213000297546387,1.2546840906143188,0,0.4378214247745508,0.16496242560346477,0.03278009326359819,0.5554812093221005,0,6,0,0,0
400,general_warm,0,,,,,,,,,,,,,,,,,,,,,,,,,,,,,,,,,,1.0977433919906616,0.0,0.0,5.839632511138916,0.7973999977111816,1.1561397314071655,0,0.4358648477958491,0.1309405731319982,0.032699108449003055,0.43184888069591826,0,6,0,0,0
420,general_warm,0,,,,,,,,,,,,,,,,,,,,,,,,,,,,,,,,,,1.204192042350769,0.0,0.0,5.839632511138916,0.8286999464035034,1.262588381767273,0,0.4089625914484635,0.10537167548318394,0.030270959897380736,0.5178513579188831,0,6,0,0,0
440,general_warm,0,,,,,,,,,,,,,,,,,,,,,,,,,,,,,,,,,,1.3488147258758545,0.0,0.0,5.839632511138916,0.8730999827384949,1.4072110652923584,0,0.2899214124601448,0.07129665074379384,0.03499891907863674,0.7940777393087508,0,6,0,0,0
460,general_warm,0,,,,,,,,,,,,,,,,,,,,,,,,,,,,,,,,,,1.3615391254425049,0.0,0.0,5.839632511138916,0.8292499780654907,1.4199354648590088,0,0.18185332425707137,0.14020504815770046,0.03068298577286658,0.7451415857625385,0,6,0,0,0
480,general_warm,0,,,,,,,,,,,,,,,,,,,,,,,,,,,,,,,,,,1.1760960817337036,0.0,0.0,5.839632511138916,0.8049499988555908,1.2344924211502075,0,0.4381245704852675,0.07995517679540042,0.034754393045746144,0.5097326578247169,0,6,0,0,0
499,,,0.078125,0.010574070640922084,1.107317763457182,3.0262304328968215,,32,8415,-0.015035748896189638,1.4123862697159426,4.105741129456273,,32,14382,0.7510986328125,0.5375849146421263,1.3157683146855874,3.7276138657890896,0.046875,0.005558331498522029,0.7788981717884792,2.179069981508597,,32,6174,0.0,0.005442811244202872,1.9644710537807462,7.1311396030607686,,32,3861,0,0.0,,,,,,,,,,,,,,,,
500,code_recurrent,0,,,,,,,,,,,,,,,,,,,,,,,,,,,,,,,,,,0.946428120136261,0.0,0.0,5.839632511138916,0.8567500114440918,1.0048243999481201,0,0.21761634513827746,0.03819199633601654,0.03435674163084181,2.0061910800990606,0,6,0,0,0
500,,,,0.005926970619569039,1.102670663435829,3.0121998633672673,,32,8415,-0.015019325168287523,1.4124026934438447,4.105808561585162,,32,14382,0.7510986328125,0.5375849146421263,1.3142746415763147,3.7220501853903167,,0.004742342173802094,0.7780821824637593,2.1772926089230165,,32,6174,,0.004914784425282592,1.9639430269618259,7.12737516405073,,32,3861,0,0.0,,,,,,,,,,,,,,,,
520,code_recurrent,0,,,,,,,,,,,,,,,,,,,,,,,,,,,,,,,,,,0.9791408777236938,0.0,0.0,5.839632511138916,0.8783999681472778,1.0375372171401978,0,0.3385132268334804,0.27020578016526997,0.09437890744635037,1.4265669541936072,0,6,0,0,0
540,code_recurrent,0,,,,,,,,,,,,,,,,,,,,,,,,,,,,,,,,,,1.1263080835342407,0.0,0.0,5.839632511138916,0.8715000152587891,1.1847044229507446,0,0.37177863027439134,0.181906930362207,0.06673064835680027,1.3579680413244262,0,6,0,0,0
560,code_recurrent,0,,,,,,,,,,,,,,,,,,,,,,,,,,,,,,,,,,0.8210894465446472,0.0,0.0,5.839632511138916,0.9085999727249146,0.8794857859611511,0,0.38772265845590287,0.06178412422637588,0.060671039607139335,0.7944820190469424,0,6,0,0,0
580,code_recurrent,0,,,,,,,,,,,,,,,,,,,,,,,,,,,,,,,,,,0.6307970285415649,0.0,0.0,5.839632511138916,0.8567500114440918,0.6891933679580688,0,0.40111737535774133,0.004244289880651715,0.05015974436620517,0.6397245380968328,0,6,0,0,0
600,code_recurrent,0,,,,,,,,,,,,,,,,,,,,,,,,,,,,,,,,,,0.7053206562995911,0.0,0.0,5.839632511138916,0.8783999681472778,0.763716995716095,0,0.4015505916017618,0.06662318772786031,0.03426255018686846,0.6231385771244291,0,6,0,0,0
620,code_recurrent,0,,,,,,,,,,,,,,,,,,,,,,,,,,,,,,,,,,0.8539122939109802,0.0,0.0,5.839632511138916,0.8715000152587891,0.9123086333274841,0,0.40555354542870153,0.10767057654447854,0.03753684212172788,0.775983225187612,0,6,0,0,0
640,code_recurrent,0,,,,,,,,,,,,,,,,,,,,,,,,,,,,,,,,,,0.6652004718780518,0.0,0.0,5.839632511138916,0.9085999727249146,0.7235968112945557,0,0.4111148266207996,0.028606641258063194,0.04057105815052868,0.5493495110363241,0,6,0,0,0
660,code_recurrent,0,,,,,,,,,,,,,,,,,,,,,,,,,,,,,,,,,,0.5430933833122253,0.0,0.0,5.839632511138916,0.8567500114440918,0.6014897227287292,0,0.4157575000243154,0.036190183696037694,0.036274746822429794,0.5317227898786465,0,6,0,0,0
680,code_recurrent,0,,,,,,,,,,,,,,,,,,,,,,,,,,,,,,,,,,0.6193849444389343,0.0,0.0,5.839632511138916,0.8783999681472778,0.6777812838554382,0,0.4236276260255442,0.08967805040551216,0.0428156828079077,0.5206705527173148,0,6,0,0,0
700,code_recurrent,0,,,,,,,,,,,,,,,,,,,,,,,,,,,,,,,,,,0.7204792499542236,0.0,0.0,5.839632511138916,0.8715000152587891,0.7788755893707275,0,0.4259947006021266,0.10650555604869234,0.035492733153440655,0.6121399451342839,0,6,0,0,0
720,code_recurrent,0,,,,,,,,,,,,,,,,,,,,,,,,,,,,,,,,,,0.588066041469574,0.0,0.0,5.839632511138916,0.9085999727249146,0.6464623808860779,0,0.4301153773559675,0.0504078779901777,0.03550920584017322,0.4619982337253908,0,6,0,0,0
740,code_recurrent,0,,,,,,,,,,,,,,,,,,,,,,,,,,,,,,,,,,0.4864020347595215,0.0,0.0,5.839632511138916,0.8567500114440918,0.5447983741760254,0,0.43374530135121336,0.07181087705040616,0.0388770615733746,0.4770139659207965,0,6,0,0,0
750,,,,-0.11116236541077118,0.9855813274054888,2.6793690224158504,,32,8415,0.010787036584358978,1.4382090551964912,4.213143548622459,,32,14382,0.7510986328125,0.5375849146421263,1.306396366999035,3.692842057935479,,0.037077863895279006,0.8104177041852362,2.2488471433817203,,32,6174,,0.03234913867238087,1.9913773812089242,7.325616983672698,,32,3861,0,0.0,,,,,,,,,,,,,,,,
760,code_recurrent,0,,,,,,,,,,,,,,,,,,,,,,,,,,,,,,,,,,0.556450605392456,0.0,0.0,5.839632511138916,0.8783999681472778,0.61484694480896,0,0.43926665450289315,0.09670029731725142,0.03232521846860884,0.448906201372544,0,6,0,0,0
780,code_recurrent,0,,,,,,,,,,,,,,,,,,,,,,,,,,,,,,,,,,0.6371204257011414,0.0,0.0,5.839632511138916,0.8715000152587891,0.6955167651176453,0,0.44182351316232865,0.1166141393270144,0.02735526220917347,0.569904627237055,0,6,0,0,0
800,code_recurrent,0,,,,,,,,,,,,,,,,,,,,,,,,,,,,,,,,,,0.5402401685714722,0.0,0.0,5.839632511138916,0.9085999727249146,0.5986365079879761,0,0.4443746681717107,0.09900160170426327,0.03566283229073244,0.40524975336378527,0,6,0,0,0
820,code_recurrent,0,,,,,,,,,,,,,,,,,,,,,,,,,,,,,,,,,,0.4401381015777588,0.0,0.0,5.839632511138916,0.8567500114440918,0.4985344409942627,0,0.4444513575723562,0.09793258660439667,0.03701144900424258,0.42206921434946476,0,6,0,0,0
840,code_recurrent,0,,,,,,,,,,,,,,,,,,,,,,,,,,,,,,,,,,0.516513466835022,0.0,0.0,5.839632511138916,0.8783999681472778,0.5749098062515259,0,0.44943850528343965,0.11774344785122334,0.029974430799484253,0.45644131381478575,0,6,0,0,0
860,code_recurrent,0,,,,,,,,,,,,,,,,,,,,,,,,,,,,,,,,,,0.5778964161872864,0.0,0.0,5.839632511138916,0.8715000152587891,0.6362927556037903,0,0.44918354625355233,0.1278008516778105,0.030635550077856767,0.5197428373531217,0,6,0,0,0
880,code_recurrent,0,,,,,,,,,,,,,,,,,,,,,,,,,,,,,,,,,,0.5047879815101624,0.0,0.0,5.839632511138916,0.9085999727249146,0.5631843209266663,0,0.4514671687160238,0.11137320245117215,0.034597294662325154,0.3932092937980852,0,6,0,0,0
900,code_recurrent,0,,,,,,,,,,,,,,,,,,,,,,,,,,,,,,,,,,0.40835273265838623,0.0,0.0,5.839632511138916,0.8567500114440918,0.46674907207489014,0,0.4522164056156955,0.10935574492551885,0.03403111537216261,0.4158477732113429,0,6,0,0,0
920,code_recurrent,0,,,,,,,,,,,,,,,,,,,,,,,,,,,,,,,,,,0.48126155138015747,0.0,0.0,5.839632511138916,0.8783999681472778,0.5396578907966614,0,0.4579842545844248,0.14772502287191205,0.028897564507843483,0.39058489747463715,0,6,0,0,0
940,code_recurrent,0,,,,,,,,,,,,,,,,,,,,,,,,,,,,,,,,,,0.5316190719604492,0.0,0.0,5.839632511138916,0.8715000152587891,0.5900154113769531,0,0.46652946859043276,0.15574817076724554,0.0277898762352942,0.5242117407894323,0,6,0,0,0
960,code_recurrent,0,,,,,,,,,,,,,,,,,,,,,,,,,,,,,,,,,,0.47653573751449585,0.0,0.0,5.839632511138916,0.9085999727249146,0.5349320769309998,0,0.49399613820622473,0.13450711282036668,0.030229101146364377,0.3920196339014977,0,6,0,0,0
980,code_recurrent,0,,,,,,,,,,,,,,,,,,,,,,,,,,,,,,,,,,0.38422468304634094,0.0,0.0,5.839632511138916,0.8567500114440918,0.44262099266052246,0,0.507468698536983,0.1524231911503843,0.02836602685293035,0.4135644190841251,0,6,0,0,0
1000,code_recurrent,0,,,,,,,,,,,,,,,,,,,,,,,,,,,,,,,,,,0.4534229040145874,0.0,0.0,5.839632511138916,0.8783999681472778,0.5118192434310913,0,0.5222428767465163,0.13759712451636524,0.04138878293350221,0.3710121568883696,0,6,0,0,0
1000,,,,-0.11909228283524576,0.9776514099810142,2.658205869248067,,32,8415,0.016823821796559946,1.4442458404086922,4.238654315329719,,32,14382,0.7510986328125,0.5375849146421263,1.3129866743171348,3.7172593924689945,,0.04065854610422104,0.8139983863941782,2.2569139841162706,,32,6174,,0.057022817948110927,2.016051060484654,7.508615243943764,,32,3861,0,0.0,,,,,,,,,,,,,,,,
1020,code_recurrent,0,,,,,,,,,,,,,,,,,,,,,,,,,,,,,,,,,,0.4903445541858673,0.0,0.0,5.839632511138916,0.8715000152587891,0.5487408638000488,0,0.5045199134776832,0.17458683456061408,0.02984052101771037,0.47999204437411025,0,6,0,0,0
1040,code_recurrent,0,,,,,,,,,,,,,,,,,,,,,,,,,,,,,,,,,,0.4530845880508423,0.0,0.0,5.839632511138916,0.9085999727249146,0.5114809274673462,0,0.4967161791890508,0.09647102135100535,0.03610409112011511,0.3724411160818168,0,6,0,0,0
1060,code_recurrent,0,,,,,,,,,,,,,,,,,,,,,,,,,,,,,,,,,,0.36173325777053833,0.0,0.0,5.839632511138916,0.8567500114440918,0.42012959718704224,0,0.494752292321676,0.1345399876673972,0.03908600935579411,0.3694113850002251,0,6,0,0,0
1080,code_recurrent,0,,,,,,,,,,,,,,,,,,,,,,,,,,,,,,,,,,0.432447224855423,0.0,0.0,5.839632511138916,0.8783999681472778,0.4908435344696045,0,0.503637339768612,0.13189474594712788,0.034859287187397954,0.3621901695335668,0,6,0,0,0
1100,code_recurrent,0,,,,,,,,,,,,,,,,,,,,,,,,,,,,,,,,,,0.45274031162261963,0.0,0.0,5.839632511138916,0.8715000152587891,0.5111366510391235,0,0.48955307950457577,0.14321156735033064,0.04124144238626792,0.49178725408301466,0,6,0,0,0
1120,code_recurrent,0,,,,,,,,,,,,,,,,,,,,,,,,,,,,,,,,,,0.42558738589286804,0.0,0.0,5.839632511138916,0.9085999727249146,0.48398369550704956,0,0.47964600071838787,0.12604286345387145,0.038404035275535923,0.3569669754850486,0,6,0,0,0
1140,code_recurrent,0,,,,,,,,,,,,,,,,,,,,,,,,,,,,,,,,,,0.3363247215747833,0.0,0.0,5.839632511138916,0.8567500114440918,0.39472103118896484,0,0.477931214853112,0.13319012800015376,0.03470476031865156,0.3834506439725085,0,6,0,0,0
1160,code_recurrent,0,,,,,,,,,,,,,,,,,,,,,,,,,,,,,,,,,,0.4108099341392517,0.0,0.0,5.839632511138916,0.8783999681472778,0.4692062735557556,0,0.4951803651162406,0.13260985672241077,0.02880776420546075,0.35341525604682306,0,6,0,0,0
1180,code_recurrent,0,,,,,,,,,,,,,,,,,,,,,,,,,,,,,,,,,,0.4196290969848633,0.0,0.0,5.839632511138916,0.8715000152587891,0.4780254364013672,0,0.48850117857733505,0.16219171687927364,0.03608923371851681,0.41170993249804255,0,6,0,0,0
1200,code_recurrent,0,,,,,,,,,,,,,,,,,,,,,,,,,,,,,,,,,,0.40686535835266113,0.0,0.0,5.839632511138916,0.9085999727249146,0.46526169776916504,0,0.48801685294254576,0.13228717078787408,0.03468564608769994,0.3523430157098032,0,6,0,0,0
1220,code_recurrent,0,,,,,,,,,,,,,,,,,,,,,,,,,,,,,,,,,,0.32487285137176514,0.0,0.0,5.839632511138916,0.8567500114440918,0.38326919078826904,0,0.48427419796680393,0.1520560569229669,0.03206461314777178,0.3483677239704227,0,6,0,0,0
1240,code_recurrent,0,,,,,,,,,,,,,,,,,,,,,,,,,,,,,,,,,,0.38908466696739197,0.0,0.0,5.839632511138916,0.8783999681472778,0.4474809765815735,0,0.4809955822472666,0.15040821799941892,0.035186619032913494,0.33066719253621407,0,6,0,0,0
1250,,,,-0.11528528114903625,0.9814584116672237,2.6683449509795163,,32,8415,0.025386033146359344,1.4528080517584916,4.275102384781779,,32,14382,0.7510986328125,0.5375849146421263,1.3202532454249656,3.7443695016473866,,0.04442523033208812,0.8177650706220453,2.2654310969912603,,32,6174,,0.06995320511555869,2.028981447652102,7.606334961514223,,32,3861,0,0.0,,,,,,,,,,,,,,,,
1260,code_recurrent,0,,,,,,,,,,,,,,,,,,,,,,,,,,,,,,,,,,0.39354047179222107,0.0,0.0,5.839632511138916,0.8715000152587891,0.4519367814064026,0,0.4805601110290816,0.20808379534199567,0.03258974982632531,0.40866823806057845,0,6,0,0,0
1280,code_recurrent,0,,,,,,,,,,,,,,,,,,,,,,,,,,,,,,,,,,0.3916487991809845,0.0,0.0,5.839632511138916,0.9085999727249146,0.450045108795166,0,0.4771385131056646,0.15181013126129983,0.03815499386484069,0.3832902915716644,0,6,0,0,0
1300,code_recurrent,0,,,,,,,,,,,,,,,,,,,,,,,,,,,,,,,,,,0.30549612641334534,0.0,0.0,5.839632511138916,0.8567500114440918,0.36389243602752686,0,0.46183362981088255,0.14527142130620113,0.041463633226082916,0.3721260916973863,0,6,0,0,0
1320,code_recurrent,0,,,,,,,,,,,,,,,,,,,,,,,,,,,,,,,,,,0.36923009157180786,0.0,0.0,5.839632511138916,0.8783999681472778,0.42762643098831177,0,0.4736449145985962,0.13925825850622328,0.04418235998526807,0.3357058349109831,0,6,0,0,0
1340,code_recurrent,0,,,,,,,,,,,,,,,,,,,,,,,,,,,,,,,,,,0.3774526119232178,0.0,0.0,5.839632511138916,0.8715000152587891,0.4358489513397217,0,0.4769364791042377,0.16544200990548624,0.03627561531103556,0.42355452187004544,0,6,0,0,0
1360,code_recurrent,0,,,,,,,,,,,,,,,,,,,,,,,,,,,,,,,,,,0.3773566484451294,0.0,0.0,5.839632511138916,0.9085999727249146,0.4357529878616333,0,0.47663241490561237,0.1754667378263548,0.031994186941209056,0.32536526816704914,0,6,0,0,0
1380,code_recurrent,0,,,,,,,,,,,,,,,,,,,,,,,,,,,,,,,,,,0.2926982641220093,0.0,0.0,5.839632511138916,0.8567500114440918,0.3510946035385132,0,0.4754939188469639,0.12924663924578844,0.04063910891981943,0.34840819735139134,0,6,0,0,0
1400,code_recurrent,0,,,,,,,,,,,,,,,,,,,,,,,,,,,,,,,,,,0.3532993197441101,0.0,0.0,5.839632511138916,0.8783999681472778,0.411695659160614,0,0.48995644444320147,0.1662210376733648,0.03111022696017273,0.32160021187294097,0,6,0,0,0
1420,code_recurrent,0,,,,,,,,,,,,,,,,,,,,,,,,,,,,,,,,,,0.3516509532928467,0.0,0.0,5.839632511138916,0.8715000152587891,0.4100472927093506,0,0.49351639751727266,0.18987288883571246,0.03506882424126305,0.4232968014502336,0,6,0,0,0
1440,code_recurrent,0,,,,,,,,,,,,,,,,,,,,,,,,,,,,,,,,,,0.3591916561126709,0.0,0.0,5.839632511138916,0.9085999727249146,0.4175879955291748,0,0.4872043466017952,0.18674069191495488,0.041373114937561614,0.31035066542053036,0,6,0,0,0
1460,code_recurrent,0,,,,,,,,,,,,,,,,,,,,,,,,,,,,,,,,,,0.2791460156440735,0.0,0.0,5.839632511138916,0.8567500114440918,0.3375423550605774,0,0.4694511566131147,0.17350574052293918,0.04248833540265286,0.3209563391490115,0,6,0,0,0
1480,code_recurrent,0,,,,,,,,,,,,,,,,,,,,,,,,,,,,,,,,,,0.3352929949760437,0.0,0.0,5.839632511138916,0.8783999681472778,0.3936893343925476,0,0.4804921320219782,0.13569799744124925,0.03616244866113578,0.3980855718373307,0,6,0,0,0
1500,code_recurrent,0,,,,,,,,,,,,,,,,,,,,,,,,,,,,,,,,,,0.3377765119075775,0.0,0.0,5.839632511138916,0.8715000152587891,0.39617282152175903,0,0.4774249303076833,0.1920181112946011,0.03229490846454624,0.5125264998052328,0,6,0,0,0
1500,,,,-0.10996580798216526,0.9867778848340947,2.682576960181734,,32,8415,0.03193594314942305,1.4593579617615553,4.303195824971373,,32,14382,0.7510986328125,0.5375849146421263,1.3267561338200073,3.7687980606375,,0.049904573994776436,0.8232444142847336,2.277878242467739,,32,6174,,0.07861603186310218,2.0376442743996455,7.6725135564593225,,32,3861,0,0.0,,,,,,,,,,,,,,,,
1520,code_recurrent,0,,,,,,,,,,,,,,,,,,,,,,,,,,,,,,,,,,0.3452939987182617,0.0,0.0,5.839632511138916,0.9085999727249146,0.4036903381347656,0,0.47876117650001165,0.19999084661581687,0.03302338248754423,0.3177709664912924,0,6,0,0,0
1540,code_recurrent,0,,,,,,,,,,,,,,,,,,,,,,,,,,,,,,,,,,0.2647167444229126,0.0,0.0,5.839632511138916,0.8567500114440918,0.3231130838394165,0,0.4777354662205856,0.14300122234063956,0.03959451255698999,0.355402369696706,0,6,0,0,0
1560,code_recurrent,0,,,,,,,,,,,,,,,,,,,,,,,,,,,,,,,,,,0.3196738660335541,0.0,0.0,5.839632511138916,0.8783999681472778,0.3780701756477356,0,0.48622520764114424,0.1730742074952494,0.037744458222998274,0.3600083938903279,0,6,0,0,0
1580,code_recurrent,0,,,,,,,,,,,,,,,,,,,,,,,,,,,,,,,,,,0.3219308853149414,0.0,0.0,5.839632511138916,0.8715000152587891,0.3803272247314453,0,0.47054061160540783,0.18205880595840945,0.030467247682076596,0.6613423328905824,0,6,0,0,0
1600,code_recurrent,0,,,,,,,,,,,,,,,,,,,,,,,,,,,,,,,,,,0.33248576521873474,0.0,0.0,5.839632511138916,0.9085999727249146,0.39088207483291626,0,0.4720709978748321,0.17082882359682117,0.03826139243319631,0.34486351870591675,0,6,0,0,0
1620,code_recurrent,0,,,,,,,,,,,,,,,,,,,,,,,,,,,,,,,,,,0.2600628137588501,0.0,0.0,5.839632511138916,0.8567500114440918,0.318459153175354,0,0.4731856133595607,0.17865508028938035,0.03125291548240634,0.40910958553117416,0,6,0,0,0
1640,code_recurrent,0,,,,,,,,,,,,,,,,,,,,,,,,,,,,,,,,,,0.3107406497001648,0.0,0.0,5.839632511138916,0.8783999681472778,0.3691369891166687,0,0.468188428303241,0.16026730028430133,0.035271840532206826,0.3316503896363198,0,6,0,0,0
1660,code_recurrent,0,,,,,,,,,,,,,,,,,,,,,,,,,,,,,,,,,,0.3134852647781372,0.0,0.0,5.839632511138916,0.8715000152587891,0.3718816041946411,0,0.4749867868287341,0.16537915844466106,0.04449847397645788,0.5000401486480047,0,6,0,0,0
1680,code_recurrent,0,,,,,,,,,,,,,,,,,,,,,,,,,,,,,,,,,,0.33046841621398926,0.0,0.0,5.839632511138916,0.9085999727249146,0.38886475563049316,0,0.4764666314313545,0.13777878901289245,0.037703007742733,0.4033911731448912,0,6,0,0,0
1700,code_recurrent,0,,,,,,,,,,,,,,,,,,,,,,,,,,,,,,,,,,0.2514885663986206,0.0,0.0,5.839632511138916,0.8567500114440918,0.3098849058151245,0,0.4622860879263961,0.15744699695538397,0.03692090283591477,0.4454475009606944,0,6,0,0,0
1720,code_recurrent,0,,,,,,,,,,,,,,,,,,,,,,,,,,,,,,,,,,0.29472213983535767,0.0,0.0,5.839632511138916,0.8783999681472778,0.3531184792518616,0,0.47719085291564634,0.15078690450796525,0.04096235386982915,0.3535307211121396,0,6,0,0,0
1740,code_recurrent,0,,,,,,,,,,,,,,,,,,,,,,,,,,,,,,,,,,0.28720876574516296,0.0,0.0,5.839632511138916,0.8715000152587891,0.3456050753593445,0,0.49096004209782607,0.15598798300405697,0.03145030193134314,0.49359391900518584,0,6,0,0,0
1750,,,,-0.10199399280604748,0.9947497000102125,2.7040474335229883,,32,8415,0.03977103744589594,1.4671930560580282,4.337044199480436,,32,14382,0.7510986328125,0.5375849146421263,1.335283876873075,3.8010748305141133,,0.05280147264565238,0.8261413129356096,2.2844865921133395,,32,6174,,0.09402319595190711,2.0530514384884504,7.7916405800686,,32,3861,0,0.0,,,,,,,,,,,,,,,,
1760,code_recurrent,0,,,,,,,,,,,,,,,,,,,,,,,,,,,,,,,,,,0.32590681314468384,0.0,0.0,5.839632511138916,0.9085999727249146,0.38430315256118774,0,0.48057767186523964,0.18634442763660836,0.03826738137175285,0.4296619947999716,0,6,0,0,0
1780,code_recurrent,0,,,,,,,,,,,,,,,,,,,,,,,,,,,,,,,,,,0.24668431282043457,0.0,0.0,5.839632511138916,0.8567500114440918,0.3050806522369385,0,0.47583611886522864,0.16193117992952466,0.03874101105722643,0.4837644964101769,0,6,0,0,0
1800,code_recurrent,0,,,,,,,,,,,,,,,,,,,,,,,,,,,,,,,,,,0.27879035472869873,0.0,0.0,5.839632511138916,0.8783999681472778,0.33718669414520264,0,0.489028378993771,0.17494782532282574,0.03909146903407952,0.3307027604549177,0,6,0,0,0
1820,code_recurrent,0,,,,,,,,,,,,,,,,,,,,,,,,,,,,,,,,,,0.2697144150733948,0.0,0.0,5.839632511138916,0.8715000152587891,0.3281107544898987,0,0.4902139665483583,0.17325504233096062,0.03997013222514873,0.5016673540134752,0,6,0,0,0
1840,code_recurrent,0,,,,,,,,,,,,,,,,,,,,,,,,,,,,,,,,,,0.30447280406951904,0.0,0.0,5.839632511138916,0.9085999727249146,0.36286914348602295,0,0.4893830748340688,0.15341591057118162,0.03512407510822255,0.3490577709816751,0,6,0,0,0
1860,code_recurrent,0,,,,,,,,,,,,,,,,,,,,,,,,,,,,,,,,,,0.22771510481834412,0.0,0.0,5.839632511138916,0.8567500114440918,0.28611141443252563,0,0.4937509995842446,0.15515851384718968,0.03627050995811938,0.3451710158692939,0,6,0,0,0
1880,code_recurrent,0,,,,,,,,,,,,,,,,,,,,,,,,,,,,,,,,,,0.26218903064727783,0.0,0.0,5.839632511138916,0.8783999681472778,0.32058537006378174,0,0.4636756752471958,0.15426964433780604,0.04697206633549834,0.370837454231722,0,6,0,0,0
1900,code_recurrent,0,,,,,,,,,,,,,,,,,,,,,,,,,,,,,,,,,,0.24900168180465698,0.0,0.0,5.839632511138916,0.8715000152587891,0.3073980212211609,0,0.4654014927732745,0.14477362999293422,0.03795458421569377,0.416514951629298,0,6,0,0,0
1920,code_recurrent,0,,,,,,,,,,,,,,,,,,,,,,,,,,,,,,,,,,0.29122230410575867,0.0,0.0,5.839632511138916,0.9085999727249146,0.3496186137199402,0,0.45228160246711596,0.19119201993037546,0.034171792321528,0.3178450318851641,0,6,0,0,0
1940,code_recurrent,0,,,,,,,,,,,,,,,,,,,,,,,,,,,,,,,,,,0.21574099361896515,0.0,0.0,5.839632511138916,0.8567500114440918,0.27413731813430786,0,0.4684220533819132,0.167876182656203,0.03338033582143012,0.33579454204984127,0,6,0,0,0
1960,code_recurrent,0,,,,,,,,,,,,,,,,,,,,,,,,,,,,,,,,,,0.2562173008918762,0.0,0.0,5.839632511138916,0.8783999681472778,0.3146136403083801,0,0.47822104525055525,0.1625479303766042,0.03610784880269969,0.32968569990424884,0,6,0,0,0
1980,code_recurrent,0,,,,,,,,,,,,,,,,,,,,,,,,,,,,,,,,,,0.23433753848075867,0.0,0.0,5.839632511138916,0.8715000152587891,0.2927338480949402,0,0.4740361320331513,0.13931897510857588,0.04246603700494955,0.5879229146100226,0,6,0,0,0
1999,,,0.171875,-0.09547834300031566,1.0012653498159443,2.72172358292284,,32,8415,0.045634461085797495,1.4730564796979297,4.362548826112173,0.06067020998198713,32,14382,0.7510986328125,0.5375849146421263,1.3414993586452104,3.8247739161594896,0.046875,0.05406171417483474,0.8274015544647919,2.2873674118726517,,32,6174,0.015625,0.10524580806563222,2.0642740506021755,7.879575647677697,,32,3861,0,0.0,,,,,,,,,,,,,,,,
2000,novel_inject,0,,,,,,,,,,,,,,,,,,,,,,,,,,,,,,,,,,1.0999656915664673,0.0,0.0,5.839632511138916,0.8246999979019165,1.1583620309829712,0,0.05529994615423499,0.02075279573390227,0.04264580048325043,0.8521918693232158,0,6,0,0,0
2000,,,,-0.0957128732174688,1.0010308195987911,2.7210853313474725,,32,8415,0.0451354683398737,1.472557486952006,4.360372488927596,,32,14382,0.7510986328125,0.5375849146421263,1.3414055692968652,3.824415209928,,0.054572722963580844,0.827912563253538,2.2885365754241933,,32,6174,,0.10509316484658271,2.064121407383126,7.87837297567829,,32,3861,0,0.0,,,,,,,,,,,,,,,,
2020,novel_inject,0,,,,,,,,,,,,,,,,,,,,,,,,,,,,,,,,,,1.1177231073379517,0.0,0.0,5.839632511138916,0.8252000212669373,1.1761194467544556,0,0.2630829424086685,0.16638760117348284,0.04576042345577171,0.6417743185328113,0,6,0,0,0
2040,novel_inject,0,,,,,,,,,,,,,,,,,,,,,,,,,,,,,,,,,,1.0857723951339722,0.0,0.0,5.839632511138916,0.7865500450134277,1.144168734550476,0,0.12951189685446843,0.18204896406470134,0.03864037924194857,0.6577425902325009,0,6,0,0,0
2060,novel_inject,0,,,,,,,,,,,,,,,,,,,,,,,,,,,,,,,,,,1.124658226966858,0.0,0.0,5.839632511138916,0.8284000158309937,1.1830545663833618,0,0.2615316879620119,0.1635411819775722,0.04300361835279516,0.600859032689579,0,6,0,0,0
2080,novel_inject,0,,,,,,,,,,,,,,,,,,,,,,,,,,,,,,,,,,1.0969070196151733,0.0,0.0,5.839632511138916,0.788349986076355,1.1553033590316772,0,0.2637313109613748,0.18647329002020083,0.04135266514125442,0.5189062789319053,0,6,0,0,0
2100,novel_inject,0,,,,,,,,,,,,,,,,,,,,,,,,,,,,,,,,,,1.0858287811279297,0.0,0.0,5.839632511138916,0.7880499958992004,1.1442251205444336,0,0.26213701862970223,0.13153216951676377,0.03781522847416382,0.6082871510159401,0,6,0,0,0
2120,novel_inject,0,,,,,,,,,,,,,,,,,,,,,,,,,,,,,,,,,,1.210494875907898,0.0,0.0,5.839632511138916,0.7863500118255615,1.2688912153244019,0,0.25607504753141286,0.11201737308874726,0.029342099339036004,0.5480441454857115,0,6,0,0,0
2140,novel_inject,0,,,,,,,,,,,,,,,,,,,,,,,,,,,,,,,,,,1.0310126543045044,0.0,0.0,5.839632511138916,0.824999988079071,1.0894089937210083,0,0.25523428159969874,0.09367352669817462,0.03458956584984821,0.5280057057383515,0,6,0,0,0
2149,,,0.171875,-0.09762564175764998,0.99911805105861,2.7158854995532358,-0.002147298757334326,32,8415,0.007518001763815008,1.4349400203759473,4.199393123213218,,32,14382,0.7510986328125,0.5375849146421263,1.326980009876695,3.7696418987398164,0.015625,0.035953540264459516,0.8092933805544167,2.2463201322516797,,32,6174,0.046875,0.10554034498126308,2.0645685875178064,7.881896815403455,,32,3861,0,0.0,,,,,,,,,,,,,,,,
2160,math_recurrent,0,,,,,,,,,,,,,,,,,,,,,,,,,,,,,,,,,,1.3931307792663574,0.0,0.0,5.839632511138916,0.8757500052452087,1.4515271186828613,0,0.12005039925607586,0.31863289003792616,0.10807620475571307,2.384860510722039,0,6,0,0,0
2180,math_recurrent,0,,,,,,,,,,,,,,,,,,,,,,,,,,,,,,,,,,1.2184064388275146,0.0,0.0,5.839632511138916,0.8689000010490417,1.2768027782440186,0,0.325184941505838,0.26718052932327346,0.10423624414418424,1.4972894852596617,0,6,0,0,0
2200,math_recurrent,0,,,,,,,,,,,,,,,,,,,,,,,,,,,,,,,,,,0.8139238953590393,0.0,0.0,5.839632511138916,0.8999999761581421,0.8723202347755432,0,0.33134564072940825,0.1122378355357796,0.06717555647982018,0.8691015484314116,0,6,0,0,0
2220,math_recurrent,0,,,,,,,,,,,,,,,,,,,,,,,,,,,,,,,,,,0.946539580821991,0.0,0.0,5.839632511138916,0.8944000005722046,1.00493586063385,0,0.3504347410728032,0.17276132504256175,0.06628390647589213,1.1536407486313867,0,6,0,0,0
2240,math_recurrent,0,,,,,,,,,,,,,,,,,,,,,,,,,,,,,,,,,,0.8474383354187012,0.0,0.0,5.839632511138916,0.8757500052452087,0.9058346748352051,0,0.32243363439945977,0.08858384494669735,0.04753608277274503,0.76069566730469,0,6,0,0,0
2250,,,,-0.07582587130496132,1.0209178215112986,2.7757412301956665,,32,8415,0.02572130636385772,1.45314332497599,4.276535952418448,,32,14382,0.7510986328125,0.5375849146421263,1.2561083074939816,3.511728293115426,,-0.19701023676420903,0.5763296035257481,1.7794949774709043,,32,6174,,0.015014237426346888,1.9740424799628902,7.199722473723146,,32,3861,0,0.0,,,,,,,,,,,,,,,,
2260,math_recurrent,0,,,,,,,,,,,,,,,,,,,,,,,,,,,,,,,,,,0.8221513628959656,0.0,0.0,5.839632511138916,0.8689000010490417,0.8805477023124695,0,0.36020844512504263,0.01338406368034027,0.03866105559503748,0.6313617027704678,0,6,0,0,0
2280,math_recurrent,0,,,,,,,,,,,,,,,,,,,,,,,,,,,,,,,,,,0.6262781023979187,0.0,0.0,5.839632511138916,0.8999999761581421,0.6846744418144226,0,0.36523486114053677,0.020038671959939944,0.03709285845758305,0.6669595049132431,0,6,0,0,0
2300,math_recurrent,0,,,,,,,,,,,,,,,,,,,,,,,,,,,,,,,,,,0.7419087290763855,0.0,0.0,5.839632511138916,0.8944000005722046,0.8003050684928894,0,0.3696694080714469,0.01564630392074053,0.03348217494490128,0.7839020413538765,0,6,0,0,0
2320,math_recurrent,0,,,,,,,,,,,,,,,,,,,,,,,,,,,,,,,,,,0.71861732006073,0.0,0.0,5.839632511138916,0.8757500052452087,0.7770136594772339,0,0.3723792787667769,0.11632349446465794,0.041088092362596876,0.5682268697827582,0,6,0,0,0
2340,math_recurrent,0,,,,,,,,,,,,,,,,,,,,,,,,,,,,,,,,,,0.7255685329437256,0.0,0.0,5.839632511138916,0.8689000010490417,0.7839648723602295,0,0.3846707479953734,0.04522271628957242,0.03718601769752918,0.5197575630649688,0,6,0,0,0
2360,math_recurrent,0,,,,,,,,,,,,,,,,,,,,,,,,,,,,,,,,,,0.5483585596084595,0.0,0.0,5.839632511138916,0.8999999761581421,0.6067548990249634,0,0.38987028065860374,0.056428523131346865,0.03770321628285779,0.5352322319079013,0,6,0,0,0
2380,math_recurrent,0,,,,,,,,,,,,,,,,,,,,,,,,,,,,,,,,,,0.6286756992340088,0.0,0.0,5.839632511138916,0.8944000005722046,0.6870720386505127,0,0.3924954525768563,0.011323251507876973,0.03782159054710988,0.6221528341845861,0,6,0,0,0
2400,math_recurrent,0,,,,,,,,,,,,,,,,,,,,,,,,,,,,,,,,,,0.6531646251678467,0.0,0.0,5.839632511138916,0.8757500052452087,0.7115609645843506,0,0.40126291085459653,0.11303196584257032,0.0337840753297011,0.48170823354333164,0,6,0,0,0
2420,math_recurrent,0,,,,,,,,,,,,,,,,,,,,,,,,,,,,,,,,,,0.6614231467247009,0.0,0.0,5.839632511138916,0.8689000010490417,0.7198194861412048,0,0.40344793799217343,-0.023601100355985442,0.03901493447123184,0.5963081269746734,0,6,0,0,0
2440,math_recurrent,0,,,,,,,,,,,,,,,,,,,,,,,,,,,,,,,,,,0.5055755972862244,0.0,0.0,5.839632511138916,0.8999999761581421,0.5639719367027283,0,0.4072809113702747,0.012258821519416025,0.029057861691606898,0.522355824649807,0,6,0,0,0
2460,math_recurrent,0,,,,,,,,,,,,,,,,,,,,,,,,,,,,,,,,,,0.5715354084968567,0.0,0.0,5.839632511138916,0.8944000005722046,0.6299317479133606,0,0.40817764955784563,0.07200322837992904,0.03390894874649507,0.5587376929228268,0,6,0,0,0
2480,math_recurrent,0,,,,,,,,,,,,,,,,,,,,,,,,,,,,,,,,,,0.6113482713699341,0.0,0.0,5.839632511138916,0.8757500052452087,0.669744610786438,0,0.4112972333694748,0.042913931696343104,0.03002609492885688,0.4385919658674134,0,6,0,0,0
2500,math_recurrent,0,,,,,,,,,,,,,,,,,,,,,,,,,,,,,,,,,,0.6197687387466431,0.0,0.0,5.839632511138916,0.8689000010490417,0.678165078163147,0,0.4149899941265459,-0.026761394759107913,0.02656288837629651,0.44077235295895545,0,6,0,0,0
2500,,,,-0.05861482761902104,1.038128865197239,2.8239281175939377,,32,8415,0.031037900497909776,1.458459919110042,4.2993331062854,,32,14382,0.7510986328125,0.5375849146421263,1.2568261266278271,3.514249983827734,,-0.22231843612863678,0.5510214041613204,1.7350242741427404,,32,6174,,0.020666075506163395,1.9796943180427067,7.240529347660895,,32,3861,0,0.0,,,,,,,,,,,,,,,,
2520,math_recurrent,0,,,,,,,,,,,,,,,,,,,,,,,,,,,,,,,,,,0.465798556804657,0.0,0.0,5.839632511138916,0.8999999761581421,0.5241948962211609,0,0.4189086172387279,0.07149039096215606,0.031136962982072008,0.5212145644994008,0,6,0,0,0
2540,math_recurrent,0,,,,,,,,,,,,,,,,,,,,,,,,,,,,,,,,,,0.5265195965766907,0.0,0.0,5.839632511138916,0.8944000005722046,0.5849159359931946,0,0.4193400582230264,0.07971726521334078,0.03305552674176556,0.4849509538402633,0,6,0,0,0
2560,math_recurrent,0,,,,,,,,,,,,,,,,,,,,,,,,,,,,,,,,,,0.581407368183136,0.0,0.0,5.839632511138916,0.8757500052452087,0.6398037075996399,0,0.42425776993577907,0.07725591311879855,0.03931757434833026,0.40630992151915085,0,6,0,0,0
2580,math_recurrent,0,,,,,,,,,,,,,,,,,,,,,,,,,,,,,,,,,,0.5832510590553284,0.0,0.0,5.839632511138916,0.8689000010490417,0.6416473984718323,0,0.4249979955765203,0.0319403413616653,0.03340722473619121,0.4149317166989758,0,6,0,0,0
2600,math_recurrent,0,,,,,,,,,,,,,,,,,,,,,,,,,,,,,,,,,,0.43511608242988586,0.0,0.0,5.839632511138916,0.8999999761581421,0.4935123920440674,0,0.42705405613514663,-0.0019697979940766735,0.02504197005847735,0.388881002224627,0,6,0,0,0
2620,math_recurrent,0,,,,,,,,,,,,,,,,,,,,,,,,,,,,,,,,,,0.49317631125450134,0.0,0.0,5.839632511138916,0.8944000005722046,0.5515726208686829,0,0.42988958144603523,0.037329299610324336,0.028396438887815866,0.46697940203169036,0,6,0,0,0
2640,math_recurrent,0,,,,,,,,,,,,,,,,,,,,,,,,,,,,,,,,,,0.5568820238113403,0.0,0.0,5.839632511138916,0.8757500052452087,0.6152783632278442,0,0.4307209819230238,0.061392869232804514,0.02860106535862008,0.39857495554855893,0,6,0,0,0
2660,math_recurrent,0,,,,,,,,,,,,,,,,,,,,,,,,,,,,,,,,,,0.5567669868469238,0.0,0.0,5.839632511138916,0.8689000010490417,0.6151633262634277,0,0.4316391932942172,0.04914891699861203,0.02841766105802168,0.41113672731887724,0,6,0,0,0
2680,math_recurrent,0,,,,,,,,,,,,,,,,,,,,,,,,,,,,,,,,,,0.42155227065086365,0.0,0.0,5.839632511138916,0.8999999761581421,0.47994858026504517,0,0.4338708588841716,0.0016737256103494605,0.02466684292987107,0.39185642422664735,0,6,0,0,0
2700,math_recurrent,0,,,,,,,,,,,,,,,,,,,,,,,,,,,,,,,,,,0.4640076756477356,0.0,0.0,5.839632511138916,0.8944000005722046,0.5224040150642395,0,0.4337389626426487,0.07743889047248688,0.032237368937404386,0.4411511404410241,0,6,0,0,0
2720,math_recurrent,0,,,,,,,,,,,,,,,,,,,,,,,,,,,,,,,,,,0.5372289419174194,0.0,0.0,5.839632511138916,0.8757500052452087,0.5956252813339233,0,0.43711325508290055,0.035230627620226836,0.02681712650856565,0.36414600503113537,0,6,0,0,0
2740,math_recurrent,0,,,,,,,,,,,,,,,,,,,,,,,,,,,,,,,,,,0.5318713188171387,0.0,0.0,5.839632511138916,0.8689000010490417,0.5902676582336426,0,0.44024294253894364,-0.012275465662241913,0.024226394810876437,0.4056713491796501,0,6,0,0,0
2750,,,,-0.05386096140634278,1.0428827314099172,2.837384654003803,,32,8415,0.034307792577636276,1.4617298111897685,4.313414471282965,,32,14382,0.7510986328125,0.5375849146421263,1.258793198008663,3.5211695678226445,,-0.229393250045554,0.5439465902444032,1.7227926196208647,,32,6174,,0.027585416654020145,1.9866136591905634,7.290802769206196,,32,3861,0,0.0,,,,,,,,,,,,,,,,
2760,math_recurrent,0,,,,,,,,,,,,,,,,,,,,,,,,,,,,,,,,,,0.40340033173561096,0.0,0.0,5.839632511138916,0.8999999761581421,0.4617966413497925,0,0.4411304287797158,0.030162126148102937,0.024937273978093078,0.35968432841556414,0,6,0,0,0
2780,math_recurrent,0,,,,,,,,,,,,,,,,,,,,,,,,,,,,,,,,,,0.43748554587364197,0.0,0.0,5.839632511138916,0.8944000005722046,0.4958818554878235,0,0.4400882354331664,0.10395281759805844,0.029418452920037367,0.4302206005841967,0,6,0,0,0
2800,math_recurrent,0,,,,,,,,,,,,,,,,,,,,,,,,,,,,,,,,,,0.5211889147758484,0.0,0.0,5.839632511138916,0.8757500052452087,0.5795852541923523,0,0.43972437434580586,0.06129494744943388,0.027479739980919966,0.3705196837702441,0,6,0,0,0
2820,math_recurrent,0,,,,,,,,,,,,,,,,,,,,,,,,,,,,,,,,,,0.5050970315933228,0.0,0.0,5.839632511138916,0.8689000010490417,0.5634933710098267,0,0.4442857060398822,-0.0007004756043897942,0.030332724126942812,0.38552554744103595,0,6,0,0,0
2840,math_recurrent,0,,,,,,,,,,,,,,,,,,,,,,,,,,,,,,,,,,0.38797906041145325,0.0,0.0,5.839632511138916,0.8999999761581421,0.44637537002563477,0,0.4477835898631098,0.07831596736338854,0.03062288400953606,0.3330697641604477,0,6,0,0,0
2860,math_recurrent,0,,,,,,,,,,,,,,,,,,,,,,,,,,,,,,,,,,0.42295730113983154,0.0,0.0,5.839632511138916,0.8944000005722046,0.48135364055633545,0,0.4454568130270374,0.1193405516013237,0.027069930008627358,0.46767518726133167,0,6,0,0,0
2880,math_recurrent,0,,,,,,,,,,,,,,,,,,,,,,,,,,,,,,,,,,0.5051807761192322,0.0,0.0,5.839632511138916,0.8757500052452087,0.5635771155357361,0,0.4469251937670587,0.030329270219746313,0.03043678643788019,0.3669407121364086,0,6,0,0,0
2900,math_recurrent,0,,,,,,,,,,,,,,,,,,,,,,,,,,,,,,,,,,0.4898110330104828,0.0,0.0,5.839632511138916,0.8689000010490417,0.5482073426246643,0,0.44615705914501785,0.062444650769716,0.03351067385843231,0.3748583791747926,0,6,0,0,0
2920,math_recurrent,0,,,,,,,,,,,,,,,,,,,,,,,,,,,,,,,,,,0.37674030661582947,0.0,0.0,5.839632511138916,0.8999999761581421,0.435136616230011,0,0.4498119569056006,0.07378854773456364,0.03559009126195359,0.3234609135796153,0,6,0,0,0
2940,math_recurrent,0,,,,,,,,,,,,,,,,,,,,,,,,,,,,,,,,,,0.4051125943660736,0.0,0.0,5.839632511138916,0.8944000005722046,0.4635089039802551,0,0.45052643938383846,0.0990964811228748,0.03149805382367164,0.41918424571317336,0,6,0,0,0
2960,math_recurrent,0,,,,,,,,,,,,,,,,,,,,,,,,,,,,,,,,,,0.48955634236335754,0.0,0.0,5.839632511138916,0.8757500052452087,0.5479526519775391,0,0.4511177895788225,0.07757301483070478,0.03078197814923312,0.360907449112052,0,6,0,0,0
2980,math_recurrent,0,,,,,,,,,,,,,,,,,,,,,,,,,,,,,,,,,,0.4729594886302948,0.0,0.0,5.839632511138916,0.8689000010490417,0.5313557982444763,0,0.4525766155199437,0.04617427454546227,0.030522181893447565,0.3705259395142396,0,6,0,0,0
3000,math_recurrent,0,,,,,,,,,,,,,,,,,,,,,,,,,,,,,,,,,,0.367110013961792,0.0,0.0,5.839632511138916,0.8999999761581421,0.4255063533782959,0,0.4522848228199807,0.03198425744942922,0.03395034723161232,0.3191398684467588,0,6,0,0,0
3000,,,,-0.04690839344734088,1.049835299368919,2.8571804998772294,,32,8415,0.0368950347412349,1.4643170533533671,4.3245887681449116,,32,14382,0.7510986328125,0.5375849146421263,1.2634174939769744,3.537490204703012,,-0.22739823134075998,0.5459416089491972,1.7262330538456991,,32,6174,,0.034547771699871443,1.9935760142364147,7.341741046072519,,32,3861,0,0.0,,,,,,,,,,,,,,,,
3020,math_recurrent,0,,,,,,,,,,,,,,,,,,,,,,,,,,,,,,,,,,0.39497923851013184,0.0,0.0,5.839632511138916,0.8944000005722046,0.45337557792663574,0,0.45269596956885866,0.0931260561545579,0.027307602264253158,0.4283856306520719,0,6,0,0,0
3040,math_recurrent,0,,,,,,,,,,,,,,,,,,,,,,,,,,,,,,,,,,0.4793211817741394,0.0,0.0,5.839632511138916,0.8757500052452087,0.5377175211906433,0,0.45415964241603557,0.045314795584999956,0.03344015213439152,0.36361979579641707,0,6,0,0,0
3060,math_recurrent,0,,,,,,,,,,,,,,,,,,,,,,,,,,,,,,,,,,0.45696666836738586,0.0,0.0,5.839632511138916,0.8689000010490417,0.5153629779815674,0,0.4521515177687151,0.062243569014494175,0.032059051781626685,0.3612875479554373,0,6,0,0,0
3080,math_recurrent,0,,,,,,,,,,,,,,,,,,,,,,,,,,,,,,,,,,0.3570263683795929,0.0,0.0,5.839632511138916,0.8999999761581421,0.4154226779937744,0,0.4552418526802081,0.042004018213317194,0.03326072821260563,0.3126923465480407,0,6,0,0,0
3100,math_recurrent,0,,,,,,,,,,,,,,,,,,,,,,,,,,,,,,,,,,0.39116233587265015,0.0,0.0,5.839632511138916,0.8944000005722046,0.44955867528915405,0,0.45602106757320454,0.09608692271701459,0.037745066171896366,0.44600273435787546,0,6,0,0,0
3120,math_recurrent,0,,,,,,,,,,,,,,,,,,,,,,,,,,,,,,,,,,0.4626595377922058,0.0,0.0,5.839632511138916,0.8757500052452087,0.5210558772087097,0,0.4578438495952833,0.08825555820242569,0.026652519702024403,0.3567734920316273,0,6,0,0,0
3140,math_recurrent,0,,,,,,,,,,,,,,,,,,,,,,,,,,,,,,,,,,0.4396499991416931,0.0,0.0,5.839632511138916,0.8689000010490417,0.498046338558197,0,0.45626263828219477,0.06619633120966942,0.029128677248659116,0.35152397012663267,0,6,0,0,0
3160,math_recurrent,0,,,,,,,,,,,,,,,,,,,,,,,,,,,,,,,,,,0.34969741106033325,0.0,0.0,5.839632511138916,0.8999999761581421,0.40809375047683716,0,0.47175398388096357,0.05336819266085513,0.02628876441897499,0.3107411609459964,0,6,0,0,0
3180,math_recurrent,0,,,,,,,,,,,,,,,,,,,,,,,,,,,,,,,,,,0.37832117080688477,0.0,0.0,5.839632511138916,0.8944000005722046,0.43671751022338867,0,0.4935712617150446,0.10618855350600954,0.03583800708431573,0.4292772816523673,0,6,0,0,0
3200,math_recurrent,0,,,,,,,,,,,,,,,,,,,,,,,,,,,,,,,,,,0.45342618227005005,0.0,0.0,5.839632511138916,0.8757500052452087,0.511822521686554,0,0.5156974799866735,0.04829297777281941,0.02597828817568601,0.35468639786990863,0,6,0,0,0
3220,math_recurrent,0,,,,,,,,,,,,,,,,,,,,,,,,,,,,,,,,,,0.42616602778434753,0.0,0.0,5.839632511138916,0.8689000010490417,0.48456233739852905,0,0.5264941280932601,0.04234982801218783,0.036945037695298354,0.4049787898385335,0,6,0,0,0
3240,math_recurrent,0,,,,,,,,,,,,,,,,,,,,,,,,,,,,,,,,,,0.33858177065849304,0.0,0.0,5.839632511138916,0.8999999761581421,0.39697808027267456,0,0.5289075440162684,0.061763102533794675,0.028355009719315503,0.3015908843882027,0,6,0,0,0
3250,,,,-0.04299647874656487,1.053747214069695,2.868379436638633,,32,8415,0.04072878268245472,1.468150801294587,4.341199972671556,,32,14382,0.7510986328125,0.5375849146421263,1.2674439461344444,3.5517624537515737,,-0.22448497904439868,0.5488548612455585,1.7312693386761153,,32,6174,,0.03999466539139385,1.9990229079279371,7.381839836846712,,32,3861,0,0.0,,,,,,,,,,,,,,,,
3260,math_recurrent,0,,,,,,,,,,,,,,,,,,,,,,,,,,,,,,,,,,0.3689650297164917,0.0,0.0,5.839632511138916,0.8944000005722046,0.4273613691329956,0,0.5171651983257959,0.07352649532757434,0.03157842399419419,0.4046650814986418,0,6,0,0,0
3280,math_recurrent,0,,,,,,,,,,,,,,,,,,,,,,,,,,,,,,,,,,0.44112351536750793,0.0,0.0,5.839632511138916,0.8757500052452087,0.49951982498168945,0,0.5112910313169391,0.04484830044176696,0.03735161052188939,0.34344369766731114,0,6,0,0,0
3300,math_recurrent,0,,,,,,,,,,,,,,,,,,,,,,,,,,,,,,,,,,0.4254300594329834,0.0,0.0,5.839632511138916,0.8689000010490417,0.4838263988494873,0,0.5175441220500209,0.06411481750131186,0.02945968809034971,0.3520114796738776,0,6,0,0,0
3320,math_recurrent,0,,,,,,,,,,,,,,,,,,,,,,,,,,,,,,,,,,0.3326670229434967,0.0,0.0,5.839632511138916,0.8999999761581421,0.3910633325576782,0,0.5131910635851779,0.06934089188663554,0.026335814022385173,0.29502328789186855,0,6,0,0,0
3340,math_recurrent,0,,,,,,,,,,,,,,,,,,,,,,,,,,,,,,,,,,0.3532646894454956,0.0,0.0,5.839632511138916,0.8944000005722046,0.4116610288619995,0,0.5078905429348611,0.1159263584247258,0.02966729320866603,0.3643282685487989,0,6,0,0,0
3360,math_recurrent,0,,,,,,,,,,,,,,,,,,,,,,,,,,,,,,,,,,0.4307141900062561,0.0,0.0,5.839632511138916,0.8757500052452087,0.48911052942276,0,0.5048998826431852,0.04003123655690745,0.031171641535022193,0.34614244387263343,0,6,0,0,0
3380,math_recurrent,0,,,,,,,,,,,,,,,,,,,,,,,,,,,,,,,,,,0.40766987204551697,0.0,0.0,5.839632511138916,0.8689000010490417,0.4660661816596985,0,0.5120888567203484,0.07512630028733318,0.02600229869907101,0.35733350093166033,0,6,0,0,0
3400,math_recurrent,0,,,,,,,,,,,,,,,,,,,,,,,,,,,,,,,,,,0.32292506098747253,0.0,0.0,5.839632511138916,0.8999999761581421,0.38132137060165405,0,0.5078949884522241,0.0661875866551002,0.03772589652872984,0.28678276698504174,0,6,0,0,0
3420,math_recurrent,0,,,,,,,,,,,,,,,,,,,,,,,,,,,,,,,,,,0.3446255922317505,0.0,0.0,5.839632511138916,0.8944000005722046,0.4030219316482544,0,0.5008305434663199,0.05202928533045841,0.04385640982922817,0.35967892935824775,0,6,0,0,0
3440,math_recurrent,0,,,,,,,,,,,,,,,,,,,,,,,,,,,,,,,,,,0.4217315912246704,0.0,0.0,5.839632511138916,0.8757500052452087,0.4801279306411743,0,0.50108100396535,0.079995097230754,0.02812935317836938,0.3438334269301286,0,6,0,0,0
3460,math_recurrent,0,,,,,,,,,,,,,,,,,,,,,,,,,,,,,,,,,,0.39014819264411926,0.0,0.0,5.839632511138916,0.8689000010490417,0.4485445022583008,0,0.5063161274490421,0.09108231745943028,0.030257024231647688,0.32202511998632594,0,6,0,0,0
3480,math_recurrent,0,,,,,,,,,,,,,,,,,,,,,,,,,,,,,,,,,,0.31892457604408264,0.0,0.0,5.839632511138916,0.8999999761581421,0.37732088565826416,0,0.4985757939765431,0.043919736365621374,0.03249547500163317,0.2841837244019622,0,6,0,0,0
3500,math_recurrent,0,,,,,,,,,,,,,,,,,,,,,,,,,,,,,,,,,,0.3348102569580078,0.0,0.0,5.839632511138916,0.8944000005722046,0.3932065963745117,0,0.4897041013008326,0.12611812489506388,0.02511619178666955,0.36164917573332783,0,6,0,0,0
3500,,,,-0.038358445147708586,1.0583852476685514,2.881713975957064,,32,8415,0.042546214587896536,1.4699682332000288,4.3490969819744345,,32,14382,0.7510986328125,0.5375849146421263,1.2707913493001894,3.563671555795949,,-0.22361738812317156,0.5497224521667856,1.7327720240003643,,32,6174,,0.046061221628848514,2.005089464165392,7.426758295769928,,32,3861,0,0.0,,,,,,,,,,,,,,,,
3520,math_recurrent,0,,,,,,,,,,,,,,,,,,,,,,,,,,,,,,,,,,0.41457948088645935,0.0,0.0,5.839632511138916,0.8757500052452087,0.47297579050064087,0,0.488336575751493,0.06342085571668576,0.027916596042701886,0.34332171760144686,0,6,0,0,0
3540,math_recurrent,0,,,,,,,,,,,,,,,,,,,,,,,,,,,,,,,,,,0.37515342235565186,0.0,0.0,5.839632511138916,0.8689000010490417,0.43354976177215576,0,0.4902745571203822,0.11996035382513323,0.03292801333295684,0.3168193389972051,0,6,0,0,0
3560,math_recurrent,0,,,,,,,,,,,,,,,,,,,,,,,,,,,,,,,,,,0.31282374262809753,0.0,0.0,5.839632511138916,0.8999999761581421,0.37122005224227905,0,0.48925794785629473,0.09402527559931124,0.0330298059930404,0.28082350202732614,0,6,0,0,0
3580,math_recurrent,0,,,,,,,,,,,,,,,,,,,,,,,,,,,,,,,,,,0.3265092968940735,0.0,0.0,5.839632511138916,0.8944000005722046,0.3849056363105774,0,0.48428496758486456,0.12492042612783345,0.03352598752678623,0.36028128029808165,0,6,0,0,0
3600,math_recurrent,0,,,,,,,,,,,,,,,,,,,,,,,,,,,,,,,,,,0.40870997309684753,0.0,0.0,5.839632511138916,0.8757500052452087,0.46710628271102905,0,0.48153466752499885,0.04601619158971256,0.04172323905375032,0.34636159389028476,0,6,0,0,0
3620,math_recurrent,0,,,,,,,,,,,,,,,,,,,,,,,,,,,,,,,,,,0.367987722158432,0.0,0.0,5.839632511138916,0.8689000010490417,0.4263840317726135,0,0.4792119869634976,0.059686463569440615,0.04863378219306469,0.3341826000620448,0,6,0,0,0
3640,math_recurrent,0,,,,,,,,,,,,,,,,,,,,,,,,,,,,,,,,,,0.30687665939331055,0.0,0.0,5.839632511138916,0.8999999761581421,0.36527299880981445,0,0.4803646070639598,0.044875997220515274,0.034444675627829775,0.28573706603594246,0,6,0,0,0
3649,,,0.109375,-0.036085681609291376,1.0606580112069686,2.888270878732094,0.05939266139102428,32,8415,0.043599760660026465,1.4710217792721587,4.353681370525341,0.03608175889621146,32,14382,0.7510986328125,0.5375849146421263,1.2719667788516453,3.56786286346519,0.0,-0.22575568226034837,0.5475841580296088,1.7290708062966953,,32,6174,0.015625,0.04957492436130151,2.008603166897845,7.452899616206277,,32,3861,0,0.0,,,,,,,,,,,,,,,,
3660,medical_recurrent,0,,,,,,,,,,,,,,,,,,,,,,,,,,,,,,,,,,1.1500818729400635,0.0,0.0,5.839632511138916,0.6283000111579895,1.2084782123565674,0,0.29759579862969393,0.41560300991737414,0.22098265501360098,1.7637981688219404,0,6,0,0,0
3680,medical_recurrent,0,,,,,,,,,,,,,,,,,,,,,,,,,,,,,,,,,,1.2844517230987549,0.0,0.0,5.839632511138916,0.5972999930381775,1.3428480625152588,0,0.1331818773540963,0.15286514370901777,0.14237136931882963,3.6829033410738385,0,6,0,0,0
3700,medical_recurrent,0,,,,,,,,,,,,,,,,,,,,,,,,,,,,,,,,,,0.9464206099510193,0.0,0.0,5.839632511138916,0.5471500158309937,1.0048168897628784,0,0.3448903171385311,0.14662151789525524,0.11327615633074727,1.1318310542239083,0,6,0,0,0
3720,medical_recurrent,0,,,,,,,,,,,,,,,,,,,,,,,,,,,,,,,,,,1.1066190004348755,0.0,0.0,5.839632511138916,0.5892499685287476,1.1650153398513794,0,0.30173081962953213,0.1757176871843902,0.09253155373569046,1.2745803669804618,0,6,0,0,0
3740,medical_recurrent,0,,,,,,,,,,,,,,,,,,,,,,,,,,,,,,,,,,0.5468429327011108,0.0,0.0,5.839632511138916,0.6283000111579895,0.6052392721176147,0,0.3602389060202193,0.13942518627819872,0.08260065478583177,0.7777285362992968,0,6,0,0,0
3750,,,,-0.04245888341131909,1.0542848094049408,2.8699218786111413,,32,8415,0.05939835140062244,1.4868203700127547,4.423009602903221,,32,14382,0.7510986328125,0.5375849146421263,1.1737362730863656,3.234053400027179,,-0.21691143207655095,0.5564284082134062,1.7444309655150971,,32,6174,,-0.3616167378221822,1.597411504714361,4.940228102427883,,32,3861,0,0.0,,,,,,,,,,,,,,,,
3760,medical_recurrent,0,,,,,,,,,,,,,,,,,,,,,,,,,,,,,,,,,,0.6181083917617798,0.0,0.0,5.839632511138916,0.5972999930381775,0.6765047311782837,0,0.2075142511438531,0.0981547818560752,0.05849459400430085,1.3507158358418752,0,6,0,0,0
3780,medical_recurrent,0,,,,,,,,,,,,,,,,,,,,,,,,,,,,,,,,,,0.5821112990379333,0.0,0.0,5.839632511138916,0.5471500158309937,0.6405076384544373,0,0.3835890660630158,0.16932688552852987,0.07017015696518004,0.5840961240231991,0,6,0,0,0
3800,medical_recurrent,0,,,,,,,,,,,,,,,,,,,,,,,,,,,,,,,,,,0.7298387289047241,0.0,0.0,5.839632511138916,0.5892499685287476,0.788235068321228,0,0.37975996588299143,0.20641609499164457,0.05578848232500373,0.6442489139853962,0,6,0,0,0
3820,medical_recurrent,0,,,,,,,,,,,,,,,,,,,,,,,,,,,,,,,,,,0.35478729009628296,0.0,0.0,5.839632511138916,0.6283000111579895,0.41318362951278687,0,0.39876570780759313,0.1712850809770836,0.0539041790372086,0.4230499628162573,0,6,0,0,0
3840,medical_recurrent,0,,,,,,,,,,,,,,,,,,,,,,,,,,,,,,,,,,0.3710574805736542,0.0,0.0,5.839632511138916,0.5972999930381775,0.4294537901878357,0,0.27308773783194135,0.14658277298024455,0.05121566315462428,0.9716752094645349,0,6,0,0,0
3860,medical_recurrent,0,,,,,,,,,,,,,,,,,,,,,,,,,,,,,,,,,,0.4557517468929291,0.0,0.0,5.839632511138916,0.5471500158309937,0.5141480565071106,0,0.4186665121358063,0.19985925657342055,0.05028656708253991,0.41685148092016344,0,6,0,0,0
3880,medical_recurrent,0,,,,,,,,,,,,,,,,,,,,,,,,,,,,,,,,,,0.5741334557533264,0.0,0.0,5.839632511138916,0.5892499685287476,0.6325297951698303,0,0.4217201145028372,0.22322600040518278,0.04508403036595573,0.4903390631789253,0,6,0,0,0
3900,medical_recurrent,0,,,,,,,,,,,,,,,,,,,,,,,,,,,,,,,,,,0.27570840716362,0.0,0.0,5.839632511138916,0.6283000111579895,0.3341047167778015,0,0.4266140294052901,0.20574415598197707,0.036972396416471355,0.264719023880741,0,6,0,0,0
3920,medical_recurrent,0,,,,,,,,,,,,,,,,,,,,,,,,,,,,,,,,,,0.28165218234062195,0.0,0.0,5.839632511138916,0.5972999930381775,0.34004849195480347,0,0.3226111378184266,0.17034976793885498,0.03605263577035022,0.4630632310514412,0,6,0,0,0
3940,medical_recurrent,0,,,,,,,,,,,,,,,,,,,,,,,,,,,,,,,,,,0.38373658061027527,0.0,0.0,5.839632511138916,0.5471500158309937,0.4421328902244568,0,0.44129707119847245,0.2107805171149916,0.04087980171842944,0.3405774217217215,0,6,0,0,0
3960,medical_recurrent,0,,,,,,,,,,,,,,,,,,,,,,,,,,,,,,,,,,0.4943583905696869,0.0,0.0,5.839632511138916,0.5892499685287476,0.5527547001838684,0,0.43882211477253596,0.22164714922629564,0.03131188012600418,0.4107446832316262,0,6,0,0,0
3980,medical_recurrent,0,,,,,,,,,,,,,,,,,,,,,,,,,,,,,,,,,,0.2349313497543335,0.0,0.0,5.839632511138916,0.6283000111579895,0.2933276891708374,0,0.4416631093785637,0.20751590862138464,0.05085692038641326,0.20068801310918635,0,6,0,0,0
4000,medical_recurrent,0,,,,,,,,,,,,,,,,,,,,,,,,,,,,,,,,,,0.232024684548378,0.0,0.0,5.839632511138916,0.5972999930381775,0.2904210090637207,0,0.35884734964991205,0.18439823625210142,0.04652603833625714,0.31777881046845796,0,6,0,0,0
4000,,,,-0.03835944970732119,1.0583842431089387,2.8817110811050424,,32,8415,0.0708062643136822,1.4982282829258144,4.4737558151080234,,32,14382,0.7510986328125,0.5375849146421263,1.1604665540905443,3.191421899769445,,-0.215738324312705,0.5576015159772522,1.7464785718208402,,32,6174,,-0.431376068186371,1.5276521743501723,4.607346866699535,,32,3861,0,0.0,,,,,,,,,,,,,,,,
4020,medical_recurrent,0,,,,,,,,,,,,,,,,,,,,,,,,,,,,,,,,,,0.34284281730651855,0.0,0.0,5.839632511138916,0.5471500158309937,0.40123915672302246,0,0.455104469754434,0.24090492006923472,0.028176077179581167,0.31062000928417083,0,6,0,0,0
4040,medical_recurrent,0,,,,,,,,,,,,,,,,,,,,,,,,,,,,,,,,,,0.4429786205291748,0.0,0.0,5.839632511138916,0.5892499685287476,0.5013749599456787,0,0.454990955989233,0.20187410333060793,0.0487346384053429,0.3649020328881249,0,6,0,0,0
4060,medical_recurrent,0,,,,,,,,,,,,,,,,,,,,,,,,,,,,,,,,,,0.2081509381532669,0.0,0.0,5.839632511138916,0.6283000111579895,0.2665472626686096,0,0.45395453787835366,0.2586110596395364,0.028379856502371174,0.17272887495420283,0,6,0,0,0
4080,medical_recurrent,0,,,,,,,,,,,,,,,,,,,,,,,,,,,,,,,,,,0.21628634631633759,0.0,0.0,5.839632511138916,0.5972999930381775,0.2746826708316803,0,0.3832671231209449,0.1974044819196154,0.0473399760837238,0.3013441243164596,0,6,0,0,0
4100,medical_recurrent,0,,,,,,,,,,,,,,,,,,,,,,,,,,,,,,,,,,0.3183802664279938,0.0,0.0,5.839632511138916,0.5471500158309937,0.3767765760421753,0,0.4620249631326704,0.2238567580103076,0.04675193888445695,0.2981287404776566,0,6,0,0,0
4120,medical_recurrent,0,,,,,,,,,,,,,,,,,,,,,,,,,,,,,,,,,,0.3983617424964905,0.0,0.0,5.839632511138916,0.5892499685287476,0.4567580819129944,0,0.4658872849181788,0.26815640871479574,0.05085758179987943,0.3234646012030897,0,6,0,0,0
4140,medical_recurrent,0,,,,,,,,,,,,,,,,,,,,,,,,,,,,,,,,,,0.19231750071048737,0.0,0.0,5.839632511138916,0.6283000111579895,0.2507138252258301,0,0.46530726370284087,0.239190852394261,0.04948895430221917,0.16653103192765562,0,6,0,0,0
4160,medical_recurrent,0,,,,,,,,,,,,,,,,,,,,,,,,,,,,,,,,,,0.1872006356716156,0.0,0.0,5.839632511138916,0.5972999930381775,0.2455969601869583,0,0.4040114920631167,0.1756967579796245,0.041869780980050564,0.2554495281288548,0,6,0,0,0
4180,medical_recurrent,0,,,,,,,,,,,,,,,,,,,,,,,,,,,,,,,,,,0.2895483374595642,0.0,0.0,5.839632511138916,0.5471500158309937,0.3479446768760681,0,0.46654407259755215,0.20488553847202898,0.04086650980429517,0.2651763543013542,0,6,0,0,0
4200,medical_recurrent,0,,,,,,,,,,,,,,,,,,,,,,,,,,,,,,,,,,0.3663903772830963,0.0,0.0,5.839632511138916,0.5892499685287476,0.42478668689727783,0,0.46689276947994823,0.2038003852358088,0.040175292153088814,0.2977850808924626,0,6,0,0,0
4220,medical_recurrent,0,,,,,,,,,,,,,,,,,,,,,,,,,,,,,,,,,,0.18053950369358063,0.0,0.0,5.839632511138916,0.6283000111579895,0.23893582820892334,0,0.47050624723656936,0.26698471958349856,0.02693364906109988,0.1474208060770281,0,6,0,0,0
4240,medical_recurrent,0,,,,,,,,,,,,,,,,,,,,,,,,,,,,,,,,,,0.1706247180700302,0.0,0.0,5.839632511138916,0.5972999930381775,0.22902104258537292,0,0.4231402447526592,0.2536389852258643,0.032432016972748064,0.22505135003418203,0,6,0,0,0
4250,,,,-0.03355416237280884,1.063189530443451,2.8955918547077726,,32,8415,0.07696713142676193,1.5043891500388942,4.501403108382235,,32,14382,0.7510986328125,0.5375849146421263,1.1555656057126096,3.1758191711008767,,-0.2150398083863847,0.5583000319035725,1.7476989410922996,,32,6174,,-0.4626445320720223,1.496383710464521,4.465511254515277,,32,3861,0,0.0,,,,,,,,,,,,,,,,
4260,medical_recurrent,0,,,,,,,,,,,,,,,,,,,,,,,,,,,,,,,,,,0.26653069257736206,0.0,0.0,5.839632511138916,0.5471500158309937,0.32492703199386597,0,0.47413982722738124,0.21064707595568116,0.05211915195076948,0.2524561813012475,0,6,0,0,0
4280,medical_recurrent,0,,,,,,,,,,,,,,,,,,,,,,,,,,,,,,,,,,0.3448128402233124,0.0,0.0,5.839632511138916,0.5892499685287476,0.4032091498374939,0,0.47440705589338383,0.28957014790337,0.024702270671222656,0.28940716229733965,0,6,0,0,0
4300,medical_recurrent,0,,,,,,,,,,,,,,,,,,,,,,,,,,,,,,,,,,0.17076672613620758,0.0,0.0,5.839632511138916,0.6283000111579895,0.2291630506515503,0,0.47440993384922153,0.23542570420041947,0.03639249332574389,0.1373720586152067,0,6,0,0,0
4320,medical_recurrent,0,,,,,,,,,,,,,,,,,,,,,,,,,,,,,,,,,,0.15297578275203705,0.0,0.0,5.839632511138916,0.5972999930381775,0.21137210726737976,0,0.4372036501204578,0.2381957900776927,0.03363203704948463,0.17562888062426024,0,6,0,0,0
4340,medical_recurrent,0,,,,,,,,,,,,,,,,,,,,,,,,,,,,,,,,,,0.24619664251804352,0.0,0.0,5.839632511138916,0.5471500158309937,0.30459296703338623,0,0.4783380474768511,0.21086441291429633,0.03667286450841597,0.23003338613207377,0,6,0,0,0
4360,medical_recurrent,0,,,,,,,,,,,,,,,,,,,,,,,,,,,,,,,,,,0.3195611834526062,0.0,0.0,5.839632511138916,0.5892499685287476,0.3779575228691101,0,0.47586185855018975,0.1858666353177146,0.040095644769450975,0.2673906524621305,0,6,0,0,0
4380,medical_recurrent,0,,,,,,,,,,,,,,,,,,,,,,,,,,,,,,,,,,0.15858495235443115,0.0,0.0,5.839632511138916,0.6283000111579895,0.21698127686977386,0,0.4755379291796447,0.25220612353379174,0.034471652269481665,0.1268961176157944,0,6,0,0,0
4400,medical_recurrent,0,,,,,,,,,,,,,,,,,,,,,,,,,,,,,,,,,,0.1444578617811203,0.0,0.0,5.839632511138916,0.5972999930381775,0.202854186296463,0,0.4434840703342982,0.22080857948666172,0.040752047767478324,0.17587252693280342,0,6,0,0,0
4420,medical_recurrent,0,,,,,,,,,,,,,,,,,,,,,,,,,,,,,,,,,,0.24108225107192993,0.0,0.0,5.839632511138916,0.5471500158309937,0.29947859048843384,0,0.48204579749187776,0.2440290701675362,0.03522913643927683,0.2519240109634305,0,6,0,0,0
4440,medical_recurrent,0,,,,,,,,,,,,,,,,,,,,,,,,,,,,,,,,,,0.30058687925338745,0.0,0.0,5.839632511138916,0.5892499685287476,0.35898321866989136,0,0.48147045409953604,0.23828856155575653,0.038013736807578614,0.2545111570921209,0,6,0,0,0
4460,medical_recurrent,0,,,,,,,,,,,,,,,,,,,,,,,,,,,,,,,,,,0.15109722316265106,0.0,0.0,5.839632511138916,0.6283000111579895,0.20949354767799377,0,0.4787023123381786,0.25540967067770126,0.03896713545250278,0.1213682468950985,0,6,0,0,0
4480,medical_recurrent,0,,,,,,,,,,,,,,,,,,,,,,,,,,,,,,,,,,0.13750137388706207,0.0,0.0,5.839632511138916,0.5972999930381775,0.19589769840240479,0,0.45925968963327357,0.20766808554097743,0.04994851885777381,0.16941299989583,0,6,0,0,0
4500,medical_recurrent,0,,,,,,,,,,,,,,,,,,,,,,,,,,,,,,,,,,0.22543340921401978,0.0,0.0,5.839632511138916,0.5471500158309937,0.2838297486305237,0,0.48626639895953777,0.22930655306637554,0.037634754309519416,0.21993986134018217,0,6,0,0,0
4500,,,,-0.031535374714516395,1.0652083181017435,2.901443344277658,,32,8415,0.08176436229966288,1.5091863809117951,4.523049257620189,,32,14382,0.7510986328125,0.5375849146421263,1.155690822946263,3.1762168632905037,,-0.21458421712714104,0.5587556231628161,1.748495358860362,,32,6174,,-0.46941527292784624,1.489612969608697,4.435378560467695,,32,3861,0,0.0,,,,,,,,,,,,,,,,
4520,medical_recurrent,0,,,,,,,,,,,,,,,,,,,,,,,,,,,,,,,,,,0.28833118081092834,0.0,0.0,5.839632511138916,0.5892499685287476,0.34672749042510986,0,0.48467474793738413,0.20874533950284654,0.053754192966199106,0.25433993954507134,0,6,0,0,0
4540,medical_recurrent,0,,,,,,,,,,,,,,,,,,,,,,,,,,,,,,,,,,0.14626789093017578,0.0,0.0,5.839632511138916,0.6283000111579895,0.2046642154455185,0,0.4799855304739205,0.2241307517563525,0.03991955316640318,0.1210385800561025,0,6,0,0,0
4560,medical_recurrent,0,,,,,,,,,,,,,,,,,,,,,,,,,,,,,,,,,,0.12664669752120972,0.0,0.0,5.839632511138916,0.5972999930381775,0.18504302203655243,0,0.4626804028132286,0.24813548305870167,0.022431750612569943,0.15542904739933355,0,6,0,0,0
4580,medical_recurrent,0,,,,,,,,,,,,,,,,,,,,,,,,,,,,,,,,,,0.21683114767074585,0.0,0.0,5.839632511138916,0.5471500158309937,0.27522748708724976,0,0.48465573954961216,0.16088987950934097,0.04833648708456802,0.2162328040315991,0,6,0,0,0
4600,medical_recurrent,0,,,,,,,,,,,,,,,,,,,,,,,,,,,,,,,,,,0.27421000599861145,0.0,0.0,5.839632511138916,0.5892499685287476,0.33260631561279297,0,0.4879969539508852,0.23861289220596,0.031477200816429796,0.249087736773349,0,6,0,0,0
4620,medical_recurrent,0,,,,,,,,,,,,,,,,,,,,,,,,,,,,,,,,,,0.13786184787750244,0.0,0.0,5.839632511138916,0.6283000111579895,0.19625817239284515,0,0.48439706484804984,0.2935350186058453,0.016277249461586867,0.11634171889237468,0,6,0,0,0
4640,medical_recurrent,0,,,,,,,,,,,,,,,,,,,,,,,,,,,,,,,,,,0.127473846077919,0.0,0.0,5.839632511138916,0.5972999930381775,0.18587017059326172,0,0.47115121575236313,0.1730596310933054,0.04015911644442923,0.239096426029527,0,6,0,0,0
4660,medical_recurrent,0,,,,,,,,,,,,,,,,,,,,,,,,,,,,,,,,,,0.20839954912662506,0.0,0.0,5.839632511138916,0.5471500158309937,0.2667958736419678,0,0.4880095237634259,0.20848453439871914,0.04301369976222752,0.23080293686380463,0,6,0,0,0
4680,medical_recurrent,0,,,,,,,,,,,,,,,,,,,,,,,,,,,,,,,,,,0.2593863010406494,0.0,0.0,5.839632511138916,0.5892499685287476,0.3177826404571533,0,0.5460638509636,0.23886715860239097,0.03874486934925829,0.22577341430125727,0,6,0,0,0
4700,medical_recurrent,0,,,,,,,,,,,,,,,,,,,,,,,,,,,,,,,,,,0.13613060116767883,0.0,0.0,5.839632511138916,0.6283000111579895,0.19452692568302155,0,0.5613340488790338,0.2777812601832141,0.03602620817218272,0.12126353958119003,0,6,0,0,0
4720,medical_recurrent,0,,,,,,,,,,,,,,,,,,,,,,,,,,,,,,,,,,0.1492597758769989,0.0,0.0,5.839632511138916,0.5972999930381775,0.2076561003923416,0,0.5565354549863596,0.15210111414905572,0.044290089415061094,0.432568591436933,0,6,0,0,0
4740,medical_recurrent,0,,,,,,,,,,,,,,,,,,,,,,,,,,,,,,,,,,0.1970376968383789,0.0,0.0,5.839632511138916,0.5471500158309937,0.2554340362548828,0,0.5594078543843687,0.24441313544853724,0.029369429850743874,0.19484159951172178,0,6,0,0,0
4750,,,,-0.030286286433962806,1.0664574063822971,2.905069767545586,,32,8415,0.08734113883945649,1.5147631574515887,4.548343757940602,,32,14382,0.7510986328125,0.5375849146421263,1.157367184147043,3.1815458153817047,,-0.21432511181672265,0.5590147284732345,1.7489484619912634,,32,6174,,-0.46979479825549153,1.4892334442810518,4.433695541360693,,32,3861,0,0.0,,,,,,,,,,,,,,,,
4760,medical_recurrent,0,,,,,,,,,,,,,,,,,,,,,,,,,,,,,,,,,,0.25463899970054626,0.0,0.0,5.839632511138916,0.5892499685287476,0.3130353093147278,0,0.5648285483317584,0.1934144871691907,0.043394596391313135,0.25430433537278857,0,6,0,0,0
4780,medical_recurrent,0,,,,,,,,,,,,,,,,,,,,,,,,,,,,,,,,,,0.1316157579421997,0.0,0.0,5.839632511138916,0.6283000111579895,0.19001208245754242,0,0.5623135123697504,0.24908563588646107,0.036818487402643,0.12266052953071063,0,6,0,0,0
4800,medical_recurrent,0,,,,,,,,,,,,,,,,,,,,,,,,,,,,,,,,,,0.12291820347309113,0.0,0.0,5.839632511138916,0.5972999930381775,0.18131452798843384,0,0.5495646070785608,0.2341940503143373,0.03206579762082251,0.1553054739203718,0,6,0,0,0
4820,medical_recurrent,0,,,,,,,,,,,,,,,,,,,,,,,,,,,,,,,,,,0.1995912343263626,0.0,0.0,5.839632511138916,0.5471500158309937,0.2579875588417053,0,0.5530665132075953,0.23213165486231446,0.03429274361521479,0.2040635489163891,0,6,0,0,0
4840,medical_recurrent,0,,,,,,,,,,,,,,,,,,,,,,,,,,,,,,,,,,0.24360240995883942,0.0,0.0,5.839632511138916,0.5892499685287476,0.30199873447418213,0,0.5547089234970225,0.21738027383772923,0.03572097478345746,0.2591751951132975,0,6,0,0,0
4860,medical_recurrent,0,,,,,,,,,,,,,,,,,,,,,,,,,,,,,,,,,,0.12972654402256012,0.0,0.0,5.839632511138916,0.6283000111579895,0.18812286853790283,0,0.5489298965568612,0.22712446954600246,0.04697613182610699,0.1228316463470932,0,6,0,0,0
4880,medical_recurrent,0,,,,,,,,,,,,,,,,,,,,,,,,,,,,,,,,,,0.11478620022535324,0.0,0.0,5.839632511138916,0.5972999930381775,0.17318251729011536,0,0.5340261933423435,0.24861224344931543,0.026061757948870463,0.14162104095790592,0,6,0,0,0
4900,medical_recurrent,0,,,,,,,,,,,,,,,,,,,,,,,,,,,,,,,,,,0.18767386674880981,0.0,0.0,5.839632511138916,0.5471500158309937,0.24607019126415253,0,0.5376453398999598,0.2297871626048748,0.038106075477682876,0.18660929599215112,0,6,0,0,0
4920,medical_recurrent,0,,,,,,,,,,,,,,,,,,,,,,,,,,,,,,,,,,0.22658610343933105,0.0,0.0,5.839632511138916,0.5892499685287476,0.28498244285583496,0,0.5344524947959425,0.23747959394573367,0.035344589974672075,0.22603413748244444,0,6,0,0,0
4940,medical_recurrent,0,,,,,,,,,,,,,,,,,,,,,,,,,,,,,,,,,,0.12050772458314896,0.0,0.0,5.839632511138916,0.6283000111579895,0.17890405654907227,0,0.5322442954965693,0.2129381593029913,0.02682802518164473,0.15480911589212834,0,6,0,0,0
4949,,,0.0625,-0.030715603298611116,1.0660280895176488,2.903822839784109,0.06476273970170454,32,8415,0.09055417171855451,1.5179761903306868,4.562981238741247,0.0830361699547395,32,14382,0.7510986328125,0.5375849146421263,1.1596795997173828,3.1889113843089407,0.0,-0.21266560111186406,0.5606742391780931,1.751853270299778,0.013090081148484312,32,6174,0.03125,-0.4649883626934408,1.4940398798431025,4.455057108656105,,32,3861,0,0.0,,,,,,,,,,,,,,,,
4950,,,,-0.03064988261521462,1.0660938102010453,2.904013687276847,,32,8415,0.09032738847007127,1.5177494070822035,4.5619465483628145,,32,14382,0.7510986328125,0.5375849146421263,1.1596496896269564,3.1888160051074816,,-0.2132276578902581,0.5601121823996991,1.7508689059546945,,32,6174,,-0.464384883711666,1.4946433588248773,4.457746453383675,,32,3861,0,0.0,,,,,,,,,,,,,,,,
4960,code_revisit,0,,,,,,,,,,,,,,,,,,,,,,,,,,,,,,,,,,0.37002962827682495,0.0,0.0,5.839632511138916,0.8968499898910522,0.42842596769332886,0,0.4609014786019883,0.29075250166767674,0.0797047302319062,1.0755680322647094,0,6,0,0,0
4980,code_revisit,0,,,,,,,,,,,,,,,,,,,,,,,,,,,,,,,,,,0.4795989692211151,0.0,0.0,5.839632511138916,0.8968000411987305,0.5379952788352966,0,0.47890957421766334,0.1994663610322667,0.06207578136689133,0.6965239521529939,0,6,0,0,0
5000,code_revisit,0,,,,,,,,,,,,,,,,,,,,,,,,,,,,,,,,,,0.35290300846099854,0.0,0.0,5.839632511138916,0.8841999769210815,0.41129934787750244,0,0.4603350347213478,0.21206983038324065,0.05717150412632951,0.8706707133423714,0,6,0,0,0
5000,,,,-0.07878865124707546,1.0179550415691845,2.7675294905500305,,32,8415,0.09053212063582095,1.5179541392479532,4.562880621173806,,32,14382,0.7510986328125,0.5375849146421263,1.1503996399243805,3.159455301899737,,-0.21050667276187818,0.562833167528079,1.7556394815988814,,32,6174,,-0.4561720311842381,1.5028562113523052,4.494508019637837,,32,3861,0,0.0,,,,,,,,,,,,,,,,
5020,code_revisit,0,,,,,,,,,,,,,,,,,,,,,,,,,,,,,,,,,,0.3135676383972168,0.0,0.0,5.839632511138916,0.9069499969482422,0.3719639778137207,0,0.44946649624223395,0.14749845789629035,0.07030947323637231,1.3755961701865236,0,6,0,0,0
5040,code_revisit,0,,,,,,,,,,,,,,,,,,,,,,,,,,,,,,,,,,0.30242449045181274,0.0,0.0,5.839632511138916,0.8968499898910522,0.36082082986831665,0,0.4521751745560545,0.1592315374707271,0.06244463090977025,0.5305861799667279,0,6,0,0,0
5050,,,,-0.08021770076105716,1.0165259920552028,2.763577378431159,,32,8415,0.08833673928347952,1.5157587578956118,4.552874345959064,,32,14382,0.7510986328125,0.5375849146421263,1.1484988690359144,3.153455605069387,,-0.2127005648450787,0.5606392754448785,1.751792020040179,,32,6174,,-0.45795679178857895,1.5010714507479643,4.486493552868191,,32,3861,0,0.0,,,,,,,,,,,,,,,,
5060,code_revisit,0,,,,,,,,,,,,,,,,,,,,,,,,,,,,,,,,,,0.42059504985809326,0.0,0.0,5.839632511138916,0.8968000411987305,0.47899138927459717,0,0.42928877595433496,0.09701848472468555,0.060824927926388765,0.5773164370289398,0,6,0,0,0
5080,code_revisit,0,,,,,,,,,,,,,,,,,,,,,,,,,,,,,,,,,,0.30080315470695496,0.0,0.0,5.839632511138916,0.8841999769210815,0.3591994643211365,0,0.43609102838711883,0.2168853181148214,0.04450681371806515,0.6285371578875043,0,6,0,0,0
5100,code_revisit,0,,,,,,,,,,,,,,,,,,,,,,,,,,,,,,,,,,0.26454347372055054,0.0,0.0,5.839632511138916,0.9069499969482422,0.32293981313705444,0,0.4397842867962246,0.14923073071986437,0.05089564437771009,0.9728836964047145,0,6,0,0,0
5100,,,,-0.07858673839149755,1.0181569544247624,2.7680883467505906,,32,8415,0.08853128619161543,1.5159533048037477,4.553760179751521,,32,14382,0.7510986328125,0.5375849146421263,1.1491821265628117,3.1556109635959046,,-0.21365118196646227,0.5596886583234949,1.750127527825571,,32,6174,,-0.4560986538373013,1.502929588699242,4.494837826812144,,32,3861,0,0.0,,,,,,,,,,,,,,,,
5120,code_revisit,0,,,,,,,,,,,,,,,,,,,,,,,,,,,,,,,,,,0.28667959570884705,0.0,0.0,5.839632511138916,0.8968499898910522,0.34507590532302856,0,0.4264400724288961,0.09996199794945174,0.06004766448371349,0.6189053032547235,0,6,0,0,0
5140,code_revisit,0,,,,,,,,,,,,,,,,,,,,,,,,,,,,,,,,,,0.3965868353843689,0.0,0.0,5.839632511138916,0.8968000411987305,0.4549831748008728,0,0.40305154529151727,0.10812894063253355,0.06264250326960806,0.5151283359835073,0,6,0,0,0
5150,,,,-0.08423536621383865,1.0125083266024213,2.752496523560904,,32,8415,0.08824785593537077,1.515669874547503,4.552469689227566,,32,14382,0.7510986328125,0.5375849146421263,1.147232957086092,3.1494661336282523,,-0.21474481995993155,0.5585950203300256,1.7482145681011072,,32,6174,,-0.4568696356721258,1.5021586068644175,4.491373724048934,,32,3861,0,0.0,,,,,,,,,,,,,,,,
5160,code_revisit,0,,,,,,,,,,,,,,,,,,,,,,,,,,,,,,,,,,0.2687426805496216,0.0,0.0,5.839632511138916,0.8841999769210815,0.3271390199661255,0,0.3862645214433336,0.14944430069798337,0.04617948745791283,0.5741907759554802,0,6,0,0,0
5180,code_revisit,0,,,,,,,,,,,,,,,,,,,,,,,,,,,,,,,,,,0.22495590150356293,0.0,0.0,5.839632511138916,0.9069499969482422,0.28335222601890564,0,0.3930302328812008,0.12946970083950354,0.05306111739593602,0.7737170877674269,0,6,0,0,0
5200,code_revisit,0,,,,,,,,,,,,,,,,,,,,,,,,,,,,,,,,,,0.2653210163116455,0.0,0.0,5.839632511138916,0.8968499898910522,0.3237173557281494,0,0.40375083580066434,0.1211223318490998,0.043875881358759396,0.696384228600396,0,6,0,0,0
5200,,,,-0.07121845682816197,1.025525235988098,2.788559727913295,,32,8415,0.09177303300946948,1.5191950516216017,4.5685462707564115,,32,14382,0.7510986328125,0.5375849146421263,1.1514762567320862,3.162858656306499,,-0.21362252539711013,0.559717314892847,1.7501776811950556,,32,6174,,-0.4575608181107449,1.5014674244257984,4.488270437997551,,32,3861,0,0.0,,,,,,,,,,,,,,,,
5220,code_revisit,0,,,,,,,,,,,,,,,,,,,,,,,,,,,,,,,,,,0.38036245107650757,0.0,0.0,5.839632511138916,0.8968000411987305,0.4387587904930115,0,0.43536086796405893,0.06745178498178055,0.049334185712394264,0.5036771838745427,0,6,0,0,0
5240,code_revisit,0,,,,,,,,,,,,,,,,,,,,,,,,,,,,,,,,,,0.24316518008708954,0.0,0.0,5.839632511138916,0.8841999769210815,0.30156150460243225,0,0.4358000532134129,0.0890233366143158,0.04705455147454308,0.6218517321088012,0,6,0,0,0
5250,,,,-0.07592058640750321,1.0208231064087567,2.7754783380305446,,32,8415,0.09047053377811687,1.5178925523902491,4.562599616347461,,32,14382,0.7510986328125,0.5375849146421263,1.150860674567876,3.1609122560758562,,-0.21276712371262685,0.5605727165773303,1.751675426627351,,32,6174,,-0.4548739196413756,1.5041543228951677,4.500346180850025,,32,3861,0,0.0,,,,,,,,,,,,,,,,
5260,code_revisit,0,,,,,,,,,,,,,,,,,,,,,,,,,,,,,,,,,,0.20081965625286102,0.0,0.0,5.839632511138916,0.9069499969482422,0.25921598076820374,0,0.4370200715906673,0.1542618925782985,0.048262832349994116,0.6885775132429979,0,6,0,0,0
5280,code_revisit,0,,,,,,,,,,,,,,,,,,,,,,,,,,,,,,,,,,0.25445303320884705,0.0,0.0,5.839632511138916,0.8968499898910522,0.31284934282302856,0,0.42704588177147645,0.14668162804030413,0.04260952781501507,0.5630971586538686,0,6,0,0,0
5300,code_revisit,0,,,,,,,,,,,,,,,,,,,,,,,,,,,,,,,,,,0.36822137236595154,0.0,0.0,5.839632511138916,0.8968000411987305,0.42661768198013306,0,0.41862441649665794,0.08613225664677364,0.04290153629974359,0.5700562815403655,0,6,0,0,0
5300,,,,-0.06455270333156937,1.0321909894846906,2.807209668568777,,32,8415,0.09165135313184458,1.5190733717439768,4.567990404424822,,32,14382,0.7510986328125,0.5375849146421263,1.1538284959645457,3.1703072134843735,,-0.21427234863439426,0.5590674916555629,1.7490407445123848,,32,6174,,-0.4540461115625911,1.5049821309739522,4.50407314616903,,32,3861,0,0.0,,,,,,,,,,,,,,,,
5320,code_revisit,0,,,,,,,,,,,,,,,,,,,,,,,,,,,,,,,,,,0.22937119007110596,0.0,0.0,5.839632511138916,0.8841999769210815,0.28776752948760986,0,0.44902977397503957,0.1417130951636604,0.05305706531711159,0.5544347584484115,0,6,0,0,0
5340,code_revisit,0,,,,,,,,,,,,,,,,,,,,,,,,,,,,,,,,,,0.17876844108104706,0.0,0.0,5.839632511138916,0.9069499969482422,0.23716476559638977,0,0.4686587612987405,0.06886940499368523,0.05264389065227338,0.8322543358518963,0,6,0,0,0
5350,,,,-0.07138474952303353,1.0253589432932264,2.7880960493555773,,32,8415,0.09038868674547618,1.5178107053576084,4.562226196389601,,32,14382,0.7510986328125,0.5375849146421263,1.151789842746187,3.163850640073683,,-0.21446200594146703,0.5588778343484901,1.7487090576092366,,32,6174,,-0.4539163545511202,1.505111887985423,4.504657619158837,,32,3861,0,0.0,,,,,,,,,,,,,,,,
5360,code_revisit,0,,,,,,,,,,,,,,,,,,,,,,,,,,,,,,,,,,0.25171753764152527,0.0,0.0,5.839632511138916,0.8968499898910522,0.3101138472557068,0,0.4715063634402977,0.11972828447635818,0.044176166889716,0.8010274034525667,0,6,0,0,0
5380,code_revisit,0,,,,,,,,,,,,,,,,,,,,,,,,,,,,,,,,,,0.36983010172843933,0.0,0.0,5.839632511138916,0.8968000411987305,0.42822641134262085,0,0.4765553084411997,0.04848609041697013,0.04236653110914169,0.530960796377252,0,6,0,0,0
5399,,,0.125,-0.060958022753964114,1.0357856700622958,2.817318849393959,,32,8415,0.0940254433167329,1.5214474619288652,4.578848109093896,0.0865074415529179,32,14382,0.7510986328125,0.5375849146421263,1.1556801254209554,3.176182885811964,0.015625,-0.21376980212192764,0.5595700381680295,1.749919939738445,0.011985880138420724,32,6174,0.015625,-0.45311091101191203,1.5059173315246313,4.5082873281011135,0.011877451681528761,32,3861,0,0.0,,,,,,,,,,,,,,,,
5400,mixed_tail,0,,,,,,,,,,,,,,,,,,,,,,,,,,,,,,,,,,0.7931793928146362,0.0,0.0,5.839632511138916,0.6410499811172485,0.8515757322311401,0,0.2128802095840204,0.004189442564633542,0.03929246050704803,1.313616846194343,0,6,0,0,0
5420,mixed_tail,0,,,,,,,,,,,,,,,,,,,,,,,,,,,,,,,,,,1.0015767812728882,0.0,0.0,5.839632511138916,0.7836500406265259,1.059973120689392,0,0.27633305045221873,0.0620161741805662,0.07306899576492253,0.4200721713049071,0,6,0,0,0
5440,mixed_tail,0,,,,,,,,,,,,,,,,,,,,,,,,,,,,,,,,,,0.445298433303833,0.0,0.0,5.839632511138916,0.8948500156402588,0.5036947727203369,0,0.3968756674243119,0.08421350773590218,0.056807646963981884,1.0116013385473737,0,6,0,0,0
5460,mixed_tail,0,,,,,,,,,,,,,,,,,,,,,,,,,,,,,,,,,,1.1178489923477173,0.0,0.0,5.839632511138916,0.7942500114440918,1.1762453317642212,0,0.30476295075845156,0.07639000990561076,0.0654135724973111,0.52699302183612,0,6,0,0,0
5480,mixed_tail,0,,,,,,,,,,,,,,,,,,,,,,,,,,,,,,,,,,0.7262912392616272,0.0,0.0,5.839632511138916,0.8691499829292297,0.7846875786781311,0,0.46251823564997147,0.031361070556158666,0.0707091573034487,1.1649088790492406,0,6,0,0,0
5500,mixed_tail,0,,,,,,,,,,,,,,,,,,,,,,,,,,,,,,,,,,1.2036350965499878,0.0,0.0,5.839632511138916,0.805649995803833,1.2620314359664917,0,0.40294144174666796,0.041255874241219966,0.07567319845751165,0.5220169765431256,0,6,0,0,0
5500,,,,-0.09422187827841833,1.0025218145378416,2.7251454818850225,,32,8415,0.06491214060979011,1.4923341592219224,4.447464503150104,,32,14382,0.7510986328125,0.5375849146421263,1.1333790679651843,3.106134627016932,,-0.22689262763327056,0.5464472126566866,1.7271060643577925,,32,6174,,-0.46681515709225674,1.4922130854442865,4.44692606441787,,32,3861,0,0.0,,,,,,,,,,,,,,,,
5520,mixed_tail,0,,,,,,,,,,,,,,,,,,,,,,,,,,,,,,,,,,0.672857403755188,0.0,0.0,5.839632511138916,0.8253499865531921,0.7312537431716919,0,0.4336504829676455,0.06041877064646022,0.04836138872104505,1.1970374088438729,0,6,0,0,0
5540,mixed_tail,0,,,,,,,,,,,,,,,,,,,,,,,,,,,,,,,,,,0.45989662408828735,0.0,0.0,5.839632511138916,0.887499988079071,0.5182929635047913,0,0.4345019888466063,0.0443223814207678,0.050298082781216454,0.9114179154237112,0,6,0,0,0
5560,mixed_tail,0,,,,,,,,,,,,,,,,,,,,,,,,,,,,,,,,,,0.5746772885322571,0.0,0.0,5.839632511138916,0.903249979019165,0.633073627948761,0,0.26958637164348376,0.05251294515307693,0.05918600125504392,2.0298777697578307,0,6,0,0,0
5580,mixed_tail,0,,,,,,,,,,,,,,,,,,,,,,,,,,,,,,,,,,0.4332149624824524,0.0,0.0,5.839632511138916,0.8596999645233154,0.4916113018989563,0,0.38182522698435944,0.04277095088660384,0.05388684856690585,0.6341843930856577,0,6,0,0,0
5600,mixed_tail,0,,,,,,,,,,,,,,,,,,,,,,,,,,,,,,,,,,1.0778590440750122,0.0,0.0,5.839632511138916,0.7904000282287598,1.1362553834915161,0,0.4397785464039979,0.0627690648751533,0.06323607530858781,0.4917266128082124,0,6,0,0,0
5620,mixed_tail,0,,,,,,,,,,,,,,,,,,,,,,,,,,,,,,,,,,0.48113811016082764,0.0,0.0,5.839632511138916,0.8739500045776367,0.5395344495773315,0,0.40522330998264017,0.02187630671271888,0.057359471324358195,0.9438136986560293,0,6,0,0,0
5640,mixed_tail,0,,,,,,,,,,,,,,,,,,,,,,,,,,,,,,,,,,0.37257546186447144,0.0,0.0,5.839632511138916,0.8897500038146973,0.43097180128097534,0,0.22732317885887426,0.05299753367684649,0.045767751551928026,0.6585440980536597,0,6,0,0,0
5660,mixed_tail,0,,,,,,,,,,,,,,,,,,,,,,,,,,,,,,,,,,0.48154082894325256,0.0,0.0,5.839632511138916,0.8600499629974365,0.5399371385574341,0,0.31164808300335567,0.02103776525057453,0.04618584577822023,0.713571296786032,0,6,0,0,0
5680,mixed_tail,0,,,,,,,,,,,,,,,,,,,,,,,,,,,,,,,,,,0.8542651534080505,0.0,0.0,5.839632511138916,0.8509500026702881,0.9126614928245544,0,0.4664304666578814,0.06900502924275186,0.060344110862425866,0.8647076723831041,0,6,0,0,0
5700,mixed_tail,0,,,,,,,,,,,,,,,,,,,,,,,,,,,,,,,,,,0.43645843863487244,0.0,0.0,5.839632511138916,0.8881499767303467,0.49485474824905396,0,0.42059446761550723,0.004328569266363047,0.05413200774097017,0.694937420021447,0,6,0,0,0
5720,mixed_tail,0,,,,,,,,,,,,,,,,,,,,,,,,,,,,,,,,,,1.0894140005111694,0.0,0.0,5.839632511138916,0.7861499786376953,1.1478103399276733,0,0.3320021267140219,0.023812874130921306,0.04835340398260289,0.3988293758815243,0,6,0,0,0
5740,mixed_tail,0,,,,,,,,,,,,,,,,,,,,,,,,,,,,,,,,,,0.47604426741600037,0.0,0.0,5.839632511138916,0.8856499791145325,0.5344405770301819,0,0.44354494299595754,0.04218203896016348,0.047122194696336044,0.775264472963791,0,6,0,0,0
5750,,,,-0.10241397125552387,0.9943297215607361,2.702912030313675,,32,8415,0.051715543680903364,1.4791375622930356,4.389158672183182,,32,14382,0.7510986328125,0.5375849146421263,1.1223262862010062,3.0719922306624876,,-0.23547659114915498,0.5378632491408022,1.7123440976489217,,32,6174,,-0.4810536307270925,1.4779746118094508,4.3840572648998215,,32,3861,0,0.0,,,,,,,,,,,,,,,,
5760,mixed_tail,0,,,,,,,,,,,,,,,,,,,,,,,,,,,,,,,,,,0.402309387922287,0.0,0.0,5.839632511138916,0.9077000021934509,0.4607056975364685,0,0.40084711804042933,0.02541404620985434,0.051306669224822334,0.742683570122435,0,6,0,0,0
5780,mixed_tail,0,,,,,,,,,,,,,,,,,,,,,,,,,,,,,,,,,,0.4141867756843567,0.0,0.0,5.839632511138916,0.9188500046730042,0.4725831151008606,0,0.41493914862180337,0.026161765816920837,0.047059825312582744,0.6620728025597239,0,6,0,0,0
5800,mixed_tail,0,,,,,,,,,,,,,,,,,,,,,,,,,,,,,,,,,,0.8959736227989197,0.0,0.0,5.839632511138916,0.8548499941825867,0.9543699622154236,0,0.431728540514253,0.05652616405651705,0.0435267602773531,1.1789687586800446,0,6,0,0,0
5820,mixed_tail,0,,,,,,,,,,,,,,,,,,,,,,,,,,,,,,,,,,1.179808259010315,0.0,0.0,5.839632511138916,0.7840999960899353,1.2382045984268188,0,0.4222366024175478,0.05672177070768417,0.04562104531075983,0.48762118002725025,0,6,0,0,0
5840,mixed_tail,0,,,,,,,,,,,,,,,,,,,,,,,,,,,,,,,,,,0.40390729904174805,0.0,0.0,5.839632511138916,0.898900032043457,0.46230363845825195,0,0.4165665707567177,0.02554436861412666,0.06075214162646305,0.9104844979114003,0,6,0,0,0
5860,mixed_tail,0,,,,,,,,,,,,,,,,,,,,,,,,,,,,,,,,,,1.2886526584625244,0.0,0.0,5.839632511138916,0.8784999847412109,1.3470489978790283,0,0.46633380882373165,0.08232356323372057,0.040434726227133996,1.513673595232623,0,6,0,0,0
5880,mixed_tail,0,,,,,,,,,,,,,,,,,,,,,,,,,,,,,,,,,,0.7961292862892151,0.0,0.0,5.839632511138916,0.6473000049591064,0.854525625705719,0,0.40350109052804445,0.01445499331436752,0.04093114514613435,0.8377129597796334,0,6,0,0,0
5900,mixed_tail,0,,,,,,,,,,,,,,,,,,,,,,,,,,,,,,,,,,0.936288595199585,0.0,0.0,5.839632511138916,0.8578000068664551,0.9946849346160889,0,0.4760827214639748,0.05293844939400775,0.04805563338367003,1.0642280128148813,0,6,0,0,0
5920,mixed_tail,0,,,,,,,,,,,,,,,,,,,,,,,,,,,,,,,,,,1.08388090133667,0.0,0.0,5.839632511138916,0.8282500505447388,1.1422772407531738,0,0.4097596484186407,0.025010738390327397,0.0357226221637416,0.4285215766538703,0,6,0,0,0
5940,mixed_tail,0,,,,,,,,,,,,,,,,,,,,,,,,,,,,,,,,,,0.32403695583343506,0.0,0.0,5.839632511138916,0.8896999955177307,0.38243329524993896,0,0.4057631178108629,0.01712810442612473,0.0437057982494552,0.5515815775545817,0,6,0,0,0
5960,mixed_tail,0,,,,,,,,,,,,,,,,,,,,,,,,,,,,,,,,,,0.8824290037155151,0.0,0.0,5.839632511138916,0.9025999903678894,0.940825343132019,0,0.4711795366785041,0.049520904648358864,0.036326116205207884,0.9758748945617486,0,6,0,0,0
5980,mixed_tail,0,,,,,,,,,,,,,,,,,,,,,,,,,,,,,,,,,,0.7229229211807251,0.0,0.0,5.839632511138916,0.77920001745224,0.781319260597229,0,0.4580879907690217,0.0529129610700433,0.04314492581973946,0.49707830797821756,0,6,0,0,0
5999,mixed_tail,0,,,,,,,,,,,,,,,,,,,,,,,,,,,,,,,,,,0.45352187752723694,0.0,0.0,5.839632511138916,0.8863999843597412,0.5119181871414185,0,0.42351677623373074,0.04126334375801629,0.043685358709522656,0.754583193763854,0,6,0,0,0
5999,,,0.109375,-0.10982232277972737,0.9869213700365326,2.6829618978956935,,32,8415,0.0445470999583899,1.4719691185705222,4.3578077382067235,,32,14382,0.7510986328125,0.5375849146421263,1.1158376872226028,3.052123833750983,0.015625,-0.24221131498079151,0.5311285253091657,1.7008506789885451,,32,6174,0.015625,-0.4856965075623523,1.473331734974191,4.363749805974947,,32,3861,0,0.0,,,,,,,,,,,,,,,,
