
=== launch 2026-09-19 11:32:57 ===
/home/a6000/miniconda3/envs/trihope/bin/python /home/a6000/asif/Council-TriHOPE/train.py --config-name stream_small ++teachers.mode=live ++teachers.num_teachers=4 ++distillation.lambda_ce=0.5 ++data.router_strict=true ++controller.retrieval.replay_on_hit=true ++train.seed=1337 ++checkpoint.dir=runs/baselines_small_v1_live/trihope-seed1337/checkpoints ++logging.path=runs/baselines_small_v1_live/trihope-seed1337/metrics.jsonl ++logging.events_path=runs/baselines_small_v1_live/trihope-seed1337/events.jsonl ++run.dir=runs/baselines_small_v1_live/trihope-seed1337 ++hydra.run.dir=runs/baselines_small_v1_live/trihope-seed1337/hydra/rank${oc.env:RANK,0}
[2026-09-19 11:32:59,935][httpx][INFO] - HTTP Request: HEAD https://huggingface.co/Qwen/Qwen3-0.6B/resolve/main/config.json "HTTP/1.1 307 Temporary Redirect"
[2026-09-19 11:32:59,952][httpx][INFO] - HTTP Request: HEAD https://huggingface.co/api/resolve-cache/models/Qwen/Qwen3-0.6B/c1899de289a04d12100db370d81485cdf75e47ca/config.json?%2FQwen%2FQwen3-0.6B%2Fresolve%2Fmain%2Fconfig.json=&etag=%22f5c3703b78ae2a478ae15b247e9f855e0ce2107b%22 "HTTP/1.1 200 OK"
[2026-09-19 11:33:00,208][httpx][INFO] - HTTP Request: HEAD https://huggingface.co/Qwen/Qwen3-0.6B/resolve/main/config.json "HTTP/1.1 307 Temporary Redirect"
[2026-09-19 11:33:00,225][httpx][INFO] - HTTP Request: HEAD https://huggingface.co/api/resolve-cache/models/Qwen/Qwen3-0.6B/c1899de289a04d12100db370d81485cdf75e47ca/config.json?%2FQwen%2FQwen3-0.6B%2Fresolve%2Fmain%2Fconfig.json=&etag=%22f5c3703b78ae2a478ae15b247e9f855e0ce2107b%22 "HTTP/1.1 200 OK"
[transformers] `torch_dtype` is deprecated! Use `dtype` instead!
Loading weights:   0%|          | 0/311 [00:00<?, ?it/s]Loading weights: 100%|██████████| 311/311 [00:00<00:00, 51942.36it/s]
[2026-09-19 11:33:00,745][httpx][INFO] - HTTP Request: HEAD https://huggingface.co/Qwen/Qwen3-0.6B/resolve/main/generation_config.json "HTTP/1.1 307 Temporary Redirect"
[2026-09-19 11:33:00,764][httpx][INFO] - HTTP Request: HEAD https://huggingface.co/api/resolve-cache/models/Qwen/Qwen3-0.6B/c1899de289a04d12100db370d81485cdf75e47ca/generation_config.json?%2FQwen%2FQwen3-0.6B%2Fresolve%2Fmain%2Fgeneration_config.json=&etag=%2220a8a9156fc8c3f25295ca067f61fdf120d517c5%22 "HTTP/1.1 200 OK"
Student model: 606,142,464 params
[2026-09-19 11:33:08,303][httpx][INFO] - HTTP Request: HEAD https://huggingface.co/Qwen/Qwen3-4B/resolve/main/config.json "HTTP/1.1 307 Temporary Redirect"
[2026-09-19 11:33:08,320][httpx][INFO] - HTTP Request: HEAD https://huggingface.co/api/resolve-cache/models/Qwen/Qwen3-4B/1cfa9a7208912126459214e8b04321603b3df60c/config.json?%2FQwen%2FQwen3-4B%2Fresolve%2Fmain%2Fconfig.json=&etag=%22e49eccdc32f36da9c09cfa0e737084f9e0105e5e%22 "HTTP/1.1 200 OK"
[2026-09-19 11:33:08,574][httpx][INFO] - HTTP Request: HEAD https://huggingface.co/Qwen/Qwen3-4B/resolve/main/config.json "HTTP/1.1 307 Temporary Redirect"
[2026-09-19 11:33:08,592][httpx][INFO] - HTTP Request: HEAD https://huggingface.co/api/resolve-cache/models/Qwen/Qwen3-4B/1cfa9a7208912126459214e8b04321603b3df60c/config.json?%2FQwen%2FQwen3-4B%2Fresolve%2Fmain%2Fconfig.json=&etag=%22e49eccdc32f36da9c09cfa0e737084f9e0105e5e%22 "HTTP/1.1 200 OK"
Loading weights:   0%|          | 0/398 [00:00<?, ?it/s]Loading weights:   2%|▏         | 6/398 [00:00<00:07, 51.02it/s]Loading weights:  34%|███▍      | 135/398 [00:00<00:00, 599.01it/s]Loading weights:  54%|█████▍    | 215/398 [00:00<00:00, 659.77it/s]Loading weights:  84%|████████▎ | 333/398 [00:00<00:00, 842.83it/s]Loading weights: 100%|██████████| 398/398 [00:00<00:00, 742.84it/s]
[2026-09-19 11:33:09,455][httpx][INFO] - HTTP Request: HEAD https://huggingface.co/Qwen/Qwen3-4B/resolve/main/generation_config.json "HTTP/1.1 307 Temporary Redirect"
[2026-09-19 11:33:09,471][httpx][INFO] - HTTP Request: HEAD https://huggingface.co/api/resolve-cache/models/Qwen/Qwen3-4B/1cfa9a7208912126459214e8b04321603b3df60c/generation_config.json?%2FQwen%2FQwen3-4B%2Fresolve%2Fmain%2Fgeneration_config.json=&etag=%2220a8a9156fc8c3f25295ca067f61fdf120d517c5%22 "HTTP/1.1 200 OK"
[2026-09-19 11:33:09,733][httpx][INFO] - HTTP Request: HEAD https://huggingface.co/Qwen/Qwen2.5-Coder-1.5B-Instruct/resolve/main/config.json "HTTP/1.1 307 Temporary Redirect"
[2026-09-19 11:33:09,750][httpx][INFO] - HTTP Request: HEAD https://huggingface.co/api/resolve-cache/models/Qwen/Qwen2.5-Coder-1.5B-Instruct/2e1fd397ee46e1388853d2af2c993145b0f1098a/config.json?%2FQwen%2FQwen2.5-Coder-1.5B-Instruct%2Fresolve%2Fmain%2Fconfig.json=&etag=%22b4831594221a81ea1540f0c6aeae93b6a8aeae56%22 "HTTP/1.1 200 OK"
[2026-09-19 11:33:10,008][httpx][INFO] - HTTP Request: HEAD https://huggingface.co/Qwen/Qwen2.5-Coder-1.5B-Instruct/resolve/main/config.json "HTTP/1.1 307 Temporary Redirect"
[2026-09-19 11:33:10,025][httpx][INFO] - HTTP Request: HEAD https://huggingface.co/api/resolve-cache/models/Qwen/Qwen2.5-Coder-1.5B-Instruct/2e1fd397ee46e1388853d2af2c993145b0f1098a/config.json?%2FQwen%2FQwen2.5-Coder-1.5B-Instruct%2Fresolve%2Fmain%2Fconfig.json=&etag=%22b4831594221a81ea1540f0c6aeae93b6a8aeae56%22 "HTTP/1.1 200 OK"
Loading weights:   0%|          | 0/338 [00:00<?, ?it/s]Loading weights:  39%|███▉      | 132/338 [00:00<00:00, 963.76it/s]Loading weights: 100%|██████████| 338/338 [00:00<00:00, 1687.75it/s]
[2026-09-19 11:33:10,528][httpx][INFO] - HTTP Request: HEAD https://huggingface.co/Qwen/Qwen2.5-Coder-1.5B-Instruct/resolve/main/generation_config.json "HTTP/1.1 307 Temporary Redirect"
[2026-09-19 11:33:10,545][httpx][INFO] - HTTP Request: HEAD https://huggingface.co/api/resolve-cache/models/Qwen/Qwen2.5-Coder-1.5B-Instruct/2e1fd397ee46e1388853d2af2c993145b0f1098a/generation_config.json?%2FQwen%2FQwen2.5-Coder-1.5B-Instruct%2Fresolve%2Fmain%2Fgeneration_config.json=&etag=%22b7849b3dad857bc1e227afd6ca21d1e4cb3f8f82%22 "HTTP/1.1 200 OK"
[2026-09-19 11:33:10,805][httpx][INFO] - HTTP Request: HEAD https://huggingface.co/deepseek-ai/DeepSeek-R1-Distill-Qwen-1.5B/resolve/main/config.json "HTTP/1.1 307 Temporary Redirect"
[2026-09-19 11:33:10,821][httpx][INFO] - HTTP Request: HEAD https://huggingface.co/api/resolve-cache/models/deepseek-ai/DeepSeek-R1-Distill-Qwen-1.5B/ad9f0ae0864d7fbcd1cd905e3c6c5b069cc8b562/config.json?%2Fdeepseek-ai%2FDeepSeek-R1-Distill-Qwen-1.5B%2Fresolve%2Fmain%2Fconfig.json=&etag=%2268c044b63c894bc0c3d334a44bed2856d6d6815d%22 "HTTP/1.1 200 OK"
[2026-09-19 11:33:11,087][httpx][INFO] - HTTP Request: HEAD https://huggingface.co/deepseek-ai/DeepSeek-R1-Distill-Qwen-1.5B/resolve/main/config.json "HTTP/1.1 307 Temporary Redirect"
[2026-09-19 11:33:11,105][httpx][INFO] - HTTP Request: HEAD https://huggingface.co/api/resolve-cache/models/deepseek-ai/DeepSeek-R1-Distill-Qwen-1.5B/ad9f0ae0864d7fbcd1cd905e3c6c5b069cc8b562/config.json?%2Fdeepseek-ai%2FDeepSeek-R1-Distill-Qwen-1.5B%2Fresolve%2Fmain%2Fconfig.json=&etag=%2268c044b63c894bc0c3d334a44bed2856d6d6815d%22 "HTTP/1.1 200 OK"
Loading weights:   0%|          | 0/339 [00:00<?, ?it/s]Loading weights:  14%|█▍        | 47/339 [00:00<00:01, 277.39it/s]Loading weights: 100%|██████████| 339/339 [00:00<00:00, 1486.07it/s]
[2026-09-19 11:33:11,637][httpx][INFO] - HTTP Request: HEAD https://huggingface.co/deepseek-ai/DeepSeek-R1-Distill-Qwen-1.5B/resolve/main/generation_config.json "HTTP/1.1 307 Temporary Redirect"
[2026-09-19 11:33:11,653][httpx][INFO] - HTTP Request: HEAD https://huggingface.co/api/resolve-cache/models/deepseek-ai/DeepSeek-R1-Distill-Qwen-1.5B/ad9f0ae0864d7fbcd1cd905e3c6c5b069cc8b562/generation_config.json?%2Fdeepseek-ai%2FDeepSeek-R1-Distill-Qwen-1.5B%2Fresolve%2Fmain%2Fgeneration_config.json=&etag=%22052ab54633116a634da950ab483233c4ace0aa82%22 "HTTP/1.1 200 OK"
[2026-09-19 11:33:11,911][httpx][INFO] - HTTP Request: HEAD https://huggingface.co/Qwen/Qwen2.5-1.5B-Instruct/resolve/main/config.json "HTTP/1.1 307 Temporary Redirect"
[2026-09-19 11:33:11,928][httpx][INFO] - HTTP Request: HEAD https://huggingface.co/api/resolve-cache/models/Qwen/Qwen2.5-1.5B-Instruct/989aa7980e4cf806f80c7fef2b1adb7bc71aa306/config.json?%2FQwen%2FQwen2.5-1.5B-Instruct%2Fresolve%2Fmain%2Fconfig.json=&etag=%22f81ead14ab072d65a07817f83a3ee0e5a1890d10%22 "HTTP/1.1 200 OK"
[2026-09-19 11:33:12,183][httpx][INFO] - HTTP Request: HEAD https://huggingface.co/Qwen/Qwen2.5-1.5B-Instruct/resolve/main/config.json "HTTP/1.1 307 Temporary Redirect"
[2026-09-19 11:33:12,200][httpx][INFO] - HTTP Request: HEAD https://huggingface.co/api/resolve-cache/models/Qwen/Qwen2.5-1.5B-Instruct/989aa7980e4cf806f80c7fef2b1adb7bc71aa306/config.json?%2FQwen%2FQwen2.5-1.5B-Instruct%2Fresolve%2Fmain%2Fconfig.json=&etag=%22f81ead14ab072d65a07817f83a3ee0e5a1890d10%22 "HTTP/1.1 200 OK"
Loading weights:   0%|          | 0/338 [00:00<?, ?it/s]Loading weights:  37%|███▋      | 124/338 [00:00<00:00, 1058.05it/s]Loading weights: 100%|██████████| 338/338 [00:00<00:00, 1593.62it/s]
[2026-09-19 11:33:12,721][httpx][INFO] - HTTP Request: HEAD https://huggingface.co/Qwen/Qwen2.5-1.5B-Instruct/resolve/main/generation_config.json "HTTP/1.1 307 Temporary Redirect"
[2026-09-19 11:33:12,737][httpx][INFO] - HTTP Request: HEAD https://huggingface.co/api/resolve-cache/models/Qwen/Qwen2.5-1.5B-Instruct/989aa7980e4cf806f80c7fef2b1adb7bc71aa306/generation_config.json?%2FQwen%2FQwen2.5-1.5B-Instruct%2Fresolve%2Fmain%2Fgeneration_config.json=&etag=%22dfc11073787daf1b0f9c0f1499487ab5f4c93738%22 "HTTP/1.1 200 OK"
[2026-09-19 11:33:13,111][httpx][INFO] - HTTP Request: HEAD https://huggingface.co/Qwen/Qwen3-0.6B/resolve/main/config.json "HTTP/1.1 307 Temporary Redirect"
[2026-09-19 11:33:13,128][httpx][INFO] - HTTP Request: HEAD https://huggingface.co/api/resolve-cache/models/Qwen/Qwen3-0.6B/c1899de289a04d12100db370d81485cdf75e47ca/config.json?%2FQwen%2FQwen3-0.6B%2Fresolve%2Fmain%2Fconfig.json=&etag=%22f5c3703b78ae2a478ae15b247e9f855e0ce2107b%22 "HTTP/1.1 200 OK"
[2026-09-19 11:33:13,388][httpx][INFO] - HTTP Request: HEAD https://huggingface.co/Qwen/Qwen3-0.6B/resolve/main/tokenizer_config.json "HTTP/1.1 307 Temporary Redirect"
[2026-09-19 11:33:13,404][httpx][INFO] - HTTP Request: HEAD https://huggingface.co/api/resolve-cache/models/Qwen/Qwen3-0.6B/c1899de289a04d12100db370d81485cdf75e47ca/tokenizer_config.json?%2FQwen%2FQwen3-0.6B%2Fresolve%2Fmain%2Ftokenizer_config.json=&etag=%22417d038a63fa3de29cfde265caedae14d1a58d92%22 "HTTP/1.1 200 OK"
[2026-09-19 11:33:13,663][httpx][INFO] - HTTP Request: GET https://huggingface.co/api/models/Qwen/Qwen3-0.6B/tree/main/additional_chat_templates?recursive=false&expand=false "HTTP/1.1 404 Not Found"
[2026-09-19 11:33:13,921][httpx][INFO] - HTTP Request: GET https://huggingface.co/api/models/Qwen/Qwen3-0.6B/tree/main?recursive=true&expand=false "HTTP/1.1 200 OK"
[2026-09-19 11:33:14,399][httpx][INFO] - HTTP Request: GET https://huggingface.co/api/models/Qwen/Qwen3-0.6B "HTTP/1.1 200 OK"
[2026-09-19 11:33:14,839][httpx][INFO] - HTTP Request: HEAD https://huggingface.co/datasets/hivemind-research/general-layerC-200k/resolve/main/README.md "HTTP/1.1 307 Temporary Redirect"
[2026-09-19 11:33:14,856][httpx][INFO] - HTTP Request: HEAD https://huggingface.co/api/resolve-cache/datasets/hivemind-research/general-layerC-200k/b29617ba177a8f9e56d92486a4ab72cc71aaf10a/README.md?%2Fdatasets%2Fhivemind-research%2Fgeneral-layerC-200k%2Fresolve%2Fmain%2FREADME.md=&etag=%22faa5a266495b8bd8dad82bfe0ec10c7219dc006e%22 "HTTP/1.1 200 OK"
[2026-09-19 11:33:15,112][httpx][INFO] - HTTP Request: HEAD https://huggingface.co/datasets/hivemind-research/general-layerC-200k/resolve/b29617ba177a8f9e56d92486a4ab72cc71aaf10a/general-layerC-200k.py "HTTP/1.1 404 Not Found"
[2026-09-19 11:33:15,926][httpx][INFO] - HTTP Request: HEAD https://s3.amazonaws.com/datasets.huggingface.co/datasets/datasets/hivemind-research/general-layerC-200k/hivemind-research/general-layerC-200k.py "HTTP/1.1 404 Not Found"
[2026-09-19 11:33:16,175][httpx][INFO] - HTTP Request: GET https://huggingface.co/api/datasets/hivemind-research/general-layerC-200k/revision/b29617ba177a8f9e56d92486a4ab72cc71aaf10a "HTTP/1.1 200 OK"
[2026-09-19 11:33:16,437][httpx][INFO] - HTTP Request: HEAD https://huggingface.co/datasets/hivemind-research/general-layerC-200k/resolve/b29617ba177a8f9e56d92486a4ab72cc71aaf10a/.huggingface.yaml "HTTP/1.1 404 Not Found"
[2026-09-19 11:33:16,831][httpx][INFO] - HTTP Request: GET https://datasets-server.huggingface.co/info?dataset=hivemind-research/general-layerC-200k "HTTP/1.1 200 OK"
[2026-09-19 11:33:17,087][httpx][INFO] - HTTP Request: GET https://huggingface.co/api/datasets/hivemind-research/general-layerC-200k/tree/b29617ba177a8f9e56d92486a4ab72cc71aaf10a/data?recursive=true&expand=false "HTTP/1.1 200 OK"
[2026-09-19 11:33:17,346][httpx][INFO] - HTTP Request: GET https://huggingface.co/api/datasets/hivemind-research/general-layerC-200k/tree/b29617ba177a8f9e56d92486a4ab72cc71aaf10a?recursive=false&expand=false "HTTP/1.1 200 OK"
[2026-09-19 11:33:17,603][httpx][INFO] - HTTP Request: HEAD https://huggingface.co/datasets/hivemind-research/general-layerC-200k/resolve/b29617ba177a8f9e56d92486a4ab72cc71aaf10a/dataset_infos.json "HTTP/1.1 404 Not Found"
[2026-09-19 11:33:17,612][hivemind.data.hf_loader][INFO] - Domain general: 40000 rows from Layer C hivemind-research/general-layerC-200k (train)
[2026-09-19 11:33:17,869][httpx][INFO] - HTTP Request: HEAD https://huggingface.co/datasets/hivemind-research/code-layerC-200k/resolve/main/README.md "HTTP/1.1 307 Temporary Redirect"
[2026-09-19 11:33:17,886][httpx][INFO] - HTTP Request: HEAD https://huggingface.co/api/resolve-cache/datasets/hivemind-research/code-layerC-200k/06eb4cb3123769c65da021c754087396f1579de8/README.md?%2Fdatasets%2Fhivemind-research%2Fcode-layerC-200k%2Fresolve%2Fmain%2FREADME.md=&etag=%229ecf575b6f26905027e81624205b194be414a281%22 "HTTP/1.1 200 OK"
[2026-09-19 11:33:18,137][httpx][INFO] - HTTP Request: HEAD https://huggingface.co/datasets/hivemind-research/code-layerC-200k/resolve/06eb4cb3123769c65da021c754087396f1579de8/code-layerC-200k.py "HTTP/1.1 404 Not Found"
[2026-09-19 11:33:18,407][httpx][INFO] - HTTP Request: HEAD https://s3.amazonaws.com/datasets.huggingface.co/datasets/datasets/hivemind-research/code-layerC-200k/hivemind-research/code-layerC-200k.py "HTTP/1.1 404 Not Found"
[2026-09-19 11:33:18,669][httpx][INFO] - HTTP Request: GET https://huggingface.co/api/datasets/hivemind-research/code-layerC-200k/revision/06eb4cb3123769c65da021c754087396f1579de8 "HTTP/1.1 200 OK"
[2026-09-19 11:33:19,043][httpx][INFO] - HTTP Request: HEAD https://huggingface.co/datasets/hivemind-research/code-layerC-200k/resolve/06eb4cb3123769c65da021c754087396f1579de8/.huggingface.yaml "HTTP/1.1 404 Not Found"
[2026-09-19 11:33:19,304][httpx][INFO] - HTTP Request: GET https://datasets-server.huggingface.co/info?dataset=hivemind-research/code-layerC-200k "HTTP/1.1 200 OK"
[2026-09-19 11:33:19,581][httpx][INFO] - HTTP Request: GET https://huggingface.co/api/datasets/hivemind-research/code-layerC-200k/tree/06eb4cb3123769c65da021c754087396f1579de8/data?recursive=true&expand=false "HTTP/1.1 200 OK"
[2026-09-19 11:33:19,840][httpx][INFO] - HTTP Request: GET https://huggingface.co/api/datasets/hivemind-research/code-layerC-200k/tree/06eb4cb3123769c65da021c754087396f1579de8?recursive=false&expand=false "HTTP/1.1 200 OK"
[2026-09-19 11:33:20,098][httpx][INFO] - HTTP Request: HEAD https://huggingface.co/datasets/hivemind-research/code-layerC-200k/resolve/06eb4cb3123769c65da021c754087396f1579de8/dataset_infos.json "HTTP/1.1 404 Not Found"
[2026-09-19 11:33:20,110][hivemind.data.hf_loader][INFO] - Domain code: 40000 rows from Layer C hivemind-research/code-layerC-200k (train)
[2026-09-19 11:33:20,403][httpx][INFO] - HTTP Request: HEAD https://huggingface.co/datasets/hivemind-research/math-layerC-200K/resolve/main/README.md "HTTP/1.1 307 Temporary Redirect"
[2026-09-19 11:33:20,420][httpx][INFO] - HTTP Request: HEAD https://huggingface.co/api/resolve-cache/datasets/hivemind-research/math-layerC-200K/65cb8a833f749c90438b937db77f8783d63d6c66/README.md?%2Fdatasets%2Fhivemind-research%2Fmath-layerC-200K%2Fresolve%2Fmain%2FREADME.md=&etag=%2283c288c409a8d8c75a8b81d1738df39dae22a35d%22 "HTTP/1.1 200 OK"
[2026-09-19 11:33:20,703][httpx][INFO] - HTTP Request: HEAD https://huggingface.co/datasets/hivemind-research/math-layerC-200K/resolve/65cb8a833f749c90438b937db77f8783d63d6c66/math-layerC-200K.py "HTTP/1.1 404 Not Found"
[2026-09-19 11:33:20,974][httpx][INFO] - HTTP Request: HEAD https://s3.amazonaws.com/datasets.huggingface.co/datasets/datasets/hivemind-research/math-layerC-200K/hivemind-research/math-layerC-200K.py "HTTP/1.1 404 Not Found"
[2026-09-19 11:33:21,229][httpx][INFO] - HTTP Request: GET https://huggingface.co/api/datasets/hivemind-research/math-layerC-200K/revision/65cb8a833f749c90438b937db77f8783d63d6c66 "HTTP/1.1 200 OK"
[2026-09-19 11:33:21,479][httpx][INFO] - HTTP Request: HEAD https://huggingface.co/datasets/hivemind-research/math-layerC-200K/resolve/65cb8a833f749c90438b937db77f8783d63d6c66/.huggingface.yaml "HTTP/1.1 404 Not Found"
[2026-09-19 11:33:21,742][httpx][INFO] - HTTP Request: GET https://datasets-server.huggingface.co/info?dataset=hivemind-research/math-layerC-200K "HTTP/1.1 200 OK"
[2026-09-19 11:33:22,005][httpx][INFO] - HTTP Request: GET https://huggingface.co/api/datasets/hivemind-research/math-layerC-200K/tree/65cb8a833f749c90438b937db77f8783d63d6c66/data?recursive=true&expand=false "HTTP/1.1 200 OK"
[2026-09-19 11:33:22,273][httpx][INFO] - HTTP Request: GET https://huggingface.co/api/datasets/hivemind-research/math-layerC-200K/tree/65cb8a833f749c90438b937db77f8783d63d6c66?recursive=false&expand=false "HTTP/1.1 200 OK"
[2026-09-19 11:33:22,534][httpx][INFO] - HTTP Request: HEAD https://huggingface.co/datasets/hivemind-research/math-layerC-200K/resolve/65cb8a833f749c90438b937db77f8783d63d6c66/dataset_infos.json "HTTP/1.1 404 Not Found"
[2026-09-19 11:33:22,542][hivemind.data.hf_loader][INFO] - Domain math: 40000 rows from Layer C hivemind-research/math-layerC-200K (train)
[2026-09-19 11:33:22,804][httpx][INFO] - HTTP Request: HEAD https://huggingface.co/datasets/hivemind-research/medical-layerC-200k/resolve/main/README.md "HTTP/1.1 307 Temporary Redirect"
[2026-09-19 11:33:22,823][httpx][INFO] - HTTP Request: HEAD https://huggingface.co/api/resolve-cache/datasets/hivemind-research/medical-layerC-200k/c308f5d089bbe559c07b83c7d51c14899226e2fe/README.md?%2Fdatasets%2Fhivemind-research%2Fmedical-layerC-200k%2Fresolve%2Fmain%2FREADME.md=&etag=%224154aacd5f1ea4cb09a05945a34652500c76e30a%22 "HTTP/1.1 200 OK"
[2026-09-19 11:33:23,080][httpx][INFO] - HTTP Request: HEAD https://huggingface.co/datasets/hivemind-research/medical-layerC-200k/resolve/c308f5d089bbe559c07b83c7d51c14899226e2fe/medical-layerC-200k.py "HTTP/1.1 404 Not Found"
[2026-09-19 11:33:23,361][httpx][INFO] - HTTP Request: HEAD https://s3.amazonaws.com/datasets.huggingface.co/datasets/datasets/hivemind-research/medical-layerC-200k/hivemind-research/medical-layerC-200k.py "HTTP/1.1 404 Not Found"
[2026-09-19 11:33:23,614][httpx][INFO] - HTTP Request: GET https://huggingface.co/api/datasets/hivemind-research/medical-layerC-200k/revision/c308f5d089bbe559c07b83c7d51c14899226e2fe "HTTP/1.1 200 OK"
[2026-09-19 11:33:23,887][httpx][INFO] - HTTP Request: HEAD https://huggingface.co/datasets/hivemind-research/medical-layerC-200k/resolve/c308f5d089bbe559c07b83c7d51c14899226e2fe/.huggingface.yaml "HTTP/1.1 404 Not Found"
[2026-09-19 11:33:24,155][httpx][INFO] - HTTP Request: GET https://datasets-server.huggingface.co/info?dataset=hivemind-research/medical-layerC-200k "HTTP/1.1 200 OK"
[2026-09-19 11:33:24,409][httpx][INFO] - HTTP Request: GET https://huggingface.co/api/datasets/hivemind-research/medical-layerC-200k/tree/c308f5d089bbe559c07b83c7d51c14899226e2fe/data?recursive=true&expand=false "HTTP/1.1 200 OK"
[2026-09-19 11:33:24,679][httpx][INFO] - HTTP Request: GET https://huggingface.co/api/datasets/hivemind-research/medical-layerC-200k/tree/c308f5d089bbe559c07b83c7d51c14899226e2fe?recursive=false&expand=false "HTTP/1.1 200 OK"
[2026-09-19 11:33:24,976][httpx][INFO] - HTTP Request: HEAD https://huggingface.co/datasets/hivemind-research/medical-layerC-200k/resolve/c308f5d089bbe559c07b83c7d51c14899226e2fe/dataset_infos.json "HTTP/1.1 404 Not Found"
[2026-09-19 11:33:24,984][hivemind.data.hf_loader][INFO] - Domain medical: 40000 rows from Layer C hivemind-research/medical-layerC-200k (train)
[2026-09-19 11:33:24,984][hivemind.data.hf_loader][INFO] - HivemindHFDataset loaded: 160000 rows across domains=['general', 'code', 'math', 'medical'] split=train
[preflight] 1 warning(s):
  - tokenizer.vocab_size=151643 != model.vocab_size=151936. The collator sizes cached teacher logits to the model vocab; a mismatch here means any NPZ cache built at the tokenizer's number would be rejected by batch_teacher_forward's shape check.
[2026-09-19 11:33:28,639][httpx][INFO] - HTTP Request: HEAD https://huggingface.co/Qwen/Qwen3-0.6B/resolve/main/config.json "HTTP/1.1 307 Temporary Redirect"
[2026-09-19 11:33:28,656][httpx][INFO] - HTTP Request: HEAD https://huggingface.co/api/resolve-cache/models/Qwen/Qwen3-0.6B/c1899de289a04d12100db370d81485cdf75e47ca/config.json?%2FQwen%2FQwen3-0.6B%2Fresolve%2Fmain%2Fconfig.json=&etag=%22f5c3703b78ae2a478ae15b247e9f855e0ce2107b%22 "HTTP/1.1 200 OK"
[2026-09-19 11:33:28,906][httpx][INFO] - HTTP Request: HEAD https://huggingface.co/Qwen/Qwen3-0.6B/resolve/main/tokenizer_config.json "HTTP/1.1 307 Temporary Redirect"
[2026-09-19 11:33:28,923][httpx][INFO] - HTTP Request: HEAD https://huggingface.co/api/resolve-cache/models/Qwen/Qwen3-0.6B/c1899de289a04d12100db370d81485cdf75e47ca/tokenizer_config.json?%2FQwen%2FQwen3-0.6B%2Fresolve%2Fmain%2Ftokenizer_config.json=&etag=%22417d038a63fa3de29cfde265caedae14d1a58d92%22 "HTTP/1.1 200 OK"
[2026-09-19 11:33:29,172][httpx][INFO] - HTTP Request: GET https://huggingface.co/api/models/Qwen/Qwen3-0.6B/tree/main/additional_chat_templates?recursive=false&expand=false "HTTP/1.1 404 Not Found"
[2026-09-19 11:33:29,429][httpx][INFO] - HTTP Request: GET https://huggingface.co/api/models/Qwen/Qwen3-0.6B/tree/main?recursive=true&expand=false "HTTP/1.1 200 OK"
[2026-09-19 11:33:29,932][httpx][INFO] - HTTP Request: GET https://huggingface.co/api/models/Qwen/Qwen3-0.6B "HTTP/1.1 200 OK"
[2026-09-19 11:33:30,191][httpx][INFO] - HTTP Request: HEAD https://huggingface.co/datasets/hivemind-research/general-layerC-200k/resolve/main/README.md "HTTP/1.1 307 Temporary Redirect"
[2026-09-19 11:33:30,208][httpx][INFO] - HTTP Request: HEAD https://huggingface.co/api/resolve-cache/datasets/hivemind-research/general-layerC-200k/b29617ba177a8f9e56d92486a4ab72cc71aaf10a/README.md?%2Fdatasets%2Fhivemind-research%2Fgeneral-layerC-200k%2Fresolve%2Fmain%2FREADME.md=&etag=%22faa5a266495b8bd8dad82bfe0ec10c7219dc006e%22 "HTTP/1.1 200 OK"
[2026-09-19 11:33:30,461][httpx][INFO] - HTTP Request: HEAD https://huggingface.co/datasets/hivemind-research/general-layerC-200k/resolve/b29617ba177a8f9e56d92486a4ab72cc71aaf10a/general-layerC-200k.py "HTTP/1.1 404 Not Found"
[2026-09-19 11:33:31,299][httpx][INFO] - HTTP Request: HEAD https://s3.amazonaws.com/datasets.huggingface.co/datasets/datasets/hivemind-research/general-layerC-200k/hivemind-research/general-layerC-200k.py "HTTP/1.1 404 Not Found"
[2026-09-19 11:33:31,604][httpx][INFO] - HTTP Request: HEAD https://huggingface.co/datasets/hivemind-research/general-layerC-200k/resolve/b29617ba177a8f9e56d92486a4ab72cc71aaf10a/.huggingface.yaml "HTTP/1.1 404 Not Found"
[2026-09-19 11:33:31,905][httpx][INFO] - HTTP Request: GET https://datasets-server.huggingface.co/info?dataset=hivemind-research/general-layerC-200k "HTTP/1.1 200 OK"
[2026-09-19 11:33:32,166][httpx][INFO] - HTTP Request: HEAD https://huggingface.co/datasets/hivemind-research/general-layerC-200k/resolve/b29617ba177a8f9e56d92486a4ab72cc71aaf10a/dataset_infos.json "HTTP/1.1 404 Not Found"
[2026-09-19 11:33:32,171][hivemind.data.hf_loader][INFO] - Domain general: 256 rows from Layer C hivemind-research/general-layerC-200k (validation)
[2026-09-19 11:33:32,171][hivemind.data.hf_loader][INFO] - HivemindHFDataset loaded: 256 rows across domains=['general'] split=validation
[2026-09-19 11:33:32,431][httpx][INFO] - HTTP Request: HEAD https://huggingface.co/Qwen/Qwen3-0.6B/resolve/main/config.json "HTTP/1.1 307 Temporary Redirect"
[2026-09-19 11:33:32,448][httpx][INFO] - HTTP Request: HEAD https://huggingface.co/api/resolve-cache/models/Qwen/Qwen3-0.6B/c1899de289a04d12100db370d81485cdf75e47ca/config.json?%2FQwen%2FQwen3-0.6B%2Fresolve%2Fmain%2Fconfig.json=&etag=%22f5c3703b78ae2a478ae15b247e9f855e0ce2107b%22 "HTTP/1.1 200 OK"
[2026-09-19 11:33:32,702][httpx][INFO] - HTTP Request: HEAD https://huggingface.co/Qwen/Qwen3-0.6B/resolve/main/tokenizer_config.json "HTTP/1.1 307 Temporary Redirect"
[2026-09-19 11:33:32,720][httpx][INFO] - HTTP Request: HEAD https://huggingface.co/api/resolve-cache/models/Qwen/Qwen3-0.6B/c1899de289a04d12100db370d81485cdf75e47ca/tokenizer_config.json?%2FQwen%2FQwen3-0.6B%2Fresolve%2Fmain%2Ftokenizer_config.json=&etag=%22417d038a63fa3de29cfde265caedae14d1a58d92%22 "HTTP/1.1 200 OK"
[2026-09-19 11:33:32,973][httpx][INFO] - HTTP Request: GET https://huggingface.co/api/models/Qwen/Qwen3-0.6B/tree/main/additional_chat_templates?recursive=false&expand=false "HTTP/1.1 404 Not Found"
[2026-09-19 11:33:33,226][httpx][INFO] - HTTP Request: GET https://huggingface.co/api/models/Qwen/Qwen3-0.6B/tree/main?recursive=true&expand=false "HTTP/1.1 200 OK"
[2026-09-19 11:33:33,633][httpx][INFO] - HTTP Request: GET https://huggingface.co/api/models/Qwen/Qwen3-0.6B "HTTP/1.1 200 OK"
[2026-09-19 11:33:33,893][httpx][INFO] - HTTP Request: HEAD https://huggingface.co/datasets/hivemind-research/code-layerC-200k/resolve/main/README.md "HTTP/1.1 307 Temporary Redirect"
[2026-09-19 11:33:33,911][httpx][INFO] - HTTP Request: HEAD https://huggingface.co/api/resolve-cache/datasets/hivemind-research/code-layerC-200k/06eb4cb3123769c65da021c754087396f1579de8/README.md?%2Fdatasets%2Fhivemind-research%2Fcode-layerC-200k%2Fresolve%2Fmain%2FREADME.md=&etag=%229ecf575b6f26905027e81624205b194be414a281%22 "HTTP/1.1 200 OK"
[2026-09-19 11:33:34,180][httpx][INFO] - HTTP Request: HEAD https://huggingface.co/datasets/hivemind-research/code-layerC-200k/resolve/06eb4cb3123769c65da021c754087396f1579de8/code-layerC-200k.py "HTTP/1.1 404 Not Found"
[2026-09-19 11:33:34,458][httpx][INFO] - HTTP Request: HEAD https://s3.amazonaws.com/datasets.huggingface.co/datasets/datasets/hivemind-research/code-layerC-200k/hivemind-research/code-layerC-200k.py "HTTP/1.1 404 Not Found"
[2026-09-19 11:33:34,709][httpx][INFO] - HTTP Request: HEAD https://huggingface.co/datasets/hivemind-research/code-layerC-200k/resolve/06eb4cb3123769c65da021c754087396f1579de8/.huggingface.yaml "HTTP/1.1 404 Not Found"
[2026-09-19 11:33:34,975][httpx][INFO] - HTTP Request: GET https://datasets-server.huggingface.co/info?dataset=hivemind-research/code-layerC-200k "HTTP/1.1 200 OK"
[2026-09-19 11:33:35,239][httpx][INFO] - HTTP Request: HEAD https://huggingface.co/datasets/hivemind-research/code-layerC-200k/resolve/06eb4cb3123769c65da021c754087396f1579de8/dataset_infos.json "HTTP/1.1 404 Not Found"
[2026-09-19 11:33:35,246][hivemind.data.hf_loader][INFO] - Domain code: 256 rows from Layer C hivemind-research/code-layerC-200k (validation)
[2026-09-19 11:33:35,246][hivemind.data.hf_loader][INFO] - HivemindHFDataset loaded: 256 rows across domains=['code'] split=validation
[2026-09-19 11:33:35,520][httpx][INFO] - HTTP Request: HEAD https://huggingface.co/Qwen/Qwen3-0.6B/resolve/main/config.json "HTTP/1.1 307 Temporary Redirect"
[2026-09-19 11:33:35,538][httpx][INFO] - HTTP Request: HEAD https://huggingface.co/api/resolve-cache/models/Qwen/Qwen3-0.6B/c1899de289a04d12100db370d81485cdf75e47ca/config.json?%2FQwen%2FQwen3-0.6B%2Fresolve%2Fmain%2Fconfig.json=&etag=%22f5c3703b78ae2a478ae15b247e9f855e0ce2107b%22 "HTTP/1.1 200 OK"
[2026-09-19 11:33:35,796][httpx][INFO] - HTTP Request: HEAD https://huggingface.co/Qwen/Qwen3-0.6B/resolve/main/tokenizer_config.json "HTTP/1.1 307 Temporary Redirect"
[2026-09-19 11:33:35,812][httpx][INFO] - HTTP Request: HEAD https://huggingface.co/api/resolve-cache/models/Qwen/Qwen3-0.6B/c1899de289a04d12100db370d81485cdf75e47ca/tokenizer_config.json?%2FQwen%2FQwen3-0.6B%2Fresolve%2Fmain%2Ftokenizer_config.json=&etag=%22417d038a63fa3de29cfde265caedae14d1a58d92%22 "HTTP/1.1 200 OK"
[2026-09-19 11:33:36,071][httpx][INFO] - HTTP Request: GET https://huggingface.co/api/models/Qwen/Qwen3-0.6B/tree/main/additional_chat_templates?recursive=false&expand=false "HTTP/1.1 404 Not Found"
[2026-09-19 11:33:36,383][httpx][INFO] - HTTP Request: GET https://huggingface.co/api/models/Qwen/Qwen3-0.6B/tree/main?recursive=true&expand=false "HTTP/1.1 200 OK"
[2026-09-19 11:33:36,889][httpx][INFO] - HTTP Request: GET https://huggingface.co/api/models/Qwen/Qwen3-0.6B "HTTP/1.1 200 OK"
[2026-09-19 11:33:37,152][httpx][INFO] - HTTP Request: HEAD https://huggingface.co/datasets/hivemind-research/math-layerC-200K/resolve/main/README.md "HTTP/1.1 307 Temporary Redirect"
[2026-09-19 11:33:37,170][httpx][INFO] - HTTP Request: HEAD https://huggingface.co/api/resolve-cache/datasets/hivemind-research/math-layerC-200K/65cb8a833f749c90438b937db77f8783d63d6c66/README.md?%2Fdatasets%2Fhivemind-research%2Fmath-layerC-200K%2Fresolve%2Fmain%2FREADME.md=&etag=%2283c288c409a8d8c75a8b81d1738df39dae22a35d%22 "HTTP/1.1 200 OK"
[2026-09-19 11:33:37,423][httpx][INFO] - HTTP Request: HEAD https://huggingface.co/datasets/hivemind-research/math-layerC-200K/resolve/65cb8a833f749c90438b937db77f8783d63d6c66/math-layerC-200K.py "HTTP/1.1 404 Not Found"
[2026-09-19 11:33:37,704][httpx][INFO] - HTTP Request: HEAD https://s3.amazonaws.com/datasets.huggingface.co/datasets/datasets/hivemind-research/math-layerC-200K/hivemind-research/math-layerC-200K.py "HTTP/1.1 404 Not Found"
[2026-09-19 11:33:37,962][httpx][INFO] - HTTP Request: HEAD https://huggingface.co/datasets/hivemind-research/math-layerC-200K/resolve/65cb8a833f749c90438b937db77f8783d63d6c66/.huggingface.yaml "HTTP/1.1 404 Not Found"
[2026-09-19 11:33:38,237][httpx][INFO] - HTTP Request: GET https://datasets-server.huggingface.co/info?dataset=hivemind-research/math-layerC-200K "HTTP/1.1 200 OK"
[2026-09-19 11:33:38,501][httpx][INFO] - HTTP Request: HEAD https://huggingface.co/datasets/hivemind-research/math-layerC-200K/resolve/65cb8a833f749c90438b937db77f8783d63d6c66/dataset_infos.json "HTTP/1.1 404 Not Found"
[2026-09-19 11:33:38,507][hivemind.data.hf_loader][INFO] - Domain math: 256 rows from Layer C hivemind-research/math-layerC-200K (validation)
[2026-09-19 11:33:38,507][hivemind.data.hf_loader][INFO] - HivemindHFDataset loaded: 256 rows across domains=['math'] split=validation
[2026-09-19 11:33:38,766][httpx][INFO] - HTTP Request: HEAD https://huggingface.co/Qwen/Qwen3-0.6B/resolve/main/config.json "HTTP/1.1 307 Temporary Redirect"
[2026-09-19 11:33:38,784][httpx][INFO] - HTTP Request: HEAD https://huggingface.co/api/resolve-cache/models/Qwen/Qwen3-0.6B/c1899de289a04d12100db370d81485cdf75e47ca/config.json?%2FQwen%2FQwen3-0.6B%2Fresolve%2Fmain%2Fconfig.json=&etag=%22f5c3703b78ae2a478ae15b247e9f855e0ce2107b%22 "HTTP/1.1 200 OK"
[2026-09-19 11:33:39,042][httpx][INFO] - HTTP Request: HEAD https://huggingface.co/Qwen/Qwen3-0.6B/resolve/main/tokenizer_config.json "HTTP/1.1 307 Temporary Redirect"
[2026-09-19 11:33:39,059][httpx][INFO] - HTTP Request: HEAD https://huggingface.co/api/resolve-cache/models/Qwen/Qwen3-0.6B/c1899de289a04d12100db370d81485cdf75e47ca/tokenizer_config.json?%2FQwen%2FQwen3-0.6B%2Fresolve%2Fmain%2Ftokenizer_config.json=&etag=%22417d038a63fa3de29cfde265caedae14d1a58d92%22 "HTTP/1.1 200 OK"
[2026-09-19 11:33:39,322][httpx][INFO] - HTTP Request: GET https://huggingface.co/api/models/Qwen/Qwen3-0.6B/tree/main/additional_chat_templates?recursive=false&expand=false "HTTP/1.1 404 Not Found"
[2026-09-19 11:33:39,583][httpx][INFO] - HTTP Request: GET https://huggingface.co/api/models/Qwen/Qwen3-0.6B/tree/main?recursive=true&expand=false "HTTP/1.1 200 OK"
[2026-09-19 11:33:39,994][httpx][INFO] - HTTP Request: GET https://huggingface.co/api/models/Qwen/Qwen3-0.6B "HTTP/1.1 200 OK"
[2026-09-19 11:33:40,251][httpx][INFO] - HTTP Request: HEAD https://huggingface.co/datasets/hivemind-research/medical-layerC-200k/resolve/main/README.md "HTTP/1.1 307 Temporary Redirect"
[2026-09-19 11:33:40,268][httpx][INFO] - HTTP Request: HEAD https://huggingface.co/api/resolve-cache/datasets/hivemind-research/medical-layerC-200k/c308f5d089bbe559c07b83c7d51c14899226e2fe/README.md?%2Fdatasets%2Fhivemind-research%2Fmedical-layerC-200k%2Fresolve%2Fmain%2FREADME.md=&etag=%224154aacd5f1ea4cb09a05945a34652500c76e30a%22 "HTTP/1.1 200 OK"
[2026-09-19 11:33:40,526][httpx][INFO] - HTTP Request: HEAD https://huggingface.co/datasets/hivemind-research/medical-layerC-200k/resolve/c308f5d089bbe559c07b83c7d51c14899226e2fe/medical-layerC-200k.py "HTTP/1.1 404 Not Found"
[2026-09-19 11:33:40,807][httpx][INFO] - HTTP Request: HEAD https://s3.amazonaws.com/datasets.huggingface.co/datasets/datasets/hivemind-research/medical-layerC-200k/hivemind-research/medical-layerC-200k.py "HTTP/1.1 404 Not Found"
[2026-09-19 11:33:41,059][httpx][INFO] - HTTP Request: HEAD https://huggingface.co/datasets/hivemind-research/medical-layerC-200k/resolve/c308f5d089bbe559c07b83c7d51c14899226e2fe/.huggingface.yaml "HTTP/1.1 404 Not Found"
[2026-09-19 11:33:41,341][httpx][INFO] - HTTP Request: GET https://datasets-server.huggingface.co/info?dataset=hivemind-research/medical-layerC-200k "HTTP/1.1 200 OK"
[2026-09-19 11:33:41,592][httpx][INFO] - HTTP Request: HEAD https://huggingface.co/datasets/hivemind-research/medical-layerC-200k/resolve/c308f5d089bbe559c07b83c7d51c14899226e2fe/dataset_infos.json "HTTP/1.1 404 Not Found"
[2026-09-19 11:33:41,598][hivemind.data.hf_loader][INFO] - Domain medical: 256 rows from Layer C hivemind-research/medical-layerC-200k (validation)
[2026-09-19 11:33:41,598][hivemind.data.hf_loader][INFO] - HivemindHFDataset loaded: 256 rows across domains=['medical'] split=validation
[2026-09-19 11:33:41,858][httpx][INFO] - HTTP Request: HEAD https://huggingface.co/Qwen/Qwen3-0.6B/resolve/main/config.json "HTTP/1.1 307 Temporary Redirect"
[2026-09-19 11:33:41,876][httpx][INFO] - HTTP Request: HEAD https://huggingface.co/api/resolve-cache/models/Qwen/Qwen3-0.6B/c1899de289a04d12100db370d81485cdf75e47ca/config.json?%2FQwen%2FQwen3-0.6B%2Fresolve%2Fmain%2Fconfig.json=&etag=%22f5c3703b78ae2a478ae15b247e9f855e0ce2107b%22 "HTTP/1.1 200 OK"
[2026-09-19 11:33:42,129][httpx][INFO] - HTTP Request: HEAD https://huggingface.co/Qwen/Qwen3-0.6B/resolve/main/tokenizer_config.json "HTTP/1.1 307 Temporary Redirect"
[2026-09-19 11:33:42,145][httpx][INFO] - HTTP Request: HEAD https://huggingface.co/api/resolve-cache/models/Qwen/Qwen3-0.6B/c1899de289a04d12100db370d81485cdf75e47ca/tokenizer_config.json?%2FQwen%2FQwen3-0.6B%2Fresolve%2Fmain%2Ftokenizer_config.json=&etag=%22417d038a63fa3de29cfde265caedae14d1a58d92%22 "HTTP/1.1 200 OK"
[2026-09-19 11:33:42,406][httpx][INFO] - HTTP Request: GET https://huggingface.co/api/models/Qwen/Qwen3-0.6B/tree/main/additional_chat_templates?recursive=false&expand=false "HTTP/1.1 404 Not Found"
[2026-09-19 11:33:42,664][httpx][INFO] - HTTP Request: GET https://huggingface.co/api/models/Qwen/Qwen3-0.6B/tree/main?recursive=true&expand=false "HTTP/1.1 200 OK"
[2026-09-19 11:33:43,186][httpx][INFO] - HTTP Request: GET https://huggingface.co/api/models/Qwen/Qwen3-0.6B "HTTP/1.1 200 OK"
[2026-09-19 11:33:43,444][httpx][INFO] - HTTP Request: HEAD https://huggingface.co/datasets/hivemind-research/code-layerC-200k/resolve/main/README.md "HTTP/1.1 307 Temporary Redirect"
[2026-09-19 11:33:43,460][httpx][INFO] - HTTP Request: HEAD https://huggingface.co/api/resolve-cache/datasets/hivemind-research/code-layerC-200k/06eb4cb3123769c65da021c754087396f1579de8/README.md?%2Fdatasets%2Fhivemind-research%2Fcode-layerC-200k%2Fresolve%2Fmain%2FREADME.md=&etag=%229ecf575b6f26905027e81624205b194be414a281%22 "HTTP/1.1 200 OK"
[2026-09-19 11:33:43,718][httpx][INFO] - HTTP Request: HEAD https://huggingface.co/datasets/hivemind-research/code-layerC-200k/resolve/06eb4cb3123769c65da021c754087396f1579de8/code-layerC-200k.py "HTTP/1.1 404 Not Found"
[2026-09-19 11:33:43,999][httpx][INFO] - HTTP Request: HEAD https://s3.amazonaws.com/datasets.huggingface.co/datasets/datasets/hivemind-research/code-layerC-200k/hivemind-research/code-layerC-200k.py "HTTP/1.1 404 Not Found"
[2026-09-19 11:33:44,259][httpx][INFO] - HTTP Request: HEAD https://huggingface.co/datasets/hivemind-research/code-layerC-200k/resolve/06eb4cb3123769c65da021c754087396f1579de8/.huggingface.yaml "HTTP/1.1 404 Not Found"
[2026-09-19 11:33:44,520][httpx][INFO] - HTTP Request: GET https://datasets-server.huggingface.co/info?dataset=hivemind-research/code-layerC-200k "HTTP/1.1 200 OK"
[2026-09-19 11:33:44,781][httpx][INFO] - HTTP Request: HEAD https://huggingface.co/datasets/hivemind-research/code-layerC-200k/resolve/06eb4cb3123769c65da021c754087396f1579de8/dataset_infos.json "HTTP/1.1 404 Not Found"
[2026-09-19 11:33:44,785][hivemind.data.hf_loader][INFO] - Domain code: 20000 rows from Layer C hivemind-research/code-layerC-200k (validation)
[2026-09-19 11:33:44,785][hivemind.data.hf_loader][INFO] - HivemindHFDataset loaded: 20000 rows across domains=['code'] split=validation
[2026-09-19 11:33:45,113][httpx][INFO] - HTTP Request: HEAD https://huggingface.co/Qwen/Qwen3-0.6B/resolve/main/config.json "HTTP/1.1 307 Temporary Redirect"
[2026-09-19 11:33:45,130][httpx][INFO] - HTTP Request: HEAD https://huggingface.co/api/resolve-cache/models/Qwen/Qwen3-0.6B/c1899de289a04d12100db370d81485cdf75e47ca/config.json?%2FQwen%2FQwen3-0.6B%2Fresolve%2Fmain%2Fconfig.json=&etag=%22f5c3703b78ae2a478ae15b247e9f855e0ce2107b%22 "HTTP/1.1 200 OK"
[2026-09-19 11:33:45,387][httpx][INFO] - HTTP Request: HEAD https://huggingface.co/Qwen/Qwen3-0.6B/resolve/main/tokenizer_config.json "HTTP/1.1 307 Temporary Redirect"
[2026-09-19 11:33:45,404][httpx][INFO] - HTTP Request: HEAD https://huggingface.co/api/resolve-cache/models/Qwen/Qwen3-0.6B/c1899de289a04d12100db370d81485cdf75e47ca/tokenizer_config.json?%2FQwen%2FQwen3-0.6B%2Fresolve%2Fmain%2Ftokenizer_config.json=&etag=%22417d038a63fa3de29cfde265caedae14d1a58d92%22 "HTTP/1.1 200 OK"
[2026-09-19 11:33:45,653][httpx][INFO] - HTTP Request: GET https://huggingface.co/api/models/Qwen/Qwen3-0.6B/tree/main/additional_chat_templates?recursive=false&expand=false "HTTP/1.1 404 Not Found"
[2026-09-19 11:33:45,912][httpx][INFO] - HTTP Request: GET https://huggingface.co/api/models/Qwen/Qwen3-0.6B/tree/main?recursive=true&expand=false "HTTP/1.1 200 OK"
[2026-09-19 11:33:46,328][httpx][INFO] - HTTP Request: GET https://huggingface.co/api/models/Qwen/Qwen3-0.6B "HTTP/1.1 200 OK"
[2026-09-19 11:33:46,581][httpx][INFO] - HTTP Request: HEAD https://huggingface.co/datasets/hivemind-research/math-layerC-200K/resolve/main/README.md "HTTP/1.1 307 Temporary Redirect"
[2026-09-19 11:33:46,598][httpx][INFO] - HTTP Request: HEAD https://huggingface.co/api/resolve-cache/datasets/hivemind-research/math-layerC-200K/65cb8a833f749c90438b937db77f8783d63d6c66/README.md?%2Fdatasets%2Fhivemind-research%2Fmath-layerC-200K%2Fresolve%2Fmain%2FREADME.md=&etag=%2283c288c409a8d8c75a8b81d1738df39dae22a35d%22 "HTTP/1.1 200 OK"
[2026-09-19 11:33:46,848][httpx][INFO] - HTTP Request: HEAD https://huggingface.co/datasets/hivemind-research/math-layerC-200K/resolve/65cb8a833f749c90438b937db77f8783d63d6c66/math-layerC-200K.py "HTTP/1.1 404 Not Found"
[2026-09-19 11:33:47,128][httpx][INFO] - HTTP Request: HEAD https://s3.amazonaws.com/datasets.huggingface.co/datasets/datasets/hivemind-research/math-layerC-200K/hivemind-research/math-layerC-200K.py "HTTP/1.1 404 Not Found"
[2026-09-19 11:33:47,384][httpx][INFO] - HTTP Request: HEAD https://huggingface.co/datasets/hivemind-research/math-layerC-200K/resolve/65cb8a833f749c90438b937db77f8783d63d6c66/.huggingface.yaml "HTTP/1.1 404 Not Found"
[2026-09-19 11:33:47,667][httpx][INFO] - HTTP Request: GET https://datasets-server.huggingface.co/info?dataset=hivemind-research/math-layerC-200K "HTTP/1.1 200 OK"
[2026-09-19 11:33:47,932][httpx][INFO] - HTTP Request: HEAD https://huggingface.co/datasets/hivemind-research/math-layerC-200K/resolve/65cb8a833f749c90438b937db77f8783d63d6c66/dataset_infos.json "HTTP/1.1 404 Not Found"
[2026-09-19 11:33:47,935][hivemind.data.hf_loader][INFO] - Domain math: 20000 rows from Layer C hivemind-research/math-layerC-200K (validation)
[2026-09-19 11:33:47,935][hivemind.data.hf_loader][INFO] - HivemindHFDataset loaded: 20000 rows across domains=['math'] split=validation
[2026-09-19 11:33:48,272][httpx][INFO] - HTTP Request: HEAD https://huggingface.co/Qwen/Qwen3-0.6B/resolve/main/config.json "HTTP/1.1 307 Temporary Redirect"
[2026-09-19 11:33:48,289][httpx][INFO] - HTTP Request: HEAD https://huggingface.co/api/resolve-cache/models/Qwen/Qwen3-0.6B/c1899de289a04d12100db370d81485cdf75e47ca/config.json?%2FQwen%2FQwen3-0.6B%2Fresolve%2Fmain%2Fconfig.json=&etag=%22f5c3703b78ae2a478ae15b247e9f855e0ce2107b%22 "HTTP/1.1 200 OK"
[2026-09-19 11:33:48,536][httpx][INFO] - HTTP Request: HEAD https://huggingface.co/Qwen/Qwen3-0.6B/resolve/main/tokenizer_config.json "HTTP/1.1 307 Temporary Redirect"
[2026-09-19 11:33:48,553][httpx][INFO] - HTTP Request: HEAD https://huggingface.co/api/resolve-cache/models/Qwen/Qwen3-0.6B/c1899de289a04d12100db370d81485cdf75e47ca/tokenizer_config.json?%2FQwen%2FQwen3-0.6B%2Fresolve%2Fmain%2Ftokenizer_config.json=&etag=%22417d038a63fa3de29cfde265caedae14d1a58d92%22 "HTTP/1.1 200 OK"
[2026-09-19 11:33:48,815][httpx][INFO] - HTTP Request: GET https://huggingface.co/api/models/Qwen/Qwen3-0.6B/tree/main/additional_chat_templates?recursive=false&expand=false "HTTP/1.1 404 Not Found"
[2026-09-19 11:33:49,074][httpx][INFO] - HTTP Request: GET https://huggingface.co/api/models/Qwen/Qwen3-0.6B/tree/main?recursive=true&expand=false "HTTP/1.1 200 OK"
[2026-09-19 11:33:49,582][httpx][INFO] - HTTP Request: GET https://huggingface.co/api/models/Qwen/Qwen3-0.6B "HTTP/1.1 200 OK"
[2026-09-19 11:33:49,844][httpx][INFO] - HTTP Request: HEAD https://huggingface.co/datasets/hivemind-research/medical-layerC-200k/resolve/main/README.md "HTTP/1.1 307 Temporary Redirect"
[2026-09-19 11:33:49,861][httpx][INFO] - HTTP Request: HEAD https://huggingface.co/api/resolve-cache/datasets/hivemind-research/medical-layerC-200k/c308f5d089bbe559c07b83c7d51c14899226e2fe/README.md?%2Fdatasets%2Fhivemind-research%2Fmedical-layerC-200k%2Fresolve%2Fmain%2FREADME.md=&etag=%224154aacd5f1ea4cb09a05945a34652500c76e30a%22 "HTTP/1.1 200 OK"
[2026-09-19 11:33:50,119][httpx][INFO] - HTTP Request: HEAD https://huggingface.co/datasets/hivemind-research/medical-layerC-200k/resolve/c308f5d089bbe559c07b83c7d51c14899226e2fe/medical-layerC-200k.py "HTTP/1.1 404 Not Found"
[2026-09-19 11:33:50,398][httpx][INFO] - HTTP Request: HEAD https://s3.amazonaws.com/datasets.huggingface.co/datasets/datasets/hivemind-research/medical-layerC-200k/hivemind-research/medical-layerC-200k.py "HTTP/1.1 404 Not Found"
[2026-09-19 11:33:50,661][httpx][INFO] - HTTP Request: HEAD https://huggingface.co/datasets/hivemind-research/medical-layerC-200k/resolve/c308f5d089bbe559c07b83c7d51c14899226e2fe/.huggingface.yaml "HTTP/1.1 404 Not Found"
[2026-09-19 11:33:50,930][httpx][INFO] - HTTP Request: GET https://datasets-server.huggingface.co/info?dataset=hivemind-research/medical-layerC-200k "HTTP/1.1 200 OK"
[2026-09-19 11:33:51,186][httpx][INFO] - HTTP Request: HEAD https://huggingface.co/datasets/hivemind-research/medical-layerC-200k/resolve/c308f5d089bbe559c07b83c7d51c14899226e2fe/dataset_infos.json "HTTP/1.1 404 Not Found"
[2026-09-19 11:33:51,190][hivemind.data.hf_loader][INFO] - Domain medical: 20000 rows from Layer C hivemind-research/medical-layerC-200k (validation)
[2026-09-19 11:33:51,190][hivemind.data.hf_loader][INFO] - HivemindHFDataset loaded: 20000 rows across domains=['medical'] split=validation
Training:   0%|          | 0/6000 [00:00<?, ?it/s]Training:   0%|          | 0/6000 [00:00<?, ?it/s, F=0, P=0, R=6, loss=4.9505]Training:   0%|          | 1/6000 [00:00<49:48,  2.01it/s, F=0, P=0, R=6, loss=4.9505]Training:   0%|          | 2/6000 [00:00<32:06,  3.11it/s, F=0, P=0, R=6, loss=4.9505]Training:   0%|          | 3/6000 [00:00<25:46,  3.88it/s, F=0, P=0, R=6, loss=4.9505]Training:   0%|          | 4/6000 [00:01<22:42,  4.40it/s, F=0, P=0, R=6, loss=4.9505]Training:   0%|          | 5/6000 [00:01<21:33,  4.63it/s, F=0, P=0, R=6, loss=4.9505]Training:   0%|          | 6/6000 [00:01<20:19,  4.92it/s, F=0, P=0, R=6, loss=4.9505]Training:   0%|          | 7/6000 [00:01<20:13,  4.94it/s, F=0, P=0, R=6, loss=4.9505]Training:   0%|          | 8/6000 [00:01<19:27,  5.13it/s, F=0, P=0, R=6, loss=4.9505]Training:   0%|          | 9/6000 [00:01<19:03,  5.24it/s, F=0, P=0, R=6, loss=4.9505]Training:   0%|          | 10/6000 [00:02<19:21,  5.16it/s, F=0, P=0, R=6, loss=4.9505]Training:   0%|          | 11/6000 [00:02<18:56,  5.27it/s, F=0, P=0, R=6, loss=4.9505]Training:   0%|          | 12/6000 [00:02<22:58,  4.34it/s, F=0, P=0, R=6, loss=4.9505]Training:   0%|          | 13/6000 [00:02<22:08,  4.50it/s, F=0, P=0, R=6, loss=4.9505]Training:   0%|          | 14/6000 [00:03<20:52,  4.78it/s, F=0, P=0, R=6, loss=4.9505]Training:   0%|          | 15/6000 [00:03<23:51,  4.18it/s, F=0, P=0, R=6, loss=4.9505]Training:   0%|          | 16/6000 [00:03<23:23,  4.26it/s, F=0, P=0, R=6, loss=4.9505]Training:   0%|          | 17/6000 [00:03<21:46,  4.58it/s, F=0, P=0, R=6, loss=4.9505]Training:   0%|          | 18/6000 [00:03<20:42,  4.81it/s, F=0, P=0, R=6, loss=4.9505]Training:   0%|          | 19/6000 [00:04<23:33,  4.23it/s, F=0, P=0, R=6, loss=4.9505]Training:   0%|          | 20/6000 [00:04<21:53,  4.55it/s, F=0, P=0, R=6, loss=4.9505]Training:   0%|          | 20/6000 [00:04<21:53,  4.55it/s, F=6, P=0, R=0, loss=4.7103]Training:   0%|          | 21/6000 [00:04<20:45,  4.80it/s, F=6, P=0, R=0, loss=4.7103]Training:   0%|          | 22/6000 [00:04<23:45,  4.19it/s, F=6, P=0, R=0, loss=4.7103]Training:   0%|          | 23/6000 [00:05<22:25,  4.44it/s, F=6, P=0, R=0, loss=4.7103]Training:   0%|          | 24/6000 [00:05<21:44,  4.58it/s, F=6, P=0, R=0, loss=4.7103]Training:   0%|          | 25/6000 [00:05<20:37,  4.83it/s, F=6, P=0, R=0, loss=4.7103]Training:   0%|          | 26/6000 [00:05<23:08,  4.30it/s, F=6, P=0, R=0, loss=4.7103]Training:   0%|          | 27/6000 [00:06<22:16,  4.47it/s, F=6, P=0, R=0, loss=4.7103]Training:   0%|          | 28/6000 [00:06<21:37,  4.60it/s, F=6, P=0, R=0, loss=4.7103]Training:   0%|          | 29/6000 [00:06<20:32,  4.85it/s, F=6, P=0, R=0, loss=4.7103]Training:   0%|          | 30/6000 [00:06<23:07,  4.30it/s, F=6, P=0, R=0, loss=4.7103]Training:   1%|          | 31/6000 [00:06<22:16,  4.47it/s, F=6, P=0, R=0, loss=4.7103]Training:   1%|          | 32/6000 [00:07<24:20,  4.09it/s, F=6, P=0, R=0, loss=4.7103]Training:   1%|          | 33/6000 [00:07<22:26,  4.43it/s, F=6, P=0, R=0, loss=4.7103]Training:   1%|          | 34/6000 [00:07<21:39,  4.59it/s, F=6, P=0, R=0, loss=4.7103]Training:   1%|          | 35/6000 [00:07<20:32,  4.84it/s, F=6, P=0, R=0, loss=4.7103]Training:   1%|          | 36/6000 [00:07<19:49,  5.01it/s, F=6, P=0, R=0, loss=4.7103]Training:   1%|          | 37/6000 [00:08<19:21,  5.13it/s, F=6, P=0, R=0, loss=4.7103]Training:   1%|          | 38/6000 [00:08<23:02,  4.31it/s, F=6, P=0, R=0, loss=4.7103]Training:   1%|          | 39/6000 [00:08<21:39,  4.59it/s, F=6, P=0, R=0, loss=4.7103]Training:   1%|          | 40/6000 [00:08<20:40,  4.81it/s, F=6, P=0, R=0, loss=4.7103]Training:   1%|          | 40/6000 [00:09<20:40,  4.81it/s, F=2, P=4, R=0, loss=3.3993]Training:   1%|          | 41/6000 [00:09<20:33,  4.83it/s, F=2, P=4, R=0, loss=3.3993]Training:   1%|          | 42/6000 [00:09<19:50,  5.00it/s, F=2, P=4, R=0, loss=3.3993]Training:   1%|          | 43/6000 [00:09<23:15,  4.27it/s, F=2, P=4, R=0, loss=3.3993]Training:   1%|          | 44/6000 [00:09<22:17,  4.45it/s, F=2, P=4, R=0, loss=3.3993]Training:   1%|          | 45/6000 [00:10<24:55,  3.98it/s, F=2, P=4, R=0, loss=3.3993]Training:   1%|          | 46/6000 [00:10<26:48,  3.70it/s, F=2, P=4, R=0, loss=3.3993]Training:   1%|          | 47/6000 [00:10<24:13,  4.10it/s, F=2, P=4, R=0, loss=3.3993]Training:   1%|          | 48/6000 [00:10<22:26,  4.42it/s, F=2, P=4, R=0, loss=3.3993]Training:   1%|          | 49/6000 [00:10<21:42,  4.57it/s, F=2, P=4, R=0, loss=3.3993]Training:   1%|          | 50/6000 [00:11<20:37,  4.81it/s, F=2, P=4, R=0, loss=3.3993]Training:   1%|          | 51/6000 [00:11<23:16,  4.26it/s, F=2, P=4, R=0, loss=3.3993]Training:   1%|          | 52/6000 [00:11<22:17,  4.45it/s, F=2, P=4, R=0, loss=3.3993]Training:   1%|          | 53/6000 [00:11<21:01,  4.71it/s, F=2, P=4, R=0, loss=3.3993]Training:   1%|          | 54/6000 [00:11<20:22,  4.86it/s, F=2, P=4, R=0, loss=3.3993]Training:   1%|          | 55/6000 [00:12<20:23,  4.86it/s, F=2, P=4, R=0, loss=3.3993]Training:   1%|          | 56/6000 [00:12<19:44,  5.02it/s, F=2, P=4, R=0, loss=3.3993]Training:   1%|          | 57/6000 [00:12<19:16,  5.14it/s, F=2, P=4, R=0, loss=3.3993]Training:   1%|          | 58/6000 [00:12<18:56,  5.23it/s, F=2, P=4, R=0, loss=3.3993]Training:   1%|          | 59/6000 [00:12<19:07,  5.18it/s, F=2, P=4, R=0, loss=3.3993]Training:   1%|          | 60/6000 [00:13<22:13,  4.46it/s, F=2, P=4, R=0, loss=3.3993]Training:   1%|          | 60/6000 [00:13<22:13,  4.46it/s, F=6, P=0, R=0, loss=3.4448]Training:   1%|          | 61/6000 [00:13<21:04,  4.70it/s, F=6, P=0, R=0, loss=3.4448]Training:   1%|          | 62/6000 [00:13<20:48,  4.75it/s, F=6, P=0, R=0, loss=3.4448]Training:   1%|          | 63/6000 [00:13<20:04,  4.93it/s, F=6, P=0, R=0, loss=3.4448]Training:   1%|          | 64/6000 [00:13<19:32,  5.06it/s, F=6, P=0, R=0, loss=3.4448]Training:   1%|          | 65/6000 [00:14<19:41,  5.02it/s, F=6, P=0, R=0, loss=3.4448]Training:   1%|          | 66/6000 [00:14<19:15,  5.14it/s, F=6, P=0, R=0, loss=3.4448]Training:   1%|          | 67/6000 [00:14<19:49,  4.99it/s, F=6, P=0, R=0, loss=3.4448]Training:   1%|          | 68/6000 [00:14<19:24,  5.09it/s, F=6, P=0, R=0, loss=3.4448]Training:   1%|          | 69/6000 [00:14<19:37,  5.04it/s, F=6, P=0, R=0, loss=3.4448]Training:   1%|          | 70/6000 [00:15<19:10,  5.16it/s, F=6, P=0, R=0, loss=3.4448]Training:   1%|          | 71/6000 [00:15<19:34,  5.05it/s, F=6, P=0, R=0, loss=3.4448]Training:   1%|          | 72/6000 [00:15<19:11,  5.15it/s, F=6, P=0, R=0, loss=3.4448]Training:   1%|          | 73/6000 [00:15<19:31,  5.06it/s, F=6, P=0, R=0, loss=3.4448]Training:   1%|          | 74/6000 [00:15<19:09,  5.15it/s, F=6, P=0, R=0, loss=3.4448]Training:   1%|▏         | 75/6000 [00:16<18:58,  5.20it/s, F=6, P=0, R=0, loss=3.4448]Training:   1%|▏         | 76/6000 [00:16<19:44,  5.00it/s, F=6, P=0, R=0, loss=3.4448]Training:   1%|▏         | 77/6000 [00:16<20:25,  4.83it/s, F=6, P=0, R=0, loss=3.4448]Training:   1%|▏         | 78/6000 [00:16<20:21,  4.85it/s, F=6, P=0, R=0, loss=3.4448]Training:   1%|▏         | 79/6000 [00:16<19:43,  5.00it/s, F=6, P=0, R=0, loss=3.4448]Training:   1%|▏         | 80/6000 [00:17<19:20,  5.10it/s, F=6, P=0, R=0, loss=3.4448]Training:   1%|▏         | 80/6000 [00:17<19:20,  5.10it/s, F=6, P=0, R=0, loss=3.1792]Training:   1%|▏         | 81/6000 [00:17<19:41,  5.01it/s, F=6, P=0, R=0, loss=3.1792]Training:   1%|▏         | 82/6000 [00:17<19:16,  5.12it/s, F=6, P=0, R=0, loss=3.1792]Training:   1%|▏         | 83/6000 [00:17<19:30,  5.05it/s, F=6, P=0, R=0, loss=3.1792]Training:   1%|▏         | 84/6000 [00:17<19:09,  5.15it/s, F=6, P=0, R=0, loss=3.1792]Training:   1%|▏         | 85/6000 [00:18<19:27,  5.07it/s, F=6, P=0, R=0, loss=3.1792]Training:   1%|▏         | 86/6000 [00:18<19:07,  5.15it/s, F=6, P=0, R=0, loss=3.1792]Training:   1%|▏         | 87/6000 [00:18<18:55,  5.21it/s, F=6, P=0, R=0, loss=3.1792]Training:   1%|▏         | 88/6000 [00:18<22:46,  4.33it/s, F=6, P=0, R=0, loss=3.1792]Training:   1%|▏         | 89/6000 [00:19<21:24,  4.60it/s, F=6, P=0, R=0, loss=3.1792]Training:   2%|▏         | 90/6000 [00:19<20:31,  4.80it/s, F=6, P=0, R=0, loss=3.1792]Training:   2%|▏         | 91/6000 [00:19<20:19,  4.84it/s, F=6, P=0, R=0, loss=3.1792]Training:   2%|▏         | 92/6000 [00:19<19:41,  5.00it/s, F=6, P=0, R=0, loss=3.1792]Training:   2%|▏         | 93/6000 [00:19<19:17,  5.10it/s, F=6, P=0, R=0, loss=3.1792]Training:   2%|▏         | 94/6000 [00:19<19:39,  5.01it/s, F=6, P=0, R=0, loss=3.1792]Training:   2%|▏         | 95/6000 [00:20<20:01,  4.91it/s, F=6, P=0, R=0, loss=3.1792]Training:   2%|▏         | 96/6000 [00:20<22:47,  4.32it/s, F=6, P=0, R=0, loss=3.1792]Training:   2%|▏         | 97/6000 [00:20<21:29,  4.58it/s, F=6, P=0, R=0, loss=3.1792]Training:   2%|▏         | 98/6000 [00:20<21:07,  4.66it/s, F=6, P=0, R=0, loss=3.1792]Training:   2%|▏         | 99/6000 [00:21<20:15,  4.85it/s, F=6, P=0, R=0, loss=3.1792]Training:   2%|▏         | 100/6000 [00:21<19:39,  5.00it/s, F=6, P=0, R=0, loss=3.1792]Training:   2%|▏         | 100/6000 [00:21<19:39,  5.00it/s, F=6, P=0, R=0, loss=3.3977]Training:   2%|▏         | 101/6000 [00:21<19:53,  4.94it/s, F=6, P=0, R=0, loss=3.3977]Training:   2%|▏         | 102/6000 [00:21<19:23,  5.07it/s, F=6, P=0, R=0, loss=3.3977]Training:   2%|▏         | 103/6000 [00:22<24:03,  4.09it/s, F=6, P=0, R=0, loss=3.3977]Training:   2%|▏         | 104/6000 [00:22<22:25,  4.38it/s, F=6, P=0, R=0, loss=3.3977]Training:   2%|▏         | 105/6000 [00:22<21:12,  4.63it/s, F=6, P=0, R=0, loss=3.3977]Training:   2%|▏         | 106/6000 [00:22<24:09,  4.07it/s, F=6, P=0, R=0, loss=3.3977]Training:   2%|▏         | 107/6000 [00:23<25:43,  3.82it/s, F=6, P=0, R=0, loss=3.3977]Training:   2%|▏         | 108/6000 [00:23<23:55,  4.10it/s, F=6, P=0, R=0, loss=3.3977]Training:   2%|▏         | 109/6000 [00:23<22:49,  4.30it/s, F=6, P=0, R=0, loss=3.3977]Training:   2%|▏         | 110/6000 [00:23<21:27,  4.58it/s, F=6, P=0, R=0, loss=3.3977]Training:   2%|▏         | 111/6000 [00:23<20:31,  4.78it/s, F=6, P=0, R=0, loss=3.3977]Training:   2%|▏         | 112/6000 [00:23<20:30,  4.79it/s, F=6, P=0, R=0, loss=3.3977]Training:   2%|▏         | 113/6000 [00:24<19:49,  4.95it/s, F=6, P=0, R=0, loss=3.3977]Training:   2%|▏         | 114/6000 [00:24<19:21,  5.07it/s, F=6, P=0, R=0, loss=3.3977]Training:   2%|▏         | 115/6000 [00:24<19:36,  5.00it/s, F=6, P=0, R=0, loss=3.3977]Training:   2%|▏         | 116/6000 [00:24<19:09,  5.12it/s, F=6, P=0, R=0, loss=3.3977]Training:   2%|▏         | 117/6000 [00:24<18:57,  5.17it/s, F=6, P=0, R=0, loss=3.3977]Training:   2%|▏         | 118/6000 [00:25<19:28,  5.04it/s, F=6, P=0, R=0, loss=3.3977]Training:   2%|▏         | 119/6000 [00:25<19:07,  5.13it/s, F=6, P=0, R=0, loss=3.3977]Training:   2%|▏         | 120/6000 [00:25<18:50,  5.20it/s, F=6, P=0, R=0, loss=3.3977]Training:   2%|▏         | 120/6000 [00:25<18:50,  5.20it/s, F=6, P=0, R=0, loss=3.8260]Training:   2%|▏         | 121/6000 [00:25<18:43,  5.23it/s, F=6, P=0, R=0, loss=3.8260]Training:   2%|▏         | 122/6000 [00:25<19:11,  5.11it/s, F=6, P=0, R=0, loss=3.8260]Training:   2%|▏         | 123/6000 [00:26<19:43,  4.96it/s, F=6, P=0, R=0, loss=3.8260]Training:   2%|▏         | 124/6000 [00:26<19:19,  5.07it/s, F=6, P=0, R=0, loss=3.8260]Training:   2%|▏         | 125/6000 [00:26<19:32,  5.01it/s, F=6, P=0, R=0, loss=3.8260]Training:   2%|▏         | 126/6000 [00:26<19:10,  5.11it/s, F=6, P=0, R=0, loss=3.8260]Training:   2%|▏         | 127/6000 [00:26<18:58,  5.16it/s, F=6, P=0, R=0, loss=3.8260]Training:   2%|▏         | 128/6000 [00:27<19:33,  5.01it/s, F=6, P=0, R=0, loss=3.8260]Training:   2%|▏         | 129/6000 [00:27<19:12,  5.09it/s, F=6, P=0, R=0, loss=3.8260]Training:   2%|▏         | 130/6000 [00:27<20:14,  4.83it/s, F=6, P=0, R=0, loss=3.8260]Training:   2%|▏         | 131/6000 [00:27<19:40,  4.97it/s, F=6, P=0, R=0, loss=3.8260]Training:   2%|▏         | 132/6000 [00:27<19:54,  4.91it/s, F=6, P=0, R=0, loss=3.8260]Training:   2%|▏         | 133/6000 [00:28<19:22,  5.05it/s, F=6, P=0, R=0, loss=3.8260]Training:   2%|▏         | 134/6000 [00:28<19:02,  5.13it/s, F=6, P=0, R=0, loss=3.8260]Training:   2%|▏         | 135/6000 [00:28<19:33,  5.00it/s, F=6, P=0, R=0, loss=3.8260]Training:   2%|▏         | 136/6000 [00:28<20:30,  4.76it/s, F=6, P=0, R=0, loss=3.8260]Training:   2%|▏         | 137/6000 [00:28<19:51,  4.92it/s, F=6, P=0, R=0, loss=3.8260]Training:   2%|▏         | 138/6000 [00:29<19:25,  5.03it/s, F=6, P=0, R=0, loss=3.8260]Training:   2%|▏         | 139/6000 [00:29<19:07,  5.11it/s, F=6, P=0, R=0, loss=3.8260]Training:   2%|▏         | 140/6000 [00:29<19:32,  5.00it/s, F=6, P=0, R=0, loss=3.8260]Training:   2%|▏         | 140/6000 [00:29<19:32,  5.00it/s, F=6, P=0, R=0, loss=2.9976]Training:   2%|▏         | 141/6000 [00:29<19:14,  5.08it/s, F=6, P=0, R=0, loss=2.9976]Training:   2%|▏         | 142/6000 [00:29<19:00,  5.13it/s, F=6, P=0, R=0, loss=2.9976]Training:   2%|▏         | 143/6000 [00:30<19:23,  5.04it/s, F=6, P=0, R=0, loss=2.9976]Training:   2%|▏         | 144/6000 [00:30<19:04,  5.11it/s, F=6, P=0, R=0, loss=2.9976]Training:   2%|▏         | 145/6000 [00:30<19:40,  4.96it/s, F=6, P=0, R=0, loss=2.9976]Training:   2%|▏         | 146/6000 [00:30<19:17,  5.06it/s, F=6, P=0, R=0, loss=2.9976]Training:   2%|▏         | 147/6000 [00:30<19:06,  5.10it/s, F=6, P=0, R=0, loss=2.9976]Training:   2%|▏         | 148/6000 [00:31<19:36,  4.97it/s, F=6, P=0, R=0, loss=2.9976]Training:   2%|▏         | 149/6000 [00:31<19:16,  5.06it/s, F=6, P=0, R=0, loss=2.9976]Training:   2%|▎         | 150/6000 [00:31<19:02,  5.12it/s, F=6, P=0, R=0, loss=2.9976]Training:   3%|▎         | 151/6000 [00:31<22:20,  4.36it/s, F=6, P=0, R=0, loss=2.9976]Training:   3%|▎         | 152/6000 [00:31<21:10,  4.60it/s, F=6, P=0, R=0, loss=2.9976]Training:   3%|▎         | 153/6000 [00:32<20:23,  4.78it/s, F=6, P=0, R=0, loss=2.9976]Training:   3%|▎         | 154/6000 [00:32<19:50,  4.91it/s, F=6, P=0, R=0, loss=2.9976]Training:   3%|▎         | 155/6000 [00:32<19:52,  4.90it/s, F=6, P=0, R=0, loss=2.9976]Training:   3%|▎         | 156/6000 [00:32<22:43,  4.28it/s, F=6, P=0, R=0, loss=2.9976]Training:   3%|▎         | 157/6000 [00:33<22:11,  4.39it/s, F=6, P=0, R=0, loss=2.9976]Training:   3%|▎         | 158/6000 [00:33<20:56,  4.65it/s, F=6, P=0, R=0, loss=2.9976]Training:   3%|▎         | 159/6000 [00:33<20:12,  4.82it/s, F=6, P=0, R=0, loss=2.9976]Training:   3%|▎         | 160/6000 [00:33<20:18,  4.79it/s, F=6, P=0, R=0, loss=2.9976]Training:   3%|▎         | 160/6000 [00:33<20:18,  4.79it/s, F=4, P=0, R=2, loss=3.7130]Training:   3%|▎         | 161/6000 [00:33<19:40,  4.95it/s, F=4, P=0, R=2, loss=3.7130]Training:   3%|▎         | 162/6000 [00:34<19:49,  4.91it/s, F=4, P=0, R=2, loss=3.7130]Training:   3%|▎         | 163/6000 [00:34<19:22,  5.02it/s, F=4, P=0, R=2, loss=3.7130]Training:   3%|▎         | 164/6000 [00:34<19:05,  5.10it/s, F=4, P=0, R=2, loss=3.7130]Training:   3%|▎         | 165/6000 [00:34<22:54,  4.25it/s, F=4, P=0, R=2, loss=3.7130]Training:   3%|▎         | 166/6000 [00:34<22:05,  4.40it/s, F=4, P=0, R=2, loss=3.7130]Training:   3%|▎         | 167/6000 [00:35<20:57,  4.64it/s, F=4, P=0, R=2, loss=3.7130]Training:   3%|▎         | 168/6000 [00:35<23:38,  4.11it/s, F=4, P=0, R=2, loss=3.7130]Training:   3%|▎         | 169/6000 [00:35<22:26,  4.33it/s, F=4, P=0, R=2, loss=3.7130]Training:   3%|▎         | 170/6000 [00:35<21:17,  4.56it/s, F=4, P=0, R=2, loss=3.7130]Training:   3%|▎         | 171/6000 [00:36<20:26,  4.75it/s, F=4, P=0, R=2, loss=3.7130]Training:   3%|▎         | 172/6000 [00:36<20:23,  4.76it/s, F=4, P=0, R=2, loss=3.7130]Training:   3%|▎         | 173/6000 [00:36<19:44,  4.92it/s, F=4, P=0, R=2, loss=3.7130]Training:   3%|▎         | 174/6000 [00:36<19:18,  5.03it/s, F=4, P=0, R=2, loss=3.7130]Training:   3%|▎         | 175/6000 [00:36<23:00,  4.22it/s, F=4, P=0, R=2, loss=3.7130]Training:   3%|▎         | 176/6000 [00:37<21:34,  4.50it/s, F=4, P=0, R=2, loss=3.7130]Training:   3%|▎         | 177/6000 [00:37<20:35,  4.71it/s, F=4, P=0, R=2, loss=3.7130]Training:   3%|▎         | 178/6000 [00:37<20:28,  4.74it/s, F=4, P=0, R=2, loss=3.7130]Training:   3%|▎         | 179/6000 [00:37<20:29,  4.74it/s, F=4, P=0, R=2, loss=3.7130]Training:   3%|▎         | 180/6000 [00:37<19:49,  4.89it/s, F=4, P=0, R=2, loss=3.7130]Training:   3%|▎         | 180/6000 [00:38<19:49,  4.89it/s, F=3, P=0, R=3, loss=3.3777]Training:   3%|▎         | 181/6000 [00:38<19:26,  4.99it/s, F=3, P=0, R=3, loss=3.3777]Training:   3%|▎         | 182/6000 [00:38<19:49,  4.89it/s, F=3, P=0, R=3, loss=3.3777]Training:   3%|▎         | 183/6000 [00:38<19:24,  4.99it/s, F=3, P=0, R=3, loss=3.3777]Training:   3%|▎         | 184/6000 [00:38<19:05,  5.08it/s, F=3, P=0, R=3, loss=3.3777]Training:   3%|▎         | 185/6000 [00:38<19:29,  4.97it/s, F=3, P=0, R=3, loss=3.3777]Training:   3%|▎         | 186/6000 [00:39<22:28,  4.31it/s, F=3, P=0, R=3, loss=3.3777]Training:   3%|▎         | 187/6000 [00:39<21:16,  4.55it/s, F=3, P=0, R=3, loss=3.3777]Training:   3%|▎         | 188/6000 [00:39<20:51,  4.64it/s, F=3, P=0, R=3, loss=3.3777]Training:   3%|▎         | 189/6000 [00:39<20:07,  4.81it/s, F=3, P=0, R=3, loss=3.3777]Training:   3%|▎         | 190/6000 [00:40<19:40,  4.92it/s, F=3, P=0, R=3, loss=3.3777]Training:   3%|▎         | 191/6000 [00:40<23:06,  4.19it/s, F=3, P=0, R=3, loss=3.3777]Training:   3%|▎         | 192/6000 [00:40<21:43,  4.46it/s, F=3, P=0, R=3, loss=3.3777]Training:   3%|▎         | 193/6000 [00:40<21:59,  4.40it/s, F=3, P=0, R=3, loss=3.3777]Training:   3%|▎         | 194/6000 [00:40<20:59,  4.61it/s, F=3, P=0, R=3, loss=3.3777]Training:   3%|▎         | 195/6000 [00:41<20:13,  4.79it/s, F=3, P=0, R=3, loss=3.3777]Training:   3%|▎         | 196/6000 [00:41<20:16,  4.77it/s, F=3, P=0, R=3, loss=3.3777]Training:   3%|▎         | 197/6000 [00:41<19:44,  4.90it/s, F=3, P=0, R=3, loss=3.3777]Training:   3%|▎         | 198/6000 [00:41<19:56,  4.85it/s, F=3, P=0, R=3, loss=3.3777]Training:   3%|▎         | 199/6000 [00:41<20:07,  4.80it/s, F=3, P=0, R=3, loss=3.3777]Training:   3%|▎         | 200/6000 [00:42<19:36,  4.93it/s, F=3, P=0, R=3, loss=3.3777]Training:   3%|▎         | 200/6000 [00:42<19:36,  4.93it/s, F=6, P=0, R=0, loss=3.3507]Training:   3%|▎         | 201/6000 [00:42<22:29,  4.30it/s, F=6, P=0, R=0, loss=3.3507]Training:   3%|▎         | 202/6000 [00:42<21:41,  4.46it/s, F=6, P=0, R=0, loss=3.3507]Training:   3%|▎         | 203/6000 [00:42<21:16,  4.54it/s, F=6, P=0, R=0, loss=3.3507]Training:   3%|▎         | 204/6000 [00:43<20:22,  4.74it/s, F=6, P=0, R=0, loss=3.3507]Training:   3%|▎         | 205/6000 [00:43<20:20,  4.75it/s, F=6, P=0, R=0, loss=3.3507]Training:   3%|▎         | 206/6000 [00:43<19:55,  4.85it/s, F=6, P=0, R=0, loss=3.3507]Training:   3%|▎         | 207/6000 [00:43<19:32,  4.94it/s, F=6, P=0, R=0, loss=3.3507]Training:   3%|▎         | 208/6000 [00:43<19:56,  4.84it/s, F=6, P=0, R=0, loss=3.3507]Training:   3%|▎         | 209/6000 [00:44<19:28,  4.96it/s, F=6, P=0, R=0, loss=3.3507]Training:   4%|▎         | 210/6000 [00:44<19:10,  5.03it/s, F=6, P=0, R=0, loss=3.3507]Training:   4%|▎         | 211/6000 [00:44<19:35,  4.93it/s, F=6, P=0, R=0, loss=3.3507]Training:   4%|▎         | 212/6000 [00:44<19:13,  5.02it/s, F=6, P=0, R=0, loss=3.3507]Training:   4%|▎         | 213/6000 [00:44<18:58,  5.08it/s, F=6, P=0, R=0, loss=3.3507]Training:   4%|▎         | 214/6000 [00:45<19:23,  4.97it/s, F=6, P=0, R=0, loss=3.3507]Training:   4%|▎         | 215/6000 [00:45<19:07,  5.04it/s, F=6, P=0, R=0, loss=3.3507]Training:   4%|▎         | 216/6000 [00:45<20:16,  4.76it/s, F=6, P=0, R=0, loss=3.3507]Training:   4%|▎         | 217/6000 [00:45<20:09,  4.78it/s, F=6, P=0, R=0, loss=3.3507]Training:   4%|▎         | 218/6000 [00:45<19:39,  4.90it/s, F=6, P=0, R=0, loss=3.3507]Training:   4%|▎         | 219/6000 [00:46<19:53,  4.84it/s, F=6, P=0, R=0, loss=3.3507]Training:   4%|▎         | 220/6000 [00:46<19:24,  4.96it/s, F=6, P=0, R=0, loss=3.3507]Training:   4%|▎         | 220/6000 [00:46<19:24,  4.96it/s, F=6, P=0, R=0, loss=3.6907]Training:   4%|▎         | 221/6000 [00:46<19:11,  5.02it/s, F=6, P=0, R=0, loss=3.6907]Training:   4%|▎         | 222/6000 [00:46<19:35,  4.91it/s, F=6, P=0, R=0, loss=3.6907]Training:   4%|▎         | 223/6000 [00:47<23:17,  4.14it/s, F=6, P=0, R=0, loss=3.6907]Training:   4%|▎         | 224/6000 [00:47<21:49,  4.41it/s, F=6, P=0, R=0, loss=3.6907]Training:   4%|▍         | 225/6000 [00:47<20:48,  4.63it/s, F=6, P=0, R=0, loss=3.6907]Training:   4%|▍         | 226/6000 [00:47<20:36,  4.67it/s, F=6, P=0, R=0, loss=3.6907]Training:   4%|▍         | 227/6000 [00:47<19:53,  4.84it/s, F=6, P=0, R=0, loss=3.6907]Training:   4%|▍         | 228/6000 [00:48<19:38,  4.90it/s, F=6, P=0, R=0, loss=3.6907]Training:   4%|▍         | 229/6000 [00:48<19:56,  4.82it/s, F=6, P=0, R=0, loss=3.6907]Training:   4%|▍         | 230/6000 [00:48<19:29,  4.93it/s, F=6, P=0, R=0, loss=3.6907]Training:   4%|▍         | 231/6000 [00:48<19:43,  4.87it/s, F=6, P=0, R=0, loss=3.6907]Training:   4%|▍         | 232/6000 [00:48<19:17,  4.98it/s, F=6, P=0, R=0, loss=3.6907]Training:   4%|▍         | 233/6000 [00:49<19:03,  5.04it/s, F=6, P=0, R=0, loss=3.6907]Training:   4%|▍         | 234/6000 [00:49<19:37,  4.90it/s, F=6, P=0, R=0, loss=3.6907]Training:   4%|▍         | 235/6000 [00:49<19:13,  5.00it/s, F=6, P=0, R=0, loss=3.6907]Training:   4%|▍         | 236/6000 [00:49<19:23,  4.96it/s, F=6, P=0, R=0, loss=3.6907]Training:   4%|▍         | 237/6000 [00:49<19:06,  5.03it/s, F=6, P=0, R=0, loss=3.6907]Training:   4%|▍         | 238/6000 [00:50<18:57,  5.07it/s, F=6, P=0, R=0, loss=3.6907]Training:   4%|▍         | 239/6000 [00:50<19:24,  4.95it/s, F=6, P=0, R=0, loss=3.6907]Training:   4%|▍         | 240/6000 [00:50<19:06,  5.02it/s, F=6, P=0, R=0, loss=3.6907]Training:   4%|▍         | 240/6000 [00:50<19:06,  5.02it/s, F=6, P=0, R=0, loss=3.2196]Training:   4%|▍         | 241/6000 [00:50<18:55,  5.07it/s, F=6, P=0, R=0, loss=3.2196]Training:   4%|▍         | 242/6000 [00:50<19:11,  5.00it/s, F=6, P=0, R=0, loss=3.2196]Training:   4%|▍         | 243/6000 [00:51<19:07,  5.02it/s, F=6, P=0, R=0, loss=3.2196]Training:   4%|▍         | 244/6000 [00:51<18:55,  5.07it/s, F=6, P=0, R=0, loss=3.2196]Training:   4%|▍         | 245/6000 [00:51<18:45,  5.11it/s, F=6, P=0, R=0, loss=3.2196]Training:   4%|▍         | 246/6000 [00:51<19:07,  5.02it/s, F=6, P=0, R=0, loss=3.2196]Training:   4%|▍         | 247/6000 [00:51<19:59,  4.80it/s, F=6, P=0, R=0, loss=3.2196]Training:   4%|▍         | 248/6000 [00:52<20:02,  4.78it/s, F=6, P=0, R=0, loss=3.2196]Training:   4%|▍         | 249/6000 [00:52<19:30,  4.91it/s, F=6, P=0, R=0, loss=3.2196]Training:   4%|▍         | 250/6000 [00:52<19:47,  4.84it/s, F=6, P=0, R=0, loss=3.2196]Training:   4%|▍         | 251/6000 [00:53<56:41,  1.69it/s, val_loss=1.505]            Training:   4%|▍         | 252/6000 [00:54<45:09,  2.12it/s, val_loss=1.505]Training:   4%|▍         | 253/6000 [00:54<37:37,  2.55it/s, val_loss=1.505]Training:   4%|▍         | 254/6000 [00:54<31:44,  3.02it/s, val_loss=1.505]Training:   4%|▍         | 255/6000 [00:54<27:44,  3.45it/s, val_loss=1.505]Training:   4%|▍         | 256/6000 [00:54<25:34,  3.74it/s, val_loss=1.505]Training:   4%|▍         | 257/6000 [00:55<23:22,  4.10it/s, val_loss=1.505]Training:   4%|▍         | 258/6000 [00:55<21:55,  4.37it/s, val_loss=1.505]Training:   4%|▍         | 259/6000 [00:55<20:48,  4.60it/s, val_loss=1.505]Training:   4%|▍         | 260/6000 [00:55<20:36,  4.64it/s, val_loss=1.505]Training:   4%|▍         | 260/6000 [00:55<20:36,  4.64it/s, F=6, P=0, R=0, loss=3.2637]Training:   4%|▍         | 261/6000 [00:55<20:41,  4.62it/s, F=6, P=0, R=0, loss=3.2637]Training:   4%|▍         | 262/6000 [00:56<19:57,  4.79it/s, F=6, P=0, R=0, loss=3.2637]Training:   4%|▍         | 263/6000 [00:56<19:30,  4.90it/s, F=6, P=0, R=0, loss=3.2637]Training:   4%|▍         | 264/6000 [00:56<19:52,  4.81it/s, F=6, P=0, R=0, loss=3.2637]Training:   4%|▍         | 265/6000 [00:56<19:39,  4.86it/s, F=6, P=0, R=0, loss=3.2637]Training:   4%|▍         | 266/6000 [00:56<19:10,  4.98it/s, F=6, P=0, R=0, loss=3.2637]Training:   4%|▍         | 267/6000 [00:57<19:35,  4.88it/s, F=6, P=0, R=0, loss=3.2637]Training:   4%|▍         | 268/6000 [00:57<19:08,  4.99it/s, F=6, P=0, R=0, loss=3.2637]Training:   4%|▍         | 269/6000 [00:57<18:53,  5.06it/s, F=6, P=0, R=0, loss=3.2637]Training:   4%|▍         | 270/6000 [00:57<19:11,  4.98it/s, F=6, P=0, R=0, loss=3.2637]Training:   5%|▍         | 271/6000 [00:57<18:53,  5.06it/s, F=6, P=0, R=0, loss=3.2637]Training:   5%|▍         | 272/6000 [00:58<21:59,  4.34it/s, F=6, P=0, R=0, loss=3.2637]Training:   5%|▍         | 273/6000 [00:58<24:33,  3.89it/s, F=6, P=0, R=0, loss=3.2637]Training:   5%|▍         | 274/6000 [00:58<22:40,  4.21it/s, F=6, P=0, R=0, loss=3.2637]Training:   5%|▍         | 275/6000 [00:58<22:00,  4.34it/s, F=6, P=0, R=0, loss=3.2637]Training:   5%|▍         | 276/6000 [00:59<20:56,  4.56it/s, F=6, P=0, R=0, loss=3.2637]Training:   5%|▍         | 277/6000 [00:59<20:07,  4.74it/s, F=6, P=0, R=0, loss=3.2637]Training:   5%|▍         | 278/6000 [00:59<20:13,  4.72it/s, F=6, P=0, R=0, loss=3.2637]Training:   5%|▍         | 279/6000 [00:59<20:44,  4.60it/s, F=6, P=0, R=0, loss=3.2637]Training:   5%|▍         | 280/6000 [01:00<21:25,  4.45it/s, F=6, P=0, R=0, loss=3.2637]Training:   5%|▍         | 280/6000 [01:00<21:25,  4.45it/s, F=6, P=0, R=0, loss=3.3084]Training:   5%|▍         | 281/6000 [01:00<20:29,  4.65it/s, F=6, P=0, R=0, loss=3.3084]Training:   5%|▍         | 282/6000 [01:00<19:52,  4.79it/s, F=6, P=0, R=0, loss=3.3084]Training:   5%|▍         | 283/6000 [01:00<20:15,  4.70it/s, F=6, P=0, R=0, loss=3.3084]Training:   5%|▍         | 284/6000 [01:00<19:40,  4.84it/s, F=6, P=0, R=0, loss=3.3084]Training:   5%|▍         | 285/6000 [01:01<19:50,  4.80it/s, F=6, P=0, R=0, loss=3.3084]Training:   5%|▍         | 286/6000 [01:01<22:38,  4.21it/s, F=6, P=0, R=0, loss=3.3084]Training:   5%|▍         | 287/6000 [01:01<21:30,  4.43it/s, F=6, P=0, R=0, loss=3.3084]Training:   5%|▍         | 288/6000 [01:01<21:17,  4.47it/s, F=6, P=0, R=0, loss=3.3084]Training:   5%|▍         | 289/6000 [01:01<20:23,  4.67it/s, F=6, P=0, R=0, loss=3.3084]Training:   5%|▍         | 290/6000 [01:02<19:48,  4.80it/s, F=6, P=0, R=0, loss=3.3084]Training:   5%|▍         | 291/6000 [01:02<19:51,  4.79it/s, F=6, P=0, R=0, loss=3.3084]Training:   5%|▍         | 292/6000 [01:02<19:23,  4.91it/s, F=6, P=0, R=0, loss=3.3084]Training:   5%|▍         | 293/6000 [01:02<19:17,  4.93it/s, F=6, P=0, R=0, loss=3.3084]Training:   5%|▍         | 294/6000 [01:03<19:40,  4.83it/s, F=6, P=0, R=0, loss=3.3084]Training:   5%|▍         | 295/6000 [01:03<19:13,  4.94it/s, F=6, P=0, R=0, loss=3.3084]Training:   5%|▍         | 296/6000 [01:03<20:11,  4.71it/s, F=6, P=0, R=0, loss=3.3084]Training:   5%|▍         | 297/6000 [01:03<20:57,  4.54it/s, F=6, P=0, R=0, loss=3.3084]Training:   5%|▍         | 298/6000 [01:03<20:41,  4.59it/s, F=6, P=0, R=0, loss=3.3084]Training:   5%|▍         | 299/6000 [01:04<20:02,  4.74it/s, F=6, P=0, R=0, loss=3.3084]Training:   5%|▌         | 300/6000 [01:04<20:02,  4.74it/s, F=6, P=0, R=0, loss=3.3084]Training:   5%|▌         | 300/6000 [01:04<20:02,  4.74it/s, F=6, P=0, R=0, loss=3.2116]Training:   5%|▌         | 301/6000 [01:04<19:31,  4.86it/s, F=6, P=0, R=0, loss=3.2116]Training:   5%|▌         | 302/6000 [01:04<19:12,  4.94it/s, F=6, P=0, R=0, loss=3.2116]Training:   5%|▌         | 303/6000 [01:04<19:32,  4.86it/s, F=6, P=0, R=0, loss=3.2116]Training:   5%|▌         | 304/6000 [01:05<19:11,  4.95it/s, F=6, P=0, R=0, loss=3.2116]Training:   5%|▌         | 305/6000 [01:05<18:57,  5.00it/s, F=6, P=0, R=0, loss=3.2116]Training:   5%|▌         | 306/6000 [01:05<19:15,  4.93it/s, F=6, P=0, R=0, loss=3.2116]Training:   5%|▌         | 307/6000 [01:05<19:00,  4.99it/s, F=6, P=0, R=0, loss=3.2116]Training:   5%|▌         | 308/6000 [01:05<19:04,  4.98it/s, F=6, P=0, R=0, loss=3.2116]Training:   5%|▌         | 309/6000 [01:06<19:26,  4.88it/s, F=6, P=0, R=0, loss=3.2116]Training:   5%|▌         | 310/6000 [01:06<19:04,  4.97it/s, F=6, P=0, R=0, loss=3.2116]Training:   5%|▌         | 311/6000 [01:06<18:48,  5.04it/s, F=6, P=0, R=0, loss=3.2116]Training:   5%|▌         | 312/6000 [01:06<19:19,  4.91it/s, F=6, P=0, R=0, loss=3.2116]Training:   5%|▌         | 313/6000 [01:06<18:58,  5.00it/s, F=6, P=0, R=0, loss=3.2116]Training:   5%|▌         | 314/6000 [01:07<18:48,  5.04it/s, F=6, P=0, R=0, loss=3.2116]Training:   5%|▌         | 315/6000 [01:07<19:17,  4.91it/s, F=6, P=0, R=0, loss=3.2116]Training:   5%|▌         | 316/6000 [01:07<18:59,  4.99it/s, F=6, P=0, R=0, loss=3.2116]Training:   5%|▌         | 317/6000 [01:07<19:23,  4.89it/s, F=6, P=0, R=0, loss=3.2116]Training:   5%|▌         | 318/6000 [01:07<19:04,  4.97it/s, F=6, P=0, R=0, loss=3.2116]Training:   5%|▌         | 319/6000 [01:08<18:55,  5.00it/s, F=6, P=0, R=0, loss=3.2116]Training:   5%|▌         | 320/6000 [01:08<19:28,  4.86it/s, F=6, P=0, R=0, loss=3.2116]Training:   5%|▌         | 320/6000 [01:08<19:28,  4.86it/s, F=2, P=0, R=4, loss=3.3495]Training:   5%|▌         | 321/6000 [01:08<20:22,  4.64it/s, F=2, P=0, R=4, loss=3.3495]Training:   5%|▌         | 322/6000 [01:08<19:46,  4.79it/s, F=2, P=0, R=4, loss=3.3495]Training:   5%|▌         | 323/6000 [01:09<24:10,  3.91it/s, F=2, P=0, R=4, loss=3.3495]Training:   5%|▌         | 324/6000 [01:09<22:24,  4.22it/s, F=2, P=0, R=4, loss=3.3495]Training:   5%|▌         | 325/6000 [01:09<21:08,  4.47it/s, F=2, P=0, R=4, loss=3.3495]Training:   5%|▌         | 326/6000 [01:09<20:46,  4.55it/s, F=2, P=0, R=4, loss=3.3495]Training:   5%|▌         | 327/6000 [01:09<20:05,  4.71it/s, F=2, P=0, R=4, loss=3.3495]Training:   5%|▌         | 328/6000 [01:10<19:36,  4.82it/s, F=2, P=0, R=4, loss=3.3495]Training:   5%|▌         | 329/6000 [01:10<19:17,  4.90it/s, F=2, P=0, R=4, loss=3.3495]Training:   6%|▌         | 330/6000 [01:10<19:37,  4.82it/s, F=2, P=0, R=4, loss=3.3495]Training:   6%|▌         | 331/6000 [01:10<19:16,  4.90it/s, F=2, P=0, R=4, loss=3.3495]Training:   6%|▌         | 332/6000 [01:10<19:04,  4.95it/s, F=2, P=0, R=4, loss=3.3495]Training:   6%|▌         | 333/6000 [01:11<19:23,  4.87it/s, F=2, P=0, R=4, loss=3.3495]Training:   6%|▌         | 334/6000 [01:11<19:03,  4.95it/s, F=2, P=0, R=4, loss=3.3495]Training:   6%|▌         | 335/6000 [01:11<18:52,  5.00it/s, F=2, P=0, R=4, loss=3.3495]Training:   6%|▌         | 336/6000 [01:11<19:22,  4.87it/s, F=2, P=0, R=4, loss=3.3495]Training:   6%|▌         | 337/6000 [01:11<19:42,  4.79it/s, F=2, P=0, R=4, loss=3.3495]Training:   6%|▌         | 338/6000 [01:12<19:53,  4.75it/s, F=2, P=0, R=4, loss=3.3495]Training:   6%|▌         | 339/6000 [01:12<19:37,  4.81it/s, F=2, P=0, R=4, loss=3.3495]Training:   6%|▌         | 340/6000 [01:12<19:49,  4.76it/s, F=2, P=0, R=4, loss=3.3495]Training:   6%|▌         | 340/6000 [01:12<19:49,  4.76it/s, F=6, P=0, R=0, loss=3.1665]Training:   6%|▌         | 341/6000 [01:12<19:23,  4.86it/s, F=6, P=0, R=0, loss=3.1665]Training:   6%|▌         | 342/6000 [01:12<19:05,  4.94it/s, F=6, P=0, R=0, loss=3.1665]Training:   6%|▌         | 343/6000 [01:13<19:21,  4.87it/s, F=6, P=0, R=0, loss=3.1665]Training:   6%|▌         | 344/6000 [01:13<19:03,  4.95it/s, F=6, P=0, R=0, loss=3.1665]Training:   6%|▌         | 345/6000 [01:13<18:52,  4.99it/s, F=6, P=0, R=0, loss=3.1665]Training:   6%|▌         | 346/6000 [01:13<19:20,  4.87it/s, F=6, P=0, R=0, loss=3.1665]Training:   6%|▌         | 347/6000 [01:14<20:13,  4.66it/s, F=6, P=0, R=0, loss=3.1665]Training:   6%|▌         | 348/6000 [01:14<19:39,  4.79it/s, F=6, P=0, R=0, loss=3.1665]Training:   6%|▌         | 349/6000 [01:14<19:50,  4.74it/s, F=6, P=0, R=0, loss=3.1665]Training:   6%|▌         | 350/6000 [01:14<19:22,  4.86it/s, F=6, P=0, R=0, loss=3.1665]Training:   6%|▌         | 351/6000 [01:14<19:05,  4.93it/s, F=6, P=0, R=0, loss=3.1665]Training:   6%|▌         | 352/6000 [01:15<19:34,  4.81it/s, F=6, P=0, R=0, loss=3.1665]Training:   6%|▌         | 353/6000 [01:15<19:45,  4.76it/s, F=6, P=0, R=0, loss=3.1665]Training:   6%|▌         | 354/6000 [01:15<19:21,  4.86it/s, F=6, P=0, R=0, loss=3.1665]Training:   6%|▌         | 355/6000 [01:15<19:03,  4.94it/s, F=6, P=0, R=0, loss=3.1665]Training:   6%|▌         | 356/6000 [01:15<19:27,  4.83it/s, F=6, P=0, R=0, loss=3.1665]Training:   6%|▌         | 357/6000 [01:16<19:06,  4.92it/s, F=6, P=0, R=0, loss=3.1665]Training:   6%|▌         | 358/6000 [01:16<18:56,  4.97it/s, F=6, P=0, R=0, loss=3.1665]Training:   6%|▌         | 359/6000 [01:16<19:23,  4.85it/s, F=6, P=0, R=0, loss=3.1665]Training:   6%|▌         | 360/6000 [01:16<19:06,  4.92it/s, F=6, P=0, R=0, loss=3.1665]Training:   6%|▌         | 360/6000 [01:16<19:06,  4.92it/s, F=6, P=0, R=0, loss=3.3389]Training:   6%|▌         | 361/6000 [01:16<18:51,  4.98it/s, F=6, P=0, R=0, loss=3.3389]Training:   6%|▌         | 362/6000 [01:17<22:33,  4.17it/s, F=6, P=0, R=0, loss=3.3389]Training:   6%|▌         | 363/6000 [01:17<21:14,  4.42it/s, F=6, P=0, R=0, loss=3.3389]Training:   6%|▌         | 364/6000 [01:17<20:22,  4.61it/s, F=6, P=0, R=0, loss=3.3389]Training:   6%|▌         | 365/6000 [01:17<21:16,  4.41it/s, F=6, P=0, R=0, loss=3.3389]Training:   6%|▌         | 366/6000 [01:18<24:10,  3.88it/s, F=6, P=0, R=0, loss=3.3389]Training:   6%|▌         | 367/6000 [01:18<22:28,  4.18it/s, F=6, P=0, R=0, loss=3.3389]Training:   6%|▌         | 368/6000 [01:18<21:51,  4.30it/s, F=6, P=0, R=0, loss=3.3389]Training:   6%|▌         | 369/6000 [01:18<21:20,  4.40it/s, F=6, P=0, R=0, loss=3.3389]Training:   6%|▌         | 370/6000 [01:18<20:28,  4.58it/s, F=6, P=0, R=0, loss=3.3389]Training:   6%|▌         | 371/6000 [01:19<19:49,  4.73it/s, F=6, P=0, R=0, loss=3.3389]Training:   6%|▌         | 372/6000 [01:19<20:02,  4.68it/s, F=6, P=0, R=0, loss=3.3389]Training:   6%|▌         | 373/6000 [01:19<19:28,  4.82it/s, F=6, P=0, R=0, loss=3.3389]Training:   6%|▌         | 374/6000 [01:19<19:09,  4.89it/s, F=6, P=0, R=0, loss=3.3389]Training:   6%|▋         | 375/6000 [01:20<19:33,  4.79it/s, F=6, P=0, R=0, loss=3.3389]Training:   6%|▋         | 376/6000 [01:20<19:08,  4.89it/s, F=6, P=0, R=0, loss=3.3389]Training:   6%|▋         | 377/6000 [01:20<18:53,  4.96it/s, F=6, P=0, R=0, loss=3.3389]Training:   6%|▋         | 378/6000 [01:20<19:20,  4.84it/s, F=6, P=0, R=0, loss=3.3389]Training:   6%|▋         | 379/6000 [01:20<19:05,  4.91it/s, F=6, P=0, R=0, loss=3.3389]Training:   6%|▋         | 380/6000 [01:21<18:56,  4.95it/s, F=6, P=0, R=0, loss=3.3389]Training:   6%|▋         | 380/6000 [01:21<18:56,  4.95it/s, F=6, P=0, R=0, loss=3.3058]Training:   6%|▋         | 381/6000 [01:21<18:48,  4.98it/s, F=6, P=0, R=0, loss=3.3058]Training:   6%|▋         | 382/6000 [01:21<19:09,  4.89it/s, F=6, P=0, R=0, loss=3.3058]Training:   6%|▋         | 383/6000 [01:21<18:56,  4.94it/s, F=6, P=0, R=0, loss=3.3058]Training:   6%|▋         | 384/6000 [01:21<18:44,  5.00it/s, F=6, P=0, R=0, loss=3.3058]Training:   6%|▋         | 385/6000 [01:22<19:01,  4.92it/s, F=6, P=0, R=0, loss=3.3058]Training:   6%|▋         | 386/6000 [01:22<18:49,  4.97it/s, F=6, P=0, R=0, loss=3.3058]Training:   6%|▋         | 387/6000 [01:22<19:10,  4.88it/s, F=6, P=0, R=0, loss=3.3058]Training:   6%|▋         | 388/6000 [01:22<18:54,  4.95it/s, F=6, P=0, R=0, loss=3.3058]Training:   6%|▋         | 389/6000 [01:22<18:47,  4.98it/s, F=6, P=0, R=0, loss=3.3058]Training:   6%|▋         | 390/6000 [01:23<19:11,  4.87it/s, F=6, P=0, R=0, loss=3.3058]Training:   7%|▋         | 391/6000 [01:23<18:57,  4.93it/s, F=6, P=0, R=0, loss=3.3058]Training:   7%|▋         | 392/6000 [01:23<18:51,  4.95it/s, F=6, P=0, R=0, loss=3.3058]Training:   7%|▋         | 393/6000 [01:23<19:24,  4.82it/s, F=6, P=0, R=0, loss=3.3058]Training:   7%|▋         | 394/6000 [01:23<20:16,  4.61it/s, F=6, P=0, R=0, loss=3.3058]Training:   7%|▋         | 395/6000 [01:24<19:42,  4.74it/s, F=6, P=0, R=0, loss=3.3058]Training:   7%|▋         | 396/6000 [01:24<19:18,  4.84it/s, F=6, P=0, R=0, loss=3.3058]Training:   7%|▋         | 397/6000 [01:24<19:02,  4.91it/s, F=6, P=0, R=0, loss=3.3058]Training:   7%|▋         | 398/6000 [01:24<19:22,  4.82it/s, F=6, P=0, R=0, loss=3.3058]Training:   7%|▋         | 399/6000 [01:24<19:04,  4.89it/s, F=6, P=0, R=0, loss=3.3058]Training:   7%|▋         | 400/6000 [01:25<18:52,  4.94it/s, F=6, P=0, R=0, loss=3.3058]Training:   7%|▋         | 400/6000 [01:25<18:52,  4.94it/s, F=6, P=0, R=0, loss=2.9393]Training:   7%|▋         | 401/6000 [01:25<19:00,  4.91it/s, F=6, P=0, R=0, loss=2.9393]Training:   7%|▋         | 402/6000 [01:25<18:52,  4.94it/s, F=6, P=0, R=0, loss=2.9393]Training:   7%|▋         | 403/6000 [01:25<20:01,  4.66it/s, F=6, P=0, R=0, loss=2.9393]Training:   7%|▋         | 404/6000 [01:25<19:31,  4.78it/s, F=6, P=0, R=0, loss=2.9393]Training:   7%|▋         | 405/6000 [01:26<19:12,  4.85it/s, F=6, P=0, R=0, loss=2.9393]Training:   7%|▋         | 406/6000 [01:26<19:31,  4.77it/s, F=6, P=0, R=0, loss=2.9393]Training:   7%|▋         | 407/6000 [01:26<19:36,  4.75it/s, F=6, P=0, R=0, loss=2.9393]Training:   7%|▋         | 408/6000 [01:26<19:11,  4.85it/s, F=6, P=0, R=0, loss=2.9393]Training:   7%|▋         | 409/6000 [01:26<18:55,  4.92it/s, F=6, P=0, R=0, loss=2.9393]Training:   7%|▋         | 410/6000 [01:27<19:26,  4.79it/s, F=6, P=0, R=0, loss=2.9393]Training:   7%|▋         | 411/6000 [01:27<19:05,  4.88it/s, F=6, P=0, R=0, loss=2.9393]Training:   7%|▋         | 412/6000 [01:27<18:53,  4.93it/s, F=6, P=0, R=0, loss=2.9393]Training:   7%|▋         | 413/6000 [01:27<19:22,  4.81it/s, F=6, P=0, R=0, loss=2.9393]Training:   7%|▋         | 414/6000 [01:28<19:02,  4.89it/s, F=6, P=0, R=0, loss=2.9393]Training:   7%|▋         | 415/6000 [01:28<18:51,  4.94it/s, F=6, P=0, R=0, loss=2.9393]Training:   7%|▋         | 416/6000 [01:28<19:14,  4.84it/s, F=6, P=0, R=0, loss=2.9393]Training:   7%|▋         | 417/6000 [01:28<18:57,  4.91it/s, F=6, P=0, R=0, loss=2.9393]Training:   7%|▋         | 418/6000 [01:28<19:21,  4.81it/s, F=6, P=0, R=0, loss=2.9393]Training:   7%|▋         | 419/6000 [01:29<18:59,  4.90it/s, F=6, P=0, R=0, loss=2.9393]Training:   7%|▋         | 420/6000 [01:29<19:19,  4.81it/s, F=6, P=0, R=0, loss=2.9393]Training:   7%|▋         | 420/6000 [01:29<19:19,  4.81it/s, F=6, P=0, R=0, loss=3.2375]Training:   7%|▋         | 421/6000 [01:29<19:00,  4.89it/s, F=6, P=0, R=0, loss=3.2375]Training:   7%|▋         | 422/6000 [01:29<18:50,  4.93it/s, F=6, P=0, R=0, loss=3.2375]Training:   7%|▋         | 423/6000 [01:29<19:17,  4.82it/s, F=6, P=0, R=0, loss=3.2375]Training:   7%|▋         | 424/6000 [01:30<18:56,  4.91it/s, F=6, P=0, R=0, loss=3.2375]Training:   7%|▋         | 425/6000 [01:30<18:49,  4.94it/s, F=6, P=0, R=0, loss=3.2375]Training:   7%|▋         | 426/6000 [01:30<19:19,  4.81it/s, F=6, P=0, R=0, loss=3.2375]Training:   7%|▋         | 427/6000 [01:30<19:31,  4.76it/s, F=6, P=0, R=0, loss=3.2375]Training:   7%|▋         | 428/6000 [01:30<19:08,  4.85it/s, F=6, P=0, R=0, loss=3.2375]Training:   7%|▋         | 429/6000 [01:31<18:55,  4.91it/s, F=6, P=0, R=0, loss=3.2375]Training:   7%|▋         | 430/6000 [01:31<19:26,  4.77it/s, F=6, P=0, R=0, loss=3.2375]Training:   7%|▋         | 431/6000 [01:31<19:13,  4.83it/s, F=6, P=0, R=0, loss=3.2375]Training:   7%|▋         | 432/6000 [01:31<19:02,  4.87it/s, F=6, P=0, R=0, loss=3.2375]Training:   7%|▋         | 433/6000 [01:31<19:28,  4.77it/s, F=6, P=0, R=0, loss=3.2375]Training:   7%|▋         | 434/6000 [01:32<19:16,  4.81it/s, F=6, P=0, R=0, loss=3.2375]Training:   7%|▋         | 435/6000 [01:32<19:03,  4.87it/s, F=6, P=0, R=0, loss=3.2375]Training:   7%|▋         | 436/6000 [01:32<19:31,  4.75it/s, F=6, P=0, R=0, loss=3.2375]Training:   7%|▋         | 437/6000 [01:32<19:09,  4.84it/s, F=6, P=0, R=0, loss=3.2375]Training:   7%|▋         | 438/6000 [01:32<19:26,  4.77it/s, F=6, P=0, R=0, loss=3.2375]Training:   7%|▋         | 439/6000 [01:33<19:40,  4.71it/s, F=6, P=0, R=0, loss=3.2375]Training:   7%|▋         | 440/6000 [01:33<19:18,  4.80it/s, F=6, P=0, R=0, loss=3.2375]Training:   7%|▋         | 440/6000 [01:33<19:18,  4.80it/s, F=6, P=0, R=0, loss=3.4341]Training:   7%|▋         | 441/6000 [01:33<19:03,  4.86it/s, F=6, P=0, R=0, loss=3.4341]Training:   7%|▋         | 442/6000 [01:33<19:28,  4.76it/s, F=6, P=0, R=0, loss=3.4341]Training:   7%|▋         | 443/6000 [01:34<19:40,  4.71it/s, F=6, P=0, R=0, loss=3.4341]Training:   7%|▋         | 444/6000 [01:34<19:15,  4.81it/s, F=6, P=0, R=0, loss=3.4341]Training:   7%|▋         | 445/6000 [01:34<19:03,  4.86it/s, F=6, P=0, R=0, loss=3.4341]Training:   7%|▋         | 446/6000 [01:34<19:26,  4.76it/s, F=6, P=0, R=0, loss=3.4341]Training:   7%|▋         | 447/6000 [01:34<19:06,  4.84it/s, F=6, P=0, R=0, loss=3.4341]Training:   7%|▋         | 448/6000 [01:35<18:58,  4.88it/s, F=6, P=0, R=0, loss=3.4341]Training:   7%|▋         | 449/6000 [01:35<22:44,  4.07it/s, F=6, P=0, R=0, loss=3.4341]Training:   8%|▊         | 450/6000 [01:35<21:57,  4.21it/s, F=6, P=0, R=0, loss=3.4341]Training:   8%|▊         | 451/6000 [01:35<20:49,  4.44it/s, F=6, P=0, R=0, loss=3.4341]Training:   8%|▊         | 452/6000 [01:36<20:05,  4.60it/s, F=6, P=0, R=0, loss=3.4341]Training:   8%|▊         | 453/6000 [01:36<20:20,  4.54it/s, F=6, P=0, R=0, loss=3.4341]Training:   8%|▊         | 454/6000 [01:36<19:43,  4.69it/s, F=6, P=0, R=0, loss=3.4341]Training:   8%|▊         | 455/6000 [01:36<19:23,  4.77it/s, F=6, P=0, R=0, loss=3.4341]Training:   8%|▊         | 456/6000 [01:36<19:45,  4.68it/s, F=6, P=0, R=0, loss=3.4341]Training:   8%|▊         | 457/6000 [01:37<22:32,  4.10it/s, F=6, P=0, R=0, loss=3.4341]Training:   8%|▊         | 458/6000 [01:37<24:37,  3.75it/s, F=6, P=0, R=0, loss=3.4341]Training:   8%|▊         | 459/6000 [01:37<22:44,  4.06it/s, F=6, P=0, R=0, loss=3.4341]Training:   8%|▊         | 460/6000 [01:37<21:25,  4.31it/s, F=6, P=0, R=0, loss=3.4341]Training:   8%|▊         | 460/6000 [01:38<21:25,  4.31it/s, F=5, P=0, R=1, loss=3.3385]Training:   8%|▊         | 461/6000 [01:38<21:09,  4.36it/s, F=5, P=0, R=1, loss=3.3385]Training:   8%|▊         | 462/6000 [01:38<20:16,  4.55it/s, F=5, P=0, R=1, loss=3.3385]Training:   8%|▊         | 463/6000 [01:38<19:48,  4.66it/s, F=5, P=0, R=1, loss=3.3385]Training:   8%|▊         | 464/6000 [01:38<19:58,  4.62it/s, F=5, P=0, R=1, loss=3.3385]Training:   8%|▊         | 465/6000 [01:38<19:46,  4.66it/s, F=5, P=0, R=1, loss=3.3385]Training:   8%|▊         | 466/6000 [01:39<19:49,  4.65it/s, F=5, P=0, R=1, loss=3.3385]Training:   8%|▊         | 467/6000 [01:39<20:33,  4.49it/s, F=5, P=0, R=1, loss=3.3385]Training:   8%|▊         | 468/6000 [01:39<19:53,  4.64it/s, F=5, P=0, R=1, loss=3.3385]Training:   8%|▊         | 469/6000 [01:39<19:25,  4.74it/s, F=5, P=0, R=1, loss=3.3385]Training:   8%|▊         | 470/6000 [01:40<19:52,  4.64it/s, F=5, P=0, R=1, loss=3.3385]Training:   8%|▊         | 471/6000 [01:40<20:03,  4.60it/s, F=5, P=0, R=1, loss=3.3385]Training:   8%|▊         | 472/6000 [01:40<19:30,  4.72it/s, F=5, P=0, R=1, loss=3.3385]Training:   8%|▊         | 473/6000 [01:40<19:16,  4.78it/s, F=5, P=0, R=1, loss=3.3385]Training:   8%|▊         | 474/6000 [01:40<19:28,  4.73it/s, F=5, P=0, R=1, loss=3.3385]Training:   8%|▊         | 475/6000 [01:41<19:14,  4.79it/s, F=5, P=0, R=1, loss=3.3385]Training:   8%|▊         | 476/6000 [01:41<19:00,  4.84it/s, F=5, P=0, R=1, loss=3.3385]Training:   8%|▊         | 477/6000 [01:41<19:22,  4.75it/s, F=5, P=0, R=1, loss=3.3385]Training:   8%|▊         | 478/6000 [01:41<22:17,  4.13it/s, F=5, P=0, R=1, loss=3.3385]Training:   8%|▊         | 479/6000 [01:42<21:40,  4.24it/s, F=5, P=0, R=1, loss=3.3385]Training:   8%|▊         | 480/6000 [01:42<21:24,  4.30it/s, F=5, P=0, R=1, loss=3.3385]Training:   8%|▊         | 480/6000 [01:42<21:24,  4.30it/s, F=6, P=0, R=0, loss=3.1487]Training:   8%|▊         | 481/6000 [01:42<20:27,  4.49it/s, F=6, P=0, R=0, loss=3.1487]Training:   8%|▊         | 482/6000 [01:42<19:50,  4.64it/s, F=6, P=0, R=0, loss=3.1487]Training:   8%|▊         | 483/6000 [01:42<19:53,  4.62it/s, F=6, P=0, R=0, loss=3.1487]Training:   8%|▊         | 484/6000 [01:43<20:01,  4.59it/s, F=6, P=0, R=0, loss=3.1487]Training:   8%|▊         | 485/6000 [01:43<20:39,  4.45it/s, F=6, P=0, R=0, loss=3.1487]Training:   8%|▊         | 486/6000 [01:43<20:00,  4.59it/s, F=6, P=0, R=0, loss=3.1487]Training:   8%|▊         | 487/6000 [01:43<20:02,  4.58it/s, F=6, P=0, R=0, loss=3.1487]Training:   8%|▊         | 488/6000 [01:43<19:32,  4.70it/s, F=6, P=0, R=0, loss=3.1487]Training:   8%|▊         | 489/6000 [01:44<19:14,  4.77it/s, F=6, P=0, R=0, loss=3.1487]Training:   8%|▊         | 490/6000 [01:44<19:36,  4.68it/s, F=6, P=0, R=0, loss=3.1487]Training:   8%|▊         | 491/6000 [01:44<19:14,  4.77it/s, F=6, P=0, R=0, loss=3.1487]Training:   8%|▊         | 492/6000 [01:44<22:13,  4.13it/s, F=6, P=0, R=0, loss=3.1487]Training:   8%|▊         | 493/6000 [01:45<21:31,  4.26it/s, F=6, P=0, R=0, loss=3.1487]Training:   8%|▊         | 494/6000 [01:45<20:32,  4.47it/s, F=6, P=0, R=0, loss=3.1487]Training:   8%|▊         | 495/6000 [01:45<20:04,  4.57it/s, F=6, P=0, R=0, loss=3.1487]Training:   8%|▊         | 496/6000 [01:45<20:03,  4.57it/s, F=6, P=0, R=0, loss=3.1487]Training:   8%|▊         | 497/6000 [01:45<19:31,  4.70it/s, F=6, P=0, R=0, loss=3.1487]Training:   8%|▊         | 498/6000 [01:46<19:15,  4.76it/s, F=6, P=0, R=0, loss=3.1487]Training:   8%|▊         | 499/6000 [01:46<19:34,  4.68it/s, F=6, P=0, R=0, loss=3.1487]Training:   8%|▊         | 500/6000 [04:36<78:08:56, 51.15s/it, val_loss=1.485]         Training:   8%|▊         | 500/6000 [04:36<78:08:56, 51.15s/it, F=0, P=0, R=6, loss=4.5923]Training:   8%|▊         | 501/6000 [04:37<55:24:57, 36.28s/it, val_loss=1.484]            Training:   8%|▊         | 502/6000 [04:38<38:53:28, 25.47s/it, val_loss=1.484]Training:   8%|▊         | 503/6000 [04:38<27:20:03, 17.90s/it, val_loss=1.484]Training:   8%|▊         | 504/6000 [04:38<19:14:18, 12.60s/it, val_loss=1.484]Training:   8%|▊         | 505/6000 [04:38<13:33:32,  8.88s/it, val_loss=1.484]Training:   8%|▊         | 506/6000 [04:39<9:34:38,  6.28s/it, val_loss=1.484] Training:   8%|▊         | 507/6000 [04:39<6:48:07,  4.46s/it, val_loss=1.484]Training:   8%|▊         | 508/6000 [04:39<4:50:58,  3.18s/it, val_loss=1.484]Training:   8%|▊         | 509/6000 [04:39<3:31:45,  2.31s/it, val_loss=1.484]Training:   8%|▊         | 510/6000 [04:39<2:33:56,  1.68s/it, val_loss=1.484]Training:   9%|▊         | 511/6000 [04:40<1:55:43,  1.26s/it, val_loss=1.484]Training:   9%|▊         | 512/6000 [04:40<1:29:53,  1.02it/s, val_loss=1.484]Training:   9%|▊         | 513/6000 [04:40<1:11:26,  1.28it/s, val_loss=1.484]Training:   9%|▊         | 514/6000 [04:41<58:20,  1.57it/s, val_loss=1.484]  Training:   9%|▊         | 515/6000 [04:41<49:28,  1.85it/s, val_loss=1.484]Training:   9%|▊         | 516/6000 [04:41<40:04,  2.28it/s, val_loss=1.484]Training:   9%|▊         | 517/6000 [04:41<33:07,  2.76it/s, val_loss=1.484]Training:   9%|▊         | 518/6000 [04:42<29:00,  3.15it/s, val_loss=1.484]Training:   9%|▊         | 519/6000 [04:42<25:26,  3.59it/s, val_loss=1.484]Training:   9%|▊         | 520/6000 [04:42<23:14,  3.93it/s, val_loss=1.484]Training:   9%|▊         | 520/6000 [04:42<23:14,  3.93it/s, F=6, P=0, R=0, loss=2.0599]Training:   9%|▊         | 521/6000 [04:42<24:48,  3.68it/s, F=6, P=0, R=0, loss=2.0599]Training:   9%|▊         | 522/6000 [04:43<23:17,  3.92it/s, F=6, P=0, R=0, loss=2.0599]Training:   9%|▊         | 523/6000 [04:43<21:41,  4.21it/s, F=6, P=0, R=0, loss=2.0599]Training:   9%|▊         | 524/6000 [04:43<20:23,  4.48it/s, F=6, P=0, R=0, loss=2.0599]Training:   9%|▉         | 525/6000 [04:43<20:13,  4.51it/s, F=6, P=0, R=0, loss=2.0599]Training:   9%|▉         | 526/6000 [04:43<19:35,  4.66it/s, F=6, P=0, R=0, loss=2.0599]Training:   9%|▉         | 527/6000 [04:44<19:03,  4.79it/s, F=6, P=0, R=0, loss=2.0599]Training:   9%|▉         | 528/6000 [04:44<19:17,  4.73it/s, F=6, P=0, R=0, loss=2.0599]Training:   9%|▉         | 529/6000 [04:44<22:11,  4.11it/s, F=6, P=0, R=0, loss=2.0599]Training:   9%|▉         | 530/6000 [04:44<20:42,  4.40it/s, F=6, P=0, R=0, loss=2.0599]Training:   9%|▉         | 531/6000 [04:44<19:37,  4.64it/s, F=6, P=0, R=0, loss=2.0599]Training:   9%|▉         | 532/6000 [04:45<19:23,  4.70it/s, F=6, P=0, R=0, loss=2.0599]Training:   9%|▉         | 533/6000 [04:45<18:56,  4.81it/s, F=6, P=0, R=0, loss=2.0599]Training:   9%|▉         | 534/6000 [04:45<18:37,  4.89it/s, F=6, P=0, R=0, loss=2.0599]Training:   9%|▉         | 535/6000 [04:45<18:49,  4.84it/s, F=6, P=0, R=0, loss=2.0599]Training:   9%|▉         | 536/6000 [04:45<18:30,  4.92it/s, F=6, P=0, R=0, loss=2.0599]Training:   9%|▉         | 537/6000 [04:46<18:19,  4.97it/s, F=6, P=0, R=0, loss=2.0599]Training:   9%|▉         | 538/6000 [04:46<18:50,  4.83it/s, F=6, P=0, R=0, loss=2.0599]Training:   9%|▉         | 539/6000 [04:46<18:50,  4.83it/s, F=6, P=0, R=0, loss=2.0599]Training:   9%|▉         | 540/6000 [04:46<18:31,  4.91it/s, F=6, P=0, R=0, loss=2.0599]Training:   9%|▉         | 540/6000 [04:46<18:31,  4.91it/s, F=6, P=0, R=0, loss=2.0170]Training:   9%|▉         | 541/6000 [04:46<18:24,  4.94it/s, F=6, P=0, R=0, loss=2.0170]Training:   9%|▉         | 542/6000 [04:47<18:47,  4.84it/s, F=6, P=0, R=0, loss=2.0170]Training:   9%|▉         | 543/6000 [04:47<18:29,  4.92it/s, F=6, P=0, R=0, loss=2.0170]Training:   9%|▉         | 544/6000 [04:47<19:50,  4.58it/s, F=6, P=0, R=0, loss=2.0170]Training:   9%|▉         | 545/6000 [04:47<19:50,  4.58it/s, F=6, P=0, R=0, loss=2.0170]Training:   9%|▉         | 546/6000 [04:48<19:11,  4.74it/s, F=6, P=0, R=0, loss=2.0170]Training:   9%|▉         | 547/6000 [04:48<19:15,  4.72it/s, F=6, P=0, R=0, loss=2.0170]Training:   9%|▉         | 548/6000 [04:48<18:45,  4.84it/s, F=6, P=0, R=0, loss=2.0170]Training:   9%|▉         | 549/6000 [04:48<18:24,  4.93it/s, F=6, P=0, R=0, loss=2.0170]Training:   9%|▉         | 550/6000 [04:48<18:47,  4.83it/s, F=6, P=0, R=0, loss=2.0170]Training:   9%|▉         | 551/6000 [04:49<18:24,  4.93it/s, F=6, P=0, R=0, loss=2.0170]Training:   9%|▉         | 552/6000 [04:49<18:14,  4.98it/s, F=6, P=0, R=0, loss=2.0170]Training:   9%|▉         | 553/6000 [04:49<19:02,  4.77it/s, F=6, P=0, R=0, loss=2.0170]Training:   9%|▉         | 554/6000 [04:49<20:04,  4.52it/s, F=6, P=0, R=0, loss=2.0170]Training:   9%|▉         | 555/6000 [04:49<19:37,  4.62it/s, F=6, P=0, R=0, loss=2.0170]Training:   9%|▉         | 556/6000 [04:50<19:40,  4.61it/s, F=6, P=0, R=0, loss=2.0170]Training:   9%|▉         | 557/6000 [04:50<19:35,  4.63it/s, F=6, P=0, R=0, loss=2.0170]Training:   9%|▉         | 558/6000 [04:50<19:08,  4.74it/s, F=6, P=0, R=0, loss=2.0170]Training:   9%|▉         | 559/6000 [04:50<18:27,  4.91it/s, F=6, P=0, R=0, loss=2.0170]Training:   9%|▉         | 560/6000 [04:50<18:33,  4.89it/s, F=6, P=0, R=0, loss=2.0170]Training:   9%|▉         | 560/6000 [04:51<18:33,  4.89it/s, F=3, P=3, R=0, loss=1.8157]Training:   9%|▉         | 561/6000 [04:51<18:10,  4.99it/s, F=3, P=3, R=0, loss=1.8157]Training:   9%|▉         | 562/6000 [04:51<18:00,  5.03it/s, F=3, P=3, R=0, loss=1.8157]Training:   9%|▉         | 563/6000 [04:51<18:34,  4.88it/s, F=3, P=3, R=0, loss=1.8157]Training:   9%|▉         | 564/6000 [04:51<19:01,  4.76it/s, F=3, P=3, R=0, loss=1.8157]Training:   9%|▉         | 565/6000 [04:52<19:16,  4.70it/s, F=3, P=3, R=0, loss=1.8157]Training:   9%|▉         | 566/6000 [04:52<18:57,  4.78it/s, F=3, P=3, R=0, loss=1.8157]Training:   9%|▉         | 567/6000 [04:52<18:46,  4.82it/s, F=3, P=3, R=0, loss=1.8157]Training:   9%|▉         | 568/6000 [04:52<18:54,  4.79it/s, F=3, P=3, R=0, loss=1.8157]Training:   9%|▉         | 569/6000 [04:52<18:59,  4.77it/s, F=3, P=3, R=0, loss=1.8157]Training:  10%|▉         | 570/6000 [04:53<18:36,  4.86it/s, F=3, P=3, R=0, loss=1.8157]Training:  10%|▉         | 571/6000 [04:53<18:09,  4.98it/s, F=3, P=3, R=0, loss=1.8157]Training:  10%|▉         | 572/6000 [04:53<18:43,  4.83it/s, F=3, P=3, R=0, loss=1.8157]Training:  10%|▉         | 573/6000 [04:53<18:10,  4.98it/s, F=3, P=3, R=0, loss=1.8157]Training:  10%|▉         | 574/6000 [04:53<18:07,  4.99it/s, F=3, P=3, R=0, loss=1.8157]Training:  10%|▉         | 575/6000 [04:54<18:33,  4.87it/s, F=3, P=3, R=0, loss=1.8157]Training:  10%|▉         | 576/6000 [04:54<18:13,  4.96it/s, F=3, P=3, R=0, loss=1.8157]Training:  10%|▉         | 577/6000 [04:54<18:16,  4.94it/s, F=3, P=3, R=0, loss=1.8157]Training:  10%|▉         | 578/6000 [04:54<17:49,  5.07it/s, F=3, P=3, R=0, loss=1.8157]Training:  10%|▉         | 579/6000 [04:54<18:00,  5.01it/s, F=3, P=3, R=0, loss=1.8157]Training:  10%|▉         | 580/6000 [04:55<18:02,  5.01it/s, F=3, P=3, R=0, loss=1.8157]Training:  10%|▉         | 580/6000 [04:55<18:02,  5.01it/s, F=6, P=0, R=0, loss=1.6208]Training:  10%|▉         | 581/6000 [04:55<18:12,  4.96it/s, F=6, P=0, R=0, loss=1.6208]Training:  10%|▉         | 582/6000 [04:55<17:47,  5.08it/s, F=6, P=0, R=0, loss=1.6208]Training:  10%|▉         | 583/6000 [04:55<17:43,  5.09it/s, F=6, P=0, R=0, loss=1.6208]Training:  10%|▉         | 584/6000 [04:55<17:46,  5.08it/s, F=6, P=0, R=0, loss=1.6208]Training:  10%|▉         | 585/6000 [04:56<17:58,  5.02it/s, F=6, P=0, R=0, loss=1.6208]Training:  10%|▉         | 586/6000 [04:56<17:52,  5.05it/s, F=6, P=0, R=0, loss=1.6208]Training:  10%|▉         | 587/6000 [04:56<17:48,  5.07it/s, F=6, P=0, R=0, loss=1.6208]Training:  10%|▉         | 588/6000 [04:56<17:44,  5.09it/s, F=6, P=0, R=0, loss=1.6208]Training:  10%|▉         | 589/6000 [04:56<18:05,  4.98it/s, F=6, P=0, R=0, loss=1.6208]Training:  10%|▉         | 590/6000 [04:57<17:56,  5.02it/s, F=6, P=0, R=0, loss=1.6208]Training:  10%|▉         | 591/6000 [04:57<17:37,  5.11it/s, F=6, P=0, R=0, loss=1.6208]Training:  10%|▉         | 592/6000 [04:57<17:45,  5.07it/s, F=6, P=0, R=0, loss=1.6208]Training:  10%|▉         | 593/6000 [04:57<18:20,  4.91it/s, F=6, P=0, R=0, loss=1.6208]Training:  10%|▉         | 594/6000 [04:57<18:17,  4.92it/s, F=6, P=0, R=0, loss=1.6208]Training:  10%|▉         | 595/6000 [04:58<18:06,  4.97it/s, F=6, P=0, R=0, loss=1.6208]Training:  10%|▉         | 596/6000 [04:58<17:59,  5.01it/s, F=6, P=0, R=0, loss=1.6208]Training:  10%|▉         | 597/6000 [04:58<18:12,  4.95it/s, F=6, P=0, R=0, loss=1.6208]Training:  10%|▉         | 598/6000 [04:58<18:00,  5.00it/s, F=6, P=0, R=0, loss=1.6208]Training:  10%|▉         | 599/6000 [04:58<17:40,  5.09it/s, F=6, P=0, R=0, loss=1.6208]Training:  10%|█         | 600/6000 [04:59<17:49,  5.05it/s, F=6, P=0, R=0, loss=1.6208]Training:  10%|█         | 600/6000 [04:59<17:49,  5.05it/s, F=6, P=0, R=0, loss=1.5828]Training:  10%|█         | 601/6000 [04:59<18:02,  4.99it/s, F=6, P=0, R=0, loss=1.5828]Training:  10%|█         | 602/6000 [04:59<17:58,  5.01it/s, F=6, P=0, R=0, loss=1.5828]Training:  10%|█         | 603/6000 [04:59<17:55,  5.02it/s, F=6, P=0, R=0, loss=1.5828]Training:  10%|█         | 604/6000 [04:59<17:43,  5.08it/s, F=6, P=0, R=0, loss=1.5828]Training:  10%|█         | 605/6000 [05:00<18:11,  4.94it/s, F=6, P=0, R=0, loss=1.5828]Training:  10%|█         | 606/6000 [05:00<18:10,  4.95it/s, F=6, P=0, R=0, loss=1.5828]Training:  10%|█         | 607/6000 [05:00<18:03,  4.98it/s, F=6, P=0, R=0, loss=1.5828]Training:  10%|█         | 608/6000 [05:00<17:51,  5.03it/s, F=6, P=0, R=0, loss=1.5828]Training:  10%|█         | 609/6000 [05:00<18:18,  4.91it/s, F=6, P=0, R=0, loss=1.5828]Training:  10%|█         | 610/6000 [05:01<18:05,  4.97it/s, F=6, P=0, R=0, loss=1.5828]Training:  10%|█         | 611/6000 [05:01<17:41,  5.08it/s, F=6, P=0, R=0, loss=1.5828]Training:  10%|█         | 612/6000 [05:01<17:36,  5.10it/s, F=6, P=0, R=0, loss=1.5828]Training:  10%|█         | 613/6000 [05:01<18:17,  4.91it/s, F=6, P=0, R=0, loss=1.5828]Training:  10%|█         | 614/6000 [05:01<18:09,  4.94it/s, F=6, P=0, R=0, loss=1.5828]Training:  10%|█         | 615/6000 [05:02<17:54,  5.01it/s, F=6, P=0, R=0, loss=1.5828]Training:  10%|█         | 616/6000 [05:02<17:47,  5.04it/s, F=6, P=0, R=0, loss=1.5828]Training:  10%|█         | 617/6000 [05:02<18:20,  4.89it/s, F=6, P=0, R=0, loss=1.5828]Training:  10%|█         | 618/6000 [05:02<18:14,  4.92it/s, F=6, P=0, R=0, loss=1.5828]Training:  10%|█         | 619/6000 [05:02<18:11,  4.93it/s, F=6, P=0, R=0, loss=1.5828]Training:  10%|█         | 620/6000 [05:03<18:13,  4.92it/s, F=6, P=0, R=0, loss=1.5828]Training:  10%|█         | 620/6000 [05:03<18:13,  4.92it/s, F=6, P=0, R=0, loss=1.6946]Training:  10%|█         | 621/6000 [05:03<18:39,  4.80it/s, F=6, P=0, R=0, loss=1.6946]Training:  10%|█         | 622/6000 [05:03<18:21,  4.88it/s, F=6, P=0, R=0, loss=1.6946]Training:  10%|█         | 623/6000 [05:03<18:04,  4.96it/s, F=6, P=0, R=0, loss=1.6946]Training:  10%|█         | 624/6000 [05:03<18:10,  4.93it/s, F=6, P=0, R=0, loss=1.6946]Training:  10%|█         | 625/6000 [05:04<18:28,  4.85it/s, F=6, P=0, R=0, loss=1.6946]Training:  10%|█         | 626/6000 [05:04<18:12,  4.92it/s, F=6, P=0, R=0, loss=1.6946]Training:  10%|█         | 627/6000 [05:04<17:58,  4.98it/s, F=6, P=0, R=0, loss=1.6946]Training:  10%|█         | 628/6000 [05:04<18:23,  4.87it/s, F=6, P=0, R=0, loss=1.6946]Training:  10%|█         | 629/6000 [05:04<18:33,  4.82it/s, F=6, P=0, R=0, loss=1.6946]Training:  10%|█         | 630/6000 [05:05<18:17,  4.89it/s, F=6, P=0, R=0, loss=1.6946]Training:  11%|█         | 631/6000 [05:05<18:00,  4.97it/s, F=6, P=0, R=0, loss=1.6946]Training:  11%|█         | 632/6000 [05:05<17:51,  5.01it/s, F=6, P=0, R=0, loss=1.6946]Training:  11%|█         | 633/6000 [05:05<18:17,  4.89it/s, F=6, P=0, R=0, loss=1.6946]Training:  11%|█         | 634/6000 [05:05<18:09,  4.92it/s, F=6, P=0, R=0, loss=1.6946]Training:  11%|█         | 635/6000 [05:06<17:45,  5.03it/s, F=6, P=0, R=0, loss=1.6946]Training:  11%|█         | 636/6000 [05:06<17:45,  5.04it/s, F=6, P=0, R=0, loss=1.6946]Training:  11%|█         | 637/6000 [05:06<18:15,  4.90it/s, F=6, P=0, R=0, loss=1.6946]Training:  11%|█         | 638/6000 [05:06<18:13,  4.90it/s, F=6, P=0, R=0, loss=1.6946]Training:  11%|█         | 639/6000 [05:06<17:44,  5.04it/s, F=6, P=0, R=0, loss=1.6946]Training:  11%|█         | 640/6000 [05:07<17:53,  4.99it/s, F=6, P=0, R=0, loss=1.6946]Training:  11%|█         | 640/6000 [05:07<17:53,  4.99it/s, F=6, P=0, R=0, loss=1.5150]Training:  11%|█         | 641/6000 [05:07<18:11,  4.91it/s, F=6, P=0, R=0, loss=1.5150]Training:  11%|█         | 642/6000 [05:07<17:54,  4.99it/s, F=6, P=0, R=0, loss=1.5150]Training:  11%|█         | 643/6000 [05:07<17:50,  5.01it/s, F=6, P=0, R=0, loss=1.5150]Training:  11%|█         | 644/6000 [05:07<17:46,  5.02it/s, F=6, P=0, R=0, loss=1.5150]Training:  11%|█         | 645/6000 [05:08<18:14,  4.89it/s, F=6, P=0, R=0, loss=1.5150]Training:  11%|█         | 646/6000 [05:08<18:12,  4.90it/s, F=6, P=0, R=0, loss=1.5150]Training:  11%|█         | 647/6000 [05:08<18:13,  4.89it/s, F=6, P=0, R=0, loss=1.5150]Training:  11%|█         | 648/6000 [05:08<17:52,  4.99it/s, F=6, P=0, R=0, loss=1.5150]Training:  11%|█         | 649/6000 [05:08<18:15,  4.88it/s, F=6, P=0, R=0, loss=1.5150]Training:  11%|█         | 650/6000 [05:09<17:51,  4.99it/s, F=6, P=0, R=0, loss=1.5150]Training:  11%|█         | 651/6000 [05:09<17:34,  5.07it/s, F=6, P=0, R=0, loss=1.5150]Training:  11%|█         | 652/6000 [05:09<17:37,  5.06it/s, F=6, P=0, R=0, loss=1.5150]Training:  11%|█         | 653/6000 [05:09<18:00,  4.95it/s, F=6, P=0, R=0, loss=1.5150]Training:  11%|█         | 654/6000 [05:09<17:54,  4.98it/s, F=6, P=0, R=0, loss=1.5150]Training:  11%|█         | 655/6000 [05:10<18:04,  4.93it/s, F=6, P=0, R=0, loss=1.5150]Training:  11%|█         | 656/6000 [05:10<18:16,  4.87it/s, F=6, P=0, R=0, loss=1.5150]Training:  11%|█         | 657/6000 [05:10<18:12,  4.89it/s, F=6, P=0, R=0, loss=1.5150]Training:  11%|█         | 658/6000 [05:10<17:45,  5.01it/s, F=6, P=0, R=0, loss=1.5150]Training:  11%|█         | 659/6000 [05:10<17:22,  5.12it/s, F=6, P=0, R=0, loss=1.5150]Training:  11%|█         | 660/6000 [05:11<17:37,  5.05it/s, F=6, P=0, R=0, loss=1.5150]Training:  11%|█         | 660/6000 [05:11<17:37,  5.05it/s, F=6, P=0, R=0, loss=1.5274]Training:  11%|█         | 661/6000 [05:11<17:31,  5.08it/s, F=6, P=0, R=0, loss=1.5274]Training:  11%|█         | 662/6000 [05:11<17:19,  5.13it/s, F=6, P=0, R=0, loss=1.5274]Training:  11%|█         | 663/6000 [05:11<17:26,  5.10it/s, F=6, P=0, R=0, loss=1.5274]Training:  11%|█         | 664/6000 [05:11<18:09,  4.90it/s, F=6, P=0, R=0, loss=1.5274]Training:  11%|█         | 665/6000 [05:12<18:03,  4.93it/s, F=6, P=0, R=0, loss=1.5274]Training:  11%|█         | 666/6000 [05:12<17:54,  4.97it/s, F=6, P=0, R=0, loss=1.5274]Training:  11%|█         | 667/6000 [05:12<17:48,  4.99it/s, F=6, P=0, R=0, loss=1.5274]Training:  11%|█         | 668/6000 [05:12<18:23,  4.83it/s, F=6, P=0, R=0, loss=1.5274]Training:  11%|█         | 669/6000 [05:12<18:01,  4.93it/s, F=6, P=0, R=0, loss=1.5274]Training:  11%|█         | 670/6000 [05:13<18:05,  4.91it/s, F=6, P=0, R=0, loss=1.5274]Training:  11%|█         | 671/6000 [05:13<17:57,  4.94it/s, F=6, P=0, R=0, loss=1.5274]Training:  11%|█         | 672/6000 [05:13<18:32,  4.79it/s, F=6, P=0, R=0, loss=1.5274]Training:  11%|█         | 673/6000 [05:13<18:04,  4.91it/s, F=6, P=0, R=0, loss=1.5274]Training:  11%|█         | 674/6000 [05:13<18:10,  4.88it/s, F=6, P=0, R=0, loss=1.5274]Training:  11%|█▏        | 675/6000 [05:14<17:52,  4.96it/s, F=6, P=0, R=0, loss=1.5274]Training:  11%|█▏        | 676/6000 [05:14<18:22,  4.83it/s, F=6, P=0, R=0, loss=1.5274]Training:  11%|█▏        | 677/6000 [05:14<17:55,  4.95it/s, F=6, P=0, R=0, loss=1.5274]Training:  11%|█▏        | 678/6000 [05:14<17:49,  4.98it/s, F=6, P=0, R=0, loss=1.5274]Training:  11%|█▏        | 679/6000 [05:14<17:31,  5.06it/s, F=6, P=0, R=0, loss=1.5274]Training:  11%|█▏        | 680/6000 [05:15<17:55,  4.95it/s, F=6, P=0, R=0, loss=1.5274]Training:  11%|█▏        | 680/6000 [05:15<17:55,  4.95it/s, F=6, P=0, R=0, loss=1.5017]Training:  11%|█▏        | 681/6000 [05:15<17:28,  5.07it/s, F=6, P=0, R=0, loss=1.5017]Training:  11%|█▏        | 682/6000 [05:15<17:31,  5.06it/s, F=6, P=0, R=0, loss=1.5017]Training:  11%|█▏        | 683/6000 [05:15<17:36,  5.03it/s, F=6, P=0, R=0, loss=1.5017]Training:  11%|█▏        | 684/6000 [05:15<17:59,  4.93it/s, F=6, P=0, R=0, loss=1.5017]Training:  11%|█▏        | 685/6000 [05:16<17:56,  4.94it/s, F=6, P=0, R=0, loss=1.5017]Training:  11%|█▏        | 686/6000 [05:16<17:58,  4.93it/s, F=6, P=0, R=0, loss=1.5017]Training:  11%|█▏        | 687/6000 [05:16<17:54,  4.94it/s, F=6, P=0, R=0, loss=1.5017]Training:  11%|█▏        | 688/6000 [05:16<18:20,  4.83it/s, F=6, P=0, R=0, loss=1.5017]Training:  11%|█▏        | 689/6000 [05:16<18:05,  4.89it/s, F=6, P=0, R=0, loss=1.5017]Training:  12%|█▏        | 690/6000 [05:17<18:27,  4.79it/s, F=6, P=0, R=0, loss=1.5017]Training:  12%|█▏        | 691/6000 [05:17<18:27,  4.80it/s, F=6, P=0, R=0, loss=1.5017]Training:  12%|█▏        | 692/6000 [05:17<18:14,  4.85it/s, F=6, P=0, R=0, loss=1.5017]Training:  12%|█▏        | 693/6000 [05:17<18:09,  4.87it/s, F=6, P=0, R=0, loss=1.5017]Training:  12%|█▏        | 694/6000 [05:18<19:01,  4.65it/s, F=6, P=0, R=0, loss=1.5017]Training:  12%|█▏        | 695/6000 [05:18<18:49,  4.70it/s, F=6, P=0, R=0, loss=1.5017]Training:  12%|█▏        | 696/6000 [05:18<18:30,  4.78it/s, F=6, P=0, R=0, loss=1.5017]Training:  12%|█▏        | 697/6000 [05:18<18:53,  4.68it/s, F=6, P=0, R=0, loss=1.5017]Training:  12%|█▏        | 698/6000 [05:18<18:35,  4.75it/s, F=6, P=0, R=0, loss=1.5017]Training:  12%|█▏        | 699/6000 [05:19<18:26,  4.79it/s, F=6, P=0, R=0, loss=1.5017]Training:  12%|█▏        | 700/6000 [05:19<18:28,  4.78it/s, F=6, P=0, R=0, loss=1.5017]Training:  12%|█▏        | 700/6000 [05:19<18:28,  4.78it/s, F=6, P=0, R=0, loss=1.6193]Training:  12%|█▏        | 701/6000 [05:19<18:34,  4.75it/s, F=6, P=0, R=0, loss=1.6193]Training:  12%|█▏        | 702/6000 [05:19<18:20,  4.81it/s, F=6, P=0, R=0, loss=1.6193]Training:  12%|█▏        | 703/6000 [05:19<18:04,  4.88it/s, F=6, P=0, R=0, loss=1.6193]Training:  12%|█▏        | 704/6000 [05:20<19:08,  4.61it/s, F=6, P=0, R=0, loss=1.6193]Training:  12%|█▏        | 705/6000 [05:20<18:41,  4.72it/s, F=6, P=0, R=0, loss=1.6193]Training:  12%|█▏        | 706/6000 [05:20<18:19,  4.82it/s, F=6, P=0, R=0, loss=1.6193]Training:  12%|█▏        | 707/6000 [05:20<18:02,  4.89it/s, F=6, P=0, R=0, loss=1.6193]Training:  12%|█▏        | 708/6000 [05:20<18:17,  4.82it/s, F=6, P=0, R=0, loss=1.6193]Training:  12%|█▏        | 709/6000 [05:21<18:00,  4.90it/s, F=6, P=0, R=0, loss=1.6193]Training:  12%|█▏        | 710/6000 [05:21<17:46,  4.96it/s, F=6, P=0, R=0, loss=1.6193]Training:  12%|█▏        | 711/6000 [05:21<18:56,  4.65it/s, F=6, P=0, R=0, loss=1.6193]Training:  12%|█▏        | 712/6000 [05:21<18:35,  4.74it/s, F=6, P=0, R=0, loss=1.6193]Training:  12%|█▏        | 713/6000 [05:22<18:17,  4.82it/s, F=6, P=0, R=0, loss=1.6193]Training:  12%|█▏        | 714/6000 [05:22<18:45,  4.70it/s, F=6, P=0, R=0, loss=1.6193]Training:  12%|█▏        | 715/6000 [05:22<19:08,  4.60it/s, F=6, P=0, R=0, loss=1.6193]Training:  12%|█▏        | 716/6000 [05:22<18:46,  4.69it/s, F=6, P=0, R=0, loss=1.6193]Training:  12%|█▏        | 717/6000 [05:22<18:23,  4.79it/s, F=6, P=0, R=0, loss=1.6193]Training:  12%|█▏        | 718/6000 [05:23<18:51,  4.67it/s, F=6, P=0, R=0, loss=1.6193]Training:  12%|█▏        | 719/6000 [05:23<19:16,  4.57it/s, F=6, P=0, R=0, loss=1.6193]Training:  12%|█▏        | 720/6000 [05:23<19:18,  4.56it/s, F=6, P=0, R=0, loss=1.6193]Training:  12%|█▏        | 720/6000 [05:23<19:18,  4.56it/s, F=6, P=0, R=0, loss=1.4563]Training:  12%|█▏        | 721/6000 [05:23<18:43,  4.70it/s, F=6, P=0, R=0, loss=1.4563]Training:  12%|█▏        | 722/6000 [05:23<18:48,  4.68it/s, F=6, P=0, R=0, loss=1.4563]Training:  12%|█▏        | 723/6000 [05:24<18:30,  4.75it/s, F=6, P=0, R=0, loss=1.4563]Training:  12%|█▏        | 724/6000 [05:24<18:17,  4.81it/s, F=6, P=0, R=0, loss=1.4563]Training:  12%|█▏        | 725/6000 [05:24<18:30,  4.75it/s, F=6, P=0, R=0, loss=1.4563]Training:  12%|█▏        | 726/6000 [05:24<21:16,  4.13it/s, F=6, P=0, R=0, loss=1.4563]Training:  12%|█▏        | 727/6000 [05:25<20:25,  4.30it/s, F=6, P=0, R=0, loss=1.4563]Training:  12%|█▏        | 728/6000 [05:25<20:03,  4.38it/s, F=6, P=0, R=0, loss=1.4563]Training:  12%|█▏        | 729/6000 [05:25<19:14,  4.56it/s, F=6, P=0, R=0, loss=1.4563]Training:  12%|█▏        | 730/6000 [05:25<18:28,  4.75it/s, F=6, P=0, R=0, loss=1.4563]Training:  12%|█▏        | 731/6000 [05:25<18:27,  4.76it/s, F=6, P=0, R=0, loss=1.4563]Training:  12%|█▏        | 732/6000 [05:26<18:18,  4.80it/s, F=6, P=0, R=0, loss=1.4563]Training:  12%|█▏        | 733/6000 [05:26<17:51,  4.92it/s, F=6, P=0, R=0, loss=1.4563]Training:  12%|█▏        | 734/6000 [05:26<18:14,  4.81it/s, F=6, P=0, R=0, loss=1.4563]Training:  12%|█▏        | 735/6000 [05:26<18:18,  4.79it/s, F=6, P=0, R=0, loss=1.4563]Training:  12%|█▏        | 736/6000 [05:26<17:58,  4.88it/s, F=6, P=0, R=0, loss=1.4563]Training:  12%|█▏        | 737/6000 [05:27<17:59,  4.88it/s, F=6, P=0, R=0, loss=1.4563]Training:  12%|█▏        | 738/6000 [05:27<17:51,  4.91it/s, F=6, P=0, R=0, loss=1.4563]Training:  12%|█▏        | 739/6000 [05:27<17:26,  5.03it/s, F=6, P=0, R=0, loss=1.4563]Training:  12%|█▏        | 740/6000 [05:27<17:33,  4.99it/s, F=6, P=0, R=0, loss=1.4563]Training:  12%|█▏        | 740/6000 [05:27<17:33,  4.99it/s, F=6, P=0, R=0, loss=1.4831]Training:  12%|█▏        | 741/6000 [05:27<17:54,  4.90it/s, F=6, P=0, R=0, loss=1.4831]Training:  12%|█▏        | 742/6000 [05:28<17:36,  4.98it/s, F=6, P=0, R=0, loss=1.4831]Training:  12%|█▏        | 743/6000 [05:28<18:15,  4.80it/s, F=6, P=0, R=0, loss=1.4831]Training:  12%|█▏        | 744/6000 [05:28<18:11,  4.82it/s, F=6, P=0, R=0, loss=1.4831]Training:  12%|█▏        | 745/6000 [05:28<17:57,  4.88it/s, F=6, P=0, R=0, loss=1.4831]Training:  12%|█▏        | 746/6000 [05:28<17:50,  4.91it/s, F=6, P=0, R=0, loss=1.4831]Training:  12%|█▏        | 747/6000 [05:29<18:23,  4.76it/s, F=6, P=0, R=0, loss=1.4831]Training:  12%|█▏        | 748/6000 [05:29<18:14,  4.80it/s, F=6, P=0, R=0, loss=1.4831]Training:  12%|█▏        | 749/6000 [05:29<17:55,  4.88it/s, F=6, P=0, R=0, loss=1.4831]Training:  12%|█▎        | 750/6000 [05:29<18:24,  4.75it/s, F=6, P=0, R=0, loss=1.4831]Training:  13%|█▎        | 751/6000 [05:31<54:52,  1.59it/s, val_loss=1.477]            Training:  13%|█▎        | 752/6000 [05:31<43:54,  1.99it/s, val_loss=1.477]Training:  13%|█▎        | 753/6000 [05:31<36:24,  2.40it/s, val_loss=1.477]Training:  13%|█▎        | 754/6000 [05:32<31:42,  2.76it/s, val_loss=1.477]Training:  13%|█▎        | 755/6000 [05:32<27:42,  3.15it/s, val_loss=1.477]Training:  13%|█▎        | 756/6000 [05:32<25:22,  3.44it/s, val_loss=1.477]Training:  13%|█▎        | 757/6000 [05:32<22:55,  3.81it/s, val_loss=1.477]Training:  13%|█▎        | 758/6000 [05:32<21:17,  4.10it/s, val_loss=1.477]Training:  13%|█▎        | 759/6000 [05:33<20:01,  4.36it/s, val_loss=1.477]Training:  13%|█▎        | 760/6000 [05:33<19:33,  4.47it/s, val_loss=1.477]Training:  13%|█▎        | 760/6000 [05:33<19:33,  4.47it/s, F=6, P=0, R=0, loss=1.4570]Training:  13%|█▎        | 761/6000 [05:33<18:40,  4.68it/s, F=6, P=0, R=0, loss=1.4570]Training:  13%|█▎        | 762/6000 [05:33<18:22,  4.75it/s, F=6, P=0, R=0, loss=1.4570]Training:  13%|█▎        | 763/6000 [05:33<18:43,  4.66it/s, F=6, P=0, R=0, loss=1.4570]Training:  13%|█▎        | 764/6000 [05:34<18:13,  4.79it/s, F=6, P=0, R=0, loss=1.4570]Training:  13%|█▎        | 765/6000 [05:34<18:35,  4.69it/s, F=6, P=0, R=0, loss=1.4570]Training:  13%|█▎        | 766/6000 [05:34<18:22,  4.75it/s, F=6, P=0, R=0, loss=1.4570]Training:  13%|█▎        | 767/6000 [05:34<18:10,  4.80it/s, F=6, P=0, R=0, loss=1.4570]Training:  13%|█▎        | 768/6000 [05:34<18:32,  4.70it/s, F=6, P=0, R=0, loss=1.4570]Training:  13%|█▎        | 769/6000 [05:35<18:12,  4.79it/s, F=6, P=0, R=0, loss=1.4570]Training:  13%|█▎        | 770/6000 [05:35<18:46,  4.64it/s, F=6, P=0, R=0, loss=1.4570]Training:  13%|█▎        | 771/6000 [05:35<18:11,  4.79it/s, F=6, P=0, R=0, loss=1.4570]Training:  13%|█▎        | 772/6000 [05:35<18:03,  4.83it/s, F=6, P=0, R=0, loss=1.4570]Training:  13%|█▎        | 773/6000 [05:36<18:31,  4.70it/s, F=6, P=0, R=0, loss=1.4570]Training:  13%|█▎        | 774/6000 [05:36<18:17,  4.76it/s, F=6, P=0, R=0, loss=1.4570]Training:  13%|█▎        | 775/6000 [05:36<18:37,  4.68it/s, F=6, P=0, R=0, loss=1.4570]Training:  13%|█▎        | 776/6000 [05:36<18:19,  4.75it/s, F=6, P=0, R=0, loss=1.4570]Training:  13%|█▎        | 777/6000 [05:36<18:05,  4.81it/s, F=6, P=0, R=0, loss=1.4570]Training:  13%|█▎        | 778/6000 [05:37<18:36,  4.68it/s, F=6, P=0, R=0, loss=1.4570]Training:  13%|█▎        | 779/6000 [05:37<18:26,  4.72it/s, F=6, P=0, R=0, loss=1.4570]Training:  13%|█▎        | 780/6000 [05:37<18:01,  4.83it/s, F=6, P=0, R=0, loss=1.4570]Training:  13%|█▎        | 780/6000 [05:37<18:01,  4.83it/s, F=6, P=0, R=0, loss=1.5659]Training:  13%|█▎        | 781/6000 [05:37<18:35,  4.68it/s, F=6, P=0, R=0, loss=1.5659]Training:  13%|█▎        | 782/6000 [05:37<18:23,  4.73it/s, F=6, P=0, R=0, loss=1.5659]Training:  13%|█▎        | 783/6000 [05:38<18:09,  4.79it/s, F=6, P=0, R=0, loss=1.5659]Training:  13%|█▎        | 784/6000 [05:38<18:13,  4.77it/s, F=6, P=0, R=0, loss=1.5659]Training:  13%|█▎        | 785/6000 [05:38<18:11,  4.78it/s, F=6, P=0, R=0, loss=1.5659]Training:  13%|█▎        | 786/6000 [05:38<17:58,  4.83it/s, F=6, P=0, R=0, loss=1.5659]Training:  13%|█▎        | 787/6000 [05:38<17:46,  4.89it/s, F=6, P=0, R=0, loss=1.5659]Training:  13%|█▎        | 788/6000 [05:39<18:14,  4.76it/s, F=6, P=0, R=0, loss=1.5659]Training:  13%|█▎        | 789/6000 [05:39<17:59,  4.83it/s, F=6, P=0, R=0, loss=1.5659]Training:  13%|█▎        | 790/6000 [05:39<17:41,  4.91it/s, F=6, P=0, R=0, loss=1.5659]Training:  13%|█▎        | 791/6000 [05:39<17:35,  4.93it/s, F=6, P=0, R=0, loss=1.5659]Training:  13%|█▎        | 792/6000 [05:39<17:44,  4.89it/s, F=6, P=0, R=0, loss=1.5659]Training:  13%|█▎        | 793/6000 [05:40<17:44,  4.89it/s, F=6, P=0, R=0, loss=1.5659]Training:  13%|█▎        | 794/6000 [05:40<17:47,  4.87it/s, F=6, P=0, R=0, loss=1.5659]Training:  13%|█▎        | 795/6000 [05:40<17:58,  4.83it/s, F=6, P=0, R=0, loss=1.5659]Training:  13%|█▎        | 796/6000 [05:40<17:59,  4.82it/s, F=6, P=0, R=0, loss=1.5659]Training:  13%|█▎        | 797/6000 [05:41<17:58,  4.82it/s, F=6, P=0, R=0, loss=1.5659]Training:  13%|█▎        | 798/6000 [05:41<19:15,  4.50it/s, F=6, P=0, R=0, loss=1.5659]Training:  13%|█▎        | 799/6000 [05:41<18:27,  4.70it/s, F=6, P=0, R=0, loss=1.5659]Training:  13%|█▎        | 800/6000 [05:41<18:03,  4.80it/s, F=6, P=0, R=0, loss=1.5659]Training:  13%|█▎        | 800/6000 [05:41<18:03,  4.80it/s, F=6, P=0, R=0, loss=1.4161]Training:  13%|█▎        | 801/6000 [05:41<17:45,  4.88it/s, F=6, P=0, R=0, loss=1.4161]Training:  13%|█▎        | 802/6000 [05:42<18:00,  4.81it/s, F=6, P=0, R=0, loss=1.4161]Training:  13%|█▎        | 803/6000 [05:42<18:22,  4.71it/s, F=6, P=0, R=0, loss=1.4161]Training:  13%|█▎        | 804/6000 [05:42<18:12,  4.76it/s, F=6, P=0, R=0, loss=1.4161]Training:  13%|█▎        | 805/6000 [05:42<18:37,  4.65it/s, F=6, P=0, R=0, loss=1.4161]Training:  13%|█▎        | 806/6000 [05:42<18:27,  4.69it/s, F=6, P=0, R=0, loss=1.4161]Training:  13%|█▎        | 807/6000 [05:43<18:21,  4.72it/s, F=6, P=0, R=0, loss=1.4161]Training:  13%|█▎        | 808/6000 [05:43<18:34,  4.66it/s, F=6, P=0, R=0, loss=1.4161]Training:  13%|█▎        | 809/6000 [05:43<18:15,  4.74it/s, F=6, P=0, R=0, loss=1.4161]Training:  14%|█▎        | 810/6000 [05:43<18:28,  4.68it/s, F=6, P=0, R=0, loss=1.4161]Training:  14%|█▎        | 811/6000 [05:44<18:42,  4.62it/s, F=6, P=0, R=0, loss=1.4161]Training:  14%|█▎        | 812/6000 [05:44<19:41,  4.39it/s, F=6, P=0, R=0, loss=1.4161]Training:  14%|█▎        | 813/6000 [05:44<20:07,  4.30it/s, F=6, P=0, R=0, loss=1.4161]Training:  14%|█▎        | 814/6000 [05:44<19:28,  4.44it/s, F=6, P=0, R=0, loss=1.4161]Training:  14%|█▎        | 815/6000 [05:44<18:49,  4.59it/s, F=6, P=0, R=0, loss=1.4161]Training:  14%|█▎        | 816/6000 [05:45<18:19,  4.71it/s, F=6, P=0, R=0, loss=1.4161]Training:  14%|█▎        | 817/6000 [05:45<18:33,  4.65it/s, F=6, P=0, R=0, loss=1.4161]Training:  14%|█▎        | 818/6000 [05:45<17:56,  4.81it/s, F=6, P=0, R=0, loss=1.4161]Training:  14%|█▎        | 819/6000 [05:45<17:31,  4.93it/s, F=6, P=0, R=0, loss=1.4161]Training:  14%|█▎        | 820/6000 [05:45<18:11,  4.75it/s, F=6, P=0, R=0, loss=1.4161]Training:  14%|█▎        | 820/6000 [05:46<18:11,  4.75it/s, F=6, P=0, R=0, loss=1.4475]Training:  14%|█▎        | 821/6000 [05:46<17:55,  4.81it/s, F=6, P=0, R=0, loss=1.4475]Training:  14%|█▎        | 822/6000 [05:46<17:36,  4.90it/s, F=6, P=0, R=0, loss=1.4475]Training:  14%|█▎        | 823/6000 [05:46<18:12,  4.74it/s, F=6, P=0, R=0, loss=1.4475]Training:  14%|█▎        | 824/6000 [05:46<18:08,  4.75it/s, F=6, P=0, R=0, loss=1.4475]Training:  14%|█▍        | 825/6000 [05:47<18:06,  4.76it/s, F=6, P=0, R=0, loss=1.4475]Training:  14%|█▍        | 826/6000 [05:47<17:57,  4.80it/s, F=6, P=0, R=0, loss=1.4475]Training:  14%|█▍        | 827/6000 [05:47<18:19,  4.70it/s, F=6, P=0, R=0, loss=1.4475]Training:  14%|█▍        | 828/6000 [05:47<18:06,  4.76it/s, F=6, P=0, R=0, loss=1.4475]Training:  14%|█▍        | 829/6000 [05:47<17:51,  4.83it/s, F=6, P=0, R=0, loss=1.4475]Training:  14%|█▍        | 830/6000 [05:48<18:16,  4.71it/s, F=6, P=0, R=0, loss=1.4475]Training:  14%|█▍        | 831/6000 [05:48<18:15,  4.72it/s, F=6, P=0, R=0, loss=1.4475]Training:  14%|█▍        | 832/6000 [05:48<18:15,  4.72it/s, F=6, P=0, R=0, loss=1.4475]Training:  14%|█▍        | 833/6000 [05:48<17:50,  4.83it/s, F=6, P=0, R=0, loss=1.4475]Training:  14%|█▍        | 834/6000 [05:48<18:42,  4.60it/s, F=6, P=0, R=0, loss=1.4475]Training:  14%|█▍        | 835/6000 [05:49<18:24,  4.68it/s, F=6, P=0, R=0, loss=1.4475]Training:  14%|█▍        | 836/6000 [05:49<18:16,  4.71it/s, F=6, P=0, R=0, loss=1.4475]Training:  14%|█▍        | 837/6000 [05:49<18:50,  4.57it/s, F=6, P=0, R=0, loss=1.4475]Training:  14%|█▍        | 838/6000 [05:49<18:25,  4.67it/s, F=6, P=0, R=0, loss=1.4475]Training:  14%|█▍        | 839/6000 [05:49<18:02,  4.77it/s, F=6, P=0, R=0, loss=1.4475]Training:  14%|█▍        | 840/6000 [05:50<18:38,  4.61it/s, F=6, P=0, R=0, loss=1.4475]Training:  14%|█▍        | 840/6000 [05:50<18:38,  4.61it/s, F=6, P=0, R=0, loss=1.4226]Training:  14%|█▍        | 841/6000 [05:50<17:59,  4.78it/s, F=6, P=0, R=0, loss=1.4226]Training:  14%|█▍        | 842/6000 [05:50<17:52,  4.81it/s, F=6, P=0, R=0, loss=1.4226]Training:  14%|█▍        | 843/6000 [05:50<18:20,  4.69it/s, F=6, P=0, R=0, loss=1.4226]Training:  14%|█▍        | 844/6000 [05:51<17:58,  4.78it/s, F=6, P=0, R=0, loss=1.4226]Training:  14%|█▍        | 845/6000 [05:51<18:48,  4.57it/s, F=6, P=0, R=0, loss=1.4226]Training:  14%|█▍        | 846/6000 [05:51<18:41,  4.59it/s, F=6, P=0, R=0, loss=1.4226]Training:  14%|█▍        | 847/6000 [05:51<18:28,  4.65it/s, F=6, P=0, R=0, loss=1.4226]Training:  14%|█▍        | 848/6000 [05:51<18:49,  4.56it/s, F=6, P=0, R=0, loss=1.4226]Training:  14%|█▍        | 849/6000 [05:52<18:27,  4.65it/s, F=6, P=0, R=0, loss=1.4226]Training:  14%|█▍        | 850/6000 [05:52<18:12,  4.71it/s, F=6, P=0, R=0, loss=1.4226]Training:  14%|█▍        | 851/6000 [05:52<18:49,  4.56it/s, F=6, P=0, R=0, loss=1.4226]Training:  14%|█▍        | 852/6000 [05:52<18:31,  4.63it/s, F=6, P=0, R=0, loss=1.4226]Training:  14%|█▍        | 853/6000 [05:52<18:14,  4.70it/s, F=6, P=0, R=0, loss=1.4226]Training:  14%|█▍        | 854/6000 [05:53<18:02,  4.76it/s, F=6, P=0, R=0, loss=1.4226]Training:  14%|█▍        | 855/6000 [05:53<18:08,  4.73it/s, F=6, P=0, R=0, loss=1.4226]Training:  14%|█▍        | 856/6000 [05:53<17:58,  4.77it/s, F=6, P=0, R=0, loss=1.4226]Training:  14%|█▍        | 857/6000 [05:53<17:54,  4.79it/s, F=6, P=0, R=0, loss=1.4226]Training:  14%|█▍        | 858/6000 [05:54<18:29,  4.63it/s, F=6, P=0, R=0, loss=1.4226]Training:  14%|█▍        | 859/6000 [05:54<18:26,  4.65it/s, F=6, P=0, R=0, loss=1.4226]Training:  14%|█▍        | 860/6000 [05:54<18:43,  4.58it/s, F=6, P=0, R=0, loss=1.4226]Training:  14%|█▍        | 860/6000 [05:54<18:43,  4.58it/s, F=6, P=0, R=0, loss=1.5305]Training:  14%|█▍        | 861/6000 [05:54<18:32,  4.62it/s, F=6, P=0, R=0, loss=1.5305]Training:  14%|█▍        | 862/6000 [05:54<18:18,  4.68it/s, F=6, P=0, R=0, loss=1.5305]Training:  14%|█▍        | 863/6000 [05:55<18:43,  4.57it/s, F=6, P=0, R=0, loss=1.5305]Training:  14%|█▍        | 864/6000 [05:55<18:38,  4.59it/s, F=6, P=0, R=0, loss=1.5305]Training:  14%|█▍        | 865/6000 [05:55<18:13,  4.70it/s, F=6, P=0, R=0, loss=1.5305]Training:  14%|█▍        | 866/6000 [05:55<18:33,  4.61it/s, F=6, P=0, R=0, loss=1.5305]Training:  14%|█▍        | 867/6000 [05:55<18:13,  4.69it/s, F=6, P=0, R=0, loss=1.5305]Training:  14%|█▍        | 868/6000 [05:56<18:03,  4.74it/s, F=6, P=0, R=0, loss=1.5305]Training:  14%|█▍        | 869/6000 [05:56<17:49,  4.80it/s, F=6, P=0, R=0, loss=1.5305]Training:  14%|█▍        | 870/6000 [05:56<17:47,  4.81it/s, F=6, P=0, R=0, loss=1.5305]Training:  15%|█▍        | 871/6000 [05:56<17:46,  4.81it/s, F=6, P=0, R=0, loss=1.5305]Training:  15%|█▍        | 872/6000 [05:57<17:44,  4.82it/s, F=6, P=0, R=0, loss=1.5305]Training:  15%|█▍        | 873/6000 [05:57<18:12,  4.69it/s, F=6, P=0, R=0, loss=1.5305]Training:  15%|█▍        | 874/6000 [05:57<18:06,  4.72it/s, F=6, P=0, R=0, loss=1.5305]Training:  15%|█▍        | 875/6000 [05:57<18:29,  4.62it/s, F=6, P=0, R=0, loss=1.5305]Training:  15%|█▍        | 876/6000 [05:57<18:17,  4.67it/s, F=6, P=0, R=0, loss=1.5305]Training:  15%|█▍        | 877/6000 [05:58<18:05,  4.72it/s, F=6, P=0, R=0, loss=1.5305]Training:  15%|█▍        | 878/6000 [05:58<18:37,  4.58it/s, F=6, P=0, R=0, loss=1.5305]Training:  15%|█▍        | 879/6000 [05:58<17:59,  4.74it/s, F=6, P=0, R=0, loss=1.5305]Training:  15%|█▍        | 880/6000 [05:58<18:40,  4.57it/s, F=6, P=0, R=0, loss=1.5305]Training:  15%|█▍        | 880/6000 [05:58<18:40,  4.57it/s, F=6, P=0, R=0, loss=1.3899]Training:  15%|█▍        | 881/6000 [05:58<18:14,  4.68it/s, F=6, P=0, R=0, loss=1.3899]Training:  15%|█▍        | 882/6000 [05:59<17:58,  4.75it/s, F=6, P=0, R=0, loss=1.3899]Training:  15%|█▍        | 883/6000 [05:59<18:28,  4.62it/s, F=6, P=0, R=0, loss=1.3899]Training:  15%|█▍        | 884/6000 [05:59<18:20,  4.65it/s, F=6, P=0, R=0, loss=1.3899]Training:  15%|█▍        | 885/6000 [05:59<18:56,  4.50it/s, F=6, P=0, R=0, loss=1.3899]Training:  15%|█▍        | 886/6000 [06:00<18:45,  4.54it/s, F=6, P=0, R=0, loss=1.3899]Training:  15%|█▍        | 887/6000 [06:00<18:36,  4.58it/s, F=6, P=0, R=0, loss=1.3899]Training:  15%|█▍        | 888/6000 [06:00<19:14,  4.43it/s, F=6, P=0, R=0, loss=1.3899]Training:  15%|█▍        | 889/6000 [06:00<18:40,  4.56it/s, F=6, P=0, R=0, loss=1.3899]Training:  15%|█▍        | 890/6000 [06:00<18:19,  4.65it/s, F=6, P=0, R=0, loss=1.3899]Training:  15%|█▍        | 891/6000 [06:01<17:48,  4.78it/s, F=6, P=0, R=0, loss=1.3899]Training:  15%|█▍        | 892/6000 [06:01<18:12,  4.67it/s, F=6, P=0, R=0, loss=1.3899]Training:  15%|█▍        | 893/6000 [06:01<17:43,  4.80it/s, F=6, P=0, R=0, loss=1.3899]Training:  15%|█▍        | 894/6000 [06:01<17:41,  4.81it/s, F=6, P=0, R=0, loss=1.3899]Training:  15%|█▍        | 895/6000 [06:01<18:13,  4.67it/s, F=6, P=0, R=0, loss=1.3899]Training:  15%|█▍        | 896/6000 [06:02<17:53,  4.75it/s, F=6, P=0, R=0, loss=1.3899]Training:  15%|█▍        | 897/6000 [06:02<17:53,  4.75it/s, F=6, P=0, R=0, loss=1.3899]Training:  15%|█▍        | 898/6000 [06:02<17:25,  4.88it/s, F=6, P=0, R=0, loss=1.3899]Training:  15%|█▍        | 899/6000 [06:02<18:02,  4.71it/s, F=6, P=0, R=0, loss=1.3899]Training:  15%|█▌        | 900/6000 [06:03<18:25,  4.61it/s, F=6, P=0, R=0, loss=1.3899]Training:  15%|█▌        | 900/6000 [06:03<18:25,  4.61it/s, F=6, P=0, R=0, loss=1.4232]Training:  15%|█▌        | 901/6000 [06:03<18:11,  4.67it/s, F=6, P=0, R=0, loss=1.4232]Training:  15%|█▌        | 902/6000 [06:03<18:09,  4.68it/s, F=6, P=0, R=0, loss=1.4232]Training:  15%|█▌        | 903/6000 [06:03<17:59,  4.72it/s, F=6, P=0, R=0, loss=1.4232]Training:  15%|█▌        | 904/6000 [06:03<17:58,  4.72it/s, F=6, P=0, R=0, loss=1.4232]Training:  15%|█▌        | 905/6000 [06:04<18:18,  4.64it/s, F=6, P=0, R=0, loss=1.4232]Training:  15%|█▌        | 906/6000 [06:04<18:07,  4.68it/s, F=6, P=0, R=0, loss=1.4232]Training:  15%|█▌        | 907/6000 [06:04<17:59,  4.72it/s, F=6, P=0, R=0, loss=1.4232]Training:  15%|█▌        | 908/6000 [06:04<18:26,  4.60it/s, F=6, P=0, R=0, loss=1.4232]Training:  15%|█▌        | 909/6000 [06:04<18:02,  4.70it/s, F=6, P=0, R=0, loss=1.4232]Training:  15%|█▌        | 910/6000 [06:05<17:49,  4.76it/s, F=6, P=0, R=0, loss=1.4232]Training:  15%|█▌        | 911/6000 [06:05<17:45,  4.78it/s, F=6, P=0, R=0, loss=1.4232]Training:  15%|█▌        | 912/6000 [06:05<18:23,  4.61it/s, F=6, P=0, R=0, loss=1.4232]Training:  15%|█▌        | 913/6000 [06:05<17:57,  4.72it/s, F=6, P=0, R=0, loss=1.4232]Training:  15%|█▌        | 914/6000 [06:06<18:48,  4.51it/s, F=6, P=0, R=0, loss=1.4232]Training:  15%|█▌        | 915/6000 [06:06<18:34,  4.56it/s, F=6, P=0, R=0, loss=1.4232]Training:  15%|█▌        | 916/6000 [06:06<18:48,  4.50it/s, F=6, P=0, R=0, loss=1.4232]Training:  15%|█▌        | 917/6000 [06:06<18:09,  4.66it/s, F=6, P=0, R=0, loss=1.4232]Training:  15%|█▌        | 918/6000 [06:06<17:56,  4.72it/s, F=6, P=0, R=0, loss=1.4232]Training:  15%|█▌        | 919/6000 [06:07<18:08,  4.67it/s, F=6, P=0, R=0, loss=1.4232]Training:  15%|█▌        | 920/6000 [06:07<18:03,  4.69it/s, F=6, P=0, R=0, loss=1.4232]Training:  15%|█▌        | 920/6000 [06:07<18:03,  4.69it/s, F=6, P=0, R=0, loss=1.3974]Training:  15%|█▌        | 921/6000 [06:07<17:34,  4.82it/s, F=6, P=0, R=0, loss=1.3974]Training:  15%|█▌        | 922/6000 [06:07<18:05,  4.68it/s, F=6, P=0, R=0, loss=1.3974]Training:  15%|█▌        | 923/6000 [06:07<18:32,  4.56it/s, F=6, P=0, R=0, loss=1.3974]Training:  15%|█▌        | 924/6000 [06:08<18:10,  4.66it/s, F=6, P=0, R=0, loss=1.3974]Training:  15%|█▌        | 925/6000 [06:08<18:02,  4.69it/s, F=6, P=0, R=0, loss=1.3974]Training:  15%|█▌        | 926/6000 [06:08<18:20,  4.61it/s, F=6, P=0, R=0, loss=1.3974]Training:  15%|█▌        | 927/6000 [06:08<18:16,  4.63it/s, F=6, P=0, R=0, loss=1.3974]Training:  15%|█▌        | 928/6000 [06:09<18:03,  4.68it/s, F=6, P=0, R=0, loss=1.3974]Training:  15%|█▌        | 929/6000 [06:09<17:56,  4.71it/s, F=6, P=0, R=0, loss=1.3974]Training:  16%|█▌        | 930/6000 [06:09<17:46,  4.76it/s, F=6, P=0, R=0, loss=1.3974]Training:  16%|█▌        | 931/6000 [06:09<17:24,  4.85it/s, F=6, P=0, R=0, loss=1.3974]Training:  16%|█▌        | 932/6000 [06:09<17:26,  4.84it/s, F=6, P=0, R=0, loss=1.3974]Training:  16%|█▌        | 933/6000 [06:10<17:32,  4.81it/s, F=6, P=0, R=0, loss=1.3974]Training:  16%|█▌        | 934/6000 [06:10<18:01,  4.68it/s, F=6, P=0, R=0, loss=1.3974]Training:  16%|█▌        | 935/6000 [06:10<18:04,  4.67it/s, F=6, P=0, R=0, loss=1.3974]Training:  16%|█▌        | 936/6000 [06:10<17:56,  4.70it/s, F=6, P=0, R=0, loss=1.3974]Training:  16%|█▌        | 937/6000 [06:10<18:23,  4.59it/s, F=6, P=0, R=0, loss=1.3974]Training:  16%|█▌        | 938/6000 [06:11<18:12,  4.63it/s, F=6, P=0, R=0, loss=1.3974]Training:  16%|█▌        | 939/6000 [06:11<18:09,  4.64it/s, F=6, P=0, R=0, loss=1.3974]Training:  16%|█▌        | 940/6000 [06:11<17:48,  4.74it/s, F=6, P=0, R=0, loss=1.3974]Training:  16%|█▌        | 940/6000 [06:11<17:48,  4.74it/s, F=6, P=0, R=0, loss=1.5011]Training:  16%|█▌        | 941/6000 [06:11<18:17,  4.61it/s, F=6, P=0, R=0, loss=1.5011]Training:  16%|█▌        | 942/6000 [06:12<18:06,  4.66it/s, F=6, P=0, R=0, loss=1.5011]Training:  16%|█▌        | 943/6000 [06:12<17:55,  4.70it/s, F=6, P=0, R=0, loss=1.5011]Training:  16%|█▌        | 944/6000 [06:12<18:01,  4.68it/s, F=6, P=0, R=0, loss=1.5011]Training:  16%|█▌        | 945/6000 [06:12<18:13,  4.62it/s, F=6, P=0, R=0, loss=1.5011]Training:  16%|█▌        | 946/6000 [06:12<18:00,  4.68it/s, F=6, P=0, R=0, loss=1.5011]Training:  16%|█▌        | 947/6000 [06:13<17:48,  4.73it/s, F=6, P=0, R=0, loss=1.5011]Training:  16%|█▌        | 948/6000 [06:13<18:10,  4.63it/s, F=6, P=0, R=0, loss=1.5011]Training:  16%|█▌        | 949/6000 [06:13<17:59,  4.68it/s, F=6, P=0, R=0, loss=1.5011]Training:  16%|█▌        | 950/6000 [06:13<17:45,  4.74it/s, F=6, P=0, R=0, loss=1.5011]Training:  16%|█▌        | 951/6000 [06:13<17:36,  4.78it/s, F=6, P=0, R=0, loss=1.5011]Training:  16%|█▌        | 952/6000 [06:14<18:10,  4.63it/s, F=6, P=0, R=0, loss=1.5011]Training:  16%|█▌        | 953/6000 [06:14<17:58,  4.68it/s, F=6, P=0, R=0, loss=1.5011]Training:  16%|█▌        | 954/6000 [06:14<17:53,  4.70it/s, F=6, P=0, R=0, loss=1.5011]Training:  16%|█▌        | 955/6000 [06:14<17:44,  4.74it/s, F=6, P=0, R=0, loss=1.5011]Training:  16%|█▌        | 956/6000 [06:15<18:15,  4.60it/s, F=6, P=0, R=0, loss=1.5011]Training:  16%|█▌        | 957/6000 [06:15<18:01,  4.66it/s, F=6, P=0, R=0, loss=1.5011]Training:  16%|█▌        | 958/6000 [06:15<18:00,  4.67it/s, F=6, P=0, R=0, loss=1.5011]Training:  16%|█▌        | 959/6000 [06:15<17:28,  4.81it/s, F=6, P=0, R=0, loss=1.5011]Training:  16%|█▌        | 960/6000 [06:15<17:50,  4.71it/s, F=6, P=0, R=0, loss=1.5011]Training:  16%|█▌        | 960/6000 [06:16<17:50,  4.71it/s, F=6, P=0, R=0, loss=1.3684]Training:  16%|█▌        | 961/6000 [06:16<17:36,  4.77it/s, F=6, P=0, R=0, loss=1.3684]Training:  16%|█▌        | 962/6000 [06:16<17:26,  4.81it/s, F=6, P=0, R=0, loss=1.3684]Training:  16%|█▌        | 963/6000 [06:16<17:30,  4.80it/s, F=6, P=0, R=0, loss=1.3684]Training:  16%|█▌        | 964/6000 [06:16<17:46,  4.72it/s, F=6, P=0, R=0, loss=1.3684]Training:  16%|█▌        | 965/6000 [06:16<17:34,  4.78it/s, F=6, P=0, R=0, loss=1.3684]Training:  16%|█▌        | 966/6000 [06:17<18:03,  4.64it/s, F=6, P=0, R=0, loss=1.3684]Training:  16%|█▌        | 967/6000 [06:17<18:04,  4.64it/s, F=6, P=0, R=0, loss=1.3684]Training:  16%|█▌        | 968/6000 [06:17<17:42,  4.74it/s, F=6, P=0, R=0, loss=1.3684]Training:  16%|█▌        | 969/6000 [06:17<18:08,  4.62it/s, F=6, P=0, R=0, loss=1.3684]Training:  16%|█▌        | 970/6000 [06:17<17:53,  4.69it/s, F=6, P=0, R=0, loss=1.3684]Training:  16%|█▌        | 971/6000 [06:18<17:31,  4.78it/s, F=6, P=0, R=0, loss=1.3684]Training:  16%|█▌        | 972/6000 [06:18<17:36,  4.76it/s, F=6, P=0, R=0, loss=1.3684]Training:  16%|█▌        | 973/6000 [06:18<17:49,  4.70it/s, F=6, P=0, R=0, loss=1.3684]Training:  16%|█▌        | 974/6000 [06:18<17:49,  4.70it/s, F=6, P=0, R=0, loss=1.3684]Training:  16%|█▋        | 975/6000 [06:19<17:30,  4.78it/s, F=6, P=0, R=0, loss=1.3684]Training:  16%|█▋        | 976/6000 [06:19<17:23,  4.81it/s, F=6, P=0, R=0, loss=1.3684]Training:  16%|█▋        | 977/6000 [06:19<18:05,  4.63it/s, F=6, P=0, R=0, loss=1.3684]Training:  16%|█▋        | 978/6000 [06:19<17:32,  4.77it/s, F=6, P=0, R=0, loss=1.3684]Training:  16%|█▋        | 979/6000 [06:19<17:10,  4.87it/s, F=6, P=0, R=0, loss=1.3684]Training:  16%|█▋        | 980/6000 [06:20<18:15,  4.58it/s, F=6, P=0, R=0, loss=1.3684]Training:  16%|█▋        | 980/6000 [06:20<18:15,  4.58it/s, F=6, P=0, R=0, loss=1.4020]Training:  16%|█▋        | 981/6000 [06:20<18:00,  4.65it/s, F=6, P=0, R=0, loss=1.4020]Training:  16%|█▋        | 982/6000 [06:20<17:40,  4.73it/s, F=6, P=0, R=0, loss=1.4020]Training:  16%|█▋        | 983/6000 [06:20<17:39,  4.74it/s, F=6, P=0, R=0, loss=1.4020]Training:  16%|█▋        | 984/6000 [06:20<18:17,  4.57it/s, F=6, P=0, R=0, loss=1.4020]Training:  16%|█▋        | 985/6000 [06:21<17:58,  4.65it/s, F=6, P=0, R=0, loss=1.4020]Training:  16%|█▋        | 986/6000 [06:21<17:54,  4.67it/s, F=6, P=0, R=0, loss=1.4020]Training:  16%|█▋        | 987/6000 [06:21<17:49,  4.69it/s, F=6, P=0, R=0, loss=1.4020]Training:  16%|█▋        | 988/6000 [06:21<18:08,  4.60it/s, F=6, P=0, R=0, loss=1.4020]Training:  16%|█▋        | 989/6000 [06:22<17:48,  4.69it/s, F=6, P=0, R=0, loss=1.4020]Training:  16%|█▋        | 990/6000 [06:22<18:04,  4.62it/s, F=6, P=0, R=0, loss=1.4020]Training:  17%|█▋        | 991/6000 [06:22<18:03,  4.62it/s, F=6, P=0, R=0, loss=1.4020]Training:  17%|█▋        | 992/6000 [06:22<18:08,  4.60it/s, F=6, P=0, R=0, loss=1.4020]Training:  17%|█▋        | 993/6000 [06:22<17:44,  4.70it/s, F=6, P=0, R=0, loss=1.4020]Training:  17%|█▋        | 994/6000 [06:23<18:33,  4.50it/s, F=6, P=0, R=0, loss=1.4020]Training:  17%|█▋        | 995/6000 [06:23<18:17,  4.56it/s, F=6, P=0, R=0, loss=1.4020]Training:  17%|█▋        | 996/6000 [06:23<18:09,  4.59it/s, F=6, P=0, R=0, loss=1.4020]Training:  17%|█▋        | 997/6000 [06:23<17:40,  4.72it/s, F=6, P=0, R=0, loss=1.4020]Training:  17%|█▋        | 998/6000 [06:23<18:08,  4.60it/s, F=6, P=0, R=0, loss=1.4020]Training:  17%|█▋        | 999/6000 [06:24<17:45,  4.69it/s, F=6, P=0, R=0, loss=1.4020]Training:  17%|█▋        | 1000/6000 [06:24<17:33,  4.75it/s, F=6, P=0, R=0, loss=1.4020]Training:  17%|█▋        | 1000/6000 [06:24<17:33,  4.75it/s, F=6, P=0, R=0, loss=1.3775][2026-09-19 11:40:19,907][hivemind.checkpoint][INFO] - checkpoint saved: runs/baselines_small_v1_live/trihope-seed1337/checkpoints/step_00001000
Training:  17%|█▋        | 1001/6000 [06:28<1:58:32,  1.42s/it, val_loss=1.480]          Training:  17%|█▋        | 1002/6000 [06:28<1:28:49,  1.07s/it, val_loss=1.480]Training:  17%|█▋        | 1003/6000 [06:29<1:07:35,  1.23it/s, val_loss=1.480]Training:  17%|█▋        | 1004/6000 [06:29<52:55,  1.57it/s, val_loss=1.480]  Training:  17%|█▋        | 1005/6000 [06:29<42:25,  1.96it/s, val_loss=1.480]Training:  17%|█▋        | 1006/6000 [06:29<35:32,  2.34it/s, val_loss=1.480]Training:  17%|█▋        | 1007/6000 [06:29<30:08,  2.76it/s, val_loss=1.480]Training:  17%|█▋        | 1008/6000 [06:30<26:20,  3.16it/s, val_loss=1.480]Training:  17%|█▋        | 1009/6000 [06:30<24:11,  3.44it/s, val_loss=1.480]Training:  17%|█▋        | 1010/6000 [06:30<22:09,  3.75it/s, val_loss=1.480]Training:  17%|█▋        | 1011/6000 [06:30<20:58,  3.97it/s, val_loss=1.480]Training:  17%|█▋        | 1012/6000 [06:31<19:58,  4.16it/s, val_loss=1.480]Training:  17%|█▋        | 1013/6000 [06:31<19:16,  4.31it/s, val_loss=1.480]Training:  17%|█▋        | 1014/6000 [06:31<19:18,  4.30it/s, val_loss=1.480]Training:  17%|█▋        | 1015/6000 [06:31<19:03,  4.36it/s, val_loss=1.480]Training:  17%|█▋        | 1016/6000 [06:31<19:05,  4.35it/s, val_loss=1.480]Training:  17%|█▋        | 1017/6000 [06:32<18:43,  4.43it/s, val_loss=1.480]Training:  17%|█▋        | 1018/6000 [06:32<18:52,  4.40it/s, val_loss=1.480]Training:  17%|█▋        | 1019/6000 [06:32<18:38,  4.45it/s, val_loss=1.480]Training:  17%|█▋        | 1020/6000 [06:32<18:52,  4.40it/s, val_loss=1.480]Training:  17%|█▋        | 1020/6000 [06:33<18:52,  4.40it/s, F=6, P=0, R=0, loss=1.4734]Training:  17%|█▋        | 1021/6000 [06:33<19:07,  4.34it/s, F=6, P=0, R=0, loss=1.4734]Training:  17%|█▋        | 1022/6000 [06:33<18:42,  4.44it/s, F=6, P=0, R=0, loss=1.4734]Training:  17%|█▋        | 1023/6000 [06:33<18:16,  4.54it/s, F=6, P=0, R=0, loss=1.4734]Training:  17%|█▋        | 1024/6000 [06:33<18:14,  4.55it/s, F=6, P=0, R=0, loss=1.4734]Training:  17%|█▋        | 1025/6000 [06:33<18:17,  4.53it/s, F=6, P=0, R=0, loss=1.4734]Training:  17%|█▋        | 1026/6000 [06:34<17:58,  4.61it/s, F=6, P=0, R=0, loss=1.4734]Training:  17%|█▋        | 1027/6000 [06:34<18:11,  4.55it/s, F=6, P=0, R=0, loss=1.4734]Training:  17%|█▋        | 1028/6000 [06:34<18:02,  4.59it/s, F=6, P=0, R=0, loss=1.4734]Training:  17%|█▋        | 1029/6000 [06:34<17:47,  4.66it/s, F=6, P=0, R=0, loss=1.4734]Training:  17%|█▋        | 1030/6000 [06:35<17:47,  4.66it/s, F=6, P=0, R=0, loss=1.4734]Training:  17%|█▋        | 1031/6000 [06:35<17:56,  4.62it/s, F=6, P=0, R=0, loss=1.4734]Training:  17%|█▋        | 1032/6000 [06:35<17:51,  4.63it/s, F=6, P=0, R=0, loss=1.4734]Training:  17%|█▋        | 1033/6000 [06:35<17:47,  4.65it/s, F=6, P=0, R=0, loss=1.4734]Training:  17%|█▋        | 1034/6000 [06:35<18:27,  4.48it/s, F=6, P=0, R=0, loss=1.4734]Training:  17%|█▋        | 1035/6000 [06:36<18:05,  4.57it/s, F=6, P=0, R=0, loss=1.4734]Training:  17%|█▋        | 1036/6000 [06:36<18:00,  4.60it/s, F=6, P=0, R=0, loss=1.4734]Training:  17%|█▋        | 1037/6000 [06:36<17:46,  4.65it/s, F=6, P=0, R=0, loss=1.4734]Training:  17%|█▋        | 1038/6000 [06:36<18:20,  4.51it/s, F=6, P=0, R=0, loss=1.4734]Training:  17%|█▋        | 1039/6000 [06:36<17:45,  4.66it/s, F=6, P=0, R=0, loss=1.4734]Training:  17%|█▋        | 1040/6000 [06:37<17:36,  4.69it/s, F=6, P=0, R=0, loss=1.4734]Training:  17%|█▋        | 1040/6000 [06:37<17:36,  4.69it/s, F=6, P=0, R=0, loss=1.3497]Training:  17%|█▋        | 1041/6000 [06:37<17:41,  4.67it/s, F=6, P=0, R=0, loss=1.3497]Training:  17%|█▋        | 1042/6000 [06:37<17:29,  4.72it/s, F=6, P=0, R=0, loss=1.3497]Training:  17%|█▋        | 1043/6000 [06:37<17:28,  4.73it/s, F=6, P=0, R=0, loss=1.3497]Training:  17%|█▋        | 1044/6000 [06:38<17:59,  4.59it/s, F=6, P=0, R=0, loss=1.3497]Training:  17%|█▋        | 1045/6000 [06:38<17:50,  4.63it/s, F=6, P=0, R=0, loss=1.3497]Training:  17%|█▋        | 1046/6000 [06:38<18:22,  4.49it/s, F=6, P=0, R=0, loss=1.3497]Training:  17%|█▋        | 1047/6000 [06:38<19:16,  4.28it/s, F=6, P=0, R=0, loss=1.3497]Training:  17%|█▋        | 1048/6000 [06:38<19:03,  4.33it/s, F=6, P=0, R=0, loss=1.3497]Training:  17%|█▋        | 1049/6000 [06:39<18:44,  4.40it/s, F=6, P=0, R=0, loss=1.3497]Training:  18%|█▊        | 1050/6000 [06:39<18:38,  4.43it/s, F=6, P=0, R=0, loss=1.3497]Training:  18%|█▊        | 1051/6000 [06:39<18:22,  4.49it/s, F=6, P=0, R=0, loss=1.3497]Training:  18%|█▊        | 1052/6000 [06:39<18:11,  4.53it/s, F=6, P=0, R=0, loss=1.3497]Training:  18%|█▊        | 1053/6000 [06:40<17:43,  4.65it/s, F=6, P=0, R=0, loss=1.3497]Training:  18%|█▊        | 1054/6000 [06:40<17:39,  4.67it/s, F=6, P=0, R=0, loss=1.3497]Training:  18%|█▊        | 1055/6000 [06:40<17:46,  4.64it/s, F=6, P=0, R=0, loss=1.3497]Training:  18%|█▊        | 1056/6000 [06:40<17:31,  4.70it/s, F=6, P=0, R=0, loss=1.3497]Training:  18%|█▊        | 1057/6000 [06:40<17:38,  4.67it/s, F=6, P=0, R=0, loss=1.3497]Training:  18%|█▊        | 1058/6000 [06:41<17:13,  4.78it/s, F=6, P=0, R=0, loss=1.3497]Training:  18%|█▊        | 1059/6000 [06:41<17:21,  4.75it/s, F=6, P=0, R=0, loss=1.3497]Training:  18%|█▊        | 1060/6000 [06:41<17:35,  4.68it/s, F=6, P=0, R=0, loss=1.3497]Training:  18%|█▊        | 1060/6000 [06:41<17:35,  4.68it/s, F=6, P=0, R=0, loss=1.3824]Training:  18%|█▊        | 1061/6000 [06:41<17:25,  4.72it/s, F=6, P=0, R=0, loss=1.3824]Training:  18%|█▊        | 1062/6000 [06:41<17:34,  4.68it/s, F=6, P=0, R=0, loss=1.3824]Training:  18%|█▊        | 1063/6000 [06:42<17:39,  4.66it/s, F=6, P=0, R=0, loss=1.3824]Training:  18%|█▊        | 1064/6000 [06:42<17:45,  4.63it/s, F=6, P=0, R=0, loss=1.3824]Training:  18%|█▊        | 1065/6000 [06:42<17:34,  4.68it/s, F=6, P=0, R=0, loss=1.3824]Training:  18%|█▊        | 1066/6000 [06:42<18:05,  4.54it/s, F=6, P=0, R=0, loss=1.3824]Training:  18%|█▊        | 1067/6000 [06:43<17:54,  4.59it/s, F=6, P=0, R=0, loss=1.3824]Training:  18%|█▊        | 1068/6000 [06:43<17:46,  4.63it/s, F=6, P=0, R=0, loss=1.3824]Training:  18%|█▊        | 1069/6000 [06:43<17:28,  4.70it/s, F=6, P=0, R=0, loss=1.3824]Training:  18%|█▊        | 1070/6000 [06:43<17:55,  4.59it/s, F=6, P=0, R=0, loss=1.3824]Training:  18%|█▊        | 1071/6000 [06:43<17:29,  4.69it/s, F=6, P=0, R=0, loss=1.3824]Training:  18%|█▊        | 1072/6000 [06:44<17:38,  4.65it/s, F=6, P=0, R=0, loss=1.3824]Training:  18%|█▊        | 1073/6000 [06:44<17:18,  4.74it/s, F=6, P=0, R=0, loss=1.3824]Training:  18%|█▊        | 1074/6000 [06:44<20:40,  3.97it/s, F=6, P=0, R=0, loss=1.3824]Training:  18%|█▊        | 1075/6000 [06:44<19:30,  4.21it/s, F=6, P=0, R=0, loss=1.3824]Training:  18%|█▊        | 1076/6000 [06:45<19:28,  4.21it/s, F=6, P=0, R=0, loss=1.3824]Training:  18%|█▊        | 1077/6000 [06:45<18:35,  4.41it/s, F=6, P=0, R=0, loss=1.3824]Training:  18%|█▊        | 1078/6000 [06:45<18:08,  4.52it/s, F=6, P=0, R=0, loss=1.3824]Training:  18%|█▊        | 1079/6000 [06:45<18:07,  4.52it/s, F=6, P=0, R=0, loss=1.3824]Training:  18%|█▊        | 1080/6000 [06:45<18:04,  4.54it/s, F=6, P=0, R=0, loss=1.3824]Training:  18%|█▊        | 1080/6000 [06:46<18:04,  4.54it/s, F=6, P=0, R=0, loss=1.3585]Training:  18%|█▊        | 1081/6000 [06:46<17:33,  4.67it/s, F=6, P=0, R=0, loss=1.3585]Training:  18%|█▊        | 1082/6000 [06:46<18:02,  4.54it/s, F=6, P=0, R=0, loss=1.3585]Training:  18%|█▊        | 1083/6000 [06:46<17:55,  4.57it/s, F=6, P=0, R=0, loss=1.3585]Training:  18%|█▊        | 1084/6000 [06:46<17:39,  4.64it/s, F=6, P=0, R=0, loss=1.3585]Training:  18%|█▊        | 1085/6000 [06:47<17:47,  4.60it/s, F=6, P=0, R=0, loss=1.3585]Training:  18%|█▊        | 1086/6000 [06:47<18:09,  4.51it/s, F=6, P=0, R=0, loss=1.3585]Training:  18%|█▊        | 1087/6000 [06:47<18:02,  4.54it/s, F=6, P=0, R=0, loss=1.3585]Training:  18%|█▊        | 1088/6000 [06:47<17:52,  4.58it/s, F=6, P=0, R=0, loss=1.3585]Training:  18%|█▊        | 1089/6000 [06:47<18:51,  4.34it/s, F=6, P=0, R=0, loss=1.3585]Training:  18%|█▊        | 1090/6000 [06:48<18:16,  4.48it/s, F=6, P=0, R=0, loss=1.3585]Training:  18%|█▊        | 1091/6000 [06:48<17:46,  4.60it/s, F=6, P=0, R=0, loss=1.3585]Training:  18%|█▊        | 1092/6000 [06:48<17:36,  4.64it/s, F=6, P=0, R=0, loss=1.3585]Training:  18%|█▊        | 1093/6000 [06:48<17:55,  4.56it/s, F=6, P=0, R=0, loss=1.3585]Training:  18%|█▊        | 1094/6000 [06:49<18:14,  4.48it/s, F=6, P=0, R=0, loss=1.3585]Training:  18%|█▊        | 1095/6000 [06:49<18:02,  4.53it/s, F=6, P=0, R=0, loss=1.3585]Training:  18%|█▊        | 1096/6000 [06:49<17:51,  4.58it/s, F=6, P=0, R=0, loss=1.3585]Training:  18%|█▊        | 1097/6000 [06:49<17:40,  4.63it/s, F=6, P=0, R=0, loss=1.3585]Training:  18%|█▊        | 1098/6000 [06:49<18:24,  4.44it/s, F=6, P=0, R=0, loss=1.3585]Training:  18%|█▊        | 1099/6000 [06:50<18:44,  4.36it/s, F=6, P=0, R=0, loss=1.3585]Training:  18%|█▊        | 1100/6000 [06:50<18:07,  4.50it/s, F=6, P=0, R=0, loss=1.3585]Training:  18%|█▊        | 1100/6000 [06:50<18:07,  4.50it/s, F=6, P=0, R=0, loss=1.4491]Training:  18%|█▊        | 1101/6000 [06:50<18:20,  4.45it/s, F=6, P=0, R=0, loss=1.4491]Training:  18%|█▊        | 1102/6000 [06:50<18:07,  4.50it/s, F=6, P=0, R=0, loss=1.4491]Training:  18%|█▊        | 1103/6000 [06:51<17:53,  4.56it/s, F=6, P=0, R=0, loss=1.4491]Training:  18%|█▊        | 1104/6000 [06:51<18:32,  4.40it/s, F=6, P=0, R=0, loss=1.4491]Training:  18%|█▊        | 1105/6000 [06:51<17:59,  4.53it/s, F=6, P=0, R=0, loss=1.4491]Training:  18%|█▊        | 1106/6000 [06:51<17:45,  4.59it/s, F=6, P=0, R=0, loss=1.4491]Training:  18%|█▊        | 1107/6000 [06:51<17:32,  4.65it/s, F=6, P=0, R=0, loss=1.4491]Training:  18%|█▊        | 1108/6000 [06:52<18:01,  4.52it/s, F=6, P=0, R=0, loss=1.4491]Training:  18%|█▊        | 1109/6000 [06:52<17:45,  4.59it/s, F=6, P=0, R=0, loss=1.4491]Training:  18%|█▊        | 1110/6000 [06:52<17:32,  4.64it/s, F=6, P=0, R=0, loss=1.4491]Training:  19%|█▊        | 1111/6000 [06:52<17:25,  4.68it/s, F=6, P=0, R=0, loss=1.4491]Training:  19%|█▊        | 1112/6000 [06:52<17:46,  4.58it/s, F=6, P=0, R=0, loss=1.4491]Training:  19%|█▊        | 1113/6000 [06:53<17:36,  4.62it/s, F=6, P=0, R=0, loss=1.4491]Training:  19%|█▊        | 1114/6000 [06:53<17:34,  4.63it/s, F=6, P=0, R=0, loss=1.4491]Training:  19%|█▊        | 1115/6000 [06:53<18:15,  4.46it/s, F=6, P=0, R=0, loss=1.4491]Training:  19%|█▊        | 1116/6000 [06:53<18:08,  4.49it/s, F=6, P=0, R=0, loss=1.4491]Training:  19%|█▊        | 1117/6000 [06:54<17:54,  4.55it/s, F=6, P=0, R=0, loss=1.4491]Training:  19%|█▊        | 1118/6000 [06:54<18:21,  4.43it/s, F=6, P=0, R=0, loss=1.4491]Training:  19%|█▊        | 1119/6000 [06:54<18:06,  4.49it/s, F=6, P=0, R=0, loss=1.4491]Training:  19%|█▊        | 1120/6000 [06:54<17:56,  4.53it/s, F=6, P=0, R=0, loss=1.4491]Training:  19%|█▊        | 1120/6000 [06:54<17:56,  4.53it/s, F=6, P=0, R=0, loss=1.3342]Training:  19%|█▊        | 1121/6000 [06:54<17:35,  4.62it/s, F=6, P=0, R=0, loss=1.3342]Training:  19%|█▊        | 1122/6000 [06:55<17:19,  4.69it/s, F=6, P=0, R=0, loss=1.3342]Training:  19%|█▊        | 1123/6000 [06:55<17:38,  4.61it/s, F=6, P=0, R=0, loss=1.3342]Training:  19%|█▊        | 1124/6000 [06:55<17:34,  4.62it/s, F=6, P=0, R=0, loss=1.3342]Training:  19%|█▉        | 1125/6000 [06:55<17:30,  4.64it/s, F=6, P=0, R=0, loss=1.3342]Training:  19%|█▉        | 1126/6000 [06:56<18:03,  4.50it/s, F=6, P=0, R=0, loss=1.3342]Training:  19%|█▉        | 1127/6000 [06:56<18:00,  4.51it/s, F=6, P=0, R=0, loss=1.3342]Training:  19%|█▉        | 1128/6000 [06:56<17:31,  4.64it/s, F=6, P=0, R=0, loss=1.3342]Training:  19%|█▉        | 1129/6000 [06:56<17:17,  4.69it/s, F=6, P=0, R=0, loss=1.3342]Training:  19%|█▉        | 1130/6000 [06:56<17:51,  4.54it/s, F=6, P=0, R=0, loss=1.3342]Training:  19%|█▉        | 1131/6000 [06:57<17:24,  4.66it/s, F=6, P=0, R=0, loss=1.3342]Training:  19%|█▉        | 1132/6000 [06:57<17:24,  4.66it/s, F=6, P=0, R=0, loss=1.3342]Training:  19%|█▉        | 1133/6000 [06:57<17:12,  4.72it/s, F=6, P=0, R=0, loss=1.3342]Training:  19%|█▉        | 1134/6000 [06:57<17:43,  4.58it/s, F=6, P=0, R=0, loss=1.3342]Training:  19%|█▉        | 1135/6000 [06:58<17:48,  4.55it/s, F=6, P=0, R=0, loss=1.3342]Training:  19%|█▉        | 1136/6000 [06:58<17:36,  4.60it/s, F=6, P=0, R=0, loss=1.3342]Training:  19%|█▉        | 1137/6000 [06:58<18:15,  4.44it/s, F=6, P=0, R=0, loss=1.3342]Training:  19%|█▉        | 1138/6000 [06:58<17:36,  4.60it/s, F=6, P=0, R=0, loss=1.3342]Training:  19%|█▉        | 1139/6000 [06:58<17:11,  4.71it/s, F=6, P=0, R=0, loss=1.3342]Training:  19%|█▉        | 1140/6000 [06:59<17:30,  4.63it/s, F=6, P=0, R=0, loss=1.3342]Training:  19%|█▉        | 1140/6000 [06:59<17:30,  4.63it/s, F=6, P=0, R=0, loss=1.3664]Training:  19%|█▉        | 1141/6000 [06:59<17:36,  4.60it/s, F=6, P=0, R=0, loss=1.3664]Training:  19%|█▉        | 1142/6000 [06:59<17:14,  4.70it/s, F=6, P=0, R=0, loss=1.3664]Training:  19%|█▉        | 1143/6000 [06:59<17:14,  4.70it/s, F=6, P=0, R=0, loss=1.3664]Training:  19%|█▉        | 1144/6000 [06:59<17:23,  4.65it/s, F=6, P=0, R=0, loss=1.3664]Training:  19%|█▉        | 1145/6000 [07:00<17:18,  4.68it/s, F=6, P=0, R=0, loss=1.3664]Training:  19%|█▉        | 1146/6000 [07:00<17:17,  4.68it/s, F=6, P=0, R=0, loss=1.3664]Training:  19%|█▉        | 1147/6000 [07:00<17:17,  4.68it/s, F=6, P=0, R=0, loss=1.3664]Training:  19%|█▉        | 1148/6000 [07:00<17:49,  4.54it/s, F=6, P=0, R=0, loss=1.3664]Training:  19%|█▉        | 1149/6000 [07:01<17:29,  4.62it/s, F=6, P=0, R=0, loss=1.3664]Training:  19%|█▉        | 1150/6000 [07:01<17:15,  4.68it/s, F=6, P=0, R=0, loss=1.3664]Training:  19%|█▉        | 1151/6000 [07:01<16:57,  4.77it/s, F=6, P=0, R=0, loss=1.3664]Training:  19%|█▉        | 1152/6000 [07:01<17:39,  4.58it/s, F=6, P=0, R=0, loss=1.3664]Training:  19%|█▉        | 1153/6000 [07:01<17:15,  4.68it/s, F=6, P=0, R=0, loss=1.3664]Training:  19%|█▉        | 1154/6000 [07:02<17:29,  4.62it/s, F=6, P=0, R=0, loss=1.3664]Training:  19%|█▉        | 1155/6000 [07:02<17:43,  4.55it/s, F=6, P=0, R=0, loss=1.3664]Training:  19%|█▉        | 1156/6000 [07:02<17:42,  4.56it/s, F=6, P=0, R=0, loss=1.3664]Training:  19%|█▉        | 1157/6000 [07:02<17:14,  4.68it/s, F=6, P=0, R=0, loss=1.3664]Training:  19%|█▉        | 1158/6000 [07:02<17:09,  4.70it/s, F=6, P=0, R=0, loss=1.3664]Training:  19%|█▉        | 1159/6000 [07:03<17:28,  4.62it/s, F=6, P=0, R=0, loss=1.3664]Training:  19%|█▉        | 1160/6000 [07:03<17:07,  4.71it/s, F=6, P=0, R=0, loss=1.3664]Training:  19%|█▉        | 1160/6000 [07:03<17:07,  4.71it/s, F=6, P=0, R=0, loss=1.3426]Training:  19%|█▉        | 1161/6000 [07:03<16:46,  4.81it/s, F=6, P=0, R=0, loss=1.3426]Training:  19%|█▉        | 1162/6000 [07:03<16:54,  4.77it/s, F=6, P=0, R=0, loss=1.3426]Training:  19%|█▉        | 1163/6000 [07:04<17:31,  4.60it/s, F=6, P=0, R=0, loss=1.3426]Training:  19%|█▉        | 1164/6000 [07:04<17:15,  4.67it/s, F=6, P=0, R=0, loss=1.3426]Training:  19%|█▉        | 1165/6000 [07:04<17:02,  4.73it/s, F=6, P=0, R=0, loss=1.3426]Training:  19%|█▉        | 1166/6000 [07:04<17:14,  4.67it/s, F=6, P=0, R=0, loss=1.3426]Training:  19%|█▉        | 1167/6000 [07:04<17:41,  4.55it/s, F=6, P=0, R=0, loss=1.3426]Training:  19%|█▉        | 1168/6000 [07:05<17:32,  4.59it/s, F=6, P=0, R=0, loss=1.3426]Training:  19%|█▉        | 1169/6000 [07:05<17:22,  4.64it/s, F=6, P=0, R=0, loss=1.3426]Training:  20%|█▉        | 1170/6000 [07:05<17:30,  4.60it/s, F=6, P=0, R=0, loss=1.3426]Training:  20%|█▉        | 1171/6000 [07:05<17:07,  4.70it/s, F=6, P=0, R=0, loss=1.3426]Training:  20%|█▉        | 1172/6000 [07:05<17:06,  4.70it/s, F=6, P=0, R=0, loss=1.3426]Training:  20%|█▉        | 1173/6000 [07:06<17:05,  4.71it/s, F=6, P=0, R=0, loss=1.3426]Training:  20%|█▉        | 1174/6000 [07:06<17:31,  4.59it/s, F=6, P=0, R=0, loss=1.3426]Training:  20%|█▉        | 1175/6000 [07:06<17:19,  4.64it/s, F=6, P=0, R=0, loss=1.3426]Training:  20%|█▉        | 1176/6000 [07:06<17:14,  4.67it/s, F=6, P=0, R=0, loss=1.3426]Training:  20%|█▉        | 1177/6000 [07:07<17:08,  4.69it/s, F=6, P=0, R=0, loss=1.3426]Training:  20%|█▉        | 1178/6000 [07:07<17:36,  4.57it/s, F=6, P=0, R=0, loss=1.3426]Training:  20%|█▉        | 1179/6000 [07:07<17:35,  4.57it/s, F=6, P=0, R=0, loss=1.3426]Training:  20%|█▉        | 1180/6000 [07:07<17:06,  4.70it/s, F=6, P=0, R=0, loss=1.3426]Training:  20%|█▉        | 1180/6000 [07:07<17:06,  4.70it/s, F=6, P=0, R=0, loss=1.4307]Training:  20%|█▉        | 1181/6000 [07:07<17:11,  4.67it/s, F=6, P=0, R=0, loss=1.4307]Training:  20%|█▉        | 1182/6000 [07:08<17:22,  4.62it/s, F=6, P=0, R=0, loss=1.4307]Training:  20%|█▉        | 1183/6000 [07:08<17:17,  4.64it/s, F=6, P=0, R=0, loss=1.4307]Training:  20%|█▉        | 1184/6000 [07:08<18:06,  4.43it/s, F=6, P=0, R=0, loss=1.4307]Training:  20%|█▉        | 1185/6000 [07:08<17:56,  4.47it/s, F=6, P=0, R=0, loss=1.4307]Training:  20%|█▉        | 1186/6000 [07:09<17:37,  4.55it/s, F=6, P=0, R=0, loss=1.4307]Training:  20%|█▉        | 1187/6000 [07:09<17:24,  4.61it/s, F=6, P=0, R=0, loss=1.4307]Training:  20%|█▉        | 1188/6000 [07:09<17:29,  4.58it/s, F=6, P=0, R=0, loss=1.4307]Training:  20%|█▉        | 1189/6000 [07:09<17:15,  4.64it/s, F=6, P=0, R=0, loss=1.4307]Training:  20%|█▉        | 1190/6000 [07:09<17:34,  4.56it/s, F=6, P=0, R=0, loss=1.4307]Training:  20%|█▉        | 1191/6000 [07:10<17:50,  4.49it/s, F=6, P=0, R=0, loss=1.4307]Training:  20%|█▉        | 1192/6000 [07:10<17:36,  4.55it/s, F=6, P=0, R=0, loss=1.4307]Training:  20%|█▉        | 1193/6000 [07:10<17:25,  4.60it/s, F=6, P=0, R=0, loss=1.4307]Training:  20%|█▉        | 1194/6000 [07:10<17:51,  4.49it/s, F=6, P=0, R=0, loss=1.4307]Training:  20%|█▉        | 1195/6000 [07:10<17:23,  4.60it/s, F=6, P=0, R=0, loss=1.4307]Training:  20%|█▉        | 1196/6000 [07:11<17:20,  4.62it/s, F=6, P=0, R=0, loss=1.4307]Training:  20%|█▉        | 1197/6000 [07:11<17:46,  4.50it/s, F=6, P=0, R=0, loss=1.4307]Training:  20%|█▉        | 1198/6000 [07:11<17:42,  4.52it/s, F=6, P=0, R=0, loss=1.4307]Training:  20%|█▉        | 1199/6000 [07:11<17:10,  4.66it/s, F=6, P=0, R=0, loss=1.4307]Training:  20%|██        | 1200/6000 [07:12<17:28,  4.58it/s, F=6, P=0, R=0, loss=1.4307]Training:  20%|██        | 1200/6000 [07:12<17:28,  4.58it/s, F=6, P=0, R=0, loss=1.3192]Training:  20%|██        | 1201/6000 [07:12<17:13,  4.64it/s, F=6, P=0, R=0, loss=1.3192]Training:  20%|██        | 1202/6000 [07:12<17:00,  4.70it/s, F=6, P=0, R=0, loss=1.3192]Training:  20%|██        | 1203/6000 [07:12<17:29,  4.57it/s, F=6, P=0, R=0, loss=1.3192]Training:  20%|██        | 1204/6000 [07:12<17:25,  4.59it/s, F=6, P=0, R=0, loss=1.3192]Training:  20%|██        | 1205/6000 [07:13<17:41,  4.52it/s, F=6, P=0, R=0, loss=1.3192]Training:  20%|██        | 1206/6000 [07:13<17:38,  4.53it/s, F=6, P=0, R=0, loss=1.3192]Training:  20%|██        | 1207/6000 [07:13<17:37,  4.53it/s, F=6, P=0, R=0, loss=1.3192]Training:  20%|██        | 1208/6000 [07:13<17:40,  4.52it/s, F=6, P=0, R=0, loss=1.3192]Training:  20%|██        | 1209/6000 [07:14<17:24,  4.59it/s, F=6, P=0, R=0, loss=1.3192]Training:  20%|██        | 1210/6000 [07:14<18:10,  4.39it/s, F=6, P=0, R=0, loss=1.3192]Training:  20%|██        | 1211/6000 [07:14<18:03,  4.42it/s, F=6, P=0, R=0, loss=1.3192]Training:  20%|██        | 1212/6000 [07:14<18:24,  4.34it/s, F=6, P=0, R=0, loss=1.3192]Training:  20%|██        | 1213/6000 [07:14<18:15,  4.37it/s, F=6, P=0, R=0, loss=1.3192]Training:  20%|██        | 1214/6000 [07:15<17:57,  4.44it/s, F=6, P=0, R=0, loss=1.3192]Training:  20%|██        | 1215/6000 [07:15<18:14,  4.37it/s, F=6, P=0, R=0, loss=1.3192]Training:  20%|██        | 1216/6000 [07:15<17:45,  4.49it/s, F=6, P=0, R=0, loss=1.3192]Training:  20%|██        | 1217/6000 [07:15<17:37,  4.52it/s, F=6, P=0, R=0, loss=1.3192]Training:  20%|██        | 1218/6000 [07:16<17:22,  4.59it/s, F=6, P=0, R=0, loss=1.3192]Training:  20%|██        | 1219/6000 [07:16<16:53,  4.72it/s, F=6, P=0, R=0, loss=1.3192]Training:  20%|██        | 1220/6000 [07:16<17:09,  4.64it/s, F=6, P=0, R=0, loss=1.3192]Training:  20%|██        | 1220/6000 [07:16<17:09,  4.64it/s, F=6, P=0, R=0, loss=1.3519]Training:  20%|██        | 1221/6000 [07:16<16:58,  4.69it/s, F=6, P=0, R=0, loss=1.3519]Training:  20%|██        | 1222/6000 [07:16<16:44,  4.76it/s, F=6, P=0, R=0, loss=1.3519]Training:  20%|██        | 1223/6000 [07:17<17:14,  4.62it/s, F=6, P=0, R=0, loss=1.3519]Training:  20%|██        | 1224/6000 [07:17<17:15,  4.61it/s, F=6, P=0, R=0, loss=1.3519]Training:  20%|██        | 1225/6000 [07:17<17:07,  4.65it/s, F=6, P=0, R=0, loss=1.3519]Training:  20%|██        | 1226/6000 [07:17<17:29,  4.55it/s, F=6, P=0, R=0, loss=1.3519]Training:  20%|██        | 1227/6000 [07:18<17:22,  4.58it/s, F=6, P=0, R=0, loss=1.3519]Training:  20%|██        | 1228/6000 [07:18<17:13,  4.62it/s, F=6, P=0, R=0, loss=1.3519]Training:  20%|██        | 1229/6000 [07:18<17:23,  4.57it/s, F=6, P=0, R=0, loss=1.3519]Training:  20%|██        | 1230/6000 [07:18<16:56,  4.69it/s, F=6, P=0, R=0, loss=1.3519]Training:  21%|██        | 1231/6000 [07:18<16:45,  4.74it/s, F=6, P=0, R=0, loss=1.3519]Training:  21%|██        | 1232/6000 [07:19<17:25,  4.56it/s, F=6, P=0, R=0, loss=1.3519]Training:  21%|██        | 1233/6000 [07:19<17:05,  4.65it/s, F=6, P=0, R=0, loss=1.3519]Training:  21%|██        | 1234/6000 [07:19<17:20,  4.58it/s, F=6, P=0, R=0, loss=1.3519]Training:  21%|██        | 1235/6000 [07:19<17:45,  4.47it/s, F=6, P=0, R=0, loss=1.3519]Training:  21%|██        | 1236/6000 [07:19<17:34,  4.52it/s, F=6, P=0, R=0, loss=1.3519]Training:  21%|██        | 1237/6000 [07:20<17:07,  4.63it/s, F=6, P=0, R=0, loss=1.3519]Training:  21%|██        | 1238/6000 [07:20<17:33,  4.52it/s, F=6, P=0, R=0, loss=1.3519]Training:  21%|██        | 1239/6000 [07:20<17:08,  4.63it/s, F=6, P=0, R=0, loss=1.3519]Training:  21%|██        | 1240/6000 [07:20<17:22,  4.57it/s, F=6, P=0, R=0, loss=1.3519]Training:  21%|██        | 1240/6000 [07:21<17:22,  4.57it/s, F=6, P=0, R=0, loss=1.3282]Training:  21%|██        | 1241/6000 [07:21<17:35,  4.51it/s, F=6, P=0, R=0, loss=1.3282]Training:  21%|██        | 1242/6000 [07:21<18:25,  4.30it/s, F=6, P=0, R=0, loss=1.3282]Training:  21%|██        | 1243/6000 [07:21<18:22,  4.32it/s, F=6, P=0, R=0, loss=1.3282]Training:  21%|██        | 1244/6000 [07:21<17:44,  4.47it/s, F=6, P=0, R=0, loss=1.3282]Training:  21%|██        | 1245/6000 [07:21<17:20,  4.57it/s, F=6, P=0, R=0, loss=1.3282]Training:  21%|██        | 1246/6000 [07:22<17:46,  4.46it/s, F=6, P=0, R=0, loss=1.3282]Training:  21%|██        | 1247/6000 [07:22<17:30,  4.52it/s, F=6, P=0, R=0, loss=1.3282]Training:  21%|██        | 1248/6000 [07:22<17:16,  4.58it/s, F=6, P=0, R=0, loss=1.3282]Training:  21%|██        | 1249/6000 [07:22<17:38,  4.49it/s, F=6, P=0, R=0, loss=1.3282]Training:  21%|██        | 1250/6000 [07:23<17:15,  4.59it/s, F=6, P=0, R=0, loss=1.3282]Training:  21%|██        | 1251/6000 [07:24<51:22,  1.54it/s, val_loss=1.484]            Training:  21%|██        | 1252/6000 [07:24<41:41,  1.90it/s, val_loss=1.484]Training:  21%|██        | 1253/6000 [07:25<34:16,  2.31it/s, val_loss=1.484]Training:  21%|██        | 1254/6000 [07:25<29:02,  2.72it/s, val_loss=1.484]Training:  21%|██        | 1255/6000 [07:25<25:56,  3.05it/s, val_loss=1.484]Training:  21%|██        | 1256/6000 [07:25<23:14,  3.40it/s, val_loss=1.484]Training:  21%|██        | 1257/6000 [07:26<21:18,  3.71it/s, val_loss=1.484]Training:  21%|██        | 1258/6000 [07:26<20:33,  3.84it/s, val_loss=1.484]Training:  21%|██        | 1259/6000 [07:26<19:35,  4.03it/s, val_loss=1.484]Training:  21%|██        | 1260/6000 [07:26<18:30,  4.27it/s, val_loss=1.484]Training:  21%|██        | 1260/6000 [07:26<18:30,  4.27it/s, F=6, P=0, R=0, loss=1.4140]Training:  21%|██        | 1261/6000 [07:26<18:38,  4.24it/s, F=6, P=0, R=0, loss=1.4140]Training:  21%|██        | 1262/6000 [07:27<18:08,  4.35it/s, F=6, P=0, R=0, loss=1.4140]Training:  21%|██        | 1263/6000 [07:27<17:42,  4.46it/s, F=6, P=0, R=0, loss=1.4140]Training:  21%|██        | 1264/6000 [07:27<18:14,  4.33it/s, F=6, P=0, R=0, loss=1.4140]Training:  21%|██        | 1265/6000 [07:27<17:45,  4.44it/s, F=6, P=0, R=0, loss=1.4140]Training:  21%|██        | 1266/6000 [07:28<17:23,  4.54it/s, F=6, P=0, R=0, loss=1.4140]Training:  21%|██        | 1267/6000 [07:28<17:38,  4.47it/s, F=6, P=0, R=0, loss=1.4140]Training:  21%|██        | 1268/6000 [07:28<17:21,  4.54it/s, F=6, P=0, R=0, loss=1.4140]Training:  21%|██        | 1269/6000 [07:28<17:04,  4.62it/s, F=6, P=0, R=0, loss=1.4140]Training:  21%|██        | 1270/6000 [07:28<17:35,  4.48it/s, F=6, P=0, R=0, loss=1.4140]Training:  21%|██        | 1271/6000 [07:29<17:15,  4.57it/s, F=6, P=0, R=0, loss=1.4140]Training:  21%|██        | 1272/6000 [07:29<17:05,  4.61it/s, F=6, P=0, R=0, loss=1.4140]Training:  21%|██        | 1273/6000 [07:29<17:30,  4.50it/s, F=6, P=0, R=0, loss=1.4140]Training:  21%|██        | 1274/6000 [07:29<17:25,  4.52it/s, F=6, P=0, R=0, loss=1.4140]Training:  21%|██▏       | 1275/6000 [07:30<17:05,  4.61it/s, F=6, P=0, R=0, loss=1.4140]Training:  21%|██▏       | 1276/6000 [07:30<17:33,  4.48it/s, F=6, P=0, R=0, loss=1.4140]Training:  21%|██▏       | 1277/6000 [07:30<17:17,  4.55it/s, F=6, P=0, R=0, loss=1.4140]Training:  21%|██▏       | 1278/6000 [07:30<17:16,  4.55it/s, F=6, P=0, R=0, loss=1.4140]Training:  21%|██▏       | 1279/6000 [07:30<17:17,  4.55it/s, F=6, P=0, R=0, loss=1.4140]Training:  21%|██▏       | 1280/6000 [07:31<17:02,  4.62it/s, F=6, P=0, R=0, loss=1.4140]Training:  21%|██▏       | 1280/6000 [07:31<17:02,  4.62it/s, F=6, P=0, R=0, loss=1.3083]Training:  21%|██▏       | 1281/6000 [07:31<16:45,  4.69it/s, F=6, P=0, R=0, loss=1.3083]Training:  21%|██▏       | 1282/6000 [07:31<16:35,  4.74it/s, F=6, P=0, R=0, loss=1.3083]Training:  21%|██▏       | 1283/6000 [07:31<16:56,  4.64it/s, F=6, P=0, R=0, loss=1.3083]Training:  21%|██▏       | 1284/6000 [07:31<16:56,  4.64it/s, F=6, P=0, R=0, loss=1.3083]Training:  21%|██▏       | 1285/6000 [07:32<16:32,  4.75it/s, F=6, P=0, R=0, loss=1.3083]Training:  21%|██▏       | 1286/6000 [07:32<16:59,  4.63it/s, F=6, P=0, R=0, loss=1.3083]Training:  21%|██▏       | 1287/6000 [07:32<17:00,  4.62it/s, F=6, P=0, R=0, loss=1.3083]Training:  21%|██▏       | 1288/6000 [07:32<16:42,  4.70it/s, F=6, P=0, R=0, loss=1.3083]Training:  21%|██▏       | 1289/6000 [07:33<16:59,  4.62it/s, F=6, P=0, R=0, loss=1.3083]Training:  22%|██▏       | 1290/6000 [07:33<17:19,  4.53it/s, F=6, P=0, R=0, loss=1.3083]Training:  22%|██▏       | 1291/6000 [07:33<16:55,  4.64it/s, F=6, P=0, R=0, loss=1.3083]Training:  22%|██▏       | 1292/6000 [07:33<16:55,  4.64it/s, F=6, P=0, R=0, loss=1.3083]Training:  22%|██▏       | 1293/6000 [07:33<17:11,  4.56it/s, F=6, P=0, R=0, loss=1.3083]Training:  22%|██▏       | 1294/6000 [07:34<17:08,  4.57it/s, F=6, P=0, R=0, loss=1.3083]Training:  22%|██▏       | 1295/6000 [07:34<16:45,  4.68it/s, F=6, P=0, R=0, loss=1.3083]Training:  22%|██▏       | 1296/6000 [07:34<17:37,  4.45it/s, F=6, P=0, R=0, loss=1.3083]Training:  22%|██▏       | 1297/6000 [07:34<17:55,  4.37it/s, F=6, P=0, R=0, loss=1.3083]Training:  22%|██▏       | 1298/6000 [07:35<17:40,  4.43it/s, F=6, P=0, R=0, loss=1.3083]Training:  22%|██▏       | 1299/6000 [07:35<17:35,  4.45it/s, F=6, P=0, R=0, loss=1.3083]Training:  22%|██▏       | 1300/6000 [07:35<17:07,  4.57it/s, F=6, P=0, R=0, loss=1.3083]Training:  22%|██▏       | 1300/6000 [07:35<17:07,  4.57it/s, F=6, P=0, R=0, loss=1.3394]Training:  22%|██▏       | 1301/6000 [07:35<16:53,  4.64it/s, F=6, P=0, R=0, loss=1.3394]Training:  22%|██▏       | 1302/6000 [07:35<17:07,  4.57it/s, F=6, P=0, R=0, loss=1.3394]Training:  22%|██▏       | 1303/6000 [07:36<17:03,  4.59it/s, F=6, P=0, R=0, loss=1.3394]Training:  22%|██▏       | 1304/6000 [07:36<17:03,  4.59it/s, F=6, P=0, R=0, loss=1.3394]Training:  22%|██▏       | 1305/6000 [07:36<17:14,  4.54it/s, F=6, P=0, R=0, loss=1.3394]Training:  22%|██▏       | 1306/6000 [07:36<17:09,  4.56it/s, F=6, P=0, R=0, loss=1.3394]Training:  22%|██▏       | 1307/6000 [07:37<17:01,  4.59it/s, F=6, P=0, R=0, loss=1.3394]Training:  22%|██▏       | 1308/6000 [07:37<17:29,  4.47it/s, F=6, P=0, R=0, loss=1.3394]Training:  22%|██▏       | 1309/6000 [07:37<17:06,  4.57it/s, F=6, P=0, R=0, loss=1.3394]Training:  22%|██▏       | 1310/6000 [07:37<17:01,  4.59it/s, F=6, P=0, R=0, loss=1.3394]Training:  22%|██▏       | 1311/6000 [07:37<17:15,  4.53it/s, F=6, P=0, R=0, loss=1.3394]Training:  22%|██▏       | 1312/6000 [07:38<17:17,  4.52it/s, F=6, P=0, R=0, loss=1.3394]Training:  22%|██▏       | 1313/6000 [07:38<16:49,  4.64it/s, F=6, P=0, R=0, loss=1.3394]Training:  22%|██▏       | 1314/6000 [07:38<17:31,  4.46it/s, F=6, P=0, R=0, loss=1.3394]Training:  22%|██▏       | 1315/6000 [07:38<17:38,  4.43it/s, F=6, P=0, R=0, loss=1.3394]Training:  22%|██▏       | 1316/6000 [07:39<17:27,  4.47it/s, F=6, P=0, R=0, loss=1.3394]Training:  22%|██▏       | 1317/6000 [07:39<16:55,  4.61it/s, F=6, P=0, R=0, loss=1.3394]Training:  22%|██▏       | 1318/6000 [07:39<17:16,  4.52it/s, F=6, P=0, R=0, loss=1.3394]Training:  22%|██▏       | 1319/6000 [07:39<16:53,  4.62it/s, F=6, P=0, R=0, loss=1.3394]Training:  22%|██▏       | 1320/6000 [07:39<16:55,  4.61it/s, F=6, P=0, R=0, loss=1.3394]Training:  22%|██▏       | 1320/6000 [07:40<16:55,  4.61it/s, F=6, P=0, R=0, loss=1.3143]Training:  22%|██▏       | 1321/6000 [07:40<17:00,  4.58it/s, F=6, P=0, R=0, loss=1.3143]Training:  22%|██▏       | 1322/6000 [07:40<16:58,  4.59it/s, F=6, P=0, R=0, loss=1.3143]Training:  22%|██▏       | 1323/6000 [07:40<16:55,  4.60it/s, F=6, P=0, R=0, loss=1.3143]Training:  22%|██▏       | 1324/6000 [07:40<17:02,  4.57it/s, F=6, P=0, R=0, loss=1.3143]Training:  22%|██▏       | 1325/6000 [07:40<17:09,  4.54it/s, F=6, P=0, R=0, loss=1.3143]Training:  22%|██▏       | 1326/6000 [07:41<17:07,  4.55it/s, F=6, P=0, R=0, loss=1.3143]Training:  22%|██▏       | 1327/6000 [07:41<17:24,  4.47it/s, F=6, P=0, R=0, loss=1.3143]Training:  22%|██▏       | 1328/6000 [07:41<17:09,  4.54it/s, F=6, P=0, R=0, loss=1.3143]Training:  22%|██▏       | 1329/6000 [07:41<16:55,  4.60it/s, F=6, P=0, R=0, loss=1.3143]Training:  22%|██▏       | 1330/6000 [07:42<17:16,  4.51it/s, F=6, P=0, R=0, loss=1.3143]Training:  22%|██▏       | 1331/6000 [07:42<17:03,  4.56it/s, F=6, P=0, R=0, loss=1.3143]Training:  22%|██▏       | 1332/6000 [07:42<16:56,  4.59it/s, F=6, P=0, R=0, loss=1.3143]Training:  22%|██▏       | 1333/6000 [07:42<17:15,  4.51it/s, F=6, P=0, R=0, loss=1.3143]Training:  22%|██▏       | 1334/6000 [07:42<17:04,  4.55it/s, F=6, P=0, R=0, loss=1.3143]Training:  22%|██▏       | 1335/6000 [07:43<16:51,  4.61it/s, F=6, P=0, R=0, loss=1.3143]Training:  22%|██▏       | 1336/6000 [07:43<17:16,  4.50it/s, F=6, P=0, R=0, loss=1.3143]Training:  22%|██▏       | 1337/6000 [07:43<17:04,  4.55it/s, F=6, P=0, R=0, loss=1.3143]Training:  22%|██▏       | 1338/6000 [07:43<16:57,  4.58it/s, F=6, P=0, R=0, loss=1.3143]Training:  22%|██▏       | 1339/6000 [07:44<17:35,  4.42it/s, F=6, P=0, R=0, loss=1.3143]Training:  22%|██▏       | 1340/6000 [07:44<17:19,  4.48it/s, F=6, P=0, R=0, loss=1.3143]Training:  22%|██▏       | 1340/6000 [07:44<17:19,  4.48it/s, F=6, P=0, R=0, loss=1.3959]Training:  22%|██▏       | 1341/6000 [07:44<17:11,  4.52it/s, F=6, P=0, R=0, loss=1.3959]Training:  22%|██▏       | 1342/6000 [07:44<17:03,  4.55it/s, F=6, P=0, R=0, loss=1.3959]Training:  22%|██▏       | 1343/6000 [07:44<17:08,  4.53it/s, F=6, P=0, R=0, loss=1.3959]Training:  22%|██▏       | 1344/6000 [07:45<17:12,  4.51it/s, F=6, P=0, R=0, loss=1.3959]Training:  22%|██▏       | 1345/6000 [07:45<16:47,  4.62it/s, F=6, P=0, R=0, loss=1.3959]Training:  22%|██▏       | 1346/6000 [07:45<17:08,  4.53it/s, F=6, P=0, R=0, loss=1.3959]Training:  22%|██▏       | 1347/6000 [07:45<16:51,  4.60it/s, F=6, P=0, R=0, loss=1.3959]Training:  22%|██▏       | 1348/6000 [07:46<16:44,  4.63it/s, F=6, P=0, R=0, loss=1.3959]Training:  22%|██▏       | 1349/6000 [07:46<17:05,  4.54it/s, F=6, P=0, R=0, loss=1.3959]Training:  22%|██▎       | 1350/6000 [07:46<16:50,  4.60it/s, F=6, P=0, R=0, loss=1.3959]Training:  23%|██▎       | 1351/6000 [07:46<16:42,  4.64it/s, F=6, P=0, R=0, loss=1.3959]Training:  23%|██▎       | 1352/6000 [07:46<16:37,  4.66it/s, F=6, P=0, R=0, loss=1.3959]Training:  23%|██▎       | 1353/6000 [07:47<16:56,  4.57it/s, F=6, P=0, R=0, loss=1.3959]Training:  23%|██▎       | 1354/6000 [07:47<16:56,  4.57it/s, F=6, P=0, R=0, loss=1.3959]Training:  23%|██▎       | 1355/6000 [07:47<16:56,  4.57it/s, F=6, P=0, R=0, loss=1.3959]Training:  23%|██▎       | 1356/6000 [07:47<17:30,  4.42it/s, F=6, P=0, R=0, loss=1.3959]Training:  23%|██▎       | 1357/6000 [07:48<17:16,  4.48it/s, F=6, P=0, R=0, loss=1.3959]Training:  23%|██▎       | 1358/6000 [07:48<17:10,  4.50it/s, F=6, P=0, R=0, loss=1.3959]Training:  23%|██▎       | 1359/6000 [07:48<17:14,  4.48it/s, F=6, P=0, R=0, loss=1.3959]Training:  23%|██▎       | 1360/6000 [07:48<17:18,  4.47it/s, F=6, P=0, R=0, loss=1.3959]Training:  23%|██▎       | 1360/6000 [07:48<17:18,  4.47it/s, F=6, P=0, R=0, loss=1.2978]Training:  23%|██▎       | 1361/6000 [07:48<16:57,  4.56it/s, F=6, P=0, R=0, loss=1.2978]Training:  23%|██▎       | 1362/6000 [07:49<17:05,  4.52it/s, F=6, P=0, R=0, loss=1.2978]Training:  23%|██▎       | 1363/6000 [07:49<16:55,  4.57it/s, F=6, P=0, R=0, loss=1.2978]Training:  23%|██▎       | 1364/6000 [07:49<16:49,  4.59it/s, F=6, P=0, R=0, loss=1.2978]Training:  23%|██▎       | 1365/6000 [07:49<16:56,  4.56it/s, F=6, P=0, R=0, loss=1.2978]Training:  23%|██▎       | 1366/6000 [07:49<16:55,  4.56it/s, F=6, P=0, R=0, loss=1.2978]Training:  23%|██▎       | 1367/6000 [07:50<17:00,  4.54it/s, F=6, P=0, R=0, loss=1.2978]Training:  23%|██▎       | 1368/6000 [07:50<17:10,  4.50it/s, F=6, P=0, R=0, loss=1.2978]Training:  23%|██▎       | 1369/6000 [07:50<16:53,  4.57it/s, F=6, P=0, R=0, loss=1.2978]Training:  23%|██▎       | 1370/6000 [07:50<17:24,  4.43it/s, F=6, P=0, R=0, loss=1.2978]Training:  23%|██▎       | 1371/6000 [07:51<16:51,  4.57it/s, F=6, P=0, R=0, loss=1.2978]Training:  23%|██▎       | 1372/6000 [07:51<16:46,  4.60it/s, F=6, P=0, R=0, loss=1.2978]Training:  23%|██▎       | 1373/6000 [07:51<16:26,  4.69it/s, F=6, P=0, R=0, loss=1.2978]Training:  23%|██▎       | 1374/6000 [07:51<16:43,  4.61it/s, F=6, P=0, R=0, loss=1.2978]Training:  23%|██▎       | 1375/6000 [07:51<16:52,  4.57it/s, F=6, P=0, R=0, loss=1.2978]Training:  23%|██▎       | 1376/6000 [07:52<16:34,  4.65it/s, F=6, P=0, R=0, loss=1.2978]Training:  23%|██▎       | 1377/6000 [07:52<17:07,  4.50it/s, F=6, P=0, R=0, loss=1.2978]Training:  23%|██▎       | 1378/6000 [07:52<17:07,  4.50it/s, F=6, P=0, R=0, loss=1.2978]Training:  23%|██▎       | 1379/6000 [07:52<16:35,  4.64it/s, F=6, P=0, R=0, loss=1.2978]Training:  23%|██▎       | 1380/6000 [07:53<16:36,  4.64it/s, F=6, P=0, R=0, loss=1.2978]Training:  23%|██▎       | 1380/6000 [07:53<16:36,  4.64it/s, F=6, P=0, R=0, loss=1.3294]Training:  23%|██▎       | 1381/6000 [07:53<16:48,  4.58it/s, F=6, P=0, R=0, loss=1.3294]Training:  23%|██▎       | 1382/6000 [07:53<16:31,  4.66it/s, F=6, P=0, R=0, loss=1.3294]Training:  23%|██▎       | 1383/6000 [07:53<16:30,  4.66it/s, F=6, P=0, R=0, loss=1.3294]Training:  23%|██▎       | 1384/6000 [07:53<16:37,  4.63it/s, F=6, P=0, R=0, loss=1.3294]Training:  23%|██▎       | 1385/6000 [07:54<16:55,  4.54it/s, F=6, P=0, R=0, loss=1.3294]Training:  23%|██▎       | 1386/6000 [07:54<16:48,  4.58it/s, F=6, P=0, R=0, loss=1.3294]Training:  23%|██▎       | 1387/6000 [07:54<16:43,  4.60it/s, F=6, P=0, R=0, loss=1.3294]Training:  23%|██▎       | 1388/6000 [07:54<17:11,  4.47it/s, F=6, P=0, R=0, loss=1.3294]Training:  23%|██▎       | 1389/6000 [07:55<16:52,  4.56it/s, F=6, P=0, R=0, loss=1.3294]Training:  23%|██▎       | 1390/6000 [07:55<16:53,  4.55it/s, F=6, P=0, R=0, loss=1.3294]Training:  23%|██▎       | 1391/6000 [07:55<16:31,  4.65it/s, F=6, P=0, R=0, loss=1.3294]Training:  23%|██▎       | 1392/6000 [07:55<17:05,  4.49it/s, F=6, P=0, R=0, loss=1.3294]Training:  23%|██▎       | 1393/6000 [07:55<16:39,  4.61it/s, F=6, P=0, R=0, loss=1.3294]Training:  23%|██▎       | 1394/6000 [07:56<16:46,  4.58it/s, F=6, P=0, R=0, loss=1.3294]Training:  23%|██▎       | 1395/6000 [07:56<16:49,  4.56it/s, F=6, P=0, R=0, loss=1.3294]Training:  23%|██▎       | 1396/6000 [07:56<16:47,  4.57it/s, F=6, P=0, R=0, loss=1.3294]Training:  23%|██▎       | 1397/6000 [07:56<16:26,  4.67it/s, F=6, P=0, R=0, loss=1.3294]Training:  23%|██▎       | 1398/6000 [07:56<16:57,  4.53it/s, F=6, P=0, R=0, loss=1.3294]Training:  23%|██▎       | 1399/6000 [07:57<16:33,  4.63it/s, F=6, P=0, R=0, loss=1.3294]Training:  23%|██▎       | 1400/6000 [07:57<16:23,  4.68it/s, F=6, P=0, R=0, loss=1.3294]Training:  23%|██▎       | 1400/6000 [07:57<16:23,  4.68it/s, F=6, P=0, R=0, loss=1.3013]Training:  23%|██▎       | 1401/6000 [07:57<16:02,  4.78it/s, F=6, P=0, R=0, loss=1.3013]Training:  23%|██▎       | 1402/6000 [07:57<16:38,  4.60it/s, F=6, P=0, R=0, loss=1.3013]Training:  23%|██▎       | 1403/6000 [07:58<16:38,  4.61it/s, F=6, P=0, R=0, loss=1.3013]Training:  23%|██▎       | 1404/6000 [07:58<16:22,  4.68it/s, F=6, P=0, R=0, loss=1.3013]Training:  23%|██▎       | 1405/6000 [07:58<16:36,  4.61it/s, F=6, P=0, R=0, loss=1.3013]Training:  23%|██▎       | 1406/6000 [07:58<16:40,  4.59it/s, F=6, P=0, R=0, loss=1.3013]Training:  23%|██▎       | 1407/6000 [07:58<16:36,  4.61it/s, F=6, P=0, R=0, loss=1.3013]Training:  23%|██▎       | 1408/6000 [07:59<17:04,  4.48it/s, F=6, P=0, R=0, loss=1.3013]Training:  23%|██▎       | 1409/6000 [07:59<16:47,  4.56it/s, F=6, P=0, R=0, loss=1.3013]Training:  24%|██▎       | 1410/6000 [07:59<17:04,  4.48it/s, F=6, P=0, R=0, loss=1.3013]Training:  24%|██▎       | 1411/6000 [07:59<16:35,  4.61it/s, F=6, P=0, R=0, loss=1.3013]Training:  24%|██▎       | 1412/6000 [08:00<16:31,  4.63it/s, F=6, P=0, R=0, loss=1.3013]Training:  24%|██▎       | 1413/6000 [08:00<16:27,  4.64it/s, F=6, P=0, R=0, loss=1.3013]Training:  24%|██▎       | 1414/6000 [08:00<17:37,  4.34it/s, F=6, P=0, R=0, loss=1.3013]Training:  24%|██▎       | 1415/6000 [08:00<17:44,  4.31it/s, F=6, P=0, R=0, loss=1.3013]Training:  24%|██▎       | 1416/6000 [08:00<17:20,  4.41it/s, F=6, P=0, R=0, loss=1.3013]Training:  24%|██▎       | 1417/6000 [08:01<17:01,  4.49it/s, F=6, P=0, R=0, loss=1.3013]Training:  24%|██▎       | 1418/6000 [08:01<16:50,  4.54it/s, F=6, P=0, R=0, loss=1.3013]Training:  24%|██▎       | 1419/6000 [08:01<17:31,  4.36it/s, F=6, P=0, R=0, loss=1.3013]Training:  24%|██▎       | 1420/6000 [08:01<17:06,  4.46it/s, F=6, P=0, R=0, loss=1.3013]Training:  24%|██▎       | 1420/6000 [08:02<17:06,  4.46it/s, F=6, P=0, R=0, loss=1.3829]Training:  24%|██▎       | 1421/6000 [08:02<16:54,  4.51it/s, F=6, P=0, R=0, loss=1.3829]Training:  24%|██▎       | 1422/6000 [08:02<17:14,  4.42it/s, F=6, P=0, R=0, loss=1.3829]Training:  24%|██▎       | 1423/6000 [08:02<17:23,  4.39it/s, F=6, P=0, R=0, loss=1.3829]Training:  24%|██▎       | 1424/6000 [08:02<17:16,  4.42it/s, F=6, P=0, R=0, loss=1.3829]Training:  24%|██▍       | 1425/6000 [08:02<17:35,  4.33it/s, F=6, P=0, R=0, loss=1.3829]Training:  24%|██▍       | 1426/6000 [08:03<17:35,  4.33it/s, F=6, P=0, R=0, loss=1.3829]Training:  24%|██▍       | 1427/6000 [08:03<17:33,  4.34it/s, F=6, P=0, R=0, loss=1.3829]Training:  24%|██▍       | 1428/6000 [08:03<17:40,  4.31it/s, F=6, P=0, R=0, loss=1.3829]Training:  24%|██▍       | 1429/6000 [08:03<17:13,  4.42it/s, F=6, P=0, R=0, loss=1.3829]Training:  24%|██▍       | 1430/6000 [08:04<16:54,  4.50it/s, F=6, P=0, R=0, loss=1.3829]Training:  24%|██▍       | 1431/6000 [08:04<16:40,  4.57it/s, F=6, P=0, R=0, loss=1.3829]Training:  24%|██▍       | 1432/6000 [08:04<17:00,  4.48it/s, F=6, P=0, R=0, loss=1.3829]Training:  24%|██▍       | 1433/6000 [08:04<16:46,  4.54it/s, F=6, P=0, R=0, loss=1.3829]Training:  24%|██▍       | 1434/6000 [08:04<16:41,  4.56it/s, F=6, P=0, R=0, loss=1.3829]Training:  24%|██▍       | 1435/6000 [08:05<17:02,  4.47it/s, F=6, P=0, R=0, loss=1.3829]Training:  24%|██▍       | 1436/6000 [08:05<16:51,  4.51it/s, F=6, P=0, R=0, loss=1.3829]Training:  24%|██▍       | 1437/6000 [08:05<16:39,  4.57it/s, F=6, P=0, R=0, loss=1.3829]Training:  24%|██▍       | 1438/6000 [08:05<17:11,  4.42it/s, F=6, P=0, R=0, loss=1.3829]Training:  24%|██▍       | 1439/6000 [08:06<16:33,  4.59it/s, F=6, P=0, R=0, loss=1.3829]Training:  24%|██▍       | 1440/6000 [08:06<16:22,  4.64it/s, F=6, P=0, R=0, loss=1.3829]Training:  24%|██▍       | 1440/6000 [08:06<16:22,  4.64it/s, F=6, P=0, R=0, loss=1.2892]Training:  24%|██▍       | 1441/6000 [08:06<16:07,  4.71it/s, F=6, P=0, R=0, loss=1.2892]Training:  24%|██▍       | 1442/6000 [08:06<17:04,  4.45it/s, F=6, P=0, R=0, loss=1.2892]Training:  24%|██▍       | 1443/6000 [08:06<17:24,  4.36it/s, F=6, P=0, R=0, loss=1.2892]Training:  24%|██▍       | 1444/6000 [08:07<18:13,  4.16it/s, F=6, P=0, R=0, loss=1.2892]Training:  24%|██▍       | 1445/6000 [08:07<18:06,  4.19it/s, F=6, P=0, R=0, loss=1.2892]Training:  24%|██▍       | 1446/6000 [08:07<17:38,  4.30it/s, F=6, P=0, R=0, loss=1.2892]Training:  24%|██▍       | 1447/6000 [08:07<17:53,  4.24it/s, F=6, P=0, R=0, loss=1.2892]Training:  24%|██▍       | 1448/6000 [08:08<17:12,  4.41it/s, F=6, P=0, R=0, loss=1.2892]Training:  24%|██▍       | 1449/6000 [08:08<16:49,  4.51it/s, F=6, P=0, R=0, loss=1.2892]Training:  24%|██▍       | 1450/6000 [08:08<17:03,  4.45it/s, F=6, P=0, R=0, loss=1.2892]Training:  24%|██▍       | 1451/6000 [08:08<16:33,  4.58it/s, F=6, P=0, R=0, loss=1.2892]Training:  24%|██▍       | 1452/6000 [08:09<16:29,  4.59it/s, F=6, P=0, R=0, loss=1.2892]Training:  24%|██▍       | 1453/6000 [08:09<16:06,  4.70it/s, F=6, P=0, R=0, loss=1.2892]Training:  24%|██▍       | 1454/6000 [08:09<16:25,  4.61it/s, F=6, P=0, R=0, loss=1.2892]Training:  24%|██▍       | 1455/6000 [08:09<16:26,  4.61it/s, F=6, P=0, R=0, loss=1.2892]Training:  24%|██▍       | 1456/6000 [08:09<16:16,  4.66it/s, F=6, P=0, R=0, loss=1.2892]Training:  24%|██▍       | 1457/6000 [08:10<16:49,  4.50it/s, F=6, P=0, R=0, loss=1.2892]Training:  24%|██▍       | 1458/6000 [08:10<16:19,  4.64it/s, F=6, P=0, R=0, loss=1.2892]Training:  24%|██▍       | 1459/6000 [08:10<15:56,  4.75it/s, F=6, P=0, R=0, loss=1.2892]Training:  24%|██▍       | 1460/6000 [08:10<15:43,  4.81it/s, F=6, P=0, R=0, loss=1.2892]Training:  24%|██▍       | 1460/6000 [08:10<15:43,  4.81it/s, F=6, P=0, R=0, loss=1.3200]Training:  24%|██▍       | 1461/6000 [08:10<16:32,  4.57it/s, F=6, P=0, R=0, loss=1.3200]Training:  24%|██▍       | 1462/6000 [08:11<16:14,  4.66it/s, F=6, P=0, R=0, loss=1.3200]Training:  24%|██▍       | 1463/6000 [08:11<16:35,  4.56it/s, F=6, P=0, R=0, loss=1.3200]Training:  24%|██▍       | 1464/6000 [08:11<16:31,  4.57it/s, F=6, P=0, R=0, loss=1.3200]Training:  24%|██▍       | 1465/6000 [08:11<17:13,  4.39it/s, F=6, P=0, R=0, loss=1.3200]Training:  24%|██▍       | 1466/6000 [08:12<16:56,  4.46it/s, F=6, P=0, R=0, loss=1.3200]Training:  24%|██▍       | 1467/6000 [08:12<16:45,  4.51it/s, F=6, P=0, R=0, loss=1.3200]Training:  24%|██▍       | 1468/6000 [08:12<17:26,  4.33it/s, F=6, P=0, R=0, loss=1.3200]Training:  24%|██▍       | 1469/6000 [08:12<16:57,  4.45it/s, F=6, P=0, R=0, loss=1.3200]Training:  24%|██▍       | 1470/6000 [08:12<16:46,  4.50it/s, F=6, P=0, R=0, loss=1.3200]Training:  25%|██▍       | 1471/6000 [08:13<16:20,  4.62it/s, F=6, P=0, R=0, loss=1.3200]Training:  25%|██▍       | 1472/6000 [08:13<16:47,  4.49it/s, F=6, P=0, R=0, loss=1.3200]Training:  25%|██▍       | 1473/6000 [08:13<16:22,  4.61it/s, F=6, P=0, R=0, loss=1.3200]Training:  25%|██▍       | 1474/6000 [08:13<16:30,  4.57it/s, F=6, P=0, R=0, loss=1.3200]Training:  25%|██▍       | 1475/6000 [08:14<16:36,  4.54it/s, F=6, P=0, R=0, loss=1.3200]Training:  25%|██▍       | 1476/6000 [08:14<16:40,  4.52it/s, F=6, P=0, R=0, loss=1.3200]Training:  25%|██▍       | 1477/6000 [08:14<16:12,  4.65it/s, F=6, P=0, R=0, loss=1.3200]Training:  25%|██▍       | 1478/6000 [08:14<16:40,  4.52it/s, F=6, P=0, R=0, loss=1.3200]Training:  25%|██▍       | 1479/6000 [08:14<16:23,  4.60it/s, F=6, P=0, R=0, loss=1.3200]Training:  25%|██▍       | 1480/6000 [08:15<16:19,  4.61it/s, F=6, P=0, R=0, loss=1.3200]Training:  25%|██▍       | 1480/6000 [08:15<16:19,  4.61it/s, F=6, P=0, R=0, loss=1.2927]Training:  25%|██▍       | 1481/6000 [08:15<15:55,  4.73it/s, F=6, P=0, R=0, loss=1.2927]Training:  25%|██▍       | 1482/6000 [08:15<16:23,  4.59it/s, F=6, P=0, R=0, loss=1.2927]Training:  25%|██▍       | 1483/6000 [08:15<16:21,  4.60it/s, F=6, P=0, R=0, loss=1.2927]Training:  25%|██▍       | 1484/6000 [08:16<16:07,  4.67it/s, F=6, P=0, R=0, loss=1.2927]Training:  25%|██▍       | 1485/6000 [08:16<16:26,  4.58it/s, F=6, P=0, R=0, loss=1.2927]Training:  25%|██▍       | 1486/6000 [08:16<16:28,  4.57it/s, F=6, P=0, R=0, loss=1.2927]Training:  25%|██▍       | 1487/6000 [08:16<16:24,  4.58it/s, F=6, P=0, R=0, loss=1.2927]Training:  25%|██▍       | 1488/6000 [08:16<16:49,  4.47it/s, F=6, P=0, R=0, loss=1.2927]Training:  25%|██▍       | 1489/6000 [08:17<16:37,  4.52it/s, F=6, P=0, R=0, loss=1.2927]Training:  25%|██▍       | 1490/6000 [08:17<17:03,  4.41it/s, F=6, P=0, R=0, loss=1.2927]Training:  25%|██▍       | 1491/6000 [08:17<16:30,  4.55it/s, F=6, P=0, R=0, loss=1.2927]Training:  25%|██▍       | 1492/6000 [08:17<16:22,  4.59it/s, F=6, P=0, R=0, loss=1.2927]Training:  25%|██▍       | 1493/6000 [08:17<16:17,  4.61it/s, F=6, P=0, R=0, loss=1.2927]Training:  25%|██▍       | 1494/6000 [08:18<16:29,  4.55it/s, F=6, P=0, R=0, loss=1.2927]Training:  25%|██▍       | 1495/6000 [08:18<16:35,  4.53it/s, F=6, P=0, R=0, loss=1.2927]Training:  25%|██▍       | 1496/6000 [08:18<16:23,  4.58it/s, F=6, P=0, R=0, loss=1.2927]Training:  25%|██▍       | 1497/6000 [08:18<16:37,  4.52it/s, F=6, P=0, R=0, loss=1.2927]Training:  25%|██▍       | 1498/6000 [08:19<16:28,  4.55it/s, F=6, P=0, R=0, loss=1.2927]Training:  25%|██▍       | 1499/6000 [08:19<16:29,  4.55it/s, F=6, P=0, R=0, loss=1.2927]Training:  25%|██▌       | 1500/6000 [08:19<16:47,  4.47it/s, F=6, P=0, R=0, loss=1.2927]Training:  25%|██▌       | 1500/6000 [08:19<16:47,  4.47it/s, F=6, P=0, R=0, loss=1.3724]Training:  25%|██▌       | 1501/6000 [08:21<48:57,  1.53it/s, val_loss=1.485]            Training:  25%|██▌       | 1502/6000 [08:21<39:07,  1.92it/s, val_loss=1.485]Training:  25%|██▌       | 1503/6000 [08:21<32:07,  2.33it/s, val_loss=1.485]Training:  25%|██▌       | 1504/6000 [08:21<27:51,  2.69it/s, val_loss=1.485]Training:  25%|██▌       | 1505/6000 [08:22<24:15,  3.09it/s, val_loss=1.485]Training:  25%|██▌       | 1506/6000 [08:22<21:48,  3.44it/s, val_loss=1.485]Training:  25%|██▌       | 1507/6000 [08:22<20:32,  3.65it/s, val_loss=1.485]Training:  25%|██▌       | 1508/6000 [08:22<19:09,  3.91it/s, val_loss=1.485]Training:  25%|██▌       | 1509/6000 [08:22<18:04,  4.14it/s, val_loss=1.485]Training:  25%|██▌       | 1510/6000 [08:23<18:05,  4.14it/s, val_loss=1.485]Training:  25%|██▌       | 1511/6000 [08:23<17:23,  4.30it/s, val_loss=1.485]Training:  25%|██▌       | 1512/6000 [08:23<16:59,  4.40it/s, val_loss=1.485]Training:  25%|██▌       | 1513/6000 [08:23<16:42,  4.47it/s, val_loss=1.485]Training:  25%|██▌       | 1514/6000 [08:24<16:53,  4.43it/s, val_loss=1.485]Training:  25%|██▌       | 1515/6000 [08:24<16:40,  4.48it/s, val_loss=1.485]Training:  25%|██▌       | 1516/6000 [08:24<16:31,  4.52it/s, val_loss=1.485]Training:  25%|██▌       | 1517/6000 [08:24<16:43,  4.47it/s, val_loss=1.485]Training:  25%|██▌       | 1518/6000 [08:24<16:36,  4.50it/s, val_loss=1.485]Training:  25%|██▌       | 1519/6000 [08:25<16:31,  4.52it/s, val_loss=1.485]Training:  25%|██▌       | 1520/6000 [08:25<16:14,  4.60it/s, val_loss=1.485]Training:  25%|██▌       | 1520/6000 [08:25<16:14,  4.60it/s, F=6, P=0, R=0, loss=1.2822]Training:  25%|██▌       | 1521/6000 [08:25<16:00,  4.66it/s, F=6, P=0, R=0, loss=1.2822]Training:  25%|██▌       | 1522/6000 [08:25<16:21,  4.56it/s, F=6, P=0, R=0, loss=1.2822]Training:  25%|██▌       | 1523/6000 [08:26<16:14,  4.59it/s, F=6, P=0, R=0, loss=1.2822]Training:  25%|██▌       | 1524/6000 [08:26<16:38,  4.48it/s, F=6, P=0, R=0, loss=1.2822]Training:  25%|██▌       | 1525/6000 [08:26<16:26,  4.54it/s, F=6, P=0, R=0, loss=1.2822]Training:  25%|██▌       | 1526/6000 [08:26<16:22,  4.55it/s, F=6, P=0, R=0, loss=1.2822]Training:  25%|██▌       | 1527/6000 [08:26<16:43,  4.46it/s, F=6, P=0, R=0, loss=1.2822]Training:  25%|██▌       | 1528/6000 [08:27<16:40,  4.47it/s, F=6, P=0, R=0, loss=1.2822]Training:  25%|██▌       | 1529/6000 [08:27<16:23,  4.55it/s, F=6, P=0, R=0, loss=1.2822]Training:  26%|██▌       | 1530/6000 [08:27<17:28,  4.26it/s, F=6, P=0, R=0, loss=1.2822]Training:  26%|██▌       | 1531/6000 [08:27<17:02,  4.37it/s, F=6, P=0, R=0, loss=1.2822]Training:  26%|██▌       | 1532/6000 [08:28<16:43,  4.45it/s, F=6, P=0, R=0, loss=1.2822]Training:  26%|██▌       | 1533/6000 [08:28<16:40,  4.47it/s, F=6, P=0, R=0, loss=1.2822]Training:  26%|██▌       | 1534/6000 [08:28<16:30,  4.51it/s, F=6, P=0, R=0, loss=1.2822]Training:  26%|██▌       | 1535/6000 [08:28<16:12,  4.59it/s, F=6, P=0, R=0, loss=1.2822]Training:  26%|██▌       | 1536/6000 [08:28<16:30,  4.51it/s, F=6, P=0, R=0, loss=1.2822]Training:  26%|██▌       | 1537/6000 [08:29<16:37,  4.47it/s, F=6, P=0, R=0, loss=1.2822]Training:  26%|██▌       | 1538/6000 [08:29<16:06,  4.62it/s, F=6, P=0, R=0, loss=1.2822]Training:  26%|██▌       | 1539/6000 [08:29<15:42,  4.73it/s, F=6, P=0, R=0, loss=1.2822]Training:  26%|██▌       | 1540/6000 [08:29<16:06,  4.62it/s, F=6, P=0, R=0, loss=1.2822]Training:  26%|██▌       | 1540/6000 [08:30<16:06,  4.62it/s, F=6, P=0, R=0, loss=1.3118]Training:  26%|██▌       | 1541/6000 [08:30<15:57,  4.66it/s, F=6, P=0, R=0, loss=1.3118]Training:  26%|██▌       | 1542/6000 [08:30<15:41,  4.73it/s, F=6, P=0, R=0, loss=1.3118]Training:  26%|██▌       | 1543/6000 [08:30<16:17,  4.56it/s, F=6, P=0, R=0, loss=1.3118]Training:  26%|██▌       | 1544/6000 [08:30<16:13,  4.58it/s, F=6, P=0, R=0, loss=1.3118]Training:  26%|██▌       | 1545/6000 [08:30<15:52,  4.68it/s, F=6, P=0, R=0, loss=1.3118]Training:  26%|██▌       | 1546/6000 [08:31<16:23,  4.53it/s, F=6, P=0, R=0, loss=1.3118]Training:  26%|██▌       | 1547/6000 [08:31<18:59,  3.91it/s, F=6, P=0, R=0, loss=1.3118]Training:  26%|██▌       | 1548/6000 [08:31<18:04,  4.11it/s, F=6, P=0, R=0, loss=1.3118]Training:  26%|██▌       | 1549/6000 [08:31<17:50,  4.16it/s, F=6, P=0, R=0, loss=1.3118]Training:  26%|██▌       | 1550/6000 [08:32<17:18,  4.28it/s, F=6, P=0, R=0, loss=1.3118]Training:  26%|██▌       | 1551/6000 [08:32<16:41,  4.44it/s, F=6, P=0, R=0, loss=1.3118]Training:  26%|██▌       | 1552/6000 [08:32<17:40,  4.19it/s, F=6, P=0, R=0, loss=1.3118]Training:  26%|██▌       | 1553/6000 [08:32<16:56,  4.38it/s, F=6, P=0, R=0, loss=1.3118]Training:  26%|██▌       | 1554/6000 [08:33<16:56,  4.37it/s, F=6, P=0, R=0, loss=1.3118]Training:  26%|██▌       | 1555/6000 [08:33<16:58,  4.36it/s, F=6, P=0, R=0, loss=1.3118]Training:  26%|██▌       | 1556/6000 [08:33<16:44,  4.43it/s, F=6, P=0, R=0, loss=1.3118]Training:  26%|██▌       | 1557/6000 [08:33<16:12,  4.57it/s, F=6, P=0, R=0, loss=1.3118]Training:  26%|██▌       | 1558/6000 [08:33<15:59,  4.63it/s, F=6, P=0, R=0, loss=1.3118]Training:  26%|██▌       | 1559/6000 [08:34<16:02,  4.62it/s, F=6, P=0, R=0, loss=1.3118]Training:  26%|██▌       | 1560/6000 [08:34<16:06,  4.59it/s, F=6, P=0, R=0, loss=1.3118]Training:  26%|██▌       | 1560/6000 [08:34<16:06,  4.59it/s, F=6, P=0, R=0, loss=1.2838]Training:  26%|██▌       | 1561/6000 [08:34<15:43,  4.71it/s, F=6, P=0, R=0, loss=1.2838]Training:  26%|██▌       | 1562/6000 [08:34<16:24,  4.51it/s, F=6, P=0, R=0, loss=1.2838]Training:  26%|██▌       | 1563/6000 [08:34<16:17,  4.54it/s, F=6, P=0, R=0, loss=1.2838]Training:  26%|██▌       | 1564/6000 [08:35<15:59,  4.62it/s, F=6, P=0, R=0, loss=1.2838]Training:  26%|██▌       | 1565/6000 [08:35<16:06,  4.59it/s, F=6, P=0, R=0, loss=1.2838]Training:  26%|██▌       | 1566/6000 [08:35<16:12,  4.56it/s, F=6, P=0, R=0, loss=1.2838]Training:  26%|██▌       | 1567/6000 [08:35<16:06,  4.59it/s, F=6, P=0, R=0, loss=1.2838]Training:  26%|██▌       | 1568/6000 [08:36<16:00,  4.61it/s, F=6, P=0, R=0, loss=1.2838]Training:  26%|██▌       | 1569/6000 [08:36<16:20,  4.52it/s, F=6, P=0, R=0, loss=1.2838]Training:  26%|██▌       | 1570/6000 [08:36<16:09,  4.57it/s, F=6, P=0, R=0, loss=1.2838]Training:  26%|██▌       | 1571/6000 [08:36<15:50,  4.66it/s, F=6, P=0, R=0, loss=1.2838]Training:  26%|██▌       | 1572/6000 [08:36<16:23,  4.50it/s, F=6, P=0, R=0, loss=1.2838]Training:  26%|██▌       | 1573/6000 [08:37<16:13,  4.55it/s, F=6, P=0, R=0, loss=1.2838]Training:  26%|██▌       | 1574/6000 [08:37<16:04,  4.59it/s, F=6, P=0, R=0, loss=1.2838]Training:  26%|██▋       | 1575/6000 [08:37<16:09,  4.57it/s, F=6, P=0, R=0, loss=1.2838]Training:  26%|██▋       | 1576/6000 [08:37<16:05,  4.58it/s, F=6, P=0, R=0, loss=1.2838]Training:  26%|██▋       | 1577/6000 [08:38<15:59,  4.61it/s, F=6, P=0, R=0, loss=1.2838]Training:  26%|██▋       | 1578/6000 [08:38<15:56,  4.62it/s, F=6, P=0, R=0, loss=1.2838]Training:  26%|██▋       | 1579/6000 [08:38<16:20,  4.51it/s, F=6, P=0, R=0, loss=1.2838]Training:  26%|██▋       | 1580/6000 [08:38<16:09,  4.56it/s, F=6, P=0, R=0, loss=1.2838]Training:  26%|██▋       | 1580/6000 [08:38<16:09,  4.56it/s, F=6, P=0, R=0, loss=1.3589]Training:  26%|██▋       | 1581/6000 [08:38<16:08,  4.56it/s, F=6, P=0, R=0, loss=1.3589]Training:  26%|██▋       | 1582/6000 [08:39<16:31,  4.46it/s, F=6, P=0, R=0, loss=1.3589]Training:  26%|██▋       | 1583/6000 [08:39<16:18,  4.51it/s, F=6, P=0, R=0, loss=1.3589]Training:  26%|██▋       | 1584/6000 [08:39<16:21,  4.50it/s, F=6, P=0, R=0, loss=1.3589]Training:  26%|██▋       | 1585/6000 [08:39<16:35,  4.43it/s, F=6, P=0, R=0, loss=1.3589]Training:  26%|██▋       | 1586/6000 [08:40<16:16,  4.52it/s, F=6, P=0, R=0, loss=1.3589]Training:  26%|██▋       | 1587/6000 [08:40<16:00,  4.60it/s, F=6, P=0, R=0, loss=1.3589]Training:  26%|██▋       | 1588/6000 [08:40<15:51,  4.64it/s, F=6, P=0, R=0, loss=1.3589]Training:  26%|██▋       | 1589/6000 [08:40<15:59,  4.60it/s, F=6, P=0, R=0, loss=1.3589]Training:  26%|██▋       | 1590/6000 [08:40<15:44,  4.67it/s, F=6, P=0, R=0, loss=1.3589]Training:  27%|██▋       | 1591/6000 [08:41<15:39,  4.69it/s, F=6, P=0, R=0, loss=1.3589]Training:  27%|██▋       | 1592/6000 [08:41<16:13,  4.53it/s, F=6, P=0, R=0, loss=1.3589]Training:  27%|██▋       | 1593/6000 [08:41<16:05,  4.57it/s, F=6, P=0, R=0, loss=1.3589]Training:  27%|██▋       | 1594/6000 [08:41<16:01,  4.58it/s, F=6, P=0, R=0, loss=1.3589]Training:  27%|██▋       | 1595/6000 [08:41<16:16,  4.51it/s, F=6, P=0, R=0, loss=1.3589]Training:  27%|██▋       | 1596/6000 [08:42<16:11,  4.53it/s, F=6, P=0, R=0, loss=1.3589]Training:  27%|██▋       | 1597/6000 [08:42<16:01,  4.58it/s, F=6, P=0, R=0, loss=1.3589]Training:  27%|██▋       | 1598/6000 [08:42<16:23,  4.48it/s, F=6, P=0, R=0, loss=1.3589]Training:  27%|██▋       | 1599/6000 [08:42<15:57,  4.60it/s, F=6, P=0, R=0, loss=1.3589]Training:  27%|██▋       | 1600/6000 [08:43<15:48,  4.64it/s, F=6, P=0, R=0, loss=1.3589]Training:  27%|██▋       | 1600/6000 [08:43<15:48,  4.64it/s, F=6, P=0, R=0, loss=1.2717]Training:  27%|██▋       | 1601/6000 [08:43<15:37,  4.69it/s, F=6, P=0, R=0, loss=1.2717]Training:  27%|██▋       | 1602/6000 [08:43<15:52,  4.62it/s, F=6, P=0, R=0, loss=1.2717]Training:  27%|██▋       | 1603/6000 [08:43<15:55,  4.60it/s, F=6, P=0, R=0, loss=1.2717]Training:  27%|██▋       | 1604/6000 [08:43<15:55,  4.60it/s, F=6, P=0, R=0, loss=1.2717]Training:  27%|██▋       | 1605/6000 [08:44<17:11,  4.26it/s, F=6, P=0, R=0, loss=1.2717]Training:  27%|██▋       | 1606/6000 [08:44<17:39,  4.15it/s, F=6, P=0, R=0, loss=1.2717]Training:  27%|██▋       | 1607/6000 [08:44<17:09,  4.27it/s, F=6, P=0, R=0, loss=1.2717]Training:  27%|██▋       | 1608/6000 [08:44<16:58,  4.31it/s, F=6, P=0, R=0, loss=1.2717]Training:  27%|██▋       | 1609/6000 [08:45<16:28,  4.44it/s, F=6, P=0, R=0, loss=1.2717]Training:  27%|██▋       | 1610/6000 [08:45<16:38,  4.40it/s, F=6, P=0, R=0, loss=1.2717]Training:  27%|██▋       | 1611/6000 [08:45<16:07,  4.54it/s, F=6, P=0, R=0, loss=1.2717]Training:  27%|██▋       | 1612/6000 [08:45<16:02,  4.56it/s, F=6, P=0, R=0, loss=1.2717]Training:  27%|██▋       | 1613/6000 [08:45<15:39,  4.67it/s, F=6, P=0, R=0, loss=1.2717]Training:  27%|██▋       | 1614/6000 [08:46<16:06,  4.54it/s, F=6, P=0, R=0, loss=1.2717]Training:  27%|██▋       | 1615/6000 [08:46<16:14,  4.50it/s, F=6, P=0, R=0, loss=1.2717]Training:  27%|██▋       | 1616/6000 [08:46<16:10,  4.52it/s, F=6, P=0, R=0, loss=1.2717]Training:  27%|██▋       | 1617/6000 [08:46<16:07,  4.53it/s, F=6, P=0, R=0, loss=1.2717]Training:  27%|██▋       | 1618/6000 [08:47<15:37,  4.67it/s, F=6, P=0, R=0, loss=1.2717]Training:  27%|██▋       | 1619/6000 [08:47<15:50,  4.61it/s, F=6, P=0, R=0, loss=1.2717]Training:  27%|██▋       | 1620/6000 [08:47<16:03,  4.55it/s, F=6, P=0, R=0, loss=1.2717]Training:  27%|██▋       | 1620/6000 [08:47<16:03,  4.55it/s, F=6, P=0, R=0, loss=1.3028]Training:  27%|██▋       | 1621/6000 [08:47<15:53,  4.59it/s, F=6, P=0, R=0, loss=1.3028]Training:  27%|██▋       | 1622/6000 [08:47<15:35,  4.68it/s, F=6, P=0, R=0, loss=1.3028]Training:  27%|██▋       | 1623/6000 [08:48<15:35,  4.68it/s, F=6, P=0, R=0, loss=1.3028]Training:  27%|██▋       | 1624/6000 [08:48<16:03,  4.54it/s, F=6, P=0, R=0, loss=1.3028]Training:  27%|██▋       | 1625/6000 [08:48<16:31,  4.41it/s, F=6, P=0, R=0, loss=1.3028]Training:  27%|██▋       | 1626/6000 [08:48<16:15,  4.48it/s, F=6, P=0, R=0, loss=1.3028]Training:  27%|██▋       | 1627/6000 [08:49<16:03,  4.54it/s, F=6, P=0, R=0, loss=1.3028]Training:  27%|██▋       | 1628/6000 [08:49<16:28,  4.42it/s, F=6, P=0, R=0, loss=1.3028]Training:  27%|██▋       | 1629/6000 [08:49<16:04,  4.53it/s, F=6, P=0, R=0, loss=1.3028]Training:  27%|██▋       | 1630/6000 [08:49<15:56,  4.57it/s, F=6, P=0, R=0, loss=1.3028]Training:  27%|██▋       | 1631/6000 [08:49<15:33,  4.68it/s, F=6, P=0, R=0, loss=1.3028]Training:  27%|██▋       | 1632/6000 [08:50<16:07,  4.52it/s, F=6, P=0, R=0, loss=1.3028]Training:  27%|██▋       | 1633/6000 [08:50<15:42,  4.63it/s, F=6, P=0, R=0, loss=1.3028]Training:  27%|██▋       | 1634/6000 [08:50<16:15,  4.48it/s, F=6, P=0, R=0, loss=1.3028]Training:  27%|██▋       | 1635/6000 [08:50<16:43,  4.35it/s, F=6, P=0, R=0, loss=1.3028]Training:  27%|██▋       | 1636/6000 [08:51<16:24,  4.43it/s, F=6, P=0, R=0, loss=1.3028]Training:  27%|██▋       | 1637/6000 [08:51<15:50,  4.59it/s, F=6, P=0, R=0, loss=1.3028]Training:  27%|██▋       | 1638/6000 [08:51<16:13,  4.48it/s, F=6, P=0, R=0, loss=1.3028]Training:  27%|██▋       | 1639/6000 [08:51<15:48,  4.60it/s, F=6, P=0, R=0, loss=1.3028]Training:  27%|██▋       | 1640/6000 [08:51<15:37,  4.65it/s, F=6, P=0, R=0, loss=1.3028]Training:  27%|██▋       | 1640/6000 [08:52<15:37,  4.65it/s, F=6, P=0, R=0, loss=1.2741]Training:  27%|██▋       | 1641/6000 [08:52<15:45,  4.61it/s, F=6, P=0, R=0, loss=1.2741]Training:  27%|██▋       | 1642/6000 [08:52<15:44,  4.62it/s, F=6, P=0, R=0, loss=1.2741]Training:  27%|██▋       | 1643/6000 [08:52<15:41,  4.63it/s, F=6, P=0, R=0, loss=1.2741]Training:  27%|██▋       | 1644/6000 [08:52<15:27,  4.70it/s, F=6, P=0, R=0, loss=1.2741]Training:  27%|██▋       | 1645/6000 [08:53<15:47,  4.59it/s, F=6, P=0, R=0, loss=1.2741]Training:  27%|██▋       | 1646/6000 [08:53<16:14,  4.47it/s, F=6, P=0, R=0, loss=1.2741]Training:  27%|██▋       | 1647/6000 [08:53<16:49,  4.31it/s, F=6, P=0, R=0, loss=1.2741]Training:  27%|██▋       | 1648/6000 [08:53<16:30,  4.39it/s, F=6, P=0, R=0, loss=1.2741]Training:  27%|██▋       | 1649/6000 [08:53<16:07,  4.50it/s, F=6, P=0, R=0, loss=1.2741]Training:  28%|██▊       | 1650/6000 [08:54<15:39,  4.63it/s, F=6, P=0, R=0, loss=1.2741]Training:  28%|██▊       | 1651/6000 [08:54<15:48,  4.58it/s, F=6, P=0, R=0, loss=1.2741]Training:  28%|██▊       | 1652/6000 [08:54<15:42,  4.61it/s, F=6, P=0, R=0, loss=1.2741]Training:  28%|██▊       | 1653/6000 [08:54<15:37,  4.63it/s, F=6, P=0, R=0, loss=1.2741]Training:  28%|██▊       | 1654/6000 [08:55<16:06,  4.50it/s, F=6, P=0, R=0, loss=1.2741]Training:  28%|██▊       | 1655/6000 [08:55<15:46,  4.59it/s, F=6, P=0, R=0, loss=1.2741]Training:  28%|██▊       | 1656/6000 [08:55<15:40,  4.62it/s, F=6, P=0, R=0, loss=1.2741]Training:  28%|██▊       | 1657/6000 [08:55<15:34,  4.65it/s, F=6, P=0, R=0, loss=1.2741]Training:  28%|██▊       | 1658/6000 [08:55<15:49,  4.57it/s, F=6, P=0, R=0, loss=1.2741]Training:  28%|██▊       | 1659/6000 [08:56<15:48,  4.58it/s, F=6, P=0, R=0, loss=1.2741]Training:  28%|██▊       | 1660/6000 [08:56<15:35,  4.64it/s, F=6, P=0, R=0, loss=1.2741]Training:  28%|██▊       | 1660/6000 [08:56<15:35,  4.64it/s, F=6, P=0, R=0, loss=1.3471]Training:  28%|██▊       | 1661/6000 [08:56<16:04,  4.50it/s, F=6, P=0, R=0, loss=1.3471]Training:  28%|██▊       | 1662/6000 [08:56<15:55,  4.54it/s, F=6, P=0, R=0, loss=1.3471]Training:  28%|██▊       | 1663/6000 [08:56<15:46,  4.58it/s, F=6, P=0, R=0, loss=1.3471]Training:  28%|██▊       | 1664/6000 [08:57<16:26,  4.40it/s, F=6, P=0, R=0, loss=1.3471]Training:  28%|██▊       | 1665/6000 [08:57<15:51,  4.56it/s, F=6, P=0, R=0, loss=1.3471]Training:  28%|██▊       | 1666/6000 [08:57<15:41,  4.60it/s, F=6, P=0, R=0, loss=1.3471]Training:  28%|██▊       | 1667/6000 [08:57<15:29,  4.66it/s, F=6, P=0, R=0, loss=1.3471]Training:  28%|██▊       | 1668/6000 [08:58<15:45,  4.58it/s, F=6, P=0, R=0, loss=1.3471]Training:  28%|██▊       | 1669/6000 [08:58<15:53,  4.54it/s, F=6, P=0, R=0, loss=1.3471]Training:  28%|██▊       | 1670/6000 [08:58<15:42,  4.60it/s, F=6, P=0, R=0, loss=1.3471]Training:  28%|██▊       | 1671/6000 [08:58<15:31,  4.64it/s, F=6, P=0, R=0, loss=1.3471]Training:  28%|██▊       | 1672/6000 [08:58<16:04,  4.49it/s, F=6, P=0, R=0, loss=1.3471]Training:  28%|██▊       | 1673/6000 [08:59<15:52,  4.54it/s, F=6, P=0, R=0, loss=1.3471]Training:  28%|██▊       | 1674/6000 [08:59<16:25,  4.39it/s, F=6, P=0, R=0, loss=1.3471]Training:  28%|██▊       | 1675/6000 [08:59<16:27,  4.38it/s, F=6, P=0, R=0, loss=1.3471]Training:  28%|██▊       | 1676/6000 [08:59<16:11,  4.45it/s, F=6, P=0, R=0, loss=1.3471]Training:  28%|██▊       | 1677/6000 [09:00<15:57,  4.51it/s, F=6, P=0, R=0, loss=1.3471]Training:  28%|██▊       | 1678/6000 [09:00<16:25,  4.38it/s, F=6, P=0, R=0, loss=1.3471]Training:  28%|██▊       | 1679/6000 [09:00<15:52,  4.54it/s, F=6, P=0, R=0, loss=1.3471]Training:  28%|██▊       | 1680/6000 [09:00<15:32,  4.63it/s, F=6, P=0, R=0, loss=1.3471]Training:  28%|██▊       | 1680/6000 [09:00<15:32,  4.63it/s, F=6, P=0, R=0, loss=1.2660]Training:  28%|██▊       | 1681/6000 [09:00<15:20,  4.69it/s, F=6, P=0, R=0, loss=1.2660]Training:  28%|██▊       | 1682/6000 [09:01<15:37,  4.61it/s, F=6, P=0, R=0, loss=1.2660]Training:  28%|██▊       | 1683/6000 [09:01<15:33,  4.63it/s, F=6, P=0, R=0, loss=1.2660]Training:  28%|██▊       | 1684/6000 [09:01<15:30,  4.64it/s, F=6, P=0, R=0, loss=1.2660]Training:  28%|██▊       | 1685/6000 [09:01<15:45,  4.56it/s, F=6, P=0, R=0, loss=1.2660]Training:  28%|██▊       | 1686/6000 [09:02<15:48,  4.55it/s, F=6, P=0, R=0, loss=1.2660]Training:  28%|██▊       | 1687/6000 [09:02<15:50,  4.54it/s, F=6, P=0, R=0, loss=1.2660]Training:  28%|██▊       | 1688/6000 [09:02<15:46,  4.56it/s, F=6, P=0, R=0, loss=1.2660]Training:  28%|██▊       | 1689/6000 [09:02<15:34,  4.61it/s, F=6, P=0, R=0, loss=1.2660]Training:  28%|██▊       | 1690/6000 [09:02<15:25,  4.66it/s, F=6, P=0, R=0, loss=1.2660]Training:  28%|██▊       | 1691/6000 [09:03<15:09,  4.74it/s, F=6, P=0, R=0, loss=1.2660]Training:  28%|██▊       | 1692/6000 [09:03<15:14,  4.71it/s, F=6, P=0, R=0, loss=1.2660]Training:  28%|██▊       | 1693/6000 [09:03<15:32,  4.62it/s, F=6, P=0, R=0, loss=1.2660]Training:  28%|██▊       | 1694/6000 [09:03<15:33,  4.61it/s, F=6, P=0, R=0, loss=1.2660]Training:  28%|██▊       | 1695/6000 [09:03<15:26,  4.64it/s, F=6, P=0, R=0, loss=1.2660]Training:  28%|██▊       | 1696/6000 [09:04<15:50,  4.53it/s, F=6, P=0, R=0, loss=1.2660]Training:  28%|██▊       | 1697/6000 [09:04<15:50,  4.53it/s, F=6, P=0, R=0, loss=1.2660]Training:  28%|██▊       | 1698/6000 [09:04<15:23,  4.66it/s, F=6, P=0, R=0, loss=1.2660]Training:  28%|██▊       | 1699/6000 [09:04<15:02,  4.76it/s, F=6, P=0, R=0, loss=1.2660]Training:  28%|██▊       | 1700/6000 [09:05<15:44,  4.55it/s, F=6, P=0, R=0, loss=1.2660]Training:  28%|██▊       | 1700/6000 [09:05<15:44,  4.55it/s, F=6, P=0, R=0, loss=1.2959]Training:  28%|██▊       | 1701/6000 [09:05<16:30,  4.34it/s, F=6, P=0, R=0, loss=1.2959]Training:  28%|██▊       | 1702/6000 [09:05<16:12,  4.42it/s, F=6, P=0, R=0, loss=1.2959]Training:  28%|██▊       | 1703/6000 [09:05<16:26,  4.36it/s, F=6, P=0, R=0, loss=1.2959]Training:  28%|██▊       | 1704/6000 [09:05<16:11,  4.42it/s, F=6, P=0, R=0, loss=1.2959]Training:  28%|██▊       | 1705/6000 [09:06<16:25,  4.36it/s, F=6, P=0, R=0, loss=1.2959]Training:  28%|██▊       | 1706/6000 [09:06<16:06,  4.44it/s, F=6, P=0, R=0, loss=1.2959]Training:  28%|██▊       | 1707/6000 [09:06<15:52,  4.51it/s, F=6, P=0, R=0, loss=1.2959]Training:  28%|██▊       | 1708/6000 [09:06<15:42,  4.55it/s, F=6, P=0, R=0, loss=1.2959]Training:  28%|██▊       | 1709/6000 [09:07<15:43,  4.55it/s, F=6, P=0, R=0, loss=1.2959]Training:  28%|██▊       | 1710/6000 [09:07<15:33,  4.60it/s, F=6, P=0, R=0, loss=1.2959]Training:  29%|██▊       | 1711/6000 [09:07<15:13,  4.69it/s, F=6, P=0, R=0, loss=1.2959]Training:  29%|██▊       | 1712/6000 [09:07<16:00,  4.46it/s, F=6, P=0, R=0, loss=1.2959]Training:  29%|██▊       | 1713/6000 [09:07<15:34,  4.59it/s, F=6, P=0, R=0, loss=1.2959]Training:  29%|██▊       | 1714/6000 [09:08<15:40,  4.56it/s, F=6, P=0, R=0, loss=1.2959]Training:  29%|██▊       | 1715/6000 [09:08<15:59,  4.46it/s, F=6, P=0, R=0, loss=1.2959]Training:  29%|██▊       | 1716/6000 [09:08<15:51,  4.50it/s, F=6, P=0, R=0, loss=1.2959]Training:  29%|██▊       | 1717/6000 [09:08<15:24,  4.63it/s, F=6, P=0, R=0, loss=1.2959]Training:  29%|██▊       | 1718/6000 [09:09<15:17,  4.67it/s, F=6, P=0, R=0, loss=1.2959]Training:  29%|██▊       | 1719/6000 [09:09<15:30,  4.60it/s, F=6, P=0, R=0, loss=1.2959]Training:  29%|██▊       | 1720/6000 [09:09<15:25,  4.63it/s, F=6, P=0, R=0, loss=1.2959]Training:  29%|██▊       | 1720/6000 [09:09<15:25,  4.63it/s, F=6, P=0, R=0, loss=1.2690]Training:  29%|██▊       | 1721/6000 [09:09<15:04,  4.73it/s, F=6, P=0, R=0, loss=1.2690]Training:  29%|██▊       | 1722/6000 [09:09<15:33,  4.58it/s, F=6, P=0, R=0, loss=1.2690]Training:  29%|██▊       | 1723/6000 [09:10<15:35,  4.57it/s, F=6, P=0, R=0, loss=1.2690]Training:  29%|██▊       | 1724/6000 [09:10<15:21,  4.64it/s, F=6, P=0, R=0, loss=1.2690]Training:  29%|██▉       | 1725/6000 [09:10<15:55,  4.47it/s, F=6, P=0, R=0, loss=1.2690]Training:  29%|██▉       | 1726/6000 [09:10<15:49,  4.50it/s, F=6, P=0, R=0, loss=1.2690]Training:  29%|██▉       | 1727/6000 [09:11<15:38,  4.55it/s, F=6, P=0, R=0, loss=1.2690]Training:  29%|██▉       | 1728/6000 [09:11<15:59,  4.45it/s, F=6, P=0, R=0, loss=1.2690]Training:  29%|██▉       | 1729/6000 [09:11<15:43,  4.53it/s, F=6, P=0, R=0, loss=1.2690]Training:  29%|██▉       | 1730/6000 [09:11<15:25,  4.62it/s, F=6, P=0, R=0, loss=1.2690]Training:  29%|██▉       | 1731/6000 [09:11<15:06,  4.71it/s, F=6, P=0, R=0, loss=1.2690]Training:  29%|██▉       | 1732/6000 [09:12<15:21,  4.63it/s, F=6, P=0, R=0, loss=1.2690]Training:  29%|██▉       | 1733/6000 [09:12<15:19,  4.64it/s, F=6, P=0, R=0, loss=1.2690]Training:  29%|██▉       | 1734/6000 [09:12<15:15,  4.66it/s, F=6, P=0, R=0, loss=1.2690]Training:  29%|██▉       | 1735/6000 [09:12<15:32,  4.58it/s, F=6, P=0, R=0, loss=1.2690]Training:  29%|██▉       | 1736/6000 [09:12<15:28,  4.59it/s, F=6, P=0, R=0, loss=1.2690]Training:  29%|██▉       | 1737/6000 [09:13<15:21,  4.63it/s, F=6, P=0, R=0, loss=1.2690]Training:  29%|██▉       | 1738/6000 [09:13<15:52,  4.47it/s, F=6, P=0, R=0, loss=1.2690]Training:  29%|██▉       | 1739/6000 [09:13<15:48,  4.49it/s, F=6, P=0, R=0, loss=1.2690]Training:  29%|██▉       | 1740/6000 [09:13<15:59,  4.44it/s, F=6, P=0, R=0, loss=1.2690]Training:  29%|██▉       | 1740/6000 [09:14<15:59,  4.44it/s, F=6, P=0, R=0, loss=1.3397]Training:  29%|██▉       | 1741/6000 [09:14<16:35,  4.28it/s, F=6, P=0, R=0, loss=1.3397]Training:  29%|██▉       | 1742/6000 [09:14<16:12,  4.38it/s, F=6, P=0, R=0, loss=1.3397]Training:  29%|██▉       | 1743/6000 [09:14<15:51,  4.47it/s, F=6, P=0, R=0, loss=1.3397]Training:  29%|██▉       | 1744/6000 [09:14<16:17,  4.36it/s, F=6, P=0, R=0, loss=1.3397]Training:  29%|██▉       | 1745/6000 [09:15<16:16,  4.36it/s, F=6, P=0, R=0, loss=1.3397]Training:  29%|██▉       | 1746/6000 [09:15<15:52,  4.47it/s, F=6, P=0, R=0, loss=1.3397]Training:  29%|██▉       | 1747/6000 [09:15<16:04,  4.41it/s, F=6, P=0, R=0, loss=1.3397]Training:  29%|██▉       | 1748/6000 [09:15<15:44,  4.50it/s, F=6, P=0, R=0, loss=1.3397]Training:  29%|██▉       | 1749/6000 [09:15<15:24,  4.60it/s, F=6, P=0, R=0, loss=1.3397]Training:  29%|██▉       | 1750/6000 [09:16<16:06,  4.40it/s, F=6, P=0, R=0, loss=1.3397]Training:  29%|██▉       | 1751/6000 [09:17<46:33,  1.52it/s, val_loss=1.495]            Training:  29%|██▉       | 1752/6000 [09:18<37:34,  1.88it/s, val_loss=1.495]Training:  29%|██▉       | 1753/6000 [09:18<31:15,  2.26it/s, val_loss=1.495]Training:  29%|██▉       | 1754/6000 [09:18<26:44,  2.65it/s, val_loss=1.495]Training:  29%|██▉       | 1755/6000 [09:18<23:16,  3.04it/s, val_loss=1.495]Training:  29%|██▉       | 1756/6000 [09:18<20:51,  3.39it/s, val_loss=1.495]Training:  29%|██▉       | 1757/6000 [09:19<19:39,  3.60it/s, val_loss=1.495]Training:  29%|██▉       | 1758/6000 [09:19<18:23,  3.84it/s, val_loss=1.495]Training:  29%|██▉       | 1759/6000 [09:19<17:02,  4.15it/s, val_loss=1.495]Training:  29%|██▉       | 1760/6000 [09:19<17:10,  4.11it/s, val_loss=1.495]Training:  29%|██▉       | 1760/6000 [09:20<17:10,  4.11it/s, F=6, P=0, R=0, loss=1.2593]Training:  29%|██▉       | 1761/6000 [09:20<16:24,  4.30it/s, F=6, P=0, R=0, loss=1.2593]Training:  29%|██▉       | 1762/6000 [09:20<15:54,  4.44it/s, F=6, P=0, R=0, loss=1.2593]Training:  29%|██▉       | 1763/6000 [09:20<15:40,  4.51it/s, F=6, P=0, R=0, loss=1.2593]Training:  29%|██▉       | 1764/6000 [09:20<15:38,  4.51it/s, F=6, P=0, R=0, loss=1.2593]Training:  29%|██▉       | 1765/6000 [09:20<16:00,  4.41it/s, F=6, P=0, R=0, loss=1.2593]Training:  29%|██▉       | 1766/6000 [09:21<16:19,  4.32it/s, F=6, P=0, R=0, loss=1.2593]Training:  29%|██▉       | 1767/6000 [09:21<16:23,  4.30it/s, F=6, P=0, R=0, loss=1.2593]Training:  29%|██▉       | 1768/6000 [09:21<16:09,  4.36it/s, F=6, P=0, R=0, loss=1.2593]Training:  29%|██▉       | 1769/6000 [09:21<15:44,  4.48it/s, F=6, P=0, R=0, loss=1.2593]Training:  30%|██▉       | 1770/6000 [09:22<15:33,  4.53it/s, F=6, P=0, R=0, loss=1.2593]Training:  30%|██▉       | 1771/6000 [09:22<15:41,  4.49it/s, F=6, P=0, R=0, loss=1.2593]Training:  30%|██▉       | 1772/6000 [09:22<15:33,  4.53it/s, F=6, P=0, R=0, loss=1.2593]Training:  30%|██▉       | 1773/6000 [09:22<15:10,  4.64it/s, F=6, P=0, R=0, loss=1.2593]Training:  30%|██▉       | 1774/6000 [09:22<15:39,  4.50it/s, F=6, P=0, R=0, loss=1.2593]Training:  30%|██▉       | 1775/6000 [09:23<16:01,  4.40it/s, F=6, P=0, R=0, loss=1.2593]Training:  30%|██▉       | 1776/6000 [09:23<15:40,  4.49it/s, F=6, P=0, R=0, loss=1.2593]Training:  30%|██▉       | 1777/6000 [09:23<15:35,  4.51it/s, F=6, P=0, R=0, loss=1.2593]Training:  30%|██▉       | 1778/6000 [09:23<15:08,  4.65it/s, F=6, P=0, R=0, loss=1.2593]Training:  30%|██▉       | 1779/6000 [09:24<15:04,  4.67it/s, F=6, P=0, R=0, loss=1.2593]Training:  30%|██▉       | 1780/6000 [09:24<15:09,  4.64it/s, F=6, P=0, R=0, loss=1.2593]Training:  30%|██▉       | 1780/6000 [09:24<15:09,  4.64it/s, F=6, P=0, R=0, loss=1.2886]Training:  30%|██▉       | 1781/6000 [09:24<15:00,  4.69it/s, F=6, P=0, R=0, loss=1.2886]Training:  30%|██▉       | 1782/6000 [09:24<15:14,  4.61it/s, F=6, P=0, R=0, loss=1.2886]Training:  30%|██▉       | 1783/6000 [09:24<15:13,  4.61it/s, F=6, P=0, R=0, loss=1.2886]Training:  30%|██▉       | 1784/6000 [09:25<15:14,  4.61it/s, F=6, P=0, R=0, loss=1.2886]Training:  30%|██▉       | 1785/6000 [09:25<15:42,  4.47it/s, F=6, P=0, R=0, loss=1.2886]Training:  30%|██▉       | 1786/6000 [09:25<15:30,  4.53it/s, F=6, P=0, R=0, loss=1.2886]Training:  30%|██▉       | 1787/6000 [09:25<15:22,  4.56it/s, F=6, P=0, R=0, loss=1.2886]Training:  30%|██▉       | 1788/6000 [09:25<15:14,  4.61it/s, F=6, P=0, R=0, loss=1.2886]Training:  30%|██▉       | 1789/6000 [09:26<15:28,  4.54it/s, F=6, P=0, R=0, loss=1.2886]Training:  30%|██▉       | 1790/6000 [09:26<15:16,  4.59it/s, F=6, P=0, R=0, loss=1.2886]Training:  30%|██▉       | 1791/6000 [09:26<15:13,  4.61it/s, F=6, P=0, R=0, loss=1.2886]Training:  30%|██▉       | 1792/6000 [09:26<15:19,  4.57it/s, F=6, P=0, R=0, loss=1.2886]Training:  30%|██▉       | 1793/6000 [09:27<14:59,  4.68it/s, F=6, P=0, R=0, loss=1.2886]Training:  30%|██▉       | 1794/6000 [09:27<15:27,  4.53it/s, F=6, P=0, R=0, loss=1.2886]Training:  30%|██▉       | 1795/6000 [09:27<15:28,  4.53it/s, F=6, P=0, R=0, loss=1.2886]Training:  30%|██▉       | 1796/6000 [09:27<15:20,  4.57it/s, F=6, P=0, R=0, loss=1.2886]Training:  30%|██▉       | 1797/6000 [09:27<15:28,  4.53it/s, F=6, P=0, R=0, loss=1.2886]Training:  30%|██▉       | 1798/6000 [09:28<15:13,  4.60it/s, F=6, P=0, R=0, loss=1.2886]Training:  30%|██▉       | 1799/6000 [09:28<14:55,  4.69it/s, F=6, P=0, R=0, loss=1.2886]Training:  30%|███       | 1800/6000 [09:28<15:22,  4.55it/s, F=6, P=0, R=0, loss=1.2886]Training:  30%|███       | 1800/6000 [09:28<15:22,  4.55it/s, F=6, P=0, R=0, loss=1.2604]Training:  30%|███       | 1801/6000 [09:28<14:58,  4.68it/s, F=6, P=0, R=0, loss=1.2604]Training:  30%|███       | 1802/6000 [09:29<15:01,  4.65it/s, F=6, P=0, R=0, loss=1.2604]Training:  30%|███       | 1803/6000 [09:29<15:34,  4.49it/s, F=6, P=0, R=0, loss=1.2604]Training:  30%|███       | 1804/6000 [09:29<15:39,  4.47it/s, F=6, P=0, R=0, loss=1.2604]Training:  30%|███       | 1805/6000 [09:29<15:54,  4.40it/s, F=6, P=0, R=0, loss=1.2604]Training:  30%|███       | 1806/6000 [09:29<16:11,  4.32it/s, F=6, P=0, R=0, loss=1.2604]Training:  30%|███       | 1807/6000 [09:30<15:51,  4.41it/s, F=6, P=0, R=0, loss=1.2604]Training:  30%|███       | 1808/6000 [09:30<15:33,  4.49it/s, F=6, P=0, R=0, loss=1.2604]Training:  30%|███       | 1809/6000 [09:30<15:16,  4.57it/s, F=6, P=0, R=0, loss=1.2604]Training:  30%|███       | 1810/6000 [09:30<15:27,  4.52it/s, F=6, P=0, R=0, loss=1.2604]Training:  30%|███       | 1811/6000 [09:31<15:05,  4.62it/s, F=6, P=0, R=0, loss=1.2604]Training:  30%|███       | 1812/6000 [09:31<15:01,  4.65it/s, F=6, P=0, R=0, loss=1.2604]Training:  30%|███       | 1813/6000 [09:31<15:26,  4.52it/s, F=6, P=0, R=0, loss=1.2604]Training:  30%|███       | 1814/6000 [09:31<15:17,  4.56it/s, F=6, P=0, R=0, loss=1.2604]Training:  30%|███       | 1815/6000 [09:31<15:05,  4.62it/s, F=6, P=0, R=0, loss=1.2604]Training:  30%|███       | 1816/6000 [09:32<15:31,  4.49it/s, F=6, P=0, R=0, loss=1.2604]Training:  30%|███       | 1817/6000 [09:32<15:20,  4.54it/s, F=6, P=0, R=0, loss=1.2604]Training:  30%|███       | 1818/6000 [09:32<15:13,  4.58it/s, F=6, P=0, R=0, loss=1.2604]Training:  30%|███       | 1819/6000 [09:32<15:12,  4.58it/s, F=6, P=0, R=0, loss=1.2604]Training:  30%|███       | 1820/6000 [09:33<15:27,  4.51it/s, F=6, P=0, R=0, loss=1.2604]Training:  30%|███       | 1820/6000 [09:33<15:27,  4.51it/s, F=6, P=0, R=0, loss=1.3283]Training:  30%|███       | 1821/6000 [09:33<15:20,  4.54it/s, F=6, P=0, R=0, loss=1.3283]Training:  30%|███       | 1822/6000 [09:33<15:11,  4.58it/s, F=6, P=0, R=0, loss=1.3283]Training:  30%|███       | 1823/6000 [09:33<15:20,  4.54it/s, F=6, P=0, R=0, loss=1.3283]Training:  30%|███       | 1824/6000 [09:33<15:24,  4.52it/s, F=6, P=0, R=0, loss=1.3283]Training:  30%|███       | 1825/6000 [09:34<15:10,  4.58it/s, F=6, P=0, R=0, loss=1.3283]Training:  30%|███       | 1826/6000 [09:34<15:31,  4.48it/s, F=6, P=0, R=0, loss=1.3283]Training:  30%|███       | 1827/6000 [09:34<15:13,  4.57it/s, F=6, P=0, R=0, loss=1.3283]Training:  30%|███       | 1828/6000 [09:34<15:05,  4.61it/s, F=6, P=0, R=0, loss=1.3283]Training:  30%|███       | 1829/6000 [09:34<14:53,  4.67it/s, F=6, P=0, R=0, loss=1.3283]Training:  30%|███       | 1830/6000 [09:35<15:09,  4.59it/s, F=6, P=0, R=0, loss=1.3283]Training:  31%|███       | 1831/6000 [09:35<15:00,  4.63it/s, F=6, P=0, R=0, loss=1.3283]Training:  31%|███       | 1832/6000 [09:35<14:56,  4.65it/s, F=6, P=0, R=0, loss=1.3283]Training:  31%|███       | 1833/6000 [09:35<15:09,  4.58it/s, F=6, P=0, R=0, loss=1.3283]Training:  31%|███       | 1834/6000 [09:36<15:08,  4.58it/s, F=6, P=0, R=0, loss=1.3283]Training:  31%|███       | 1835/6000 [09:36<15:05,  4.60it/s, F=6, P=0, R=0, loss=1.3283]Training:  31%|███       | 1836/6000 [09:36<15:35,  4.45it/s, F=6, P=0, R=0, loss=1.3283]Training:  31%|███       | 1837/6000 [09:36<15:19,  4.53it/s, F=6, P=0, R=0, loss=1.3283]Training:  31%|███       | 1838/6000 [09:36<15:17,  4.54it/s, F=6, P=0, R=0, loss=1.3283]Training:  31%|███       | 1839/6000 [09:37<15:18,  4.53it/s, F=6, P=0, R=0, loss=1.3283]Training:  31%|███       | 1840/6000 [09:37<14:58,  4.63it/s, F=6, P=0, R=0, loss=1.3283]Training:  31%|███       | 1840/6000 [09:37<14:58,  4.63it/s, F=6, P=0, R=0, loss=1.2534]Training:  31%|███       | 1841/6000 [09:37<14:48,  4.68it/s, F=6, P=0, R=0, loss=1.2534]Training:  31%|███       | 1842/6000 [09:37<14:40,  4.72it/s, F=6, P=0, R=0, loss=1.2534]Training:  31%|███       | 1843/6000 [09:38<15:00,  4.62it/s, F=6, P=0, R=0, loss=1.2534]Training:  31%|███       | 1844/6000 [09:38<14:59,  4.62it/s, F=6, P=0, R=0, loss=1.2534]Training:  31%|███       | 1845/6000 [09:38<14:39,  4.73it/s, F=6, P=0, R=0, loss=1.2534]Training:  31%|███       | 1846/6000 [09:38<15:12,  4.55it/s, F=6, P=0, R=0, loss=1.2534]Training:  31%|███       | 1847/6000 [09:38<15:13,  4.54it/s, F=6, P=0, R=0, loss=1.2534]Training:  31%|███       | 1848/6000 [09:39<14:54,  4.64it/s, F=6, P=0, R=0, loss=1.2534]Training:  31%|███       | 1849/6000 [09:39<15:16,  4.53it/s, F=6, P=0, R=0, loss=1.2534]Training:  31%|███       | 1850/6000 [09:39<15:11,  4.55it/s, F=6, P=0, R=0, loss=1.2534]Training:  31%|███       | 1851/6000 [09:39<14:49,  4.66it/s, F=6, P=0, R=0, loss=1.2534]Training:  31%|███       | 1852/6000 [09:39<14:50,  4.66it/s, F=6, P=0, R=0, loss=1.2534]Training:  31%|███       | 1853/6000 [09:40<15:18,  4.51it/s, F=6, P=0, R=0, loss=1.2534]Training:  31%|███       | 1854/6000 [09:40<15:37,  4.42it/s, F=6, P=0, R=0, loss=1.2534]Training:  31%|███       | 1855/6000 [09:40<15:47,  4.37it/s, F=6, P=0, R=0, loss=1.2534]Training:  31%|███       | 1856/6000 [09:40<15:47,  4.38it/s, F=6, P=0, R=0, loss=1.2534]Training:  31%|███       | 1857/6000 [09:41<15:34,  4.44it/s, F=6, P=0, R=0, loss=1.2534]Training:  31%|███       | 1858/6000 [09:41<15:00,  4.60it/s, F=6, P=0, R=0, loss=1.2534]Training:  31%|███       | 1859/6000 [09:41<15:05,  4.57it/s, F=6, P=0, R=0, loss=1.2534]Training:  31%|███       | 1860/6000 [09:41<14:49,  4.66it/s, F=6, P=0, R=0, loss=1.2534]Training:  31%|███       | 1860/6000 [09:41<14:49,  4.66it/s, F=6, P=0, R=0, loss=1.2834]Training:  31%|███       | 1861/6000 [09:41<14:41,  4.70it/s, F=6, P=0, R=0, loss=1.2834]Training:  31%|███       | 1862/6000 [09:42<14:36,  4.72it/s, F=6, P=0, R=0, loss=1.2834]Training:  31%|███       | 1863/6000 [09:42<15:46,  4.37it/s, F=6, P=0, R=0, loss=1.2834]Training:  31%|███       | 1864/6000 [09:42<16:55,  4.07it/s, F=6, P=0, R=0, loss=1.2834]Training:  31%|███       | 1865/6000 [09:42<16:30,  4.17it/s, F=6, P=0, R=0, loss=1.2834]Training:  31%|███       | 1866/6000 [09:43<15:57,  4.32it/s, F=6, P=0, R=0, loss=1.2834]Training:  31%|███       | 1867/6000 [09:43<15:34,  4.42it/s, F=6, P=0, R=0, loss=1.2834]Training:  31%|███       | 1868/6000 [09:43<15:54,  4.33it/s, F=6, P=0, R=0, loss=1.2834]Training:  31%|███       | 1869/6000 [09:43<15:25,  4.46it/s, F=6, P=0, R=0, loss=1.2834]Training:  31%|███       | 1870/6000 [09:44<14:57,  4.60it/s, F=6, P=0, R=0, loss=1.2834]Training:  31%|███       | 1871/6000 [09:44<14:38,  4.70it/s, F=6, P=0, R=0, loss=1.2834]Training:  31%|███       | 1872/6000 [09:44<15:09,  4.54it/s, F=6, P=0, R=0, loss=1.2834]Training:  31%|███       | 1873/6000 [09:44<14:47,  4.65it/s, F=6, P=0, R=0, loss=1.2834]Training:  31%|███       | 1874/6000 [09:44<14:56,  4.60it/s, F=6, P=0, R=0, loss=1.2834]Training:  31%|███▏      | 1875/6000 [09:45<15:33,  4.42it/s, F=6, P=0, R=0, loss=1.2834]Training:  31%|███▏      | 1876/6000 [09:45<15:20,  4.48it/s, F=6, P=0, R=0, loss=1.2834]Training:  31%|███▏      | 1877/6000 [09:45<14:56,  4.60it/s, F=6, P=0, R=0, loss=1.2834]Training:  31%|███▏      | 1878/6000 [09:45<15:06,  4.55it/s, F=6, P=0, R=0, loss=1.2834]Training:  31%|███▏      | 1879/6000 [09:46<14:48,  4.64it/s, F=6, P=0, R=0, loss=1.2834]Training:  31%|███▏      | 1880/6000 [09:46<14:33,  4.72it/s, F=6, P=0, R=0, loss=1.2834]Training:  31%|███▏      | 1880/6000 [09:46<14:33,  4.72it/s, F=6, P=0, R=0, loss=1.2494]Training:  31%|███▏      | 1881/6000 [09:46<14:16,  4.81it/s, F=6, P=0, R=0, loss=1.2494]Training:  31%|███▏      | 1882/6000 [09:46<14:52,  4.61it/s, F=6, P=0, R=0, loss=1.2494]Training:  31%|███▏      | 1883/6000 [09:46<14:52,  4.61it/s, F=6, P=0, R=0, loss=1.2494]Training:  31%|███▏      | 1884/6000 [09:47<14:39,  4.68it/s, F=6, P=0, R=0, loss=1.2494]Training:  31%|███▏      | 1885/6000 [09:47<14:59,  4.58it/s, F=6, P=0, R=0, loss=1.2494]Training:  31%|███▏      | 1886/6000 [09:47<15:03,  4.56it/s, F=6, P=0, R=0, loss=1.2494]Training:  31%|███▏      | 1887/6000 [09:47<14:57,  4.58it/s, F=6, P=0, R=0, loss=1.2494]Training:  31%|███▏      | 1888/6000 [09:47<14:50,  4.62it/s, F=6, P=0, R=0, loss=1.2494]Training:  31%|███▏      | 1889/6000 [09:48<15:09,  4.52it/s, F=6, P=0, R=0, loss=1.2494]Training:  32%|███▏      | 1890/6000 [09:48<15:01,  4.56it/s, F=6, P=0, R=0, loss=1.2494]Training:  32%|███▏      | 1891/6000 [09:48<14:42,  4.66it/s, F=6, P=0, R=0, loss=1.2494]Training:  32%|███▏      | 1892/6000 [09:48<15:09,  4.52it/s, F=6, P=0, R=0, loss=1.2494]Training:  32%|███▏      | 1893/6000 [09:49<15:01,  4.55it/s, F=6, P=0, R=0, loss=1.2494]Training:  32%|███▏      | 1894/6000 [09:49<14:59,  4.57it/s, F=6, P=0, R=0, loss=1.2494]Training:  32%|███▏      | 1895/6000 [09:49<15:24,  4.44it/s, F=6, P=0, R=0, loss=1.2494]Training:  32%|███▏      | 1896/6000 [09:49<15:11,  4.50it/s, F=6, P=0, R=0, loss=1.2494]Training:  32%|███▏      | 1897/6000 [09:49<15:00,  4.56it/s, F=6, P=0, R=0, loss=1.2494]Training:  32%|███▏      | 1898/6000 [09:50<14:55,  4.58it/s, F=6, P=0, R=0, loss=1.2494]Training:  32%|███▏      | 1899/6000 [09:50<15:10,  4.50it/s, F=6, P=0, R=0, loss=1.2494]Training:  32%|███▏      | 1900/6000 [09:50<15:08,  4.51it/s, F=6, P=0, R=0, loss=1.2494]Training:  32%|███▏      | 1900/6000 [09:50<15:08,  4.51it/s, F=6, P=0, R=0, loss=1.3198]Training:  32%|███▏      | 1901/6000 [09:50<15:07,  4.52it/s, F=6, P=0, R=0, loss=1.3198]Training:  32%|███▏      | 1902/6000 [09:51<15:32,  4.39it/s, F=6, P=0, R=0, loss=1.3198]Training:  32%|███▏      | 1903/6000 [09:51<15:16,  4.47it/s, F=6, P=0, R=0, loss=1.3198]Training:  32%|███▏      | 1904/6000 [09:51<15:19,  4.46it/s, F=6, P=0, R=0, loss=1.3198]Training:  32%|███▏      | 1905/6000 [09:51<15:36,  4.37it/s, F=6, P=0, R=0, loss=1.3198]Training:  32%|███▏      | 1906/6000 [09:51<15:18,  4.46it/s, F=6, P=0, R=0, loss=1.3198]Training:  32%|███▏      | 1907/6000 [09:52<15:01,  4.54it/s, F=6, P=0, R=0, loss=1.3198]Training:  32%|███▏      | 1908/6000 [09:52<15:18,  4.45it/s, F=6, P=0, R=0, loss=1.3198]Training:  32%|███▏      | 1909/6000 [09:52<15:00,  4.54it/s, F=6, P=0, R=0, loss=1.3198]Training:  32%|███▏      | 1910/6000 [09:52<14:47,  4.61it/s, F=6, P=0, R=0, loss=1.3198]Training:  32%|███▏      | 1911/6000 [09:53<14:38,  4.65it/s, F=6, P=0, R=0, loss=1.3198]Training:  32%|███▏      | 1912/6000 [09:53<14:46,  4.61it/s, F=6, P=0, R=0, loss=1.3198]Training:  32%|███▏      | 1913/6000 [09:53<14:42,  4.63it/s, F=6, P=0, R=0, loss=1.3198]Training:  32%|███▏      | 1914/6000 [09:53<14:41,  4.64it/s, F=6, P=0, R=0, loss=1.3198]Training:  32%|███▏      | 1915/6000 [09:53<15:03,  4.52it/s, F=6, P=0, R=0, loss=1.3198]Training:  32%|███▏      | 1916/6000 [09:54<15:07,  4.50it/s, F=6, P=0, R=0, loss=1.3198]Training:  32%|███▏      | 1917/6000 [09:54<14:58,  4.55it/s, F=6, P=0, R=0, loss=1.3198]Training:  32%|███▏      | 1918/6000 [09:54<15:28,  4.40it/s, F=6, P=0, R=0, loss=1.3198]Training:  32%|███▏      | 1919/6000 [09:54<14:52,  4.57it/s, F=6, P=0, R=0, loss=1.3198]Training:  32%|███▏      | 1920/6000 [09:55<15:04,  4.51it/s, F=6, P=0, R=0, loss=1.3198]Training:  32%|███▏      | 1920/6000 [09:55<15:04,  4.51it/s, F=6, P=0, R=0, loss=1.2498]Training:  32%|███▏      | 1921/6000 [09:55<14:47,  4.59it/s, F=6, P=0, R=0, loss=1.2498]Training:  32%|███▏      | 1922/6000 [09:55<14:36,  4.65it/s, F=6, P=0, R=0, loss=1.2498]Training:  32%|███▏      | 1923/6000 [09:55<15:27,  4.39it/s, F=6, P=0, R=0, loss=1.2498]Training:  32%|███▏      | 1924/6000 [09:55<15:14,  4.46it/s, F=6, P=0, R=0, loss=1.2498]Training:  32%|███▏      | 1925/6000 [09:56<15:39,  4.34it/s, F=6, P=0, R=0, loss=1.2498]Training:  32%|███▏      | 1926/6000 [09:56<15:24,  4.41it/s, F=6, P=0, R=0, loss=1.2498]Training:  32%|███▏      | 1927/6000 [09:56<15:15,  4.45it/s, F=6, P=0, R=0, loss=1.2498]Training:  32%|███▏      | 1928/6000 [09:56<15:20,  4.42it/s, F=6, P=0, R=0, loss=1.2498]Training:  32%|███▏      | 1929/6000 [09:57<15:00,  4.52it/s, F=6, P=0, R=0, loss=1.2498]Training:  32%|███▏      | 1930/6000 [09:57<14:41,  4.62it/s, F=6, P=0, R=0, loss=1.2498]Training:  32%|███▏      | 1931/6000 [09:57<14:20,  4.73it/s, F=6, P=0, R=0, loss=1.2498]Training:  32%|███▏      | 1932/6000 [09:57<14:44,  4.60it/s, F=6, P=0, R=0, loss=1.2498]Training:  32%|███▏      | 1933/6000 [09:57<14:29,  4.68it/s, F=6, P=0, R=0, loss=1.2498]Training:  32%|███▏      | 1934/6000 [09:58<14:30,  4.67it/s, F=6, P=0, R=0, loss=1.2498]Training:  32%|███▏      | 1935/6000 [09:58<14:57,  4.53it/s, F=6, P=0, R=0, loss=1.2498]Training:  32%|███▏      | 1936/6000 [09:58<14:41,  4.61it/s, F=6, P=0, R=0, loss=1.2498]Training:  32%|███▏      | 1937/6000 [09:58<14:42,  4.60it/s, F=6, P=0, R=0, loss=1.2498]Training:  32%|███▏      | 1938/6000 [09:58<14:48,  4.57it/s, F=6, P=0, R=0, loss=1.2498]Training:  32%|███▏      | 1939/6000 [09:59<14:27,  4.68it/s, F=6, P=0, R=0, loss=1.2498]Training:  32%|███▏      | 1940/6000 [09:59<14:27,  4.68it/s, F=6, P=0, R=0, loss=1.2498]Training:  32%|███▏      | 1940/6000 [09:59<14:27,  4.68it/s, F=6, P=0, R=0, loss=1.2788]Training:  32%|███▏      | 1941/6000 [09:59<14:18,  4.73it/s, F=6, P=0, R=0, loss=1.2788]Training:  32%|███▏      | 1942/6000 [09:59<14:26,  4.68it/s, F=6, P=0, R=0, loss=1.2788]Training:  32%|███▏      | 1943/6000 [10:00<14:29,  4.67it/s, F=6, P=0, R=0, loss=1.2788]Training:  32%|███▏      | 1944/6000 [10:00<14:34,  4.64it/s, F=6, P=0, R=0, loss=1.2788]Training:  32%|███▏      | 1945/6000 [10:00<14:59,  4.51it/s, F=6, P=0, R=0, loss=1.2788]Training:  32%|███▏      | 1946/6000 [10:00<14:48,  4.56it/s, F=6, P=0, R=0, loss=1.2788]Training:  32%|███▏      | 1947/6000 [10:00<14:42,  4.59it/s, F=6, P=0, R=0, loss=1.2788]Training:  32%|███▏      | 1948/6000 [10:01<14:37,  4.62it/s, F=6, P=0, R=0, loss=1.2788]Training:  32%|███▏      | 1949/6000 [10:01<14:42,  4.59it/s, F=6, P=0, R=0, loss=1.2788]Training:  32%|███▎      | 1950/6000 [10:01<15:07,  4.46it/s, F=6, P=0, R=0, loss=1.2788]Training:  33%|███▎      | 1951/6000 [10:01<14:43,  4.58it/s, F=6, P=0, R=0, loss=1.2788]Training:  33%|███▎      | 1952/6000 [10:02<14:49,  4.55it/s, F=6, P=0, R=0, loss=1.2788]Training:  33%|███▎      | 1953/6000 [10:02<15:00,  4.50it/s, F=6, P=0, R=0, loss=1.2788]Training:  33%|███▎      | 1954/6000 [10:02<15:01,  4.49it/s, F=6, P=0, R=0, loss=1.2788]Training:  33%|███▎      | 1955/6000 [10:02<14:52,  4.53it/s, F=6, P=0, R=0, loss=1.2788]Training:  33%|███▎      | 1956/6000 [10:02<14:45,  4.57it/s, F=6, P=0, R=0, loss=1.2788]Training:  33%|███▎      | 1957/6000 [10:03<14:43,  4.57it/s, F=6, P=0, R=0, loss=1.2788]Training:  33%|███▎      | 1958/6000 [10:03<14:34,  4.62it/s, F=6, P=0, R=0, loss=1.2788]Training:  33%|███▎      | 1959/6000 [10:03<14:17,  4.71it/s, F=6, P=0, R=0, loss=1.2788]Training:  33%|███▎      | 1960/6000 [10:03<14:44,  4.57it/s, F=6, P=0, R=0, loss=1.2788]Training:  33%|███▎      | 1960/6000 [10:03<14:44,  4.57it/s, F=6, P=0, R=0, loss=1.2424]Training:  33%|███▎      | 1961/6000 [10:03<14:20,  4.70it/s, F=6, P=0, R=0, loss=1.2424]Training:  33%|███▎      | 1962/6000 [10:04<14:21,  4.69it/s, F=6, P=0, R=0, loss=1.2424]Training:  33%|███▎      | 1963/6000 [10:04<14:52,  4.52it/s, F=6, P=0, R=0, loss=1.2424]Training:  33%|███▎      | 1964/6000 [10:04<14:34,  4.61it/s, F=6, P=0, R=0, loss=1.2424]Training:  33%|███▎      | 1965/6000 [10:04<14:33,  4.62it/s, F=6, P=0, R=0, loss=1.2424]Training:  33%|███▎      | 1966/6000 [10:05<15:02,  4.47it/s, F=6, P=0, R=0, loss=1.2424]Training:  33%|███▎      | 1967/6000 [10:05<14:54,  4.51it/s, F=6, P=0, R=0, loss=1.2424]Training:  33%|███▎      | 1968/6000 [10:05<14:42,  4.57it/s, F=6, P=0, R=0, loss=1.2424]Training:  33%|███▎      | 1969/6000 [10:05<14:31,  4.63it/s, F=6, P=0, R=0, loss=1.2424]Training:  33%|███▎      | 1970/6000 [10:05<14:54,  4.50it/s, F=6, P=0, R=0, loss=1.2424]Training:  33%|███▎      | 1971/6000 [10:06<14:32,  4.62it/s, F=6, P=0, R=0, loss=1.2424]Training:  33%|███▎      | 1972/6000 [10:06<14:27,  4.64it/s, F=6, P=0, R=0, loss=1.2424]Training:  33%|███▎      | 1973/6000 [10:06<15:09,  4.43it/s, F=6, P=0, R=0, loss=1.2424]Training:  33%|███▎      | 1974/6000 [10:06<14:53,  4.51it/s, F=6, P=0, R=0, loss=1.2424]Training:  33%|███▎      | 1975/6000 [10:07<15:05,  4.45it/s, F=6, P=0, R=0, loss=1.2424]Training:  33%|███▎      | 1976/6000 [10:07<14:53,  4.51it/s, F=6, P=0, R=0, loss=1.2424]Training:  33%|███▎      | 1977/6000 [10:07<14:41,  4.57it/s, F=6, P=0, R=0, loss=1.2424]Training:  33%|███▎      | 1978/6000 [10:07<15:04,  4.44it/s, F=6, P=0, R=0, loss=1.2424]Training:  33%|███▎      | 1979/6000 [10:08<17:25,  3.85it/s, F=6, P=0, R=0, loss=1.2424]Training:  33%|███▎      | 1980/6000 [10:08<16:54,  3.96it/s, F=6, P=0, R=0, loss=1.2424]Training:  33%|███▎      | 1980/6000 [10:08<16:54,  3.96it/s, F=6, P=0, R=0, loss=1.3119]Training:  33%|███▎      | 1981/6000 [10:08<16:12,  4.13it/s, F=6, P=0, R=0, loss=1.3119]Training:  33%|███▎      | 1982/6000 [10:08<15:40,  4.27it/s, F=6, P=0, R=0, loss=1.3119]Training:  33%|███▎      | 1983/6000 [10:08<15:43,  4.26it/s, F=6, P=0, R=0, loss=1.3119]Training:  33%|███▎      | 1984/6000 [10:09<15:33,  4.30it/s, F=6, P=0, R=0, loss=1.3119]Training:  33%|███▎      | 1985/6000 [10:09<15:25,  4.34it/s, F=6, P=0, R=0, loss=1.3119]Training:  33%|███▎      | 1986/6000 [10:09<14:59,  4.46it/s, F=6, P=0, R=0, loss=1.3119]Training:  33%|███▎      | 1987/6000 [10:09<14:55,  4.48it/s, F=6, P=0, R=0, loss=1.3119]Training:  33%|███▎      | 1988/6000 [10:10<14:43,  4.54it/s, F=6, P=0, R=0, loss=1.3119]Training:  33%|███▎      | 1989/6000 [10:10<14:30,  4.61it/s, F=6, P=0, R=0, loss=1.3119]Training:  33%|███▎      | 1990/6000 [10:10<14:43,  4.54it/s, F=6, P=0, R=0, loss=1.3119]Training:  33%|███▎      | 1991/6000 [10:10<14:30,  4.60it/s, F=6, P=0, R=0, loss=1.3119]Training:  33%|███▎      | 1992/6000 [10:10<14:25,  4.63it/s, F=6, P=0, R=0, loss=1.3119]Training:  33%|███▎      | 1993/6000 [10:11<14:49,  4.50it/s, F=6, P=0, R=0, loss=1.3119]Training:  33%|███▎      | 1994/6000 [10:11<14:46,  4.52it/s, F=6, P=0, R=0, loss=1.3119]Training:  33%|███▎      | 1995/6000 [10:11<14:33,  4.59it/s, F=6, P=0, R=0, loss=1.3119]Training:  33%|███▎      | 1996/6000 [10:11<14:30,  4.60it/s, F=6, P=0, R=0, loss=1.3119]Training:  33%|███▎      | 1997/6000 [10:12<14:49,  4.50it/s, F=6, P=0, R=0, loss=1.3119]Training:  33%|███▎      | 1998/6000 [10:12<14:42,  4.53it/s, F=6, P=0, R=0, loss=1.3119]Training:  33%|███▎      | 1999/6000 [10:12<14:13,  4.69it/s, F=6, P=0, R=0, loss=1.3119]Training:  33%|███▎      | 2000/6000 [13:06<58:19:06, 52.49s/it, val_loss=1.496]         Training:  33%|███▎      | 2000/6000 [13:07<58:19:06, 52.49s/it, F=0, P=0, R=6, loss=4.4425][2026-09-19 11:47:02,711][hivemind.checkpoint][INFO] - checkpoint saved: runs/baselines_small_v1_live/trihope-seed1337/checkpoints/step_00002000
Training:  33%|███▎      | 2001/6000 [13:11<42:18:40, 38.09s/it, val_loss=1.495]            Training:  33%|███▎      | 2002/6000 [13:11<29:41:21, 26.73s/it, val_loss=1.495]Training:  33%|███▎      | 2003/6000 [13:11<20:50:57, 18.78s/it, val_loss=1.495]Training:  33%|███▎      | 2004/6000 [13:12<14:39:48, 13.21s/it, val_loss=1.495]Training:  33%|███▎      | 2005/6000 [13:12<10:20:34,  9.32s/it, val_loss=1.495]Training:  33%|███▎      | 2006/6000 [13:12<7:18:43,  6.59s/it, val_loss=1.495] Training:  33%|███▎      | 2007/6000 [13:12<5:11:51,  4.69s/it, val_loss=1.495]Training:  33%|███▎      | 2008/6000 [13:13<3:42:39,  3.35s/it, val_loss=1.495]Training:  33%|███▎      | 2009/6000 [13:13<2:40:10,  2.41s/it, val_loss=1.495]Training:  34%|███▎      | 2010/6000 [13:13<1:56:52,  1.76s/it, val_loss=1.495]Training:  34%|███▎      | 2011/6000 [13:13<1:26:06,  1.30s/it, val_loss=1.495]Training:  34%|███▎      | 2012/6000 [13:13<1:04:35,  1.03it/s, val_loss=1.495]Training:  34%|███▎      | 2013/6000 [13:14<50:01,  1.33it/s, val_loss=1.495]  Training:  34%|███▎      | 2014/6000 [13:14<39:21,  1.69it/s, val_loss=1.495]Training:  34%|███▎      | 2015/6000 [13:14<32:37,  2.04it/s, val_loss=1.495]Training:  34%|███▎      | 2016/6000 [13:14<27:41,  2.40it/s, val_loss=1.495]Training:  34%|███▎      | 2017/6000 [13:15<24:12,  2.74it/s, val_loss=1.495]Training:  34%|███▎      | 2018/6000 [13:15<21:49,  3.04it/s, val_loss=1.495]Training:  34%|███▎      | 2019/6000 [13:15<19:34,  3.39it/s, val_loss=1.495]Training:  34%|███▎      | 2020/6000 [13:15<18:32,  3.58it/s, val_loss=1.495]Training:  34%|███▎      | 2020/6000 [13:16<18:32,  3.58it/s, F=6, P=0, R=0, loss=3.7197]Training:  34%|███▎      | 2021/6000 [13:16<17:19,  3.83it/s, F=6, P=0, R=0, loss=3.7197]Training:  34%|███▎      | 2022/6000 [13:16<16:29,  4.02it/s, F=6, P=0, R=0, loss=3.7197]Training:  34%|███▎      | 2023/6000 [13:16<16:20,  4.06it/s, F=6, P=0, R=0, loss=3.7197]Training:  34%|███▎      | 2024/6000 [13:16<15:45,  4.21it/s, F=6, P=0, R=0, loss=3.7197]Training:  34%|███▍      | 2025/6000 [13:16<15:22,  4.31it/s, F=6, P=0, R=0, loss=3.7197]Training:  34%|███▍      | 2026/6000 [13:17<15:24,  4.30it/s, F=6, P=0, R=0, loss=3.7197]Training:  34%|███▍      | 2027/6000 [13:17<15:09,  4.37it/s, F=6, P=0, R=0, loss=3.7197]Training:  34%|███▍      | 2028/6000 [13:17<14:57,  4.43it/s, F=6, P=0, R=0, loss=3.7197]Training:  34%|███▍      | 2029/6000 [13:17<14:45,  4.48it/s, F=6, P=0, R=0, loss=3.7197]Training:  34%|███▍      | 2030/6000 [13:18<14:51,  4.45it/s, F=6, P=0, R=0, loss=3.7197]Training:  34%|███▍      | 2031/6000 [13:18<14:44,  4.49it/s, F=6, P=0, R=0, loss=3.7197]Training:  34%|███▍      | 2032/6000 [13:18<15:11,  4.35it/s, F=6, P=0, R=0, loss=3.7197]Training:  34%|███▍      | 2033/6000 [13:18<14:54,  4.43it/s, F=6, P=0, R=0, loss=3.7197]Training:  34%|███▍      | 2034/6000 [13:18<14:45,  4.48it/s, F=6, P=0, R=0, loss=3.7197]Training:  34%|███▍      | 2035/6000 [13:19<15:02,  4.39it/s, F=6, P=0, R=0, loss=3.7197]Training:  34%|███▍      | 2036/6000 [13:19<14:48,  4.46it/s, F=6, P=0, R=0, loss=3.7197]Training:  34%|███▍      | 2037/6000 [13:19<15:35,  4.24it/s, F=6, P=0, R=0, loss=3.7197]Training:  34%|███▍      | 2038/6000 [13:19<15:49,  4.17it/s, F=6, P=0, R=0, loss=3.7197]Training:  34%|███▍      | 2039/6000 [13:20<15:22,  4.29it/s, F=6, P=0, R=0, loss=3.7197]Training:  34%|███▍      | 2040/6000 [13:20<15:33,  4.24it/s, F=6, P=0, R=0, loss=3.7197]Training:  34%|███▍      | 2040/6000 [13:20<15:33,  4.24it/s, F=0, P=0, R=6, loss=3.2901]Training:  34%|███▍      | 2041/6000 [13:20<15:13,  4.34it/s, F=0, P=0, R=6, loss=3.2901]Training:  34%|███▍      | 2042/6000 [13:20<15:21,  4.29it/s, F=0, P=0, R=6, loss=3.2901]Training:  34%|███▍      | 2043/6000 [13:21<15:06,  4.37it/s, F=0, P=0, R=6, loss=3.2901]Training:  34%|███▍      | 2044/6000 [13:21<15:03,  4.38it/s, F=0, P=0, R=6, loss=3.2901]Training:  34%|███▍      | 2045/6000 [13:21<15:23,  4.28it/s, F=0, P=0, R=6, loss=3.2901]Training:  34%|███▍      | 2046/6000 [13:21<15:33,  4.24it/s, F=0, P=0, R=6, loss=3.2901]Training:  34%|███▍      | 2047/6000 [13:22<15:57,  4.13it/s, F=0, P=0, R=6, loss=3.2901]Training:  34%|███▍      | 2048/6000 [13:22<15:28,  4.25it/s, F=0, P=0, R=6, loss=3.2901]Training:  34%|███▍      | 2049/6000 [13:22<15:09,  4.34it/s, F=0, P=0, R=6, loss=3.2901]Training:  34%|███▍      | 2050/6000 [13:22<15:23,  4.28it/s, F=0, P=0, R=6, loss=3.2901]Training:  34%|███▍      | 2051/6000 [13:22<15:00,  4.39it/s, F=0, P=0, R=6, loss=3.2901]Training:  34%|███▍      | 2052/6000 [13:23<14:47,  4.45it/s, F=0, P=0, R=6, loss=3.2901]Training:  34%|███▍      | 2053/6000 [13:23<15:07,  4.35it/s, F=0, P=0, R=6, loss=3.2901]Training:  34%|███▍      | 2054/6000 [13:23<15:13,  4.32it/s, F=0, P=0, R=6, loss=3.2901]Training:  34%|███▍      | 2055/6000 [13:23<14:56,  4.40it/s, F=0, P=0, R=6, loss=3.2901]Training:  34%|███▍      | 2056/6000 [13:24<15:14,  4.31it/s, F=0, P=0, R=6, loss=3.2901]Training:  34%|███▍      | 2057/6000 [13:24<14:57,  4.39it/s, F=0, P=0, R=6, loss=3.2901]Training:  34%|███▍      | 2058/6000 [13:24<14:44,  4.46it/s, F=0, P=0, R=6, loss=3.2901]Training:  34%|███▍      | 2059/6000 [13:24<15:05,  4.35it/s, F=0, P=0, R=6, loss=3.2901]Training:  34%|███▍      | 2060/6000 [13:24<15:20,  4.28it/s, F=0, P=0, R=6, loss=3.2901]Training:  34%|███▍      | 2060/6000 [13:25<15:20,  4.28it/s, F=6, P=0, R=0, loss=2.9862]Training:  34%|███▍      | 2061/6000 [13:25<15:01,  4.37it/s, F=6, P=0, R=0, loss=2.9862]Training:  34%|███▍      | 2062/6000 [13:25<14:47,  4.44it/s, F=6, P=0, R=0, loss=2.9862]Training:  34%|███▍      | 2063/6000 [13:25<15:09,  4.33it/s, F=6, P=0, R=0, loss=2.9862]Training:  34%|███▍      | 2064/6000 [13:25<14:52,  4.41it/s, F=6, P=0, R=0, loss=2.9862]Training:  34%|███▍      | 2065/6000 [13:26<14:41,  4.46it/s, F=6, P=0, R=0, loss=2.9862]Training:  34%|███▍      | 2066/6000 [13:26<14:53,  4.40it/s, F=6, P=0, R=0, loss=2.9862]Training:  34%|███▍      | 2067/6000 [13:26<14:47,  4.43it/s, F=6, P=0, R=0, loss=2.9862]Training:  34%|███▍      | 2068/6000 [13:26<14:38,  4.47it/s, F=6, P=0, R=0, loss=2.9862]Training:  34%|███▍      | 2069/6000 [13:26<14:26,  4.54it/s, F=6, P=0, R=0, loss=2.9862]Training:  34%|███▍      | 2070/6000 [13:27<14:45,  4.44it/s, F=6, P=0, R=0, loss=2.9862]Training:  35%|███▍      | 2071/6000 [13:27<14:35,  4.49it/s, F=6, P=0, R=0, loss=2.9862]Training:  35%|███▍      | 2072/6000 [13:27<14:29,  4.52it/s, F=6, P=0, R=0, loss=2.9862]Training:  35%|███▍      | 2073/6000 [13:27<14:51,  4.40it/s, F=6, P=0, R=0, loss=2.9862]Training:  35%|███▍      | 2074/6000 [13:28<15:11,  4.31it/s, F=6, P=0, R=0, loss=2.9862]Training:  35%|███▍      | 2075/6000 [13:28<14:54,  4.39it/s, F=6, P=0, R=0, loss=2.9862]Training:  35%|███▍      | 2076/6000 [13:28<14:41,  4.45it/s, F=6, P=0, R=0, loss=2.9862]Training:  35%|███▍      | 2077/6000 [13:28<15:00,  4.36it/s, F=6, P=0, R=0, loss=2.9862]Training:  35%|███▍      | 2078/6000 [13:29<15:38,  4.18it/s, F=6, P=0, R=0, loss=2.9862]Training:  35%|███▍      | 2079/6000 [13:29<16:04,  4.07it/s, F=6, P=0, R=0, loss=2.9862]Training:  35%|███▍      | 2080/6000 [13:29<16:03,  4.07it/s, F=6, P=0, R=0, loss=2.9862]Training:  35%|███▍      | 2080/6000 [13:29<16:03,  4.07it/s, F=4, P=0, R=2, loss=2.7750]Training:  35%|███▍      | 2081/6000 [13:29<15:29,  4.21it/s, F=4, P=0, R=2, loss=2.7750]Training:  35%|███▍      | 2082/6000 [13:30<15:07,  4.32it/s, F=4, P=0, R=2, loss=2.7750]Training:  35%|███▍      | 2083/6000 [13:30<15:21,  4.25it/s, F=4, P=0, R=2, loss=2.7750]Training:  35%|███▍      | 2084/6000 [13:30<15:03,  4.33it/s, F=4, P=0, R=2, loss=2.7750]Training:  35%|███▍      | 2085/6000 [13:30<14:50,  4.40it/s, F=4, P=0, R=2, loss=2.7750]Training:  35%|███▍      | 2086/6000 [13:30<14:56,  4.37it/s, F=4, P=0, R=2, loss=2.7750]Training:  35%|███▍      | 2087/6000 [13:31<14:41,  4.44it/s, F=4, P=0, R=2, loss=2.7750]Training:  35%|███▍      | 2088/6000 [13:31<14:31,  4.49it/s, F=4, P=0, R=2, loss=2.7750]Training:  35%|███▍      | 2089/6000 [13:31<14:47,  4.41it/s, F=4, P=0, R=2, loss=2.7750]Training:  35%|███▍      | 2090/6000 [13:31<14:59,  4.35it/s, F=4, P=0, R=2, loss=2.7750]Training:  35%|███▍      | 2091/6000 [13:32<15:17,  4.26it/s, F=4, P=0, R=2, loss=2.7750]Training:  35%|███▍      | 2092/6000 [13:32<15:27,  4.21it/s, F=4, P=0, R=2, loss=2.7750]Training:  35%|███▍      | 2093/6000 [13:32<15:00,  4.34it/s, F=4, P=0, R=2, loss=2.7750]Training:  35%|███▍      | 2094/6000 [13:32<15:16,  4.26it/s, F=4, P=0, R=2, loss=2.7750]Training:  35%|███▍      | 2095/6000 [13:33<14:56,  4.36it/s, F=4, P=0, R=2, loss=2.7750]Training:  35%|███▍      | 2096/6000 [13:33<14:43,  4.42it/s, F=4, P=0, R=2, loss=2.7750]Training:  35%|███▍      | 2097/6000 [13:33<15:04,  4.32it/s, F=4, P=0, R=2, loss=2.7750]Training:  35%|███▍      | 2098/6000 [13:33<14:49,  4.39it/s, F=4, P=0, R=2, loss=2.7750]Training:  35%|███▍      | 2099/6000 [13:33<14:43,  4.42it/s, F=4, P=0, R=2, loss=2.7750]Training:  35%|███▌      | 2100/6000 [13:34<14:34,  4.46it/s, F=4, P=0, R=2, loss=2.7750]Training:  35%|███▌      | 2100/6000 [13:34<14:34,  4.46it/s, F=2, P=0, R=4, loss=3.0673]Training:  35%|███▌      | 2101/6000 [13:34<14:44,  4.41it/s, F=2, P=0, R=4, loss=3.0673]Training:  35%|███▌      | 2102/6000 [13:34<15:07,  4.30it/s, F=2, P=0, R=4, loss=3.0673]Training:  35%|███▌      | 2103/6000 [13:34<14:51,  4.37it/s, F=2, P=0, R=4, loss=3.0673]Training:  35%|███▌      | 2104/6000 [13:35<14:40,  4.42it/s, F=2, P=0, R=4, loss=3.0673]Training:  35%|███▌      | 2105/6000 [13:35<15:07,  4.29it/s, F=2, P=0, R=4, loss=3.0673]Training:  35%|███▌      | 2106/6000 [13:35<14:50,  4.37it/s, F=2, P=0, R=4, loss=3.0673]Training:  35%|███▌      | 2107/6000 [13:35<14:42,  4.41it/s, F=2, P=0, R=4, loss=3.0673]Training:  35%|███▌      | 2108/6000 [13:35<15:03,  4.31it/s, F=2, P=0, R=4, loss=3.0673]Training:  35%|███▌      | 2109/6000 [13:36<14:46,  4.39it/s, F=2, P=0, R=4, loss=3.0673]Training:  35%|███▌      | 2110/6000 [13:36<14:50,  4.37it/s, F=2, P=0, R=4, loss=3.0673]Training:  35%|███▌      | 2111/6000 [13:36<15:10,  4.27it/s, F=2, P=0, R=4, loss=3.0673]Training:  35%|███▌      | 2112/6000 [13:36<14:53,  4.35it/s, F=2, P=0, R=4, loss=3.0673]Training:  35%|███▌      | 2113/6000 [13:37<15:11,  4.26it/s, F=2, P=0, R=4, loss=3.0673]Training:  35%|███▌      | 2114/6000 [13:37<14:52,  4.35it/s, F=2, P=0, R=4, loss=3.0673]Training:  35%|███▌      | 2115/6000 [13:37<14:39,  4.42it/s, F=2, P=0, R=4, loss=3.0673]Training:  35%|███▌      | 2116/6000 [13:37<14:55,  4.34it/s, F=2, P=0, R=4, loss=3.0673]Training:  35%|███▌      | 2117/6000 [13:38<14:40,  4.41it/s, F=2, P=0, R=4, loss=3.0673]Training:  35%|███▌      | 2118/6000 [13:38<15:04,  4.29it/s, F=2, P=0, R=4, loss=3.0673]Training:  35%|███▌      | 2119/6000 [13:38<14:48,  4.37it/s, F=2, P=0, R=4, loss=3.0673]Training:  35%|███▌      | 2120/6000 [13:38<14:38,  4.41it/s, F=2, P=0, R=4, loss=3.0673]Training:  35%|███▌      | 2120/6000 [13:38<14:38,  4.41it/s, F=4, P=0, R=2, loss=2.8486]Training:  35%|███▌      | 2121/6000 [13:38<14:59,  4.31it/s, F=4, P=0, R=2, loss=2.8486]Training:  35%|███▌      | 2122/6000 [13:39<14:44,  4.39it/s, F=4, P=0, R=2, loss=2.8486]Training:  35%|███▌      | 2123/6000 [13:39<14:36,  4.42it/s, F=4, P=0, R=2, loss=2.8486]Training:  35%|███▌      | 2124/6000 [13:39<14:59,  4.31it/s, F=4, P=0, R=2, loss=2.8486]Training:  35%|███▌      | 2125/6000 [13:39<14:42,  4.39it/s, F=4, P=0, R=2, loss=2.8486]Training:  35%|███▌      | 2126/6000 [13:40<14:31,  4.45it/s, F=4, P=0, R=2, loss=2.8486]Training:  35%|███▌      | 2127/6000 [13:40<14:52,  4.34it/s, F=4, P=0, R=2, loss=2.8486]Training:  35%|███▌      | 2128/6000 [13:40<14:38,  4.41it/s, F=4, P=0, R=2, loss=2.8486]Training:  35%|███▌      | 2129/6000 [13:40<14:28,  4.46it/s, F=4, P=0, R=2, loss=2.8486]Training:  36%|███▌      | 2130/6000 [13:41<14:52,  4.33it/s, F=4, P=0, R=2, loss=2.8486]Training:  36%|███▌      | 2131/6000 [13:41<14:40,  4.40it/s, F=4, P=0, R=2, loss=2.8486]Training:  36%|███▌      | 2132/6000 [13:41<14:29,  4.45it/s, F=4, P=0, R=2, loss=2.8486]Training:  36%|███▌      | 2133/6000 [13:41<14:48,  4.35it/s, F=4, P=0, R=2, loss=2.8486]Training:  36%|███▌      | 2134/6000 [13:41<15:07,  4.26it/s, F=4, P=0, R=2, loss=2.8486]Training:  36%|███▌      | 2135/6000 [13:42<14:55,  4.32it/s, F=4, P=0, R=2, loss=2.8486]Training:  36%|███▌      | 2136/6000 [13:42<14:45,  4.36it/s, F=4, P=0, R=2, loss=2.8486]Training:  36%|███▌      | 2137/6000 [13:42<15:08,  4.25it/s, F=4, P=0, R=2, loss=2.8486]Training:  36%|███▌      | 2138/6000 [13:42<14:49,  4.34it/s, F=4, P=0, R=2, loss=2.8486]Training:  36%|███▌      | 2139/6000 [13:43<15:31,  4.14it/s, F=4, P=0, R=2, loss=2.8486]Training:  36%|███▌      | 2140/6000 [13:43<15:07,  4.25it/s, F=4, P=0, R=2, loss=2.8486]Training:  36%|███▌      | 2140/6000 [13:43<15:07,  4.25it/s, F=1, P=0, R=5, loss=2.8771]Training:  36%|███▌      | 2141/6000 [13:43<14:49,  4.34it/s, F=1, P=0, R=5, loss=2.8771]Training:  36%|███▌      | 2142/6000 [13:43<15:04,  4.27it/s, F=1, P=0, R=5, loss=2.8771]Training:  36%|███▌      | 2143/6000 [13:44<15:17,  4.20it/s, F=1, P=0, R=5, loss=2.8771]Training:  36%|███▌      | 2144/6000 [13:44<14:57,  4.30it/s, F=1, P=0, R=5, loss=2.8771]Training:  36%|███▌      | 2145/6000 [13:44<14:43,  4.36it/s, F=1, P=0, R=5, loss=2.8771]Training:  36%|███▌      | 2146/6000 [13:44<14:54,  4.31it/s, F=1, P=0, R=5, loss=2.8771]Training:  36%|███▌      | 2147/6000 [13:44<14:39,  4.38it/s, F=1, P=0, R=5, loss=2.8771]Training:  36%|███▌      | 2148/6000 [13:45<14:31,  4.42it/s, F=1, P=0, R=5, loss=2.8771]Training:  36%|███▌      | 2149/6000 [13:45<14:48,  4.33it/s, F=1, P=0, R=5, loss=2.8771]Training:  36%|███▌      | 2150/6000 [16:39<55:54:25, 52.28s/it, val_loss=1.478]         Training:  36%|███▌      | 2151/6000 [16:39<39:11:28, 36.66s/it, val_loss=1.478]Training:  36%|███▌      | 2152/6000 [16:39<27:29:47, 25.72s/it, val_loss=1.478]Training:  36%|███▌      | 2153/6000 [16:39<19:18:26, 18.07s/it, val_loss=1.478]Training:  36%|███▌      | 2154/6000 [16:39<13:34:11, 12.70s/it, val_loss=1.478]Training:  36%|███▌      | 2155/6000 [16:40<9:33:41,  8.95s/it, val_loss=1.478] Training:  36%|███▌      | 2156/6000 [16:40<6:44:59,  6.32s/it, val_loss=1.478]Training:  36%|███▌      | 2157/6000 [16:40<4:46:56,  4.48s/it, val_loss=1.478]Training:  36%|███▌      | 2158/6000 [16:40<3:24:48,  3.20s/it, val_loss=1.478]Training:  36%|███▌      | 2159/6000 [16:40<2:26:48,  2.29s/it, val_loss=1.478]Training:  36%|███▌      | 2160/6000 [16:41<1:46:24,  1.66s/it, val_loss=1.478]Training:  36%|███▌      | 2160/6000 [16:41<1:46:24,  1.66s/it, F=5, P=0, R=1, loss=2.3406]Training:  36%|███▌      | 2161/6000 [16:41<1:17:58,  1.22s/it, F=5, P=0, R=1, loss=2.3406]Training:  36%|███▌      | 2162/6000 [16:41<58:27,  1.09it/s, F=5, P=0, R=1, loss=2.3406]  Training:  36%|███▌      | 2163/6000 [16:41<44:27,  1.44it/s, F=5, P=0, R=1, loss=2.3406]Training:  36%|███▌      | 2164/6000 [16:41<34:46,  1.84it/s, F=5, P=0, R=1, loss=2.3406]Training:  36%|███▌      | 2165/6000 [16:42<28:15,  2.26it/s, F=5, P=0, R=1, loss=2.3406]Training:  36%|███▌      | 2166/6000 [16:42<23:33,  2.71it/s, F=5, P=0, R=1, loss=2.3406]Training:  36%|███▌      | 2167/6000 [16:42<19:56,  3.20it/s, F=5, P=0, R=1, loss=2.3406]Training:  36%|███▌      | 2168/6000 [16:42<17:35,  3.63it/s, F=5, P=0, R=1, loss=2.3406]Training:  36%|███▌      | 2169/6000 [16:42<16:17,  3.92it/s, F=5, P=0, R=1, loss=2.3406]Training:  36%|███▌      | 2170/6000 [16:43<15:01,  4.25it/s, F=5, P=0, R=1, loss=2.3406]Training:  36%|███▌      | 2171/6000 [16:43<16:04,  3.97it/s, F=5, P=0, R=1, loss=2.3406]Training:  36%|███▌      | 2172/6000 [16:43<17:31,  3.64it/s, F=5, P=0, R=1, loss=2.3406]Training:  36%|███▌      | 2173/6000 [16:43<15:44,  4.05it/s, F=5, P=0, R=1, loss=2.3406]Training:  36%|███▌      | 2174/6000 [16:44<17:04,  3.74it/s, F=5, P=0, R=1, loss=2.3406]Training:  36%|███▋      | 2175/6000 [16:44<15:49,  4.03it/s, F=5, P=0, R=1, loss=2.3406]Training:  36%|███▋      | 2176/6000 [16:44<14:35,  4.37it/s, F=5, P=0, R=1, loss=2.3406]Training:  36%|███▋      | 2177/6000 [16:44<13:43,  4.64it/s, F=5, P=0, R=1, loss=2.3406]Training:  36%|███▋      | 2178/6000 [16:44<13:43,  4.64it/s, F=5, P=0, R=1, loss=2.3406]Training:  36%|███▋      | 2179/6000 [16:45<13:11,  4.83it/s, F=5, P=0, R=1, loss=2.3406]Training:  36%|███▋      | 2180/6000 [16:45<12:48,  4.97it/s, F=5, P=0, R=1, loss=2.3406]Training:  36%|███▋      | 2180/6000 [16:45<12:48,  4.97it/s, F=0, P=0, R=6, loss=3.0928]Training:  36%|███▋      | 2181/6000 [16:45<12:47,  4.98it/s, F=0, P=0, R=6, loss=3.0928]Training:  36%|███▋      | 2182/6000 [16:45<15:36,  4.08it/s, F=0, P=0, R=6, loss=3.0928]Training:  36%|███▋      | 2183/6000 [16:46<14:48,  4.29it/s, F=0, P=0, R=6, loss=3.0928]Training:  36%|███▋      | 2184/6000 [16:46<13:53,  4.58it/s, F=0, P=0, R=6, loss=3.0928]Training:  36%|███▋      | 2185/6000 [16:46<13:13,  4.81it/s, F=0, P=0, R=6, loss=3.0928]Training:  36%|███▋      | 2186/6000 [16:46<13:08,  4.84it/s, F=0, P=0, R=6, loss=3.0928]Training:  36%|███▋      | 2187/6000 [16:46<12:37,  5.03it/s, F=0, P=0, R=6, loss=3.0928]Training:  36%|███▋      | 2188/6000 [16:47<12:38,  5.02it/s, F=0, P=0, R=6, loss=3.0928]Training:  36%|███▋      | 2189/6000 [16:47<12:22,  5.13it/s, F=0, P=0, R=6, loss=3.0928]Training:  36%|███▋      | 2190/6000 [16:47<12:14,  5.19it/s, F=0, P=0, R=6, loss=3.0928]Training:  37%|███▋      | 2191/6000 [16:47<12:26,  5.10it/s, F=0, P=0, R=6, loss=3.0928]Training:  37%|███▋      | 2192/6000 [16:47<12:34,  5.04it/s, F=0, P=0, R=6, loss=3.0928]Training:  37%|███▋      | 2193/6000 [16:47<12:18,  5.15it/s, F=0, P=0, R=6, loss=3.0928]Training:  37%|███▋      | 2194/6000 [16:48<12:04,  5.26it/s, F=0, P=0, R=6, loss=3.0928]Training:  37%|███▋      | 2195/6000 [16:48<12:27,  5.09it/s, F=0, P=0, R=6, loss=3.0928]Training:  37%|███▋      | 2196/6000 [16:48<12:28,  5.08it/s, F=0, P=0, R=6, loss=3.0928]Training:  37%|███▋      | 2197/6000 [16:48<12:11,  5.20it/s, F=0, P=0, R=6, loss=3.0928]Training:  37%|███▋      | 2198/6000 [16:48<12:11,  5.20it/s, F=0, P=0, R=6, loss=3.0928]Training:  37%|███▋      | 2199/6000 [16:49<12:23,  5.12it/s, F=0, P=0, R=6, loss=3.0928]Training:  37%|███▋      | 2200/6000 [16:49<12:07,  5.22it/s, F=0, P=0, R=6, loss=3.0928]Training:  37%|███▋      | 2200/6000 [16:49<12:07,  5.22it/s, F=1, P=0, R=5, loss=2.3738]Training:  37%|███▋      | 2201/6000 [16:49<14:02,  4.51it/s, F=1, P=0, R=5, loss=2.3738]Training:  37%|███▋      | 2202/6000 [16:49<13:42,  4.62it/s, F=1, P=0, R=5, loss=2.3738]Training:  37%|███▋      | 2203/6000 [16:50<13:33,  4.67it/s, F=1, P=0, R=5, loss=2.3738]Training:  37%|███▋      | 2204/6000 [16:50<13:39,  4.63it/s, F=1, P=0, R=5, loss=2.3738]Training:  37%|███▋      | 2205/6000 [16:50<13:01,  4.86it/s, F=1, P=0, R=5, loss=2.3738]Training:  37%|███▋      | 2206/6000 [16:50<12:29,  5.06it/s, F=1, P=0, R=5, loss=2.3738]Training:  37%|███▋      | 2207/6000 [16:50<12:39,  4.99it/s, F=1, P=0, R=5, loss=2.3738]Training:  37%|███▋      | 2208/6000 [16:51<12:29,  5.06it/s, F=1, P=0, R=5, loss=2.3738]Training:  37%|███▋      | 2209/6000 [16:51<12:16,  5.15it/s, F=1, P=0, R=5, loss=2.3738]Training:  37%|███▋      | 2210/6000 [16:51<14:24,  4.38it/s, F=1, P=0, R=5, loss=2.3738]Training:  37%|███▋      | 2211/6000 [16:51<15:54,  3.97it/s, F=1, P=0, R=5, loss=2.3738]Training:  37%|███▋      | 2212/6000 [16:52<14:35,  4.33it/s, F=1, P=0, R=5, loss=2.3738]Training:  37%|███▋      | 2213/6000 [16:52<13:59,  4.51it/s, F=1, P=0, R=5, loss=2.3738]Training:  37%|███▋      | 2214/6000 [16:52<13:19,  4.74it/s, F=1, P=0, R=5, loss=2.3738]Training:  37%|███▋      | 2215/6000 [16:52<12:50,  4.91it/s, F=1, P=0, R=5, loss=2.3738]Training:  37%|███▋      | 2216/6000 [16:52<12:48,  4.92it/s, F=1, P=0, R=5, loss=2.3738]Training:  37%|███▋      | 2217/6000 [16:52<12:23,  5.09it/s, F=1, P=0, R=5, loss=2.3738]Training:  37%|███▋      | 2218/6000 [16:53<12:12,  5.16it/s, F=1, P=0, R=5, loss=2.3738]Training:  37%|███▋      | 2219/6000 [16:53<12:08,  5.19it/s, F=1, P=0, R=5, loss=2.3738]Training:  37%|███▋      | 2220/6000 [16:53<12:15,  5.14it/s, F=1, P=0, R=5, loss=2.3738]Training:  37%|███▋      | 2220/6000 [16:53<12:15,  5.14it/s, F=6, P=0, R=0, loss=1.9577]Training:  37%|███▋      | 2221/6000 [16:53<13:57,  4.51it/s, F=6, P=0, R=0, loss=1.9577]Training:  37%|███▋      | 2222/6000 [16:54<13:20,  4.72it/s, F=6, P=0, R=0, loss=1.9577]Training:  37%|███▋      | 2223/6000 [16:54<13:06,  4.80it/s, F=6, P=0, R=0, loss=1.9577]Training:  37%|███▋      | 2224/6000 [16:54<12:43,  4.94it/s, F=6, P=0, R=0, loss=1.9577]Training:  37%|███▋      | 2225/6000 [16:54<12:32,  5.02it/s, F=6, P=0, R=0, loss=1.9577]Training:  37%|███▋      | 2226/6000 [16:54<12:38,  4.98it/s, F=6, P=0, R=0, loss=1.9577]Training:  37%|███▋      | 2227/6000 [16:54<12:12,  5.15it/s, F=6, P=0, R=0, loss=1.9577]Training:  37%|███▋      | 2228/6000 [16:55<12:09,  5.17it/s, F=6, P=0, R=0, loss=1.9577]Training:  37%|███▋      | 2229/6000 [16:55<11:58,  5.25it/s, F=6, P=0, R=0, loss=1.9577]Training:  37%|███▋      | 2230/6000 [16:55<11:58,  5.25it/s, F=6, P=0, R=0, loss=1.9577]Training:  37%|███▋      | 2231/6000 [16:55<13:42,  4.58it/s, F=6, P=0, R=0, loss=1.9577]Training:  37%|███▋      | 2232/6000 [16:56<13:18,  4.72it/s, F=6, P=0, R=0, loss=1.9577]Training:  37%|███▋      | 2233/6000 [16:56<12:49,  4.89it/s, F=6, P=0, R=0, loss=1.9577]Training:  37%|███▋      | 2234/6000 [16:56<12:20,  5.09it/s, F=6, P=0, R=0, loss=1.9577]Training:  37%|███▋      | 2235/6000 [16:56<12:23,  5.06it/s, F=6, P=0, R=0, loss=1.9577]Training:  37%|███▋      | 2236/6000 [16:56<12:04,  5.20it/s, F=6, P=0, R=0, loss=1.9577]Training:  37%|███▋      | 2237/6000 [16:56<11:50,  5.30it/s, F=6, P=0, R=0, loss=1.9577]Training:  37%|███▋      | 2238/6000 [16:57<12:07,  5.17it/s, F=6, P=0, R=0, loss=1.9577]Training:  37%|███▋      | 2239/6000 [16:57<11:51,  5.29it/s, F=6, P=0, R=0, loss=1.9577]Training:  37%|███▋      | 2240/6000 [16:57<11:50,  5.29it/s, F=6, P=0, R=0, loss=1.9577]Training:  37%|███▋      | 2240/6000 [16:57<11:50,  5.29it/s, F=6, P=0, R=0, loss=1.7345]Training:  37%|███▋      | 2241/6000 [16:57<11:41,  5.36it/s, F=6, P=0, R=0, loss=1.7345]Training:  37%|███▋      | 2242/6000 [16:57<11:54,  5.26it/s, F=6, P=0, R=0, loss=1.7345]Training:  37%|███▋      | 2243/6000 [16:58<11:46,  5.32it/s, F=6, P=0, R=0, loss=1.7345]Training:  37%|███▋      | 2244/6000 [16:58<11:43,  5.34it/s, F=6, P=0, R=0, loss=1.7345]Training:  37%|███▋      | 2245/6000 [16:58<12:06,  5.17it/s, F=6, P=0, R=0, loss=1.7345]Training:  37%|███▋      | 2246/6000 [16:58<11:49,  5.29it/s, F=6, P=0, R=0, loss=1.7345]Training:  37%|███▋      | 2247/6000 [16:58<11:35,  5.40it/s, F=6, P=0, R=0, loss=1.7345]Training:  37%|███▋      | 2248/6000 [16:59<11:34,  5.40it/s, F=6, P=0, R=0, loss=1.7345]Training:  37%|███▋      | 2249/6000 [16:59<11:49,  5.29it/s, F=6, P=0, R=0, loss=1.7345]Training:  38%|███▊      | 2250/6000 [16:59<11:39,  5.36it/s, F=6, P=0, R=0, loss=1.7345]Training:  38%|███▊      | 2251/6000 [17:00<37:54,  1.65it/s, val_loss=1.452]            Training:  38%|███▊      | 2252/6000 [17:01<30:25,  2.05it/s, val_loss=1.452]Training:  38%|███▊      | 2253/6000 [17:01<24:37,  2.54it/s, val_loss=1.452]Training:  38%|███▊      | 2254/6000 [17:01<20:40,  3.02it/s, val_loss=1.452]Training:  38%|███▊      | 2255/6000 [17:01<18:23,  3.39it/s, val_loss=1.452]Training:  38%|███▊      | 2256/6000 [17:01<16:12,  3.85it/s, val_loss=1.452]Training:  38%|███▊      | 2257/6000 [17:02<14:41,  4.25it/s, val_loss=1.452]Training:  38%|███▊      | 2258/6000 [17:02<13:43,  4.54it/s, val_loss=1.452]Training:  38%|███▊      | 2259/6000 [17:02<13:09,  4.74it/s, val_loss=1.452]Training:  38%|███▊      | 2260/6000 [17:02<12:51,  4.85it/s, val_loss=1.452]Training:  38%|███▊      | 2260/6000 [17:02<12:51,  4.85it/s, F=6, P=0, R=0, loss=2.0450]Training:  38%|███▊      | 2261/6000 [17:02<12:30,  4.98it/s, F=6, P=0, R=0, loss=2.0450]Training:  38%|███▊      | 2262/6000 [17:03<12:07,  5.13it/s, F=6, P=0, R=0, loss=2.0450]Training:  38%|███▊      | 2263/6000 [17:03<12:18,  5.06it/s, F=6, P=0, R=0, loss=2.0450]Training:  38%|███▊      | 2264/6000 [17:03<12:01,  5.18it/s, F=6, P=0, R=0, loss=2.0450]Training:  38%|███▊      | 2265/6000 [17:03<12:13,  5.09it/s, F=6, P=0, R=0, loss=2.0450]Training:  38%|███▊      | 2266/6000 [17:03<11:54,  5.23it/s, F=6, P=0, R=0, loss=2.0450]Training:  38%|███▊      | 2267/6000 [17:04<11:38,  5.34it/s, F=6, P=0, R=0, loss=2.0450]Training:  38%|███▊      | 2268/6000 [17:04<11:55,  5.22it/s, F=6, P=0, R=0, loss=2.0450]Training:  38%|███▊      | 2269/6000 [17:04<11:43,  5.30it/s, F=6, P=0, R=0, loss=2.0450]Training:  38%|███▊      | 2270/6000 [17:04<11:50,  5.25it/s, F=6, P=0, R=0, loss=2.0450]Training:  38%|███▊      | 2271/6000 [17:04<11:37,  5.35it/s, F=6, P=0, R=0, loss=2.0450]Training:  38%|███▊      | 2272/6000 [17:04<11:33,  5.37it/s, F=6, P=0, R=0, loss=2.0450]Training:  38%|███▊      | 2273/6000 [17:05<11:51,  5.24it/s, F=6, P=0, R=0, loss=2.0450]Training:  38%|███▊      | 2274/6000 [17:05<11:39,  5.33it/s, F=6, P=0, R=0, loss=2.0450]Training:  38%|███▊      | 2275/6000 [17:05<11:40,  5.32it/s, F=6, P=0, R=0, loss=2.0450]Training:  38%|███▊      | 2276/6000 [17:05<11:27,  5.42it/s, F=6, P=0, R=0, loss=2.0450]Training:  38%|███▊      | 2277/6000 [17:05<11:33,  5.37it/s, F=6, P=0, R=0, loss=2.0450]Training:  38%|███▊      | 2278/6000 [17:06<11:36,  5.34it/s, F=6, P=0, R=0, loss=2.0450]Training:  38%|███▊      | 2279/6000 [17:06<11:27,  5.41it/s, F=6, P=0, R=0, loss=2.0450]Training:  38%|███▊      | 2280/6000 [17:06<11:55,  5.20it/s, F=6, P=0, R=0, loss=2.0450]Training:  38%|███▊      | 2280/6000 [17:06<11:55,  5.20it/s, F=6, P=0, R=0, loss=1.9727]Training:  38%|███▊      | 2281/6000 [17:06<13:42,  4.52it/s, F=6, P=0, R=0, loss=1.9727]Training:  38%|███▊      | 2282/6000 [17:06<12:55,  4.79it/s, F=6, P=0, R=0, loss=1.9727]Training:  38%|███▊      | 2283/6000 [17:07<12:44,  4.86it/s, F=6, P=0, R=0, loss=1.9727]Training:  38%|███▊      | 2284/6000 [17:07<12:30,  4.95it/s, F=6, P=0, R=0, loss=1.9727]Training:  38%|███▊      | 2285/6000 [17:07<12:07,  5.11it/s, F=6, P=0, R=0, loss=1.9727]Training:  38%|███▊      | 2286/6000 [17:07<12:09,  5.09it/s, F=6, P=0, R=0, loss=1.9727]Training:  38%|███▊      | 2287/6000 [17:07<11:58,  5.17it/s, F=6, P=0, R=0, loss=1.9727]Training:  38%|███▊      | 2288/6000 [17:08<11:47,  5.25it/s, F=6, P=0, R=0, loss=1.9727]Training:  38%|███▊      | 2289/6000 [17:08<11:39,  5.30it/s, F=6, P=0, R=0, loss=1.9727]Training:  38%|███▊      | 2290/6000 [17:08<11:55,  5.19it/s, F=6, P=0, R=0, loss=1.9727]Training:  38%|███▊      | 2291/6000 [17:08<11:38,  5.31it/s, F=6, P=0, R=0, loss=1.9727]Training:  38%|███▊      | 2292/6000 [17:08<11:31,  5.36it/s, F=6, P=0, R=0, loss=1.9727]Training:  38%|███▊      | 2293/6000 [17:09<11:49,  5.22it/s, F=6, P=0, R=0, loss=1.9727]Training:  38%|███▊      | 2294/6000 [17:09<11:42,  5.28it/s, F=6, P=0, R=0, loss=1.9727]Training:  38%|███▊      | 2295/6000 [17:09<11:43,  5.26it/s, F=6, P=0, R=0, loss=1.9727]Training:  38%|███▊      | 2296/6000 [17:09<11:57,  5.17it/s, F=6, P=0, R=0, loss=1.9727]Training:  38%|███▊      | 2297/6000 [17:09<11:39,  5.29it/s, F=6, P=0, R=0, loss=1.9727]Training:  38%|███▊      | 2298/6000 [17:09<11:37,  5.31it/s, F=6, P=0, R=0, loss=1.9727]Training:  38%|███▊      | 2299/6000 [17:10<11:37,  5.31it/s, F=6, P=0, R=0, loss=1.9727]Training:  38%|███▊      | 2300/6000 [17:10<11:48,  5.23it/s, F=6, P=0, R=0, loss=1.9727]Training:  38%|███▊      | 2300/6000 [17:10<11:48,  5.23it/s, F=6, P=0, R=0, loss=1.7508]Training:  38%|███▊      | 2301/6000 [17:10<11:37,  5.31it/s, F=6, P=0, R=0, loss=1.7508]Training:  38%|███▊      | 2302/6000 [17:10<11:34,  5.33it/s, F=6, P=0, R=0, loss=1.7508]Training:  38%|███▊      | 2303/6000 [17:10<11:52,  5.19it/s, F=6, P=0, R=0, loss=1.7508]Training:  38%|███▊      | 2304/6000 [17:11<12:00,  5.13it/s, F=6, P=0, R=0, loss=1.7508]Training:  38%|███▊      | 2305/6000 [17:11<11:57,  5.15it/s, F=6, P=0, R=0, loss=1.7508]Training:  38%|███▊      | 2306/6000 [17:11<11:39,  5.28it/s, F=6, P=0, R=0, loss=1.7508]Training:  38%|███▊      | 2307/6000 [17:11<11:49,  5.20it/s, F=6, P=0, R=0, loss=1.7508]Training:  38%|███▊      | 2308/6000 [17:11<11:53,  5.18it/s, F=6, P=0, R=0, loss=1.7508]Training:  38%|███▊      | 2309/6000 [17:12<11:45,  5.23it/s, F=6, P=0, R=0, loss=1.7508]Training:  38%|███▊      | 2310/6000 [17:12<12:12,  5.04it/s, F=6, P=0, R=0, loss=1.7508]Training:  39%|███▊      | 2311/6000 [17:12<11:54,  5.16it/s, F=6, P=0, R=0, loss=1.7508]Training:  39%|███▊      | 2312/6000 [17:12<11:50,  5.19it/s, F=6, P=0, R=0, loss=1.7508]Training:  39%|███▊      | 2313/6000 [17:12<11:45,  5.23it/s, F=6, P=0, R=0, loss=1.7508]Training:  39%|███▊      | 2314/6000 [17:13<11:40,  5.26it/s, F=6, P=0, R=0, loss=1.7508]Training:  39%|███▊      | 2315/6000 [17:13<11:48,  5.20it/s, F=6, P=0, R=0, loss=1.7508]Training:  39%|███▊      | 2316/6000 [17:13<11:40,  5.26it/s, F=6, P=0, R=0, loss=1.7508]Training:  39%|███▊      | 2317/6000 [17:13<11:56,  5.14it/s, F=6, P=0, R=0, loss=1.7508]Training:  39%|███▊      | 2318/6000 [17:13<13:49,  4.44it/s, F=6, P=0, R=0, loss=1.7508]Training:  39%|███▊      | 2319/6000 [17:14<13:37,  4.50it/s, F=6, P=0, R=0, loss=1.7508]Training:  39%|███▊      | 2320/6000 [17:14<13:26,  4.56it/s, F=6, P=0, R=0, loss=1.7508]Training:  39%|███▊      | 2320/6000 [17:14<13:26,  4.56it/s, F=6, P=0, R=0, loss=1.6466]Training:  39%|███▊      | 2321/6000 [17:14<12:49,  4.78it/s, F=6, P=0, R=0, loss=1.6466]Training:  39%|███▊      | 2322/6000 [17:14<12:30,  4.90it/s, F=6, P=0, R=0, loss=1.6466]Training:  39%|███▊      | 2323/6000 [17:14<12:17,  4.98it/s, F=6, P=0, R=0, loss=1.6466]Training:  39%|███▊      | 2324/6000 [17:15<12:15,  5.00it/s, F=6, P=0, R=0, loss=1.6466]Training:  39%|███▉      | 2325/6000 [17:15<12:03,  5.08it/s, F=6, P=0, R=0, loss=1.6466]Training:  39%|███▉      | 2326/6000 [17:15<11:49,  5.18it/s, F=6, P=0, R=0, loss=1.6466]Training:  39%|███▉      | 2327/6000 [17:15<12:03,  5.08it/s, F=6, P=0, R=0, loss=1.6466]Training:  39%|███▉      | 2328/6000 [17:15<11:57,  5.12it/s, F=6, P=0, R=0, loss=1.6466]Training:  39%|███▉      | 2329/6000 [17:16<11:50,  5.16it/s, F=6, P=0, R=0, loss=1.6466]Training:  39%|███▉      | 2330/6000 [17:16<11:48,  5.18it/s, F=6, P=0, R=0, loss=1.6466]Training:  39%|███▉      | 2331/6000 [17:16<11:46,  5.20it/s, F=6, P=0, R=0, loss=1.6466]Training:  39%|███▉      | 2332/6000 [17:16<11:46,  5.19it/s, F=6, P=0, R=0, loss=1.6466]Training:  39%|███▉      | 2333/6000 [17:16<11:34,  5.28it/s, F=6, P=0, R=0, loss=1.6466]Training:  39%|███▉      | 2334/6000 [17:17<11:55,  5.12it/s, F=6, P=0, R=0, loss=1.6466]Training:  39%|███▉      | 2335/6000 [17:17<12:03,  5.06it/s, F=6, P=0, R=0, loss=1.6466]Training:  39%|███▉      | 2336/6000 [17:17<12:17,  4.97it/s, F=6, P=0, R=0, loss=1.6466]Training:  39%|███▉      | 2337/6000 [17:17<12:11,  5.01it/s, F=6, P=0, R=0, loss=1.6466]Training:  39%|███▉      | 2338/6000 [17:17<12:42,  4.80it/s, F=6, P=0, R=0, loss=1.6466]Training:  39%|███▉      | 2339/6000 [17:18<12:56,  4.72it/s, F=6, P=0, R=0, loss=1.6466]Training:  39%|███▉      | 2340/6000 [17:18<12:25,  4.91it/s, F=6, P=0, R=0, loss=1.6466]Training:  39%|███▉      | 2340/6000 [17:18<12:25,  4.91it/s, F=6, P=0, R=0, loss=1.9511]Training:  39%|███▉      | 2341/6000 [17:18<12:35,  4.84it/s, F=6, P=0, R=0, loss=1.9511]Training:  39%|███▉      | 2342/6000 [17:18<12:10,  5.00it/s, F=6, P=0, R=0, loss=1.9511]Training:  39%|███▉      | 2343/6000 [17:18<11:52,  5.13it/s, F=6, P=0, R=0, loss=1.9511]Training:  39%|███▉      | 2344/6000 [17:19<11:40,  5.22it/s, F=6, P=0, R=0, loss=1.9511]Training:  39%|███▉      | 2345/6000 [17:19<11:45,  5.18it/s, F=6, P=0, R=0, loss=1.9511]Training:  39%|███▉      | 2346/6000 [17:19<11:46,  5.17it/s, F=6, P=0, R=0, loss=1.9511]Training:  39%|███▉      | 2347/6000 [17:19<11:40,  5.21it/s, F=6, P=0, R=0, loss=1.9511]Training:  39%|███▉      | 2348/6000 [17:19<11:35,  5.25it/s, F=6, P=0, R=0, loss=1.9511]Training:  39%|███▉      | 2349/6000 [17:20<11:39,  5.22it/s, F=6, P=0, R=0, loss=1.9511]Training:  39%|███▉      | 2350/6000 [17:20<12:01,  5.06it/s, F=6, P=0, R=0, loss=1.9511]Training:  39%|███▉      | 2351/6000 [17:20<12:32,  4.85it/s, F=6, P=0, R=0, loss=1.9511]Training:  39%|███▉      | 2352/6000 [17:20<12:24,  4.90it/s, F=6, P=0, R=0, loss=1.9511]Training:  39%|███▉      | 2353/6000 [17:20<12:00,  5.06it/s, F=6, P=0, R=0, loss=1.9511]Training:  39%|███▉      | 2354/6000 [17:21<11:40,  5.21it/s, F=6, P=0, R=0, loss=1.9511]Training:  39%|███▉      | 2355/6000 [17:21<11:39,  5.21it/s, F=6, P=0, R=0, loss=1.9511]Training:  39%|███▉      | 2356/6000 [17:21<11:26,  5.31it/s, F=6, P=0, R=0, loss=1.9511]Training:  39%|███▉      | 2357/6000 [17:21<11:16,  5.38it/s, F=6, P=0, R=0, loss=1.9511]Training:  39%|███▉      | 2358/6000 [17:21<11:21,  5.34it/s, F=6, P=0, R=0, loss=1.9511]Training:  39%|███▉      | 2359/6000 [17:21<11:19,  5.36it/s, F=6, P=0, R=0, loss=1.9511]Training:  39%|███▉      | 2360/6000 [17:22<11:34,  5.24it/s, F=6, P=0, R=0, loss=1.9511]Training:  39%|███▉      | 2360/6000 [17:22<11:34,  5.24it/s, F=6, P=0, R=0, loss=1.8760]Training:  39%|███▉      | 2361/6000 [17:22<13:22,  4.54it/s, F=6, P=0, R=0, loss=1.8760]Training:  39%|███▉      | 2362/6000 [17:22<12:38,  4.80it/s, F=6, P=0, R=0, loss=1.8760]Training:  39%|███▉      | 2363/6000 [17:22<12:24,  4.89it/s, F=6, P=0, R=0, loss=1.8760]Training:  39%|███▉      | 2364/6000 [17:22<12:11,  4.97it/s, F=6, P=0, R=0, loss=1.8760]Training:  39%|███▉      | 2365/6000 [17:23<11:52,  5.10it/s, F=6, P=0, R=0, loss=1.8760]Training:  39%|███▉      | 2366/6000 [17:23<11:59,  5.05it/s, F=6, P=0, R=0, loss=1.8760]Training:  39%|███▉      | 2367/6000 [17:23<11:50,  5.12it/s, F=6, P=0, R=0, loss=1.8760]Training:  39%|███▉      | 2368/6000 [17:23<11:39,  5.19it/s, F=6, P=0, R=0, loss=1.8760]Training:  39%|███▉      | 2369/6000 [17:23<11:31,  5.25it/s, F=6, P=0, R=0, loss=1.8760]Training:  40%|███▉      | 2370/6000 [17:24<11:33,  5.23it/s, F=6, P=0, R=0, loss=1.8760]Training:  40%|███▉      | 2371/6000 [17:24<11:25,  5.29it/s, F=6, P=0, R=0, loss=1.8760]Training:  40%|███▉      | 2372/6000 [17:24<11:20,  5.33it/s, F=6, P=0, R=0, loss=1.8760]Training:  40%|███▉      | 2373/6000 [17:24<11:38,  5.19it/s, F=6, P=0, R=0, loss=1.8760]Training:  40%|███▉      | 2374/6000 [17:24<11:32,  5.24it/s, F=6, P=0, R=0, loss=1.8760]Training:  40%|███▉      | 2375/6000 [17:25<11:38,  5.19it/s, F=6, P=0, R=0, loss=1.8760]Training:  40%|███▉      | 2376/6000 [17:25<11:28,  5.27it/s, F=6, P=0, R=0, loss=1.8760]Training:  40%|███▉      | 2377/6000 [17:25<11:20,  5.33it/s, F=6, P=0, R=0, loss=1.8760]Training:  40%|███▉      | 2378/6000 [17:25<11:17,  5.34it/s, F=6, P=0, R=0, loss=1.8760]Training:  40%|███▉      | 2379/6000 [17:25<11:15,  5.36it/s, F=6, P=0, R=0, loss=1.8760]Training:  40%|███▉      | 2380/6000 [17:26<11:39,  5.17it/s, F=6, P=0, R=0, loss=1.8760]Training:  40%|███▉      | 2380/6000 [17:26<11:39,  5.17it/s, F=6, P=0, R=0, loss=1.6497]Training:  40%|███▉      | 2381/6000 [17:26<11:55,  5.06it/s, F=6, P=0, R=0, loss=1.6497]Training:  40%|███▉      | 2382/6000 [17:26<11:45,  5.13it/s, F=6, P=0, R=0, loss=1.6497]Training:  40%|███▉      | 2383/6000 [17:26<11:34,  5.21it/s, F=6, P=0, R=0, loss=1.6497]Training:  40%|███▉      | 2384/6000 [17:26<11:29,  5.25it/s, F=6, P=0, R=0, loss=1.6497]Training:  40%|███▉      | 2385/6000 [17:26<11:26,  5.27it/s, F=6, P=0, R=0, loss=1.6497]Training:  40%|███▉      | 2386/6000 [17:27<11:14,  5.36it/s, F=6, P=0, R=0, loss=1.6497]Training:  40%|███▉      | 2387/6000 [17:27<11:08,  5.40it/s, F=6, P=0, R=0, loss=1.6497]Training:  40%|███▉      | 2388/6000 [17:27<11:37,  5.18it/s, F=6, P=0, R=0, loss=1.6497]Training:  40%|███▉      | 2389/6000 [17:27<11:27,  5.25it/s, F=6, P=0, R=0, loss=1.6497]Training:  40%|███▉      | 2390/6000 [17:27<11:22,  5.29it/s, F=6, P=0, R=0, loss=1.6497]Training:  40%|███▉      | 2391/6000 [17:28<11:44,  5.12it/s, F=6, P=0, R=0, loss=1.6497]Training:  40%|███▉      | 2392/6000 [17:28<11:37,  5.17it/s, F=6, P=0, R=0, loss=1.6497]Training:  40%|███▉      | 2393/6000 [17:28<11:27,  5.25it/s, F=6, P=0, R=0, loss=1.6497]Training:  40%|███▉      | 2394/6000 [17:28<11:17,  5.32it/s, F=6, P=0, R=0, loss=1.6497]Training:  40%|███▉      | 2395/6000 [17:28<11:22,  5.28it/s, F=6, P=0, R=0, loss=1.6497]Training:  40%|███▉      | 2396/6000 [17:29<11:13,  5.35it/s, F=6, P=0, R=0, loss=1.6497]Training:  40%|███▉      | 2397/6000 [17:29<11:07,  5.40it/s, F=6, P=0, R=0, loss=1.6497]Training:  40%|███▉      | 2398/6000 [17:29<11:37,  5.16it/s, F=6, P=0, R=0, loss=1.6497]Training:  40%|███▉      | 2399/6000 [17:29<11:20,  5.29it/s, F=6, P=0, R=0, loss=1.6497]Training:  40%|████      | 2400/6000 [17:29<11:16,  5.32it/s, F=6, P=0, R=0, loss=1.6497]Training:  40%|████      | 2400/6000 [17:30<11:16,  5.32it/s, F=6, P=0, R=0, loss=1.5840]Training:  40%|████      | 2401/6000 [17:30<11:33,  5.19it/s, F=6, P=0, R=0, loss=1.5840]Training:  40%|████      | 2402/6000 [17:30<11:32,  5.20it/s, F=6, P=0, R=0, loss=1.5840]Training:  40%|████      | 2403/6000 [17:30<11:22,  5.27it/s, F=6, P=0, R=0, loss=1.5840]Training:  40%|████      | 2404/6000 [17:30<11:18,  5.30it/s, F=6, P=0, R=0, loss=1.5840]Training:  40%|████      | 2405/6000 [17:30<11:18,  5.30it/s, F=6, P=0, R=0, loss=1.5840]Training:  40%|████      | 2406/6000 [17:30<11:14,  5.33it/s, F=6, P=0, R=0, loss=1.5840]Training:  40%|████      | 2407/6000 [17:31<11:27,  5.23it/s, F=6, P=0, R=0, loss=1.5840]Training:  40%|████      | 2408/6000 [17:31<11:45,  5.09it/s, F=6, P=0, R=0, loss=1.5840]Training:  40%|████      | 2409/6000 [17:31<12:01,  4.98it/s, F=6, P=0, R=0, loss=1.5840]Training:  40%|████      | 2410/6000 [17:31<11:49,  5.06it/s, F=6, P=0, R=0, loss=1.5840]Training:  40%|████      | 2411/6000 [17:31<11:31,  5.19it/s, F=6, P=0, R=0, loss=1.5840]Training:  40%|████      | 2412/6000 [17:32<11:31,  5.19it/s, F=6, P=0, R=0, loss=1.5840]Training:  40%|████      | 2413/6000 [17:32<11:33,  5.17it/s, F=6, P=0, R=0, loss=1.5840]Training:  40%|████      | 2414/6000 [17:32<11:28,  5.21it/s, F=6, P=0, R=0, loss=1.5840]Training:  40%|████      | 2415/6000 [17:32<11:23,  5.24it/s, F=6, P=0, R=0, loss=1.5840]Training:  40%|████      | 2416/6000 [17:32<11:32,  5.18it/s, F=6, P=0, R=0, loss=1.5840]Training:  40%|████      | 2417/6000 [17:33<11:19,  5.27it/s, F=6, P=0, R=0, loss=1.5840]Training:  40%|████      | 2418/6000 [17:33<11:15,  5.30it/s, F=6, P=0, R=0, loss=1.5840]Training:  40%|████      | 2419/6000 [17:33<11:13,  5.32it/s, F=6, P=0, R=0, loss=1.5840]Training:  40%|████      | 2420/6000 [17:33<11:22,  5.25it/s, F=6, P=0, R=0, loss=1.5840]Training:  40%|████      | 2420/6000 [17:33<11:22,  5.25it/s, F=6, P=0, R=0, loss=1.8572]Training:  40%|████      | 2421/6000 [17:33<11:21,  5.26it/s, F=6, P=0, R=0, loss=1.8572]Training:  40%|████      | 2422/6000 [17:34<11:38,  5.12it/s, F=6, P=0, R=0, loss=1.8572]Training:  40%|████      | 2423/6000 [17:34<11:36,  5.14it/s, F=6, P=0, R=0, loss=1.8572]Training:  40%|████      | 2424/6000 [17:34<11:22,  5.24it/s, F=6, P=0, R=0, loss=1.8572]Training:  40%|████      | 2425/6000 [17:34<11:30,  5.18it/s, F=6, P=0, R=0, loss=1.8572]Training:  40%|████      | 2426/6000 [17:34<11:15,  5.29it/s, F=6, P=0, R=0, loss=1.8572]Training:  40%|████      | 2427/6000 [17:35<11:04,  5.37it/s, F=6, P=0, R=0, loss=1.8572]Training:  40%|████      | 2428/6000 [17:35<11:15,  5.29it/s, F=6, P=0, R=0, loss=1.8572]Training:  40%|████      | 2429/6000 [17:35<11:31,  5.17it/s, F=6, P=0, R=0, loss=1.8572]Training:  40%|████      | 2430/6000 [17:35<11:48,  5.04it/s, F=6, P=0, R=0, loss=1.8572]Training:  41%|████      | 2431/6000 [17:35<12:06,  4.91it/s, F=6, P=0, R=0, loss=1.8572]Training:  41%|████      | 2432/6000 [17:36<12:00,  4.95it/s, F=6, P=0, R=0, loss=1.8572]Training:  41%|████      | 2433/6000 [17:36<11:36,  5.12it/s, F=6, P=0, R=0, loss=1.8572]Training:  41%|████      | 2434/6000 [17:36<11:42,  5.07it/s, F=6, P=0, R=0, loss=1.8572]Training:  41%|████      | 2435/6000 [17:36<11:27,  5.18it/s, F=6, P=0, R=0, loss=1.8572]Training:  41%|████      | 2436/6000 [17:36<11:13,  5.29it/s, F=6, P=0, R=0, loss=1.8572]Training:  41%|████      | 2437/6000 [17:36<11:03,  5.37it/s, F=6, P=0, R=0, loss=1.8572]Training:  41%|████      | 2438/6000 [17:37<11:53,  5.00it/s, F=6, P=0, R=0, loss=1.8572]Training:  41%|████      | 2439/6000 [17:37<12:40,  4.68it/s, F=6, P=0, R=0, loss=1.8572]Training:  41%|████      | 2440/6000 [17:37<12:25,  4.77it/s, F=6, P=0, R=0, loss=1.8572]Training:  41%|████      | 2440/6000 [17:37<12:25,  4.77it/s, F=6, P=0, R=0, loss=1.8213]Training:  41%|████      | 2441/6000 [17:37<12:01,  4.93it/s, F=6, P=0, R=0, loss=1.8213]Training:  41%|████      | 2442/6000 [17:38<11:40,  5.08it/s, F=6, P=0, R=0, loss=1.8213]Training:  41%|████      | 2443/6000 [17:38<11:52,  4.99it/s, F=6, P=0, R=0, loss=1.8213]Training:  41%|████      | 2444/6000 [17:38<11:47,  5.03it/s, F=6, P=0, R=0, loss=1.8213]Training:  41%|████      | 2445/6000 [17:38<11:31,  5.14it/s, F=6, P=0, R=0, loss=1.8213]Training:  41%|████      | 2446/6000 [17:38<11:16,  5.25it/s, F=6, P=0, R=0, loss=1.8213]Training:  41%|████      | 2447/6000 [17:38<11:28,  5.16it/s, F=6, P=0, R=0, loss=1.8213]Training:  41%|████      | 2448/6000 [17:39<11:22,  5.20it/s, F=6, P=0, R=0, loss=1.8213]Training:  41%|████      | 2449/6000 [17:39<11:16,  5.25it/s, F=6, P=0, R=0, loss=1.8213]Training:  41%|████      | 2450/6000 [17:39<11:33,  5.12it/s, F=6, P=0, R=0, loss=1.8213]Training:  41%|████      | 2451/6000 [17:39<11:17,  5.24it/s, F=6, P=0, R=0, loss=1.8213]Training:  41%|████      | 2452/6000 [17:39<11:08,  5.31it/s, F=6, P=0, R=0, loss=1.8213]Training:  41%|████      | 2453/6000 [17:40<11:17,  5.24it/s, F=6, P=0, R=0, loss=1.8213]Training:  41%|████      | 2454/6000 [17:40<11:18,  5.23it/s, F=6, P=0, R=0, loss=1.8213]Training:  41%|████      | 2455/6000 [17:40<11:17,  5.23it/s, F=6, P=0, R=0, loss=1.8213]Training:  41%|████      | 2456/6000 [17:40<11:02,  5.35it/s, F=6, P=0, R=0, loss=1.8213]Training:  41%|████      | 2457/6000 [17:40<11:07,  5.31it/s, F=6, P=0, R=0, loss=1.8213]Training:  41%|████      | 2458/6000 [17:41<11:05,  5.32it/s, F=6, P=0, R=0, loss=1.8213]Training:  41%|████      | 2459/6000 [17:41<11:02,  5.35it/s, F=6, P=0, R=0, loss=1.8213]Training:  41%|████      | 2460/6000 [17:41<11:14,  5.24it/s, F=6, P=0, R=0, loss=1.8213]Training:  41%|████      | 2460/6000 [17:41<11:14,  5.24it/s, F=6, P=0, R=0, loss=1.5987]Training:  41%|████      | 2461/6000 [17:41<11:30,  5.13it/s, F=6, P=0, R=0, loss=1.5987]Training:  41%|████      | 2462/6000 [17:41<11:50,  4.98it/s, F=6, P=0, R=0, loss=1.5987]Training:  41%|████      | 2463/6000 [17:42<11:32,  5.11it/s, F=6, P=0, R=0, loss=1.5987]Training:  41%|████      | 2464/6000 [17:42<11:24,  5.16it/s, F=6, P=0, R=0, loss=1.5987]Training:  41%|████      | 2465/6000 [17:42<11:15,  5.23it/s, F=6, P=0, R=0, loss=1.5987]Training:  41%|████      | 2466/6000 [17:42<11:38,  5.06it/s, F=6, P=0, R=0, loss=1.5987]Training:  41%|████      | 2467/6000 [17:42<11:20,  5.19it/s, F=6, P=0, R=0, loss=1.5987]Training:  41%|████      | 2468/6000 [17:43<11:17,  5.21it/s, F=6, P=0, R=0, loss=1.5987]Training:  41%|████      | 2469/6000 [17:43<11:10,  5.27it/s, F=6, P=0, R=0, loss=1.5987]Training:  41%|████      | 2470/6000 [17:43<11:08,  5.28it/s, F=6, P=0, R=0, loss=1.5987]Training:  41%|████      | 2471/6000 [17:43<10:58,  5.36it/s, F=6, P=0, R=0, loss=1.5987]Training:  41%|████      | 2472/6000 [17:43<10:59,  5.35it/s, F=6, P=0, R=0, loss=1.5987]Training:  41%|████      | 2473/6000 [17:43<11:21,  5.18it/s, F=6, P=0, R=0, loss=1.5987]Training:  41%|████      | 2474/6000 [17:44<11:07,  5.28it/s, F=6, P=0, R=0, loss=1.5987]Training:  41%|████▏     | 2475/6000 [17:44<11:10,  5.26it/s, F=6, P=0, R=0, loss=1.5987]Training:  41%|████▏     | 2476/6000 [17:44<11:23,  5.15it/s, F=6, P=0, R=0, loss=1.5987]Training:  41%|████▏     | 2477/6000 [17:44<11:12,  5.24it/s, F=6, P=0, R=0, loss=1.5987]Training:  41%|████▏     | 2478/6000 [17:44<11:06,  5.28it/s, F=6, P=0, R=0, loss=1.5987]Training:  41%|████▏     | 2479/6000 [17:45<10:56,  5.36it/s, F=6, P=0, R=0, loss=1.5987]Training:  41%|████▏     | 2480/6000 [17:45<11:05,  5.29it/s, F=6, P=0, R=0, loss=1.5987]Training:  41%|████▏     | 2480/6000 [17:45<11:05,  5.29it/s, F=6, P=0, R=0, loss=1.5491]Training:  41%|████▏     | 2481/6000 [17:45<10:56,  5.36it/s, F=6, P=0, R=0, loss=1.5491]Training:  41%|████▏     | 2482/6000 [17:45<10:56,  5.36it/s, F=6, P=0, R=0, loss=1.5491]Training:  41%|████▏     | 2483/6000 [17:45<11:18,  5.18it/s, F=6, P=0, R=0, loss=1.5491]Training:  41%|████▏     | 2484/6000 [17:46<11:12,  5.23it/s, F=6, P=0, R=0, loss=1.5491]Training:  41%|████▏     | 2485/6000 [17:46<11:02,  5.30it/s, F=6, P=0, R=0, loss=1.5491]Training:  41%|████▏     | 2486/6000 [17:46<11:15,  5.20it/s, F=6, P=0, R=0, loss=1.5491]Training:  41%|████▏     | 2487/6000 [17:46<11:01,  5.31it/s, F=6, P=0, R=0, loss=1.5491]Training:  41%|████▏     | 2488/6000 [17:46<10:59,  5.33it/s, F=6, P=0, R=0, loss=1.5491]Training:  41%|████▏     | 2489/6000 [17:46<11:18,  5.17it/s, F=6, P=0, R=0, loss=1.5491]Training:  42%|████▏     | 2490/6000 [17:47<11:04,  5.28it/s, F=6, P=0, R=0, loss=1.5491]Training:  42%|████▏     | 2491/6000 [17:47<11:19,  5.16it/s, F=6, P=0, R=0, loss=1.5491]Training:  42%|████▏     | 2492/6000 [17:47<11:40,  5.01it/s, F=6, P=0, R=0, loss=1.5491]Training:  42%|████▏     | 2493/6000 [17:47<11:20,  5.16it/s, F=6, P=0, R=0, loss=1.5491]Training:  42%|████▏     | 2494/6000 [17:47<11:09,  5.24it/s, F=6, P=0, R=0, loss=1.5491]Training:  42%|████▏     | 2495/6000 [17:48<11:18,  5.17it/s, F=6, P=0, R=0, loss=1.5491]Training:  42%|████▏     | 2496/6000 [17:48<11:03,  5.28it/s, F=6, P=0, R=0, loss=1.5491]Training:  42%|████▏     | 2497/6000 [17:48<10:57,  5.33it/s, F=6, P=0, R=0, loss=1.5491]Training:  42%|████▏     | 2498/6000 [17:48<11:20,  5.15it/s, F=6, P=0, R=0, loss=1.5491]Training:  42%|████▏     | 2499/6000 [17:48<11:12,  5.20it/s, F=6, P=0, R=0, loss=1.5491]Training:  42%|████▏     | 2500/6000 [17:49<11:05,  5.26it/s, F=6, P=0, R=0, loss=1.5491]Training:  42%|████▏     | 2500/6000 [17:49<11:05,  5.26it/s, F=6, P=0, R=0, loss=1.8204]Training:  42%|████▏     | 2501/6000 [17:50<36:34,  1.59it/s, val_loss=1.485]            Training:  42%|████▏     | 2502/6000 [17:50<28:48,  2.02it/s, val_loss=1.485]Training:  42%|████▏     | 2503/6000 [17:51<23:22,  2.49it/s, val_loss=1.485]Training:  42%|████▏     | 2504/6000 [17:51<19:35,  2.97it/s, val_loss=1.485]Training:  42%|████▏     | 2505/6000 [17:51<17:33,  3.32it/s, val_loss=1.485]Training:  42%|████▏     | 2506/6000 [17:51<16:23,  3.55it/s, val_loss=1.485]Training:  42%|████▏     | 2507/6000 [17:51<15:17,  3.81it/s, val_loss=1.485]Training:  42%|████▏     | 2508/6000 [17:52<14:02,  4.14it/s, val_loss=1.485]Training:  42%|████▏     | 2509/6000 [17:52<13:03,  4.46it/s, val_loss=1.485]Training:  42%|████▏     | 2510/6000 [17:52<12:27,  4.67it/s, val_loss=1.485]Training:  42%|████▏     | 2511/6000 [17:52<12:19,  4.72it/s, val_loss=1.485]Training:  42%|████▏     | 2512/6000 [17:52<11:53,  4.89it/s, val_loss=1.485]Training:  42%|████▏     | 2513/6000 [17:53<11:52,  4.90it/s, val_loss=1.485]Training:  42%|████▏     | 2514/6000 [17:53<11:29,  5.06it/s, val_loss=1.485]Training:  42%|████▏     | 2515/6000 [17:53<11:13,  5.17it/s, val_loss=1.485]Training:  42%|████▏     | 2516/6000 [17:53<10:58,  5.29it/s, val_loss=1.485]Training:  42%|████▏     | 2517/6000 [17:53<10:58,  5.29it/s, val_loss=1.485]Training:  42%|████▏     | 2518/6000 [17:54<11:01,  5.26it/s, val_loss=1.485]Training:  42%|████▏     | 2519/6000 [17:54<10:51,  5.35it/s, val_loss=1.485]Training:  42%|████▏     | 2520/6000 [17:54<11:10,  5.19it/s, val_loss=1.485]Training:  42%|████▏     | 2520/6000 [17:54<11:10,  5.19it/s, F=6, P=0, R=0, loss=1.7755]Training:  42%|████▏     | 2521/6000 [17:54<11:00,  5.27it/s, F=6, P=0, R=0, loss=1.7755]Training:  42%|████▏     | 2522/6000 [17:54<10:50,  5.35it/s, F=6, P=0, R=0, loss=1.7755]Training:  42%|████▏     | 2523/6000 [17:55<11:11,  5.18it/s, F=6, P=0, R=0, loss=1.7755]Training:  42%|████▏     | 2524/6000 [17:55<11:09,  5.19it/s, F=6, P=0, R=0, loss=1.7755]Training:  42%|████▏     | 2525/6000 [17:55<11:30,  5.03it/s, F=6, P=0, R=0, loss=1.7755]Training:  42%|████▏     | 2526/6000 [17:55<11:12,  5.17it/s, F=6, P=0, R=0, loss=1.7755]Training:  42%|████▏     | 2527/6000 [17:55<11:07,  5.20it/s, F=6, P=0, R=0, loss=1.7755]Training:  42%|████▏     | 2528/6000 [17:55<11:25,  5.06it/s, F=6, P=0, R=0, loss=1.7755]Training:  42%|████▏     | 2529/6000 [17:56<11:15,  5.14it/s, F=6, P=0, R=0, loss=1.7755]Training:  42%|████▏     | 2530/6000 [17:56<11:02,  5.24it/s, F=6, P=0, R=0, loss=1.7755]Training:  42%|████▏     | 2531/6000 [17:56<11:10,  5.18it/s, F=6, P=0, R=0, loss=1.7755]Training:  42%|████▏     | 2532/6000 [17:56<10:59,  5.26it/s, F=6, P=0, R=0, loss=1.7755]Training:  42%|████▏     | 2533/6000 [17:56<10:50,  5.33it/s, F=6, P=0, R=0, loss=1.7755]Training:  42%|████▏     | 2534/6000 [17:57<10:50,  5.33it/s, F=6, P=0, R=0, loss=1.7755]Training:  42%|████▏     | 2535/6000 [17:57<11:00,  5.25it/s, F=6, P=0, R=0, loss=1.7755]Training:  42%|████▏     | 2536/6000 [17:57<10:45,  5.36it/s, F=6, P=0, R=0, loss=1.7755]Training:  42%|████▏     | 2537/6000 [17:57<10:35,  5.45it/s, F=6, P=0, R=0, loss=1.7755]Training:  42%|████▏     | 2538/6000 [17:57<11:01,  5.24it/s, F=6, P=0, R=0, loss=1.7755]Training:  42%|████▏     | 2539/6000 [17:58<10:57,  5.27it/s, F=6, P=0, R=0, loss=1.7755]Training:  42%|████▏     | 2540/6000 [17:58<10:52,  5.31it/s, F=6, P=0, R=0, loss=1.7755]Training:  42%|████▏     | 2540/6000 [17:58<10:52,  5.31it/s, F=6, P=0, R=0, loss=1.5632]Training:  42%|████▏     | 2541/6000 [17:58<10:42,  5.38it/s, F=6, P=0, R=0, loss=1.5632]Training:  42%|████▏     | 2542/6000 [17:58<10:59,  5.25it/s, F=6, P=0, R=0, loss=1.5632]Training:  42%|████▏     | 2543/6000 [17:58<10:51,  5.31it/s, F=6, P=0, R=0, loss=1.5632]Training:  42%|████▏     | 2544/6000 [17:59<10:48,  5.33it/s, F=6, P=0, R=0, loss=1.5632]Training:  42%|████▏     | 2545/6000 [17:59<11:30,  5.00it/s, F=6, P=0, R=0, loss=1.5632]Training:  42%|████▏     | 2546/6000 [17:59<11:30,  5.00it/s, F=6, P=0, R=0, loss=1.5632]Training:  42%|████▏     | 2547/6000 [17:59<11:37,  4.95it/s, F=6, P=0, R=0, loss=1.5632]Training:  42%|████▏     | 2548/6000 [17:59<11:52,  4.85it/s, F=6, P=0, R=0, loss=1.5632]Training:  42%|████▏     | 2549/6000 [18:00<11:29,  5.01it/s, F=6, P=0, R=0, loss=1.5632]Training:  42%|████▎     | 2550/6000 [18:00<11:14,  5.11it/s, F=6, P=0, R=0, loss=1.5632]Training:  43%|████▎     | 2551/6000 [18:00<11:01,  5.21it/s, F=6, P=0, R=0, loss=1.5632]Training:  43%|████▎     | 2552/6000 [18:00<11:10,  5.14it/s, F=6, P=0, R=0, loss=1.5632]Training:  43%|████▎     | 2553/6000 [18:00<11:04,  5.19it/s, F=6, P=0, R=0, loss=1.5632]Training:  43%|████▎     | 2554/6000 [18:00<10:55,  5.25it/s, F=6, P=0, R=0, loss=1.5632]Training:  43%|████▎     | 2555/6000 [18:01<11:09,  5.14it/s, F=6, P=0, R=0, loss=1.5632]Training:  43%|████▎     | 2556/6000 [18:01<11:04,  5.18it/s, F=6, P=0, R=0, loss=1.5632]Training:  43%|████▎     | 2557/6000 [18:01<10:56,  5.24it/s, F=6, P=0, R=0, loss=1.5632]Training:  43%|████▎     | 2558/6000 [18:01<10:55,  5.25it/s, F=6, P=0, R=0, loss=1.5632]Training:  43%|████▎     | 2559/6000 [18:01<11:08,  5.15it/s, F=6, P=0, R=0, loss=1.5632]Training:  43%|████▎     | 2560/6000 [18:02<11:02,  5.19it/s, F=6, P=0, R=0, loss=1.5632]Training:  43%|████▎     | 2560/6000 [18:02<11:02,  5.19it/s, F=6, P=0, R=0, loss=1.5278]Training:  43%|████▎     | 2561/6000 [18:02<11:33,  4.96it/s, F=6, P=0, R=0, loss=1.5278]Training:  43%|████▎     | 2562/6000 [18:02<11:36,  4.93it/s, F=6, P=0, R=0, loss=1.5278]Training:  43%|████▎     | 2563/6000 [18:02<11:49,  4.84it/s, F=6, P=0, R=0, loss=1.5278]Training:  43%|████▎     | 2564/6000 [18:02<11:37,  4.92it/s, F=6, P=0, R=0, loss=1.5278]Training:  43%|████▎     | 2565/6000 [18:03<11:23,  5.03it/s, F=6, P=0, R=0, loss=1.5278]Training:  43%|████▎     | 2566/6000 [18:03<11:14,  5.09it/s, F=6, P=0, R=0, loss=1.5278]Training:  43%|████▎     | 2567/6000 [18:03<11:14,  5.09it/s, F=6, P=0, R=0, loss=1.5278]Training:  43%|████▎     | 2568/6000 [18:03<11:10,  5.12it/s, F=6, P=0, R=0, loss=1.5278]Training:  43%|████▎     | 2569/6000 [18:03<11:06,  5.15it/s, F=6, P=0, R=0, loss=1.5278]Training:  43%|████▎     | 2570/6000 [18:04<11:22,  5.02it/s, F=6, P=0, R=0, loss=1.5278]Training:  43%|████▎     | 2571/6000 [18:04<11:14,  5.08it/s, F=6, P=0, R=0, loss=1.5278]Training:  43%|████▎     | 2572/6000 [18:04<11:15,  5.07it/s, F=6, P=0, R=0, loss=1.5278]Training:  43%|████▎     | 2573/6000 [18:04<11:10,  5.11it/s, F=6, P=0, R=0, loss=1.5278]Training:  43%|████▎     | 2574/6000 [18:04<11:28,  4.97it/s, F=6, P=0, R=0, loss=1.5278]Training:  43%|████▎     | 2575/6000 [18:05<11:27,  4.99it/s, F=6, P=0, R=0, loss=1.5278]Training:  43%|████▎     | 2576/6000 [18:05<11:16,  5.06it/s, F=6, P=0, R=0, loss=1.5278]Training:  43%|████▎     | 2577/6000 [18:05<11:09,  5.11it/s, F=6, P=0, R=0, loss=1.5278]Training:  43%|████▎     | 2578/6000 [18:05<11:34,  4.93it/s, F=6, P=0, R=0, loss=1.5278]Training:  43%|████▎     | 2579/6000 [18:05<11:30,  4.96it/s, F=6, P=0, R=0, loss=1.5278]Training:  43%|████▎     | 2580/6000 [18:06<11:21,  5.02it/s, F=6, P=0, R=0, loss=1.5278]Training:  43%|████▎     | 2580/6000 [18:06<11:21,  5.02it/s, F=6, P=0, R=0, loss=1.7866]Training:  43%|████▎     | 2581/6000 [18:06<11:35,  4.91it/s, F=6, P=0, R=0, loss=1.7866]Training:  43%|████▎     | 2582/6000 [18:06<11:27,  4.97it/s, F=6, P=0, R=0, loss=1.7866]Training:  43%|████▎     | 2583/6000 [18:06<11:17,  5.04it/s, F=6, P=0, R=0, loss=1.7866]Training:  43%|████▎     | 2584/6000 [18:06<11:13,  5.07it/s, F=6, P=0, R=0, loss=1.7866]Training:  43%|████▎     | 2585/6000 [18:07<11:31,  4.94it/s, F=6, P=0, R=0, loss=1.7866]Training:  43%|████▎     | 2586/6000 [18:07<11:16,  5.04it/s, F=6, P=0, R=0, loss=1.7866]Training:  43%|████▎     | 2587/6000 [18:07<11:11,  5.09it/s, F=6, P=0, R=0, loss=1.7866]Training:  43%|████▎     | 2588/6000 [18:07<11:09,  5.10it/s, F=6, P=0, R=0, loss=1.7866]Training:  43%|████▎     | 2589/6000 [18:07<11:07,  5.11it/s, F=6, P=0, R=0, loss=1.7866]Training:  43%|████▎     | 2590/6000 [18:08<11:04,  5.13it/s, F=6, P=0, R=0, loss=1.7866]Training:  43%|████▎     | 2591/6000 [18:08<11:00,  5.16it/s, F=6, P=0, R=0, loss=1.7866]Training:  43%|████▎     | 2592/6000 [18:08<11:17,  5.03it/s, F=6, P=0, R=0, loss=1.7866]Training:  43%|████▎     | 2593/6000 [18:08<11:34,  4.90it/s, F=6, P=0, R=0, loss=1.7866]Training:  43%|████▎     | 2594/6000 [18:08<11:57,  4.75it/s, F=6, P=0, R=0, loss=1.7866]Training:  43%|████▎     | 2595/6000 [18:09<13:44,  4.13it/s, F=6, P=0, R=0, loss=1.7866]Training:  43%|████▎     | 2596/6000 [18:09<12:40,  4.48it/s, F=6, P=0, R=0, loss=1.7866]Training:  43%|████▎     | 2597/6000 [18:09<11:58,  4.74it/s, F=6, P=0, R=0, loss=1.7866]Training:  43%|████▎     | 2598/6000 [18:09<12:01,  4.71it/s, F=6, P=0, R=0, loss=1.7866]Training:  43%|████▎     | 2599/6000 [18:10<11:31,  4.92it/s, F=6, P=0, R=0, loss=1.7866]Training:  43%|████▎     | 2600/6000 [18:10<11:15,  5.04it/s, F=6, P=0, R=0, loss=1.7866]Training:  43%|████▎     | 2600/6000 [18:10<11:15,  5.04it/s, F=6, P=0, R=0, loss=1.7481]Training:  43%|████▎     | 2601/6000 [18:10<11:02,  5.13it/s, F=6, P=0, R=0, loss=1.7481]Training:  43%|████▎     | 2602/6000 [18:10<11:03,  5.12it/s, F=6, P=0, R=0, loss=1.7481]Training:  43%|████▎     | 2603/6000 [18:10<10:57,  5.17it/s, F=6, P=0, R=0, loss=1.7481]Training:  43%|████▎     | 2604/6000 [18:10<11:08,  5.08it/s, F=6, P=0, R=0, loss=1.7481]Training:  43%|████▎     | 2605/6000 [18:11<11:10,  5.06it/s, F=6, P=0, R=0, loss=1.7481]Training:  43%|████▎     | 2606/6000 [18:11<10:54,  5.19it/s, F=6, P=0, R=0, loss=1.7481]Training:  43%|████▎     | 2607/6000 [18:11<10:49,  5.23it/s, F=6, P=0, R=0, loss=1.7481]Training:  43%|████▎     | 2608/6000 [18:11<11:05,  5.10it/s, F=6, P=0, R=0, loss=1.7481]Training:  43%|████▎     | 2609/6000 [18:11<11:22,  4.97it/s, F=6, P=0, R=0, loss=1.7481]Training:  44%|████▎     | 2610/6000 [18:12<11:33,  4.89it/s, F=6, P=0, R=0, loss=1.7481]Training:  44%|████▎     | 2611/6000 [18:12<11:08,  5.07it/s, F=6, P=0, R=0, loss=1.7481]Training:  44%|████▎     | 2612/6000 [18:12<10:54,  5.17it/s, F=6, P=0, R=0, loss=1.7481]Training:  44%|████▎     | 2613/6000 [18:12<10:42,  5.27it/s, F=6, P=0, R=0, loss=1.7481]Training:  44%|████▎     | 2614/6000 [18:12<10:47,  5.23it/s, F=6, P=0, R=0, loss=1.7481]Training:  44%|████▎     | 2615/6000 [18:13<10:38,  5.30it/s, F=6, P=0, R=0, loss=1.7481]Training:  44%|████▎     | 2616/6000 [18:13<10:28,  5.38it/s, F=6, P=0, R=0, loss=1.7481]Training:  44%|████▎     | 2617/6000 [18:13<10:45,  5.24it/s, F=6, P=0, R=0, loss=1.7481]Training:  44%|████▎     | 2618/6000 [18:13<10:39,  5.29it/s, F=6, P=0, R=0, loss=1.7481]Training:  44%|████▎     | 2619/6000 [18:13<10:38,  5.29it/s, F=6, P=0, R=0, loss=1.7481]Training:  44%|████▎     | 2620/6000 [18:14<10:34,  5.32it/s, F=6, P=0, R=0, loss=1.7481]Training:  44%|████▎     | 2620/6000 [18:14<10:34,  5.32it/s, F=6, P=0, R=0, loss=1.5292]Training:  44%|████▎     | 2621/6000 [18:14<10:44,  5.24it/s, F=6, P=0, R=0, loss=1.5292]Training:  44%|████▎     | 2622/6000 [18:14<10:39,  5.28it/s, F=6, P=0, R=0, loss=1.5292]Training:  44%|████▎     | 2623/6000 [18:14<10:32,  5.34it/s, F=6, P=0, R=0, loss=1.5292]Training:  44%|████▎     | 2624/6000 [18:14<10:49,  5.19it/s, F=6, P=0, R=0, loss=1.5292]Training:  44%|████▍     | 2625/6000 [18:15<10:44,  5.23it/s, F=6, P=0, R=0, loss=1.5292]Training:  44%|████▍     | 2626/6000 [18:15<10:31,  5.34it/s, F=6, P=0, R=0, loss=1.5292]Training:  44%|████▍     | 2627/6000 [18:15<10:45,  5.22it/s, F=6, P=0, R=0, loss=1.5292]Training:  44%|████▍     | 2628/6000 [18:15<13:23,  4.20it/s, F=6, P=0, R=0, loss=1.5292]Training:  44%|████▍     | 2629/6000 [18:15<12:27,  4.51it/s, F=6, P=0, R=0, loss=1.5292]Training:  44%|████▍     | 2630/6000 [18:16<11:52,  4.73it/s, F=6, P=0, R=0, loss=1.5292]Training:  44%|████▍     | 2631/6000 [18:16<11:21,  4.95it/s, F=6, P=0, R=0, loss=1.5292]Training:  44%|████▍     | 2632/6000 [18:16<11:11,  5.01it/s, F=6, P=0, R=0, loss=1.5292]Training:  44%|████▍     | 2633/6000 [18:16<10:57,  5.12it/s, F=6, P=0, R=0, loss=1.5292]Training:  44%|████▍     | 2634/6000 [18:16<10:41,  5.25it/s, F=6, P=0, R=0, loss=1.5292]Training:  44%|████▍     | 2635/6000 [18:17<10:58,  5.11it/s, F=6, P=0, R=0, loss=1.5292]Training:  44%|████▍     | 2636/6000 [18:17<10:45,  5.21it/s, F=6, P=0, R=0, loss=1.5292]Training:  44%|████▍     | 2637/6000 [18:17<10:34,  5.30it/s, F=6, P=0, R=0, loss=1.5292]Training:  44%|████▍     | 2638/6000 [18:17<10:50,  5.17it/s, F=6, P=0, R=0, loss=1.5292]Training:  44%|████▍     | 2639/6000 [18:17<10:38,  5.26it/s, F=6, P=0, R=0, loss=1.5292]Training:  44%|████▍     | 2640/6000 [18:18<10:36,  5.28it/s, F=6, P=0, R=0, loss=1.5292]Training:  44%|████▍     | 2640/6000 [18:18<10:36,  5.28it/s, F=6, P=0, R=0, loss=1.5032]Training:  44%|████▍     | 2641/6000 [18:18<10:26,  5.36it/s, F=6, P=0, R=0, loss=1.5032]Training:  44%|████▍     | 2642/6000 [18:18<10:37,  5.27it/s, F=6, P=0, R=0, loss=1.5032]Training:  44%|████▍     | 2643/6000 [18:18<10:51,  5.15it/s, F=6, P=0, R=0, loss=1.5032]Training:  44%|████▍     | 2644/6000 [18:18<10:49,  5.17it/s, F=6, P=0, R=0, loss=1.5032]Training:  44%|████▍     | 2645/6000 [18:18<11:01,  5.07it/s, F=6, P=0, R=0, loss=1.5032]Training:  44%|████▍     | 2646/6000 [18:19<10:47,  5.18it/s, F=6, P=0, R=0, loss=1.5032]Training:  44%|████▍     | 2647/6000 [18:19<10:35,  5.28it/s, F=6, P=0, R=0, loss=1.5032]Training:  44%|████▍     | 2648/6000 [18:19<10:33,  5.29it/s, F=6, P=0, R=0, loss=1.5032]Training:  44%|████▍     | 2649/6000 [18:19<10:45,  5.19it/s, F=6, P=0, R=0, loss=1.5032]Training:  44%|████▍     | 2650/6000 [18:19<10:36,  5.26it/s, F=6, P=0, R=0, loss=1.5032]Training:  44%|████▍     | 2651/6000 [18:20<10:27,  5.34it/s, F=6, P=0, R=0, loss=1.5032]Training:  44%|████▍     | 2652/6000 [18:20<10:53,  5.13it/s, F=6, P=0, R=0, loss=1.5032]Training:  44%|████▍     | 2653/6000 [18:20<10:37,  5.25it/s, F=6, P=0, R=0, loss=1.5032]Training:  44%|████▍     | 2654/6000 [18:20<10:31,  5.30it/s, F=6, P=0, R=0, loss=1.5032]Training:  44%|████▍     | 2655/6000 [18:20<12:39,  4.41it/s, F=6, P=0, R=0, loss=1.5032]Training:  44%|████▍     | 2656/6000 [18:21<11:52,  4.70it/s, F=6, P=0, R=0, loss=1.5032]Training:  44%|████▍     | 2657/6000 [18:21<11:21,  4.91it/s, F=6, P=0, R=0, loss=1.5032]Training:  44%|████▍     | 2658/6000 [18:21<11:25,  4.88it/s, F=6, P=0, R=0, loss=1.5032]Training:  44%|████▍     | 2659/6000 [18:21<11:06,  5.01it/s, F=6, P=0, R=0, loss=1.5032]Training:  44%|████▍     | 2660/6000 [18:21<10:55,  5.10it/s, F=6, P=0, R=0, loss=1.5032]Training:  44%|████▍     | 2660/6000 [18:22<10:55,  5.10it/s, F=6, P=0, R=0, loss=1.7545]Training:  44%|████▍     | 2661/6000 [18:22<11:04,  5.03it/s, F=6, P=0, R=0, loss=1.7545]Training:  44%|████▍     | 2662/6000 [18:22<10:52,  5.11it/s, F=6, P=0, R=0, loss=1.7545]Training:  44%|████▍     | 2663/6000 [18:22<10:39,  5.22it/s, F=6, P=0, R=0, loss=1.7545]Training:  44%|████▍     | 2664/6000 [18:22<10:31,  5.28it/s, F=6, P=0, R=0, loss=1.7545]Training:  44%|████▍     | 2665/6000 [18:22<10:41,  5.20it/s, F=6, P=0, R=0, loss=1.7545]Training:  44%|████▍     | 2666/6000 [18:23<10:29,  5.30it/s, F=6, P=0, R=0, loss=1.7545]Training:  44%|████▍     | 2667/6000 [18:23<10:22,  5.36it/s, F=6, P=0, R=0, loss=1.7545]Training:  44%|████▍     | 2668/6000 [18:23<10:43,  5.18it/s, F=6, P=0, R=0, loss=1.7545]Training:  44%|████▍     | 2669/6000 [18:23<10:35,  5.24it/s, F=6, P=0, R=0, loss=1.7545]Training:  44%|████▍     | 2670/6000 [18:23<10:45,  5.16it/s, F=6, P=0, R=0, loss=1.7545]Training:  45%|████▍     | 2671/6000 [18:24<10:37,  5.22it/s, F=6, P=0, R=0, loss=1.7545]Training:  45%|████▍     | 2672/6000 [18:24<10:33,  5.25it/s, F=6, P=0, R=0, loss=1.7545]Training:  45%|████▍     | 2673/6000 [18:24<10:49,  5.12it/s, F=6, P=0, R=0, loss=1.7545]Training:  45%|████▍     | 2674/6000 [18:24<10:40,  5.19it/s, F=6, P=0, R=0, loss=1.7545]Training:  45%|████▍     | 2675/6000 [18:24<10:39,  5.20it/s, F=6, P=0, R=0, loss=1.7545]Training:  45%|████▍     | 2676/6000 [18:24<10:28,  5.29it/s, F=6, P=0, R=0, loss=1.7545]Training:  45%|████▍     | 2677/6000 [18:25<10:37,  5.22it/s, F=6, P=0, R=0, loss=1.7545]Training:  45%|████▍     | 2678/6000 [18:25<10:36,  5.22it/s, F=6, P=0, R=0, loss=1.7545]Training:  45%|████▍     | 2679/6000 [18:25<10:26,  5.30it/s, F=6, P=0, R=0, loss=1.7545]Training:  45%|████▍     | 2680/6000 [18:25<12:30,  4.42it/s, F=6, P=0, R=0, loss=1.7545]Training:  45%|████▍     | 2680/6000 [18:26<12:30,  4.42it/s, F=6, P=0, R=0, loss=1.7259]Training:  45%|████▍     | 2681/6000 [18:26<11:44,  4.71it/s, F=6, P=0, R=0, loss=1.7259]Training:  45%|████▍     | 2682/6000 [18:26<11:15,  4.92it/s, F=6, P=0, R=0, loss=1.7259]Training:  45%|████▍     | 2683/6000 [18:26<11:05,  4.99it/s, F=6, P=0, R=0, loss=1.7259]Training:  45%|████▍     | 2684/6000 [18:26<10:58,  5.04it/s, F=6, P=0, R=0, loss=1.7259]Training:  45%|████▍     | 2685/6000 [18:26<10:41,  5.17it/s, F=6, P=0, R=0, loss=1.7259]Training:  45%|████▍     | 2686/6000 [18:27<10:48,  5.11it/s, F=6, P=0, R=0, loss=1.7259]Training:  45%|████▍     | 2687/6000 [18:27<10:43,  5.15it/s, F=6, P=0, R=0, loss=1.7259]Training:  45%|████▍     | 2688/6000 [18:27<10:37,  5.19it/s, F=6, P=0, R=0, loss=1.7259]Training:  45%|████▍     | 2689/6000 [18:27<10:32,  5.23it/s, F=6, P=0, R=0, loss=1.7259]Training:  45%|████▍     | 2690/6000 [18:27<10:42,  5.15it/s, F=6, P=0, R=0, loss=1.7259]Training:  45%|████▍     | 2691/6000 [18:27<10:28,  5.26it/s, F=6, P=0, R=0, loss=1.7259]Training:  45%|████▍     | 2692/6000 [18:28<10:34,  5.22it/s, F=6, P=0, R=0, loss=1.7259]Training:  45%|████▍     | 2693/6000 [18:28<10:24,  5.30it/s, F=6, P=0, R=0, loss=1.7259]Training:  45%|████▍     | 2694/6000 [18:28<10:20,  5.33it/s, F=6, P=0, R=0, loss=1.7259]Training:  45%|████▍     | 2695/6000 [18:28<12:21,  4.46it/s, F=6, P=0, R=0, loss=1.7259]Training:  45%|████▍     | 2696/6000 [18:29<11:33,  4.76it/s, F=6, P=0, R=0, loss=1.7259]Training:  45%|████▍     | 2697/6000 [18:29<11:02,  4.98it/s, F=6, P=0, R=0, loss=1.7259]Training:  45%|████▍     | 2698/6000 [18:29<10:59,  5.00it/s, F=6, P=0, R=0, loss=1.7259]Training:  45%|████▍     | 2699/6000 [18:29<10:46,  5.10it/s, F=6, P=0, R=0, loss=1.7259]Training:  45%|████▌     | 2700/6000 [18:29<10:35,  5.19it/s, F=6, P=0, R=0, loss=1.7259]Training:  45%|████▌     | 2700/6000 [18:29<10:35,  5.19it/s, F=6, P=0, R=0, loss=1.5006]Training:  45%|████▌     | 2701/6000 [18:29<10:47,  5.09it/s, F=6, P=0, R=0, loss=1.5006]Training:  45%|████▌     | 2702/6000 [18:30<10:39,  5.16it/s, F=6, P=0, R=0, loss=1.5006]Training:  45%|████▌     | 2703/6000 [18:30<10:28,  5.25it/s, F=6, P=0, R=0, loss=1.5006]Training:  45%|████▌     | 2704/6000 [18:30<10:24,  5.28it/s, F=6, P=0, R=0, loss=1.5006]Training:  45%|████▌     | 2705/6000 [18:30<10:28,  5.24it/s, F=6, P=0, R=0, loss=1.5006]Training:  45%|████▌     | 2706/6000 [18:30<10:16,  5.34it/s, F=6, P=0, R=0, loss=1.5006]Training:  45%|████▌     | 2707/6000 [18:31<10:08,  5.41it/s, F=6, P=0, R=0, loss=1.5006]Training:  45%|████▌     | 2708/6000 [18:31<10:28,  5.23it/s, F=6, P=0, R=0, loss=1.5006]Training:  45%|████▌     | 2709/6000 [18:31<10:19,  5.31it/s, F=6, P=0, R=0, loss=1.5006]Training:  45%|████▌     | 2710/6000 [18:31<10:16,  5.33it/s, F=6, P=0, R=0, loss=1.5006]Training:  45%|████▌     | 2711/6000 [18:31<10:27,  5.24it/s, F=6, P=0, R=0, loss=1.5006]Training:  45%|████▌     | 2712/6000 [18:32<10:22,  5.29it/s, F=6, P=0, R=0, loss=1.5006]Training:  45%|████▌     | 2713/6000 [18:32<10:17,  5.32it/s, F=6, P=0, R=0, loss=1.5006]Training:  45%|████▌     | 2714/6000 [18:32<10:10,  5.38it/s, F=6, P=0, R=0, loss=1.5006]Training:  45%|████▌     | 2715/6000 [18:32<10:13,  5.35it/s, F=6, P=0, R=0, loss=1.5006]Training:  45%|████▌     | 2716/6000 [18:32<10:09,  5.39it/s, F=6, P=0, R=0, loss=1.5006]Training:  45%|████▌     | 2717/6000 [18:32<10:10,  5.38it/s, F=6, P=0, R=0, loss=1.5006]Training:  45%|████▌     | 2718/6000 [18:33<10:29,  5.21it/s, F=6, P=0, R=0, loss=1.5006]Training:  45%|████▌     | 2719/6000 [18:33<10:18,  5.31it/s, F=6, P=0, R=0, loss=1.5006]Training:  45%|████▌     | 2720/6000 [18:33<10:22,  5.27it/s, F=6, P=0, R=0, loss=1.5006]Training:  45%|████▌     | 2720/6000 [18:33<10:22,  5.27it/s, F=6, P=0, R=0, loss=1.4856]Training:  45%|████▌     | 2721/6000 [18:33<10:12,  5.35it/s, F=6, P=0, R=0, loss=1.4856]Training:  45%|████▌     | 2722/6000 [18:33<10:25,  5.24it/s, F=6, P=0, R=0, loss=1.4856]Training:  45%|████▌     | 2723/6000 [18:34<10:17,  5.31it/s, F=6, P=0, R=0, loss=1.4856]Training:  45%|████▌     | 2724/6000 [18:34<10:15,  5.33it/s, F=6, P=0, R=0, loss=1.4856]Training:  45%|████▌     | 2725/6000 [18:34<10:35,  5.15it/s, F=6, P=0, R=0, loss=1.4856]Training:  45%|████▌     | 2726/6000 [18:34<10:20,  5.28it/s, F=6, P=0, R=0, loss=1.4856]Training:  45%|████▌     | 2727/6000 [18:34<10:08,  5.38it/s, F=6, P=0, R=0, loss=1.4856]Training:  45%|████▌     | 2728/6000 [18:35<10:24,  5.24it/s, F=6, P=0, R=0, loss=1.4856]Training:  45%|████▌     | 2729/6000 [18:35<10:24,  5.23it/s, F=6, P=0, R=0, loss=1.4856]Training:  46%|████▌     | 2730/6000 [18:35<10:17,  5.30it/s, F=6, P=0, R=0, loss=1.4856]Training:  46%|████▌     | 2731/6000 [18:35<10:09,  5.37it/s, F=6, P=0, R=0, loss=1.4856]Training:  46%|████▌     | 2732/6000 [18:35<10:31,  5.18it/s, F=6, P=0, R=0, loss=1.4856]Training:  46%|████▌     | 2733/6000 [18:36<10:20,  5.26it/s, F=6, P=0, R=0, loss=1.4856]Training:  46%|████▌     | 2734/6000 [18:36<10:18,  5.28it/s, F=6, P=0, R=0, loss=1.4856]Training:  46%|████▌     | 2735/6000 [18:36<10:26,  5.21it/s, F=6, P=0, R=0, loss=1.4856]Training:  46%|████▌     | 2736/6000 [18:36<10:19,  5.27it/s, F=6, P=0, R=0, loss=1.4856]Training:  46%|████▌     | 2737/6000 [18:36<10:12,  5.33it/s, F=6, P=0, R=0, loss=1.4856]Training:  46%|████▌     | 2738/6000 [18:36<10:31,  5.17it/s, F=6, P=0, R=0, loss=1.4856]Training:  46%|████▌     | 2739/6000 [18:37<10:36,  5.13it/s, F=6, P=0, R=0, loss=1.4856]Training:  46%|████▌     | 2740/6000 [18:37<10:30,  5.17it/s, F=6, P=0, R=0, loss=1.4856]Training:  46%|████▌     | 2740/6000 [18:37<10:30,  5.17it/s, F=6, P=0, R=0, loss=1.7336]Training:  46%|████▌     | 2741/6000 [18:37<10:25,  5.21it/s, F=6, P=0, R=0, loss=1.7336]Training:  46%|████▌     | 2742/6000 [18:37<10:34,  5.13it/s, F=6, P=0, R=0, loss=1.7336]Training:  46%|████▌     | 2743/6000 [18:37<10:23,  5.23it/s, F=6, P=0, R=0, loss=1.7336]Training:  46%|████▌     | 2744/6000 [18:38<10:21,  5.24it/s, F=6, P=0, R=0, loss=1.7336]Training:  46%|████▌     | 2745/6000 [18:38<10:31,  5.15it/s, F=6, P=0, R=0, loss=1.7336]Training:  46%|████▌     | 2746/6000 [18:38<10:16,  5.28it/s, F=6, P=0, R=0, loss=1.7336]Training:  46%|████▌     | 2747/6000 [18:38<10:08,  5.35it/s, F=6, P=0, R=0, loss=1.7336]Training:  46%|████▌     | 2748/6000 [18:38<10:26,  5.19it/s, F=6, P=0, R=0, loss=1.7336]Training:  46%|████▌     | 2749/6000 [18:39<10:21,  5.23it/s, F=6, P=0, R=0, loss=1.7336]Training:  46%|████▌     | 2750/6000 [18:39<10:26,  5.19it/s, F=6, P=0, R=0, loss=1.7336]Training:  46%|████▌     | 2751/6000 [18:41<35:52,  1.51it/s, val_loss=1.492]            Training:  46%|████▌     | 2752/6000 [18:41<28:20,  1.91it/s, val_loss=1.492]Training:  46%|████▌     | 2753/6000 [18:41<22:50,  2.37it/s, val_loss=1.492]Training:  46%|████▌     | 2754/6000 [18:41<18:57,  2.85it/s, val_loss=1.492]Training:  46%|████▌     | 2755/6000 [18:41<16:43,  3.23it/s, val_loss=1.492]Training:  46%|████▌     | 2756/6000 [18:41<14:44,  3.67it/s, val_loss=1.492]Training:  46%|████▌     | 2757/6000 [18:42<13:21,  4.05it/s, val_loss=1.492]Training:  46%|████▌     | 2758/6000 [18:42<12:52,  4.19it/s, val_loss=1.492]Training:  46%|████▌     | 2759/6000 [18:42<12:03,  4.48it/s, val_loss=1.492]Training:  46%|████▌     | 2760/6000 [18:42<11:37,  4.65it/s, val_loss=1.492]Training:  46%|████▌     | 2760/6000 [18:42<11:37,  4.65it/s, F=6, P=0, R=0, loss=1.7061]Training:  46%|████▌     | 2761/6000 [18:42<11:08,  4.84it/s, F=6, P=0, R=0, loss=1.7061]Training:  46%|████▌     | 2762/6000 [18:43<11:01,  4.89it/s, F=6, P=0, R=0, loss=1.7061]Training:  46%|████▌     | 2763/6000 [18:43<10:57,  4.92it/s, F=6, P=0, R=0, loss=1.7061]Training:  46%|████▌     | 2764/6000 [18:43<10:53,  4.95it/s, F=6, P=0, R=0, loss=1.7061]Training:  46%|████▌     | 2765/6000 [18:43<11:02,  4.88it/s, F=6, P=0, R=0, loss=1.7061]Training:  46%|████▌     | 2766/6000 [18:43<10:43,  5.03it/s, F=6, P=0, R=0, loss=1.7061]Training:  46%|████▌     | 2767/6000 [18:44<10:38,  5.07it/s, F=6, P=0, R=0, loss=1.7061]Training:  46%|████▌     | 2768/6000 [18:44<10:29,  5.13it/s, F=6, P=0, R=0, loss=1.7061]Training:  46%|████▌     | 2769/6000 [18:44<10:33,  5.10it/s, F=6, P=0, R=0, loss=1.7061]Training:  46%|████▌     | 2770/6000 [18:44<10:45,  5.01it/s, F=6, P=0, R=0, loss=1.7061]Training:  46%|████▌     | 2771/6000 [18:44<10:40,  5.04it/s, F=6, P=0, R=0, loss=1.7061]Training:  46%|████▌     | 2772/6000 [18:45<10:28,  5.14it/s, F=6, P=0, R=0, loss=1.7061]Training:  46%|████▌     | 2773/6000 [18:45<10:42,  5.03it/s, F=6, P=0, R=0, loss=1.7061]Training:  46%|████▌     | 2774/6000 [18:45<10:33,  5.09it/s, F=6, P=0, R=0, loss=1.7061]Training:  46%|████▋     | 2775/6000 [18:45<10:37,  5.06it/s, F=6, P=0, R=0, loss=1.7061]Training:  46%|████▋     | 2776/6000 [18:45<10:21,  5.19it/s, F=6, P=0, R=0, loss=1.7061]Training:  46%|████▋     | 2777/6000 [18:46<10:09,  5.28it/s, F=6, P=0, R=0, loss=1.7061]Training:  46%|████▋     | 2778/6000 [18:46<10:22,  5.17it/s, F=6, P=0, R=0, loss=1.7061]Training:  46%|████▋     | 2779/6000 [18:46<10:22,  5.17it/s, F=6, P=0, R=0, loss=1.7061]Training:  46%|████▋     | 2780/6000 [18:46<10:13,  5.25it/s, F=6, P=0, R=0, loss=1.7061]Training:  46%|████▋     | 2780/6000 [18:46<10:13,  5.25it/s, F=6, P=0, R=0, loss=1.4856]Training:  46%|████▋     | 2781/6000 [18:46<10:05,  5.32it/s, F=6, P=0, R=0, loss=1.4856]Training:  46%|████▋     | 2782/6000 [18:47<10:15,  5.23it/s, F=6, P=0, R=0, loss=1.4856]Training:  46%|████▋     | 2783/6000 [18:47<10:06,  5.31it/s, F=6, P=0, R=0, loss=1.4856]Training:  46%|████▋     | 2784/6000 [18:47<10:14,  5.24it/s, F=6, P=0, R=0, loss=1.4856]Training:  46%|████▋     | 2785/6000 [18:47<10:41,  5.01it/s, F=6, P=0, R=0, loss=1.4856]Training:  46%|████▋     | 2786/6000 [18:47<10:24,  5.15it/s, F=6, P=0, R=0, loss=1.4856]Training:  46%|████▋     | 2787/6000 [18:48<10:13,  5.24it/s, F=6, P=0, R=0, loss=1.4856]Training:  46%|████▋     | 2788/6000 [18:48<10:15,  5.22it/s, F=6, P=0, R=0, loss=1.4856]Training:  46%|████▋     | 2789/6000 [18:48<10:12,  5.24it/s, F=6, P=0, R=0, loss=1.4856]Training:  46%|████▋     | 2790/6000 [18:48<10:19,  5.18it/s, F=6, P=0, R=0, loss=1.4856]Training:  47%|████▋     | 2791/6000 [18:48<10:14,  5.22it/s, F=6, P=0, R=0, loss=1.4856]Training:  47%|████▋     | 2792/6000 [18:48<10:09,  5.26it/s, F=6, P=0, R=0, loss=1.4856]Training:  47%|████▋     | 2793/6000 [18:49<10:25,  5.13it/s, F=6, P=0, R=0, loss=1.4856]Training:  47%|████▋     | 2794/6000 [18:49<10:09,  5.26it/s, F=6, P=0, R=0, loss=1.4856]Training:  47%|████▋     | 2795/6000 [18:49<10:05,  5.29it/s, F=6, P=0, R=0, loss=1.4856]Training:  47%|████▋     | 2796/6000 [18:49<10:22,  5.14it/s, F=6, P=0, R=0, loss=1.4856]Training:  47%|████▋     | 2797/6000 [18:49<10:15,  5.21it/s, F=6, P=0, R=0, loss=1.4856]Training:  47%|████▋     | 2798/6000 [18:50<10:06,  5.28it/s, F=6, P=0, R=0, loss=1.4856]Training:  47%|████▋     | 2799/6000 [18:50<10:16,  5.19it/s, F=6, P=0, R=0, loss=1.4856]Training:  47%|████▋     | 2800/6000 [18:50<10:14,  5.21it/s, F=6, P=0, R=0, loss=1.4856]Training:  47%|████▋     | 2800/6000 [18:50<10:14,  5.21it/s, F=6, P=0, R=0, loss=1.4717]Training:  47%|████▋     | 2801/6000 [18:50<10:05,  5.28it/s, F=6, P=0, R=0, loss=1.4717]Training:  47%|████▋     | 2802/6000 [18:50<10:02,  5.31it/s, F=6, P=0, R=0, loss=1.4717]Training:  47%|████▋     | 2803/6000 [18:51<10:21,  5.15it/s, F=6, P=0, R=0, loss=1.4717]Training:  47%|████▋     | 2804/6000 [18:51<10:15,  5.19it/s, F=6, P=0, R=0, loss=1.4717]Training:  47%|████▋     | 2805/6000 [18:51<11:54,  4.47it/s, F=6, P=0, R=0, loss=1.4717]Training:  47%|████▋     | 2806/6000 [18:51<11:33,  4.60it/s, F=6, P=0, R=0, loss=1.4717]Training:  47%|████▋     | 2807/6000 [18:51<10:57,  4.86it/s, F=6, P=0, R=0, loss=1.4717]Training:  47%|████▋     | 2808/6000 [18:52<10:59,  4.84it/s, F=6, P=0, R=0, loss=1.4717]Training:  47%|████▋     | 2809/6000 [18:52<11:03,  4.81it/s, F=6, P=0, R=0, loss=1.4717]Training:  47%|████▋     | 2810/6000 [18:52<10:57,  4.85it/s, F=6, P=0, R=0, loss=1.4717]Training:  47%|████▋     | 2811/6000 [18:52<10:34,  5.03it/s, F=6, P=0, R=0, loss=1.4717]Training:  47%|████▋     | 2812/6000 [18:52<10:29,  5.07it/s, F=6, P=0, R=0, loss=1.4717]Training:  47%|████▋     | 2813/6000 [18:53<10:33,  5.03it/s, F=6, P=0, R=0, loss=1.4717]Training:  47%|████▋     | 2814/6000 [18:53<10:20,  5.13it/s, F=6, P=0, R=0, loss=1.4717]Training:  47%|████▋     | 2815/6000 [18:53<10:20,  5.14it/s, F=6, P=0, R=0, loss=1.4717]Training:  47%|████▋     | 2816/6000 [18:53<10:05,  5.26it/s, F=6, P=0, R=0, loss=1.4717]Training:  47%|████▋     | 2817/6000 [18:53<09:57,  5.33it/s, F=6, P=0, R=0, loss=1.4717]Training:  47%|████▋     | 2818/6000 [18:54<10:11,  5.20it/s, F=6, P=0, R=0, loss=1.4717]Training:  47%|████▋     | 2819/6000 [18:54<10:11,  5.21it/s, F=6, P=0, R=0, loss=1.4717]Training:  47%|████▋     | 2820/6000 [18:54<10:16,  5.15it/s, F=6, P=0, R=0, loss=1.4717]Training:  47%|████▋     | 2820/6000 [18:54<10:16,  5.15it/s, F=6, P=0, R=0, loss=1.7161]Training:  47%|████▋     | 2821/6000 [18:54<10:12,  5.19it/s, F=6, P=0, R=0, loss=1.7161]Training:  47%|████▋     | 2822/6000 [18:54<10:07,  5.23it/s, F=6, P=0, R=0, loss=1.7161]Training:  47%|████▋     | 2823/6000 [18:55<10:18,  5.14it/s, F=6, P=0, R=0, loss=1.7161]Training:  47%|████▋     | 2824/6000 [18:55<10:13,  5.18it/s, F=6, P=0, R=0, loss=1.7161]Training:  47%|████▋     | 2825/6000 [18:55<10:04,  5.25it/s, F=6, P=0, R=0, loss=1.7161]Training:  47%|████▋     | 2826/6000 [18:55<09:54,  5.34it/s, F=6, P=0, R=0, loss=1.7161]Training:  47%|████▋     | 2827/6000 [18:55<10:05,  5.24it/s, F=6, P=0, R=0, loss=1.7161]Training:  47%|████▋     | 2828/6000 [18:56<09:59,  5.29it/s, F=6, P=0, R=0, loss=1.7161]Training:  47%|████▋     | 2829/6000 [18:56<09:56,  5.32it/s, F=6, P=0, R=0, loss=1.7161]Training:  47%|████▋     | 2830/6000 [18:56<10:13,  5.17it/s, F=6, P=0, R=0, loss=1.7161]Training:  47%|████▋     | 2831/6000 [18:56<10:00,  5.27it/s, F=6, P=0, R=0, loss=1.7161]Training:  47%|████▋     | 2832/6000 [18:56<09:57,  5.30it/s, F=6, P=0, R=0, loss=1.7161]Training:  47%|████▋     | 2833/6000 [18:56<10:11,  5.18it/s, F=6, P=0, R=0, loss=1.7161]Training:  47%|████▋     | 2834/6000 [18:57<10:19,  5.11it/s, F=6, P=0, R=0, loss=1.7161]Training:  47%|████▋     | 2835/6000 [18:57<10:48,  4.88it/s, F=6, P=0, R=0, loss=1.7161]Training:  47%|████▋     | 2836/6000 [18:57<11:06,  4.75it/s, F=6, P=0, R=0, loss=1.7161]Training:  47%|████▋     | 2837/6000 [18:57<11:18,  4.66it/s, F=6, P=0, R=0, loss=1.7161]Training:  47%|████▋     | 2838/6000 [18:58<11:11,  4.71it/s, F=6, P=0, R=0, loss=1.7161]Training:  47%|████▋     | 2839/6000 [18:58<10:41,  4.93it/s, F=6, P=0, R=0, loss=1.7161]Training:  47%|████▋     | 2840/6000 [18:58<10:40,  4.93it/s, F=6, P=0, R=0, loss=1.7161]Training:  47%|████▋     | 2840/6000 [18:58<10:40,  4.93it/s, F=6, P=0, R=0, loss=1.6910]Training:  47%|████▋     | 2841/6000 [18:58<10:25,  5.05it/s, F=6, P=0, R=0, loss=1.6910]Training:  47%|████▋     | 2842/6000 [18:58<10:10,  5.17it/s, F=6, P=0, R=0, loss=1.6910]Training:  47%|████▋     | 2843/6000 [18:59<10:24,  5.06it/s, F=6, P=0, R=0, loss=1.6910]Training:  47%|████▋     | 2844/6000 [18:59<10:22,  5.07it/s, F=6, P=0, R=0, loss=1.6910]Training:  47%|████▋     | 2845/6000 [18:59<10:07,  5.19it/s, F=6, P=0, R=0, loss=1.6910]Training:  47%|████▋     | 2846/6000 [18:59<09:54,  5.31it/s, F=6, P=0, R=0, loss=1.6910]Training:  47%|████▋     | 2847/6000 [18:59<10:07,  5.19it/s, F=6, P=0, R=0, loss=1.6910]Training:  47%|████▋     | 2848/6000 [18:59<10:02,  5.23it/s, F=6, P=0, R=0, loss=1.6910]Training:  47%|████▋     | 2849/6000 [19:00<09:57,  5.27it/s, F=6, P=0, R=0, loss=1.6910]Training:  48%|████▊     | 2850/6000 [19:00<10:12,  5.14it/s, F=6, P=0, R=0, loss=1.6910]Training:  48%|████▊     | 2851/6000 [19:00<09:59,  5.25it/s, F=6, P=0, R=0, loss=1.6910]Training:  48%|████▊     | 2852/6000 [19:00<09:56,  5.28it/s, F=6, P=0, R=0, loss=1.6910]Training:  48%|████▊     | 2853/6000 [19:00<09:50,  5.33it/s, F=6, P=0, R=0, loss=1.6910]Training:  48%|████▊     | 2854/6000 [19:01<10:00,  5.24it/s, F=6, P=0, R=0, loss=1.6910]Training:  48%|████▊     | 2855/6000 [19:01<10:20,  5.06it/s, F=6, P=0, R=0, loss=1.6910]Training:  48%|████▊     | 2856/6000 [19:01<10:23,  5.04it/s, F=6, P=0, R=0, loss=1.6910]Training:  48%|████▊     | 2857/6000 [19:01<10:25,  5.03it/s, F=6, P=0, R=0, loss=1.6910]Training:  48%|████▊     | 2858/6000 [19:01<10:52,  4.81it/s, F=6, P=0, R=0, loss=1.6910]Training:  48%|████▊     | 2859/6000 [19:02<10:33,  4.96it/s, F=6, P=0, R=0, loss=1.6910]Training:  48%|████▊     | 2860/6000 [19:02<10:21,  5.05it/s, F=6, P=0, R=0, loss=1.6910]Training:  48%|████▊     | 2860/6000 [19:02<10:21,  5.05it/s, F=6, P=0, R=0, loss=1.4691]Training:  48%|████▊     | 2861/6000 [19:02<10:03,  5.20it/s, F=6, P=0, R=0, loss=1.4691]Training:  48%|████▊     | 2862/6000 [19:02<10:09,  5.15it/s, F=6, P=0, R=0, loss=1.4691]Training:  48%|████▊     | 2863/6000 [19:02<09:58,  5.24it/s, F=6, P=0, R=0, loss=1.4691]Training:  48%|████▊     | 2864/6000 [19:03<09:58,  5.24it/s, F=6, P=0, R=0, loss=1.4691]Training:  48%|████▊     | 2865/6000 [19:03<10:20,  5.05it/s, F=6, P=0, R=0, loss=1.4691]Training:  48%|████▊     | 2866/6000 [19:03<10:05,  5.17it/s, F=6, P=0, R=0, loss=1.4691]Training:  48%|████▊     | 2867/6000 [19:03<09:58,  5.24it/s, F=6, P=0, R=0, loss=1.4691]Training:  48%|████▊     | 2868/6000 [19:03<09:57,  5.24it/s, F=6, P=0, R=0, loss=1.4691]Training:  48%|████▊     | 2869/6000 [19:04<10:01,  5.21it/s, F=6, P=0, R=0, loss=1.4691]Training:  48%|████▊     | 2870/6000 [19:04<10:00,  5.21it/s, F=6, P=0, R=0, loss=1.4691]Training:  48%|████▊     | 2871/6000 [19:04<09:49,  5.31it/s, F=6, P=0, R=0, loss=1.4691]Training:  48%|████▊     | 2872/6000 [19:04<10:07,  5.15it/s, F=6, P=0, R=0, loss=1.4691]Training:  48%|████▊     | 2873/6000 [19:04<10:05,  5.16it/s, F=6, P=0, R=0, loss=1.4691]Training:  48%|████▊     | 2874/6000 [19:04<09:53,  5.26it/s, F=6, P=0, R=0, loss=1.4691]Training:  48%|████▊     | 2875/6000 [19:05<10:14,  5.09it/s, F=6, P=0, R=0, loss=1.4691]Training:  48%|████▊     | 2876/6000 [19:05<10:01,  5.20it/s, F=6, P=0, R=0, loss=1.4691]Training:  48%|████▊     | 2877/6000 [19:05<09:50,  5.29it/s, F=6, P=0, R=0, loss=1.4691]Training:  48%|████▊     | 2878/6000 [19:05<10:07,  5.14it/s, F=6, P=0, R=0, loss=1.4691]Training:  48%|████▊     | 2879/6000 [19:05<09:55,  5.24it/s, F=6, P=0, R=0, loss=1.4691]Training:  48%|████▊     | 2880/6000 [19:06<09:53,  5.26it/s, F=6, P=0, R=0, loss=1.4691]Training:  48%|████▊     | 2880/6000 [19:06<09:53,  5.26it/s, F=6, P=0, R=0, loss=1.4605]Training:  48%|████▊     | 2881/6000 [19:06<09:59,  5.21it/s, F=6, P=0, R=0, loss=1.4605]Training:  48%|████▊     | 2882/6000 [19:06<10:02,  5.18it/s, F=6, P=0, R=0, loss=1.4605]Training:  48%|████▊     | 2883/6000 [19:06<09:53,  5.25it/s, F=6, P=0, R=0, loss=1.4605]Training:  48%|████▊     | 2884/6000 [19:06<09:48,  5.29it/s, F=6, P=0, R=0, loss=1.4605]Training:  48%|████▊     | 2885/6000 [19:07<09:53,  5.25it/s, F=6, P=0, R=0, loss=1.4605]Training:  48%|████▊     | 2886/6000 [19:07<10:10,  5.10it/s, F=6, P=0, R=0, loss=1.4605]Training:  48%|████▊     | 2887/6000 [19:07<10:08,  5.11it/s, F=6, P=0, R=0, loss=1.4605]Training:  48%|████▊     | 2888/6000 [19:07<10:24,  4.98it/s, F=6, P=0, R=0, loss=1.4605]Training:  48%|████▊     | 2889/6000 [19:07<10:10,  5.10it/s, F=6, P=0, R=0, loss=1.4605]Training:  48%|████▊     | 2890/6000 [19:08<10:01,  5.17it/s, F=6, P=0, R=0, loss=1.4605]Training:  48%|████▊     | 2891/6000 [19:08<10:04,  5.14it/s, F=6, P=0, R=0, loss=1.4605]Training:  48%|████▊     | 2892/6000 [19:08<10:03,  5.15it/s, F=6, P=0, R=0, loss=1.4605]Training:  48%|████▊     | 2893/6000 [19:08<09:48,  5.28it/s, F=6, P=0, R=0, loss=1.4605]Training:  48%|████▊     | 2894/6000 [19:08<09:43,  5.32it/s, F=6, P=0, R=0, loss=1.4605]Training:  48%|████▊     | 2895/6000 [19:09<11:21,  4.55it/s, F=6, P=0, R=0, loss=1.4605]Training:  48%|████▊     | 2896/6000 [19:09<10:43,  4.82it/s, F=6, P=0, R=0, loss=1.4605]Training:  48%|████▊     | 2897/6000 [19:09<10:20,  5.00it/s, F=6, P=0, R=0, loss=1.4605]Training:  48%|████▊     | 2898/6000 [19:09<10:13,  5.06it/s, F=6, P=0, R=0, loss=1.4605]Training:  48%|████▊     | 2899/6000 [19:09<10:07,  5.11it/s, F=6, P=0, R=0, loss=1.4605]Training:  48%|████▊     | 2900/6000 [19:10<11:36,  4.45it/s, F=6, P=0, R=0, loss=1.4605]Training:  48%|████▊     | 2900/6000 [19:10<11:36,  4.45it/s, F=6, P=0, R=0, loss=1.6962]Training:  48%|████▊     | 2901/6000 [19:10<11:14,  4.59it/s, F=6, P=0, R=0, loss=1.6962]Training:  48%|████▊     | 2902/6000 [19:10<10:40,  4.84it/s, F=6, P=0, R=0, loss=1.6962]Training:  48%|████▊     | 2903/6000 [19:10<10:18,  5.00it/s, F=6, P=0, R=0, loss=1.6962]Training:  48%|████▊     | 2904/6000 [19:10<10:14,  5.04it/s, F=6, P=0, R=0, loss=1.6962]Training:  48%|████▊     | 2905/6000 [19:11<10:05,  5.11it/s, F=6, P=0, R=0, loss=1.6962]Training:  48%|████▊     | 2906/6000 [19:11<09:49,  5.25it/s, F=6, P=0, R=0, loss=1.6962]Training:  48%|████▊     | 2907/6000 [19:11<10:00,  5.15it/s, F=6, P=0, R=0, loss=1.6962]Training:  48%|████▊     | 2908/6000 [19:11<09:54,  5.20it/s, F=6, P=0, R=0, loss=1.6962]Training:  48%|████▊     | 2909/6000 [19:11<09:46,  5.27it/s, F=6, P=0, R=0, loss=1.6962]Training:  48%|████▊     | 2910/6000 [19:12<09:48,  5.25it/s, F=6, P=0, R=0, loss=1.6962]Training:  49%|████▊     | 2911/6000 [19:12<09:44,  5.28it/s, F=6, P=0, R=0, loss=1.6962]Training:  49%|████▊     | 2912/6000 [19:12<09:41,  5.31it/s, F=6, P=0, R=0, loss=1.6962]Training:  49%|████▊     | 2913/6000 [19:12<09:38,  5.33it/s, F=6, P=0, R=0, loss=1.6962]Training:  49%|████▊     | 2914/6000 [19:12<09:54,  5.19it/s, F=6, P=0, R=0, loss=1.6962]Training:  49%|████▊     | 2915/6000 [19:13<09:44,  5.28it/s, F=6, P=0, R=0, loss=1.6962]Training:  49%|████▊     | 2916/6000 [19:13<09:50,  5.22it/s, F=6, P=0, R=0, loss=1.6962]Training:  49%|████▊     | 2917/6000 [19:13<09:42,  5.29it/s, F=6, P=0, R=0, loss=1.6962]Training:  49%|████▊     | 2918/6000 [19:13<09:43,  5.28it/s, F=6, P=0, R=0, loss=1.6962]Training:  49%|████▊     | 2919/6000 [19:13<09:34,  5.36it/s, F=6, P=0, R=0, loss=1.6962]Training:  49%|████▊     | 2920/6000 [19:14<11:25,  4.49it/s, F=6, P=0, R=0, loss=1.6962]Training:  49%|████▊     | 2920/6000 [19:14<11:25,  4.49it/s, F=6, P=0, R=0, loss=1.6748]Training:  49%|████▊     | 2921/6000 [19:14<10:46,  4.76it/s, F=6, P=0, R=0, loss=1.6748]Training:  49%|████▊     | 2922/6000 [19:14<10:19,  4.97it/s, F=6, P=0, R=0, loss=1.6748]Training:  49%|████▊     | 2923/6000 [19:14<10:18,  4.98it/s, F=6, P=0, R=0, loss=1.6748]Training:  49%|████▊     | 2924/6000 [19:14<10:10,  5.04it/s, F=6, P=0, R=0, loss=1.6748]Training:  49%|████▉     | 2925/6000 [19:15<09:58,  5.14it/s, F=6, P=0, R=0, loss=1.6748]Training:  49%|████▉     | 2926/6000 [19:15<10:02,  5.10it/s, F=6, P=0, R=0, loss=1.6748]Training:  49%|████▉     | 2927/6000 [19:15<09:56,  5.15it/s, F=6, P=0, R=0, loss=1.6748]Training:  49%|████▉     | 2928/6000 [19:15<10:19,  4.96it/s, F=6, P=0, R=0, loss=1.6748]Training:  49%|████▉     | 2929/6000 [19:15<10:07,  5.06it/s, F=6, P=0, R=0, loss=1.6748]Training:  49%|████▉     | 2930/6000 [19:15<09:55,  5.16it/s, F=6, P=0, R=0, loss=1.6748]Training:  49%|████▉     | 2931/6000 [19:16<10:04,  5.08it/s, F=6, P=0, R=0, loss=1.6748]Training:  49%|████▉     | 2932/6000 [19:16<09:58,  5.13it/s, F=6, P=0, R=0, loss=1.6748]Training:  49%|████▉     | 2933/6000 [19:16<09:46,  5.22it/s, F=6, P=0, R=0, loss=1.6748]Training:  49%|████▉     | 2934/6000 [19:16<09:41,  5.27it/s, F=6, P=0, R=0, loss=1.6748]Training:  49%|████▉     | 2935/6000 [19:16<09:54,  5.16it/s, F=6, P=0, R=0, loss=1.6748]Training:  49%|████▉     | 2936/6000 [19:17<09:41,  5.27it/s, F=6, P=0, R=0, loss=1.6748]Training:  49%|████▉     | 2937/6000 [19:17<09:31,  5.36it/s, F=6, P=0, R=0, loss=1.6748]Training:  49%|████▉     | 2938/6000 [19:17<09:51,  5.18it/s, F=6, P=0, R=0, loss=1.6748]Training:  49%|████▉     | 2939/6000 [19:17<09:46,  5.22it/s, F=6, P=0, R=0, loss=1.6748]Training:  49%|████▉     | 2940/6000 [19:17<09:41,  5.27it/s, F=6, P=0, R=0, loss=1.6748]Training:  49%|████▉     | 2940/6000 [19:18<09:41,  5.27it/s, F=6, P=0, R=0, loss=1.4515]Training:  49%|████▉     | 2941/6000 [19:18<09:55,  5.14it/s, F=6, P=0, R=0, loss=1.4515]Training:  49%|████▉     | 2942/6000 [19:18<09:51,  5.17it/s, F=6, P=0, R=0, loss=1.4515]Training:  49%|████▉     | 2943/6000 [19:18<09:40,  5.26it/s, F=6, P=0, R=0, loss=1.4515]Training:  49%|████▉     | 2944/6000 [19:18<09:58,  5.11it/s, F=6, P=0, R=0, loss=1.4515]Training:  49%|████▉     | 2945/6000 [19:18<09:47,  5.20it/s, F=6, P=0, R=0, loss=1.4515]Training:  49%|████▉     | 2946/6000 [19:19<09:38,  5.28it/s, F=6, P=0, R=0, loss=1.4515]Training:  49%|████▉     | 2947/6000 [19:19<09:31,  5.34it/s, F=6, P=0, R=0, loss=1.4515]Training:  49%|████▉     | 2948/6000 [19:19<09:43,  5.23it/s, F=6, P=0, R=0, loss=1.4515]Training:  49%|████▉     | 2949/6000 [19:19<09:36,  5.29it/s, F=6, P=0, R=0, loss=1.4515]Training:  49%|████▉     | 2950/6000 [19:19<11:30,  4.42it/s, F=6, P=0, R=0, loss=1.4515]Training:  49%|████▉     | 2951/6000 [19:20<11:13,  4.52it/s, F=6, P=0, R=0, loss=1.4515]Training:  49%|████▉     | 2952/6000 [19:20<11:01,  4.61it/s, F=6, P=0, R=0, loss=1.4515]Training:  49%|████▉     | 2953/6000 [19:20<10:30,  4.84it/s, F=6, P=0, R=0, loss=1.4515]Training:  49%|████▉     | 2954/6000 [19:20<10:15,  4.95it/s, F=6, P=0, R=0, loss=1.4515]Training:  49%|████▉     | 2955/6000 [19:20<09:59,  5.08it/s, F=6, P=0, R=0, loss=1.4515]Training:  49%|████▉     | 2956/6000 [19:21<09:44,  5.21it/s, F=6, P=0, R=0, loss=1.4515]Training:  49%|████▉     | 2957/6000 [19:21<09:52,  5.13it/s, F=6, P=0, R=0, loss=1.4515]Training:  49%|████▉     | 2958/6000 [19:21<09:41,  5.23it/s, F=6, P=0, R=0, loss=1.4515]Training:  49%|████▉     | 2959/6000 [19:21<09:30,  5.33it/s, F=6, P=0, R=0, loss=1.4515]Training:  49%|████▉     | 2960/6000 [19:21<09:46,  5.18it/s, F=6, P=0, R=0, loss=1.4515]Training:  49%|████▉     | 2960/6000 [19:22<09:46,  5.18it/s, F=6, P=0, R=0, loss=1.4459]Training:  49%|████▉     | 2961/6000 [19:22<09:39,  5.24it/s, F=6, P=0, R=0, loss=1.4459]Training:  49%|████▉     | 2962/6000 [19:22<09:35,  5.28it/s, F=6, P=0, R=0, loss=1.4459]Training:  49%|████▉     | 2963/6000 [19:22<11:32,  4.39it/s, F=6, P=0, R=0, loss=1.4459]Training:  49%|████▉     | 2964/6000 [19:22<10:54,  4.64it/s, F=6, P=0, R=0, loss=1.4459]Training:  49%|████▉     | 2965/6000 [19:22<10:24,  4.86it/s, F=6, P=0, R=0, loss=1.4459]Training:  49%|████▉     | 2966/6000 [19:23<10:01,  5.04it/s, F=6, P=0, R=0, loss=1.4459]Training:  49%|████▉     | 2967/6000 [19:23<09:50,  5.14it/s, F=6, P=0, R=0, loss=1.4459]Training:  49%|████▉     | 2968/6000 [19:23<09:44,  5.19it/s, F=6, P=0, R=0, loss=1.4459]Training:  49%|████▉     | 2969/6000 [19:23<09:38,  5.24it/s, F=6, P=0, R=0, loss=1.4459]Training:  50%|████▉     | 2970/6000 [19:23<09:50,  5.13it/s, F=6, P=0, R=0, loss=1.4459]Training:  50%|████▉     | 2971/6000 [19:24<09:39,  5.23it/s, F=6, P=0, R=0, loss=1.4459]Training:  50%|████▉     | 2972/6000 [19:24<09:41,  5.20it/s, F=6, P=0, R=0, loss=1.4459]Training:  50%|████▉     | 2973/6000 [19:24<09:49,  5.14it/s, F=6, P=0, R=0, loss=1.4459]Training:  50%|████▉     | 2974/6000 [19:24<09:42,  5.19it/s, F=6, P=0, R=0, loss=1.4459]Training:  50%|████▉     | 2975/6000 [19:24<09:35,  5.26it/s, F=6, P=0, R=0, loss=1.4459]Training:  50%|████▉     | 2976/6000 [19:24<09:26,  5.34it/s, F=6, P=0, R=0, loss=1.4459]Training:  50%|████▉     | 2977/6000 [19:25<09:35,  5.26it/s, F=6, P=0, R=0, loss=1.4459]Training:  50%|████▉     | 2978/6000 [19:25<09:36,  5.24it/s, F=6, P=0, R=0, loss=1.4459]Training:  50%|████▉     | 2979/6000 [19:25<09:34,  5.26it/s, F=6, P=0, R=0, loss=1.4459]Training:  50%|████▉     | 2980/6000 [19:25<09:37,  5.23it/s, F=6, P=0, R=0, loss=1.4459]Training:  50%|████▉     | 2980/6000 [19:25<09:37,  5.23it/s, F=6, P=0, R=0, loss=1.6777]Training:  50%|████▉     | 2981/6000 [19:25<09:34,  5.25it/s, F=6, P=0, R=0, loss=1.6777]Training:  50%|████▉     | 2982/6000 [19:26<09:26,  5.33it/s, F=6, P=0, R=0, loss=1.6777]Training:  50%|████▉     | 2983/6000 [19:26<09:37,  5.23it/s, F=6, P=0, R=0, loss=1.6777]Training:  50%|████▉     | 2984/6000 [19:26<09:42,  5.18it/s, F=6, P=0, R=0, loss=1.6777]Training:  50%|████▉     | 2985/6000 [19:26<09:37,  5.22it/s, F=6, P=0, R=0, loss=1.6777]Training:  50%|████▉     | 2986/6000 [19:26<09:29,  5.29it/s, F=6, P=0, R=0, loss=1.6777]Training:  50%|████▉     | 2987/6000 [19:27<09:37,  5.22it/s, F=6, P=0, R=0, loss=1.6777]Training:  50%|████▉     | 2988/6000 [19:27<09:31,  5.27it/s, F=6, P=0, R=0, loss=1.6777]Training:  50%|████▉     | 2989/6000 [19:27<09:25,  5.32it/s, F=6, P=0, R=0, loss=1.6777]Training:  50%|████▉     | 2990/6000 [19:27<11:22,  4.41it/s, F=6, P=0, R=0, loss=1.6777]Training:  50%|████▉     | 2991/6000 [19:27<10:41,  4.69it/s, F=6, P=0, R=0, loss=1.6777]Training:  50%|████▉     | 2992/6000 [19:28<10:18,  4.87it/s, F=6, P=0, R=0, loss=1.6777]Training:  50%|████▉     | 2993/6000 [19:28<10:16,  4.87it/s, F=6, P=0, R=0, loss=1.6777]Training:  50%|████▉     | 2994/6000 [19:28<09:53,  5.07it/s, F=6, P=0, R=0, loss=1.6777]Training:  50%|████▉     | 2995/6000 [19:28<09:43,  5.15it/s, F=6, P=0, R=0, loss=1.6777]Training:  50%|████▉     | 2996/6000 [19:28<09:31,  5.26it/s, F=6, P=0, R=0, loss=1.6777]Training:  50%|████▉     | 2997/6000 [19:29<09:32,  5.24it/s, F=6, P=0, R=0, loss=1.6777]Training:  50%|████▉     | 2998/6000 [19:29<09:33,  5.23it/s, F=6, P=0, R=0, loss=1.6777]Training:  50%|████▉     | 2999/6000 [19:29<09:25,  5.31it/s, F=6, P=0, R=0, loss=1.6777]Training:  50%|█████     | 3000/6000 [19:29<09:45,  5.12it/s, F=6, P=0, R=0, loss=1.6777]Training:  50%|█████     | 3000/6000 [19:29<09:45,  5.12it/s, F=6, P=0, R=0, loss=1.6650][2026-09-19 11:53:25,465][hivemind.checkpoint][INFO] - checkpoint saved: runs/baselines_small_v1_live/trihope-seed1337/checkpoints/step_00003000
Training:  50%|█████     | 3001/6000 [19:34<1:13:49,  1.48s/it, val_loss=1.508]          Training:  50%|█████     | 3002/6000 [19:34<54:50,  1.10s/it, val_loss=1.508]  Training:  50%|█████     | 3003/6000 [19:34<41:40,  1.20it/s, val_loss=1.508]Training:  50%|█████     | 3004/6000 [19:34<32:06,  1.55it/s, val_loss=1.508]Training:  50%|█████     | 3005/6000 [19:34<25:32,  1.95it/s, val_loss=1.508]Training:  50%|█████     | 3006/6000 [19:35<20:34,  2.43it/s, val_loss=1.508]Training:  50%|█████     | 3007/6000 [19:35<17:13,  2.90it/s, val_loss=1.508]Training:  50%|█████     | 3008/6000 [19:35<14:54,  3.34it/s, val_loss=1.508]Training:  50%|█████     | 3009/6000 [19:35<13:21,  3.73it/s, val_loss=1.508]Training:  50%|█████     | 3010/6000 [19:35<12:20,  4.04it/s, val_loss=1.508]Training:  50%|█████     | 3011/6000 [19:36<11:21,  4.39it/s, val_loss=1.508]Training:  50%|█████     | 3012/6000 [19:36<10:42,  4.65it/s, val_loss=1.508]Training:  50%|█████     | 3013/6000 [19:36<10:31,  4.73it/s, val_loss=1.508]Training:  50%|█████     | 3014/6000 [19:36<10:15,  4.85it/s, val_loss=1.508]Training:  50%|█████     | 3015/6000 [19:36<09:54,  5.02it/s, val_loss=1.508]Training:  50%|█████     | 3016/6000 [19:37<09:37,  5.17it/s, val_loss=1.508]Training:  50%|█████     | 3017/6000 [19:37<09:41,  5.13it/s, val_loss=1.508]Training:  50%|█████     | 3018/6000 [19:37<09:38,  5.15it/s, val_loss=1.508]Training:  50%|█████     | 3019/6000 [19:37<09:31,  5.21it/s, val_loss=1.508]Training:  50%|█████     | 3020/6000 [19:37<09:46,  5.08it/s, val_loss=1.508]Training:  50%|█████     | 3020/6000 [19:38<09:46,  5.08it/s, F=6, P=0, R=0, loss=1.4339]Training:  50%|█████     | 3021/6000 [19:38<09:33,  5.19it/s, F=6, P=0, R=0, loss=1.4339]Training:  50%|█████     | 3022/6000 [19:38<09:36,  5.17it/s, F=6, P=0, R=0, loss=1.4339]Training:  50%|█████     | 3023/6000 [19:38<09:43,  5.10it/s, F=6, P=0, R=0, loss=1.4339]Training:  50%|█████     | 3024/6000 [19:38<09:53,  5.01it/s, F=6, P=0, R=0, loss=1.4339]Training:  50%|█████     | 3025/6000 [19:38<10:03,  4.93it/s, F=6, P=0, R=0, loss=1.4339]Training:  50%|█████     | 3026/6000 [19:39<09:48,  5.06it/s, F=6, P=0, R=0, loss=1.4339]Training:  50%|█████     | 3027/6000 [19:39<09:36,  5.16it/s, F=6, P=0, R=0, loss=1.4339]Training:  50%|█████     | 3028/6000 [19:39<09:55,  4.99it/s, F=6, P=0, R=0, loss=1.4339]Training:  50%|█████     | 3029/6000 [19:39<09:43,  5.09it/s, F=6, P=0, R=0, loss=1.4339]Training:  50%|█████     | 3030/6000 [19:39<09:51,  5.02it/s, F=6, P=0, R=0, loss=1.4339]Training:  51%|█████     | 3031/6000 [19:40<09:40,  5.11it/s, F=6, P=0, R=0, loss=1.4339]Training:  51%|█████     | 3032/6000 [19:40<09:34,  5.17it/s, F=6, P=0, R=0, loss=1.4339]Training:  51%|█████     | 3033/6000 [19:40<09:51,  5.02it/s, F=6, P=0, R=0, loss=1.4339]Training:  51%|█████     | 3034/6000 [19:40<09:37,  5.14it/s, F=6, P=0, R=0, loss=1.4339]Training:  51%|█████     | 3035/6000 [19:40<09:41,  5.10it/s, F=6, P=0, R=0, loss=1.4339]Training:  51%|█████     | 3036/6000 [19:41<09:48,  5.04it/s, F=6, P=0, R=0, loss=1.4339]Training:  51%|█████     | 3037/6000 [19:41<09:34,  5.16it/s, F=6, P=0, R=0, loss=1.4339]Training:  51%|█████     | 3038/6000 [19:41<09:27,  5.22it/s, F=6, P=0, R=0, loss=1.4339]Training:  51%|█████     | 3039/6000 [19:41<09:25,  5.23it/s, F=6, P=0, R=0, loss=1.4339]Training:  51%|█████     | 3040/6000 [19:41<09:29,  5.20it/s, F=6, P=0, R=0, loss=1.4339]Training:  51%|█████     | 3040/6000 [19:41<09:29,  5.20it/s, F=6, P=0, R=0, loss=1.4402]Training:  51%|█████     | 3041/6000 [19:41<09:24,  5.24it/s, F=6, P=0, R=0, loss=1.4402]Training:  51%|█████     | 3042/6000 [19:42<09:37,  5.12it/s, F=6, P=0, R=0, loss=1.4402]Training:  51%|█████     | 3043/6000 [19:42<09:39,  5.10it/s, F=6, P=0, R=0, loss=1.4402]Training:  51%|█████     | 3044/6000 [19:42<09:35,  5.14it/s, F=6, P=0, R=0, loss=1.4402]Training:  51%|█████     | 3045/6000 [19:42<09:29,  5.19it/s, F=6, P=0, R=0, loss=1.4402]Training:  51%|█████     | 3046/6000 [19:42<09:38,  5.11it/s, F=6, P=0, R=0, loss=1.4402]Training:  51%|█████     | 3047/6000 [19:43<09:26,  5.22it/s, F=6, P=0, R=0, loss=1.4402]Training:  51%|█████     | 3048/6000 [19:43<09:24,  5.23it/s, F=6, P=0, R=0, loss=1.4402]Training:  51%|█████     | 3049/6000 [19:43<09:28,  5.19it/s, F=6, P=0, R=0, loss=1.4402]Training:  51%|█████     | 3050/6000 [19:43<09:25,  5.22it/s, F=6, P=0, R=0, loss=1.4402]Training:  51%|█████     | 3051/6000 [19:43<09:21,  5.25it/s, F=6, P=0, R=0, loss=1.4402]Training:  51%|█████     | 3052/6000 [19:44<10:00,  4.91it/s, F=6, P=0, R=0, loss=1.4402]Training:  51%|█████     | 3053/6000 [19:44<09:43,  5.05it/s, F=6, P=0, R=0, loss=1.4402]Training:  51%|█████     | 3054/6000 [19:44<09:37,  5.10it/s, F=6, P=0, R=0, loss=1.4402]Training:  51%|█████     | 3055/6000 [19:44<09:50,  4.99it/s, F=6, P=0, R=0, loss=1.4402]Training:  51%|█████     | 3056/6000 [19:44<09:36,  5.11it/s, F=6, P=0, R=0, loss=1.4402]Training:  51%|█████     | 3057/6000 [19:45<09:27,  5.18it/s, F=6, P=0, R=0, loss=1.4402]Training:  51%|█████     | 3058/6000 [19:45<09:44,  5.03it/s, F=6, P=0, R=0, loss=1.4402]Training:  51%|█████     | 3059/6000 [19:45<09:56,  4.93it/s, F=6, P=0, R=0, loss=1.4402]Training:  51%|█████     | 3060/6000 [19:45<09:54,  4.95it/s, F=6, P=0, R=0, loss=1.4402]Training:  51%|█████     | 3060/6000 [19:45<09:54,  4.95it/s, F=6, P=0, R=0, loss=1.6659]Training:  51%|█████     | 3061/6000 [19:45<10:15,  4.78it/s, F=6, P=0, R=0, loss=1.6659]Training:  51%|█████     | 3062/6000 [19:46<09:52,  4.96it/s, F=6, P=0, R=0, loss=1.6659]Training:  51%|█████     | 3063/6000 [19:46<10:00,  4.89it/s, F=6, P=0, R=0, loss=1.6659]Training:  51%|█████     | 3064/6000 [19:46<09:48,  4.99it/s, F=6, P=0, R=0, loss=1.6659]Training:  51%|█████     | 3065/6000 [19:46<09:33,  5.11it/s, F=6, P=0, R=0, loss=1.6659]Training:  51%|█████     | 3066/6000 [19:46<09:19,  5.25it/s, F=6, P=0, R=0, loss=1.6659]Training:  51%|█████     | 3067/6000 [19:47<09:21,  5.22it/s, F=6, P=0, R=0, loss=1.6659]Training:  51%|█████     | 3068/6000 [19:47<09:16,  5.27it/s, F=6, P=0, R=0, loss=1.6659]Training:  51%|█████     | 3069/6000 [19:47<09:14,  5.29it/s, F=6, P=0, R=0, loss=1.6659]Training:  51%|█████     | 3070/6000 [19:47<09:47,  4.99it/s, F=6, P=0, R=0, loss=1.6659]Training:  51%|█████     | 3071/6000 [19:47<10:02,  4.86it/s, F=6, P=0, R=0, loss=1.6659]Training:  51%|█████     | 3072/6000 [19:48<13:41,  3.56it/s, F=6, P=0, R=0, loss=1.6659]Training:  51%|█████     | 3073/6000 [19:48<18:06,  2.69it/s, F=6, P=0, R=0, loss=1.6659]Training:  51%|█████     | 3074/6000 [19:49<27:50,  1.75it/s, F=6, P=0, R=0, loss=1.6659]Training:  51%|█████▏    | 3075/6000 [19:50<33:56,  1.44it/s, F=6, P=0, R=0, loss=1.6659]Training:  51%|█████▏    | 3076/6000 [19:51<29:44,  1.64it/s, F=6, P=0, R=0, loss=1.6659]Training:  51%|█████▏    | 3077/6000 [19:51<23:28,  2.07it/s, F=6, P=0, R=0, loss=1.6659]Training:  51%|█████▏    | 3078/6000 [19:51<21:16,  2.29it/s, F=6, P=0, R=0, loss=1.6659]Training:  51%|█████▏    | 3079/6000 [19:52<28:39,  1.70it/s, F=6, P=0, R=0, loss=1.6659]Training:  51%|█████▏    | 3080/6000 [19:53<26:51,  1.81it/s, F=6, P=0, R=0, loss=1.6659]Training:  51%|█████▏    | 3080/6000 [19:53<26:51,  1.81it/s, F=6, P=0, R=0, loss=1.6523]Training:  51%|█████▏    | 3081/6000 [19:53<21:31,  2.26it/s, F=6, P=0, R=0, loss=1.6523]Training:  51%|█████▏    | 3082/6000 [19:53<17:47,  2.73it/s, F=6, P=0, R=0, loss=1.6523]Training:  51%|█████▏    | 3083/6000 [19:54<24:19,  2.00it/s, F=6, P=0, R=0, loss=1.6523]Training:  51%|█████▏    | 3084/6000 [19:55<28:37,  1.70it/s, F=6, P=0, R=0, loss=1.6523]Training:  51%|█████▏    | 3085/6000 [19:55<22:42,  2.14it/s, F=6, P=0, R=0, loss=1.6523]Training:  51%|█████▏    | 3086/6000 [19:55<18:38,  2.61it/s, F=6, P=0, R=0, loss=1.6523]Training:  51%|█████▏    | 3087/6000 [19:56<24:08,  2.01it/s, F=6, P=0, R=0, loss=1.6523]Training:  51%|█████▏    | 3088/6000 [19:57<27:27,  1.77it/s, F=6, P=0, R=0, loss=1.6523]Training:  51%|█████▏    | 3089/6000 [19:57<22:18,  2.18it/s, F=6, P=0, R=0, loss=1.6523]Training:  52%|█████▏    | 3090/6000 [19:57<18:32,  2.62it/s, F=6, P=0, R=0, loss=1.6523]Training:  52%|█████▏    | 3091/6000 [19:58<26:40,  1.82it/s, F=6, P=0, R=0, loss=1.6523]Training:  52%|█████▏    | 3092/6000 [19:58<25:06,  1.93it/s, F=6, P=0, R=0, loss=1.6523]Training:  52%|█████▏    | 3093/6000 [19:59<20:33,  2.36it/s, F=6, P=0, R=0, loss=1.6523]Training:  52%|█████▏    | 3094/6000 [19:59<17:04,  2.84it/s, F=6, P=0, R=0, loss=1.6523]Training:  52%|█████▏    | 3095/6000 [19:59<15:02,  3.22it/s, F=6, P=0, R=0, loss=1.6523]Training:  52%|█████▏    | 3096/6000 [20:00<22:54,  2.11it/s, F=6, P=0, R=0, loss=1.6523]Training:  52%|█████▏    | 3097/6000 [20:00<23:47,  2.03it/s, F=6, P=0, R=0, loss=1.6523]Training:  52%|█████▏    | 3098/6000 [20:01<19:53,  2.43it/s, F=6, P=0, R=0, loss=1.6523]Training:  52%|█████▏    | 3099/6000 [20:02<26:55,  1.80it/s, F=6, P=0, R=0, loss=1.6523]Training:  52%|█████▏    | 3100/6000 [20:02<26:40,  1.81it/s, F=6, P=0, R=0, loss=1.6523]Training:  52%|█████▏    | 3100/6000 [20:02<26:40,  1.81it/s, F=6, P=0, R=0, loss=1.4248]Training:  52%|█████▏    | 3101/6000 [20:02<21:43,  2.22it/s, F=6, P=0, R=0, loss=1.4248]Training:  52%|█████▏    | 3102/6000 [20:03<18:39,  2.59it/s, F=6, P=0, R=0, loss=1.4248]Training:  52%|█████▏    | 3103/6000 [20:03<25:17,  1.91it/s, F=6, P=0, R=0, loss=1.4248]Training:  52%|█████▏    | 3104/6000 [20:04<28:42,  1.68it/s, F=6, P=0, R=0, loss=1.4248]Training:  52%|█████▏    | 3105/6000 [20:04<22:44,  2.12it/s, F=6, P=0, R=0, loss=1.4248]Training:  52%|█████▏    | 3106/6000 [20:05<19:37,  2.46it/s, F=6, P=0, R=0, loss=1.4248]Training:  52%|█████▏    | 3107/6000 [20:05<26:55,  1.79it/s, F=6, P=0, R=0, loss=1.4248]Training:  52%|█████▏    | 3108/6000 [20:06<24:52,  1.94it/s, F=6, P=0, R=0, loss=1.4248]Training:  52%|█████▏    | 3109/6000 [20:06<21:35,  2.23it/s, F=6, P=0, R=0, loss=1.4248]Training:  52%|█████▏    | 3110/6000 [20:07<29:04,  1.66it/s, F=6, P=0, R=0, loss=1.4248]Training:  52%|█████▏    | 3111/6000 [20:08<34:38,  1.39it/s, F=6, P=0, R=0, loss=1.4248]Training:  52%|█████▏    | 3112/6000 [20:08<27:01,  1.78it/s, F=6, P=0, R=0, loss=1.4248]Training:  52%|█████▏    | 3113/6000 [20:09<30:55,  1.56it/s, F=6, P=0, R=0, loss=1.4248]Training:  52%|█████▏    | 3114/6000 [20:10<30:39,  1.57it/s, F=6, P=0, R=0, loss=1.4248]Training:  52%|█████▏    | 3115/6000 [20:10<24:04,  2.00it/s, F=6, P=0, R=0, loss=1.4248]Training:  52%|█████▏    | 3116/6000 [20:10<19:27,  2.47it/s, F=6, P=0, R=0, loss=1.4248]Training:  52%|█████▏    | 3117/6000 [20:10<16:15,  2.96it/s, F=6, P=0, R=0, loss=1.4248]Training:  52%|█████▏    | 3118/6000 [20:11<16:42,  2.87it/s, F=6, P=0, R=0, loss=1.4248]Training:  52%|█████▏    | 3119/6000 [20:12<25:02,  1.92it/s, F=6, P=0, R=0, loss=1.4248]Training:  52%|█████▏    | 3120/6000 [20:12<20:20,  2.36it/s, F=6, P=0, R=0, loss=1.4248]Training:  52%|█████▏    | 3120/6000 [20:13<20:20,  2.36it/s, F=6, P=0, R=0, loss=1.4330]Training:  52%|█████▏    | 3121/6000 [20:13<23:47,  2.02it/s, F=6, P=0, R=0, loss=1.4330]Training:  52%|█████▏    | 3122/6000 [20:13<23:57,  2.00it/s, F=6, P=0, R=0, loss=1.4330]Training:  52%|█████▏    | 3123/6000 [20:13<19:31,  2.46it/s, F=6, P=0, R=0, loss=1.4330]Training:  52%|█████▏    | 3124/6000 [20:13<16:26,  2.92it/s, F=6, P=0, R=0, loss=1.4330]Training:  52%|█████▏    | 3125/6000 [20:14<14:26,  3.32it/s, F=6, P=0, R=0, loss=1.4330]Training:  52%|█████▏    | 3126/6000 [20:14<12:56,  3.70it/s, F=6, P=0, R=0, loss=1.4330]Training:  52%|█████▏    | 3127/6000 [20:14<11:39,  4.11it/s, F=6, P=0, R=0, loss=1.4330]Training:  52%|█████▏    | 3128/6000 [20:14<10:52,  4.40it/s, F=6, P=0, R=0, loss=1.4330]Training:  52%|█████▏    | 3129/6000 [20:14<10:36,  4.51it/s, F=6, P=0, R=0, loss=1.4330]Training:  52%|█████▏    | 3130/6000 [20:15<10:12,  4.68it/s, F=6, P=0, R=0, loss=1.4330]Training:  52%|█████▏    | 3131/6000 [20:15<09:45,  4.90it/s, F=6, P=0, R=0, loss=1.4330]Training:  52%|█████▏    | 3132/6000 [20:15<09:35,  4.98it/s, F=6, P=0, R=0, loss=1.4330]Training:  52%|█████▏    | 3133/6000 [20:15<09:23,  5.09it/s, F=6, P=0, R=0, loss=1.4330]Training:  52%|█████▏    | 3134/6000 [20:15<09:15,  5.16it/s, F=6, P=0, R=0, loss=1.4330]Training:  52%|█████▏    | 3135/6000 [20:16<09:09,  5.22it/s, F=6, P=0, R=0, loss=1.4330]Training:  52%|█████▏    | 3136/6000 [20:16<09:18,  5.13it/s, F=6, P=0, R=0, loss=1.4330]Training:  52%|█████▏    | 3137/6000 [20:16<09:26,  5.06it/s, F=6, P=0, R=0, loss=1.4330]Training:  52%|█████▏    | 3138/6000 [20:16<09:16,  5.15it/s, F=6, P=0, R=0, loss=1.4330]Training:  52%|█████▏    | 3139/6000 [20:16<09:09,  5.20it/s, F=6, P=0, R=0, loss=1.4330]Training:  52%|█████▏    | 3140/6000 [20:16<09:18,  5.12it/s, F=6, P=0, R=0, loss=1.4330]Training:  52%|█████▏    | 3140/6000 [20:17<09:18,  5.12it/s, F=6, P=0, R=0, loss=1.6562]Training:  52%|█████▏    | 3141/6000 [20:17<09:14,  5.15it/s, F=6, P=0, R=0, loss=1.6562]Training:  52%|█████▏    | 3142/6000 [20:17<09:05,  5.24it/s, F=6, P=0, R=0, loss=1.6562]Training:  52%|█████▏    | 3143/6000 [20:17<09:12,  5.17it/s, F=6, P=0, R=0, loss=1.6562]Training:  52%|█████▏    | 3144/6000 [20:17<09:07,  5.21it/s, F=6, P=0, R=0, loss=1.6562]Training:  52%|█████▏    | 3145/6000 [20:18<10:50,  4.39it/s, F=6, P=0, R=0, loss=1.6562]Training:  52%|█████▏    | 3146/6000 [20:18<10:08,  4.69it/s, F=6, P=0, R=0, loss=1.6562]Training:  52%|█████▏    | 3147/6000 [20:18<09:40,  4.92it/s, F=6, P=0, R=0, loss=1.6562]Training:  52%|█████▏    | 3148/6000 [20:18<09:35,  4.95it/s, F=6, P=0, R=0, loss=1.6562]Training:  52%|█████▏    | 3149/6000 [20:18<09:22,  5.06it/s, F=6, P=0, R=0, loss=1.6562]Training:  52%|█████▎    | 3150/6000 [20:19<09:26,  5.03it/s, F=6, P=0, R=0, loss=1.6562]Training:  53%|█████▎    | 3151/6000 [20:19<09:13,  5.15it/s, F=6, P=0, R=0, loss=1.6562]Training:  53%|█████▎    | 3152/6000 [20:19<09:08,  5.20it/s, F=6, P=0, R=0, loss=1.6562]Training:  53%|█████▎    | 3153/6000 [20:19<09:16,  5.12it/s, F=6, P=0, R=0, loss=1.6562]Training:  53%|█████▎    | 3154/6000 [20:19<11:05,  4.28it/s, F=6, P=0, R=0, loss=1.6562]Training:  53%|█████▎    | 3155/6000 [20:20<10:44,  4.41it/s, F=6, P=0, R=0, loss=1.6562]Training:  53%|█████▎    | 3156/6000 [20:20<10:08,  4.68it/s, F=6, P=0, R=0, loss=1.6562]Training:  53%|█████▎    | 3157/6000 [20:20<09:40,  4.90it/s, F=6, P=0, R=0, loss=1.6562]Training:  53%|█████▎    | 3158/6000 [20:20<09:29,  4.99it/s, F=6, P=0, R=0, loss=1.6562]Training:  53%|█████▎    | 3159/6000 [20:20<09:23,  5.04it/s, F=6, P=0, R=0, loss=1.6562]Training:  53%|█████▎    | 3160/6000 [20:21<09:19,  5.08it/s, F=6, P=0, R=0, loss=1.6562]Training:  53%|█████▎    | 3160/6000 [20:21<09:19,  5.08it/s, F=6, P=0, R=0, loss=1.6456]Training:  53%|█████▎    | 3161/6000 [20:21<09:10,  5.16it/s, F=6, P=0, R=0, loss=1.6456]Training:  53%|█████▎    | 3162/6000 [20:21<09:10,  5.15it/s, F=6, P=0, R=0, loss=1.6456]Training:  53%|█████▎    | 3163/6000 [20:21<09:07,  5.18it/s, F=6, P=0, R=0, loss=1.6456]Training:  53%|█████▎    | 3164/6000 [20:21<09:08,  5.17it/s, F=6, P=0, R=0, loss=1.6456]Training:  53%|█████▎    | 3165/6000 [20:22<09:25,  5.01it/s, F=6, P=0, R=0, loss=1.6456]Training:  53%|█████▎    | 3166/6000 [20:22<09:08,  5.16it/s, F=6, P=0, R=0, loss=1.6456]Training:  53%|█████▎    | 3167/6000 [20:22<09:08,  5.17it/s, F=6, P=0, R=0, loss=1.6456]Training:  53%|█████▎    | 3168/6000 [20:22<09:21,  5.05it/s, F=6, P=0, R=0, loss=1.6456]Training:  53%|█████▎    | 3169/6000 [20:22<09:16,  5.09it/s, F=6, P=0, R=0, loss=1.6456]Training:  53%|█████▎    | 3170/6000 [20:23<09:08,  5.16it/s, F=6, P=0, R=0, loss=1.6456]Training:  53%|█████▎    | 3171/6000 [20:23<08:56,  5.27it/s, F=6, P=0, R=0, loss=1.6456]Training:  53%|█████▎    | 3172/6000 [20:23<08:57,  5.26it/s, F=6, P=0, R=0, loss=1.6456]Training:  53%|█████▎    | 3173/6000 [20:23<08:50,  5.33it/s, F=6, P=0, R=0, loss=1.6456]Training:  53%|█████▎    | 3174/6000 [20:23<08:48,  5.34it/s, F=6, P=0, R=0, loss=1.6456]Training:  53%|█████▎    | 3175/6000 [20:23<09:01,  5.22it/s, F=6, P=0, R=0, loss=1.6456]Training:  53%|█████▎    | 3176/6000 [20:24<08:50,  5.32it/s, F=6, P=0, R=0, loss=1.6456]Training:  53%|█████▎    | 3177/6000 [20:24<08:43,  5.39it/s, F=6, P=0, R=0, loss=1.6456]Training:  53%|█████▎    | 3178/6000 [20:24<09:02,  5.21it/s, F=6, P=0, R=0, loss=1.6456]Training:  53%|█████▎    | 3179/6000 [20:24<08:58,  5.24it/s, F=6, P=0, R=0, loss=1.6456]Training:  53%|█████▎    | 3180/6000 [20:24<09:02,  5.20it/s, F=6, P=0, R=0, loss=1.6456]Training:  53%|█████▎    | 3180/6000 [20:25<09:02,  5.20it/s, F=6, P=0, R=0, loss=1.4156]Training:  53%|█████▎    | 3181/6000 [20:25<08:55,  5.27it/s, F=6, P=0, R=0, loss=1.4156]Training:  53%|█████▎    | 3182/6000 [20:25<08:59,  5.22it/s, F=6, P=0, R=0, loss=1.4156]Training:  53%|█████▎    | 3183/6000 [20:25<08:51,  5.30it/s, F=6, P=0, R=0, loss=1.4156]Training:  53%|█████▎    | 3184/6000 [20:25<08:51,  5.30it/s, F=6, P=0, R=0, loss=1.4156]Training:  53%|█████▎    | 3185/6000 [20:25<09:07,  5.14it/s, F=6, P=0, R=0, loss=1.4156]Training:  53%|█████▎    | 3186/6000 [20:26<08:54,  5.26it/s, F=6, P=0, R=0, loss=1.4156]Training:  53%|█████▎    | 3187/6000 [20:26<08:46,  5.34it/s, F=6, P=0, R=0, loss=1.4156]Training:  53%|█████▎    | 3188/6000 [20:26<09:00,  5.20it/s, F=6, P=0, R=0, loss=1.4156]Training:  53%|█████▎    | 3189/6000 [20:26<08:59,  5.21it/s, F=6, P=0, R=0, loss=1.4156]Training:  53%|█████▎    | 3190/6000 [20:26<09:08,  5.13it/s, F=6, P=0, R=0, loss=1.4156]Training:  53%|█████▎    | 3191/6000 [20:27<09:07,  5.13it/s, F=6, P=0, R=0, loss=1.4156]Training:  53%|█████▎    | 3192/6000 [20:27<09:01,  5.19it/s, F=6, P=0, R=0, loss=1.4156]Training:  53%|█████▎    | 3193/6000 [20:27<09:03,  5.17it/s, F=6, P=0, R=0, loss=1.4156]Training:  53%|█████▎    | 3194/6000 [20:27<08:52,  5.27it/s, F=6, P=0, R=0, loss=1.4156]Training:  53%|█████▎    | 3195/6000 [20:27<08:49,  5.30it/s, F=6, P=0, R=0, loss=1.4156]Training:  53%|█████▎    | 3196/6000 [20:27<09:02,  5.17it/s, F=6, P=0, R=0, loss=1.4156]Training:  53%|█████▎    | 3197/6000 [20:28<08:51,  5.27it/s, F=6, P=0, R=0, loss=1.4156]Training:  53%|█████▎    | 3198/6000 [20:28<08:46,  5.32it/s, F=6, P=0, R=0, loss=1.4156]Training:  53%|█████▎    | 3199/6000 [20:28<08:39,  5.39it/s, F=6, P=0, R=0, loss=1.4156]Training:  53%|█████▎    | 3200/6000 [20:28<08:47,  5.30it/s, F=6, P=0, R=0, loss=1.4156]Training:  53%|█████▎    | 3200/6000 [20:28<08:47,  5.30it/s, F=6, P=0, R=0, loss=1.4250]Training:  53%|█████▎    | 3201/6000 [20:28<08:40,  5.37it/s, F=6, P=0, R=0, loss=1.4250]Training:  53%|█████▎    | 3202/6000 [20:29<08:40,  5.37it/s, F=6, P=0, R=0, loss=1.4250]Training:  53%|█████▎    | 3203/6000 [20:29<08:54,  5.23it/s, F=6, P=0, R=0, loss=1.4250]Training:  53%|█████▎    | 3204/6000 [20:29<09:09,  5.09it/s, F=6, P=0, R=0, loss=1.4250]Training:  53%|█████▎    | 3205/6000 [20:29<09:15,  5.03it/s, F=6, P=0, R=0, loss=1.4250]Training:  53%|█████▎    | 3206/6000 [20:29<09:21,  4.98it/s, F=6, P=0, R=0, loss=1.4250]Training:  53%|█████▎    | 3207/6000 [20:30<09:04,  5.13it/s, F=6, P=0, R=0, loss=1.4250]Training:  53%|█████▎    | 3208/6000 [20:30<08:56,  5.20it/s, F=6, P=0, R=0, loss=1.4250]Training:  53%|█████▎    | 3209/6000 [20:30<08:50,  5.27it/s, F=6, P=0, R=0, loss=1.4250]Training:  54%|█████▎    | 3210/6000 [20:30<08:51,  5.25it/s, F=6, P=0, R=0, loss=1.4250]Training:  54%|█████▎    | 3211/6000 [20:30<08:44,  5.32it/s, F=6, P=0, R=0, loss=1.4250]Training:  54%|█████▎    | 3212/6000 [20:31<08:47,  5.29it/s, F=6, P=0, R=0, loss=1.4250]Training:  54%|█████▎    | 3213/6000 [20:31<08:58,  5.17it/s, F=6, P=0, R=0, loss=1.4250]Training:  54%|█████▎    | 3214/6000 [20:31<08:53,  5.22it/s, F=6, P=0, R=0, loss=1.4250]Training:  54%|█████▎    | 3215/6000 [20:31<09:03,  5.13it/s, F=6, P=0, R=0, loss=1.4250]Training:  54%|█████▎    | 3216/6000 [20:31<08:52,  5.23it/s, F=6, P=0, R=0, loss=1.4250]Training:  54%|█████▎    | 3217/6000 [20:31<08:45,  5.30it/s, F=6, P=0, R=0, loss=1.4250]Training:  54%|█████▎    | 3218/6000 [20:32<09:03,  5.12it/s, F=6, P=0, R=0, loss=1.4250]Training:  54%|█████▎    | 3219/6000 [20:32<08:57,  5.17it/s, F=6, P=0, R=0, loss=1.4250]Training:  54%|█████▎    | 3220/6000 [20:32<09:00,  5.14it/s, F=6, P=0, R=0, loss=1.4250]Training:  54%|█████▎    | 3220/6000 [20:32<09:00,  5.14it/s, F=6, P=0, R=0, loss=1.6468]Training:  54%|█████▎    | 3221/6000 [20:32<09:12,  5.03it/s, F=6, P=0, R=0, loss=1.6468]Training:  54%|█████▎    | 3222/6000 [20:32<08:59,  5.15it/s, F=6, P=0, R=0, loss=1.6468]Training:  54%|█████▎    | 3223/6000 [20:33<08:48,  5.25it/s, F=6, P=0, R=0, loss=1.6468]Training:  54%|█████▎    | 3224/6000 [20:33<08:43,  5.31it/s, F=6, P=0, R=0, loss=1.6468]Training:  54%|█████▍    | 3225/6000 [20:33<09:02,  5.12it/s, F=6, P=0, R=0, loss=1.6468]Training:  54%|█████▍    | 3226/6000 [20:33<08:51,  5.22it/s, F=6, P=0, R=0, loss=1.6468]Training:  54%|█████▍    | 3227/6000 [20:33<08:46,  5.26it/s, F=6, P=0, R=0, loss=1.6468]Training:  54%|█████▍    | 3228/6000 [20:34<09:01,  5.12it/s, F=6, P=0, R=0, loss=1.6468]Training:  54%|█████▍    | 3229/6000 [20:34<08:53,  5.20it/s, F=6, P=0, R=0, loss=1.6468]Training:  54%|█████▍    | 3230/6000 [20:34<08:45,  5.27it/s, F=6, P=0, R=0, loss=1.6468]Training:  54%|█████▍    | 3231/6000 [20:34<08:38,  5.34it/s, F=6, P=0, R=0, loss=1.6468]Training:  54%|█████▍    | 3232/6000 [20:34<08:42,  5.29it/s, F=6, P=0, R=0, loss=1.6468]Training:  54%|█████▍    | 3233/6000 [20:35<08:38,  5.34it/s, F=6, P=0, R=0, loss=1.6468]Training:  54%|█████▍    | 3234/6000 [20:35<08:33,  5.39it/s, F=6, P=0, R=0, loss=1.6468]Training:  54%|█████▍    | 3235/6000 [20:35<08:51,  5.20it/s, F=6, P=0, R=0, loss=1.6468]Training:  54%|█████▍    | 3236/6000 [20:35<08:43,  5.28it/s, F=6, P=0, R=0, loss=1.6468]Training:  54%|█████▍    | 3237/6000 [20:35<08:36,  5.35it/s, F=6, P=0, R=0, loss=1.6468]Training:  54%|█████▍    | 3238/6000 [20:36<09:01,  5.11it/s, F=6, P=0, R=0, loss=1.6468]Training:  54%|█████▍    | 3239/6000 [20:36<08:51,  5.20it/s, F=6, P=0, R=0, loss=1.6468]Training:  54%|█████▍    | 3240/6000 [20:36<08:49,  5.21it/s, F=6, P=0, R=0, loss=1.6468]Training:  54%|█████▍    | 3240/6000 [20:36<08:49,  5.21it/s, F=6, P=0, R=0, loss=1.6389]Training:  54%|█████▍    | 3241/6000 [20:36<08:43,  5.27it/s, F=6, P=0, R=0, loss=1.6389]Training:  54%|█████▍    | 3242/6000 [20:36<08:46,  5.23it/s, F=6, P=0, R=0, loss=1.6389]Training:  54%|█████▍    | 3243/6000 [20:36<08:43,  5.27it/s, F=6, P=0, R=0, loss=1.6389]Training:  54%|█████▍    | 3244/6000 [20:37<08:47,  5.23it/s, F=6, P=0, R=0, loss=1.6389]Training:  54%|█████▍    | 3245/6000 [20:37<09:01,  5.09it/s, F=6, P=0, R=0, loss=1.6389]Training:  54%|█████▍    | 3246/6000 [20:37<08:48,  5.21it/s, F=6, P=0, R=0, loss=1.6389]Training:  54%|█████▍    | 3247/6000 [20:37<08:46,  5.23it/s, F=6, P=0, R=0, loss=1.6389]Training:  54%|█████▍    | 3248/6000 [20:37<08:58,  5.11it/s, F=6, P=0, R=0, loss=1.6389]Training:  54%|█████▍    | 3249/6000 [20:38<08:54,  5.15it/s, F=6, P=0, R=0, loss=1.6389]Training:  54%|█████▍    | 3250/6000 [20:38<08:50,  5.18it/s, F=6, P=0, R=0, loss=1.6389]Training:  54%|█████▍    | 3251/6000 [20:40<30:06,  1.52it/s, val_loss=1.513]            Training:  54%|█████▍    | 3252/6000 [20:40<23:45,  1.93it/s, val_loss=1.513]Training:  54%|█████▍    | 3253/6000 [20:40<19:09,  2.39it/s, val_loss=1.513]Training:  54%|█████▍    | 3254/6000 [20:40<15:58,  2.86it/s, val_loss=1.513]Training:  54%|█████▍    | 3255/6000 [20:40<14:04,  3.25it/s, val_loss=1.513]Training:  54%|█████▍    | 3256/6000 [20:41<12:22,  3.70it/s, val_loss=1.513]Training:  54%|█████▍    | 3257/6000 [20:41<11:07,  4.11it/s, val_loss=1.513]Training:  54%|█████▍    | 3258/6000 [20:41<10:30,  4.35it/s, val_loss=1.513]Training:  54%|█████▍    | 3259/6000 [20:41<10:01,  4.56it/s, val_loss=1.513]Training:  54%|█████▍    | 3260/6000 [20:41<09:36,  4.75it/s, val_loss=1.513]Training:  54%|█████▍    | 3260/6000 [20:41<09:36,  4.75it/s, F=6, P=0, R=0, loss=1.4044]Training:  54%|█████▍    | 3261/6000 [20:41<09:10,  4.97it/s, F=6, P=0, R=0, loss=1.4044]Training:  54%|█████▍    | 3262/6000 [20:42<09:10,  4.98it/s, F=6, P=0, R=0, loss=1.4044]Training:  54%|█████▍    | 3263/6000 [20:42<09:15,  4.93it/s, F=6, P=0, R=0, loss=1.4044]Training:  54%|█████▍    | 3264/6000 [20:42<09:01,  5.05it/s, F=6, P=0, R=0, loss=1.4044]Training:  54%|█████▍    | 3265/6000 [20:42<08:55,  5.11it/s, F=6, P=0, R=0, loss=1.4044]Training:  54%|█████▍    | 3266/6000 [20:42<08:44,  5.21it/s, F=6, P=0, R=0, loss=1.4044]Training:  54%|█████▍    | 3267/6000 [20:43<08:43,  5.22it/s, F=6, P=0, R=0, loss=1.4044]Training:  54%|█████▍    | 3268/6000 [20:43<08:41,  5.23it/s, F=6, P=0, R=0, loss=1.4044]Training:  54%|█████▍    | 3269/6000 [20:43<08:39,  5.25it/s, F=6, P=0, R=0, loss=1.4044]Training:  55%|█████▍    | 3270/6000 [20:43<08:41,  5.23it/s, F=6, P=0, R=0, loss=1.4044]Training:  55%|█████▍    | 3271/6000 [20:43<08:50,  5.14it/s, F=6, P=0, R=0, loss=1.4044]Training:  55%|█████▍    | 3272/6000 [20:44<09:16,  4.90it/s, F=6, P=0, R=0, loss=1.4044]Training:  55%|█████▍    | 3273/6000 [20:44<09:15,  4.91it/s, F=6, P=0, R=0, loss=1.4044]Training:  55%|█████▍    | 3274/6000 [20:44<09:11,  4.94it/s, F=6, P=0, R=0, loss=1.4044]Training:  55%|█████▍    | 3275/6000 [20:44<09:28,  4.79it/s, F=6, P=0, R=0, loss=1.4044]Training:  55%|█████▍    | 3276/6000 [20:44<09:13,  4.92it/s, F=6, P=0, R=0, loss=1.4044]Training:  55%|█████▍    | 3277/6000 [20:45<08:56,  5.08it/s, F=6, P=0, R=0, loss=1.4044]Training:  55%|█████▍    | 3278/6000 [20:45<08:44,  5.19it/s, F=6, P=0, R=0, loss=1.4044]Training:  55%|█████▍    | 3279/6000 [20:45<08:44,  5.19it/s, F=6, P=0, R=0, loss=1.4044]Training:  55%|█████▍    | 3280/6000 [20:45<08:41,  5.21it/s, F=6, P=0, R=0, loss=1.4044]Training:  55%|█████▍    | 3280/6000 [20:45<08:41,  5.21it/s, F=6, P=0, R=0, loss=1.4184]Training:  55%|█████▍    | 3281/6000 [20:45<08:37,  5.26it/s, F=6, P=0, R=0, loss=1.4184]Training:  55%|█████▍    | 3282/6000 [20:46<08:47,  5.15it/s, F=6, P=0, R=0, loss=1.4184]Training:  55%|█████▍    | 3283/6000 [20:46<11:02,  4.10it/s, F=6, P=0, R=0, loss=1.4184]Training:  55%|█████▍    | 3284/6000 [20:46<11:29,  3.94it/s, F=6, P=0, R=0, loss=1.4184]Training:  55%|█████▍    | 3285/6000 [20:47<19:51,  2.28it/s, F=6, P=0, R=0, loss=1.4184]Training:  55%|█████▍    | 3286/6000 [20:48<27:18,  1.66it/s, F=6, P=0, R=0, loss=1.4184]Training:  55%|█████▍    | 3287/6000 [20:49<31:58,  1.41it/s, F=6, P=0, R=0, loss=1.4184]Training:  55%|█████▍    | 3288/6000 [20:49<24:58,  1.81it/s, F=6, P=0, R=0, loss=1.4184]Training:  55%|█████▍    | 3289/6000 [20:50<24:41,  1.83it/s, F=6, P=0, R=0, loss=1.4184]Training:  55%|█████▍    | 3290/6000 [20:51<31:42,  1.42it/s, F=6, P=0, R=0, loss=1.4184]Training:  55%|█████▍    | 3291/6000 [20:51<25:17,  1.79it/s, F=6, P=0, R=0, loss=1.4184]Training:  55%|█████▍    | 3292/6000 [20:52<31:19,  1.44it/s, F=6, P=0, R=0, loss=1.4184]Training:  55%|█████▍    | 3293/6000 [20:53<28:14,  1.60it/s, F=6, P=0, R=0, loss=1.4184]Training:  55%|█████▍    | 3294/6000 [20:53<29:55,  1.51it/s, F=6, P=0, R=0, loss=1.4184]Training:  55%|█████▍    | 3295/6000 [20:54<31:36,  1.43it/s, F=6, P=0, R=0, loss=1.4184]Training:  55%|█████▍    | 3296/6000 [20:54<24:34,  1.83it/s, F=6, P=0, R=0, loss=1.4184]Training:  55%|█████▍    | 3297/6000 [20:55<22:33,  2.00it/s, F=6, P=0, R=0, loss=1.4184]Training:  55%|█████▍    | 3298/6000 [20:56<30:10,  1.49it/s, F=6, P=0, R=0, loss=1.4184]Training:  55%|█████▍    | 3299/6000 [20:56<23:42,  1.90it/s, F=6, P=0, R=0, loss=1.4184]Training:  55%|█████▌    | 3300/6000 [20:56<21:35,  2.08it/s, F=6, P=0, R=0, loss=1.4184]Training:  55%|█████▌    | 3300/6000 [20:57<21:35,  2.08it/s, F=6, P=0, R=0, loss=1.6367]Training:  55%|█████▌    | 3301/6000 [20:57<30:13,  1.49it/s, F=6, P=0, R=0, loss=1.6367]Training:  55%|█████▌    | 3302/6000 [20:58<23:51,  1.88it/s, F=6, P=0, R=0, loss=1.6367]Training:  55%|█████▌    | 3303/6000 [20:58<19:12,  2.34it/s, F=6, P=0, R=0, loss=1.6367]Training:  55%|█████▌    | 3304/6000 [20:58<19:12,  2.34it/s, F=6, P=0, R=0, loss=1.6367]Training:  55%|█████▌    | 3305/6000 [20:59<27:40,  1.62it/s, F=6, P=0, R=0, loss=1.6367]Training:  55%|█████▌    | 3306/6000 [20:59<21:53,  2.05it/s, F=6, P=0, R=0, loss=1.6367]Training:  55%|█████▌    | 3307/6000 [21:00<17:47,  2.52it/s, F=6, P=0, R=0, loss=1.6367]Training:  55%|█████▌    | 3308/6000 [21:00<17:04,  2.63it/s, F=6, P=0, R=0, loss=1.6367]Training:  55%|█████▌    | 3309/6000 [21:01<27:45,  1.62it/s, F=6, P=0, R=0, loss=1.6367]Training:  55%|█████▌    | 3310/6000 [21:01<23:01,  1.95it/s, F=6, P=0, R=0, loss=1.6367]Training:  55%|█████▌    | 3311/6000 [21:02<18:35,  2.41it/s, F=6, P=0, R=0, loss=1.6367]Training:  55%|█████▌    | 3312/6000 [21:02<24:21,  1.84it/s, F=6, P=0, R=0, loss=1.6367]Training:  55%|█████▌    | 3313/6000 [21:03<24:25,  1.83it/s, F=6, P=0, R=0, loss=1.6367]Training:  55%|█████▌    | 3314/6000 [21:03<19:34,  2.29it/s, F=6, P=0, R=0, loss=1.6367]Training:  55%|█████▌    | 3315/6000 [21:04<22:23,  2.00it/s, F=6, P=0, R=0, loss=1.6367]Training:  55%|█████▌    | 3316/6000 [21:05<29:09,  1.53it/s, F=6, P=0, R=0, loss=1.6367]Training:  55%|█████▌    | 3317/6000 [21:05<28:05,  1.59it/s, F=6, P=0, R=0, loss=1.6367]Training:  55%|█████▌    | 3318/6000 [21:06<22:17,  2.01it/s, F=6, P=0, R=0, loss=1.6367]Training:  55%|█████▌    | 3319/6000 [21:06<18:06,  2.47it/s, F=6, P=0, R=0, loss=1.6367]Training:  55%|█████▌    | 3320/6000 [21:06<22:02,  2.03it/s, F=6, P=0, R=0, loss=1.6367]Training:  55%|█████▌    | 3320/6000 [21:08<22:02,  2.03it/s, F=6, P=0, R=0, loss=1.6293]Training:  55%|█████▌    | 3321/6000 [21:08<29:19,  1.52it/s, F=6, P=0, R=0, loss=1.6293]Training:  55%|█████▌    | 3322/6000 [21:09<34:26,  1.30it/s, F=6, P=0, R=0, loss=1.6293]Training:  55%|█████▌    | 3323/6000 [21:09<31:14,  1.43it/s, F=6, P=0, R=0, loss=1.6293]Training:  55%|█████▌    | 3324/6000 [21:09<24:29,  1.82it/s, F=6, P=0, R=0, loss=1.6293]Training:  55%|█████▌    | 3325/6000 [21:10<20:12,  2.21it/s, F=6, P=0, R=0, loss=1.6293]Training:  55%|█████▌    | 3326/6000 [21:10<26:12,  1.70it/s, F=6, P=0, R=0, loss=1.6293]Training:  55%|█████▌    | 3327/6000 [21:11<23:29,  1.90it/s, F=6, P=0, R=0, loss=1.6293]Training:  55%|█████▌    | 3328/6000 [21:12<27:58,  1.59it/s, F=6, P=0, R=0, loss=1.6293]Training:  55%|█████▌    | 3329/6000 [21:12<23:26,  1.90it/s, F=6, P=0, R=0, loss=1.6293]Training:  56%|█████▌    | 3330/6000 [21:12<19:23,  2.29it/s, F=6, P=0, R=0, loss=1.6293]Training:  56%|█████▌    | 3331/6000 [21:12<16:05,  2.76it/s, F=6, P=0, R=0, loss=1.6293]Training:  56%|█████▌    | 3332/6000 [21:13<13:46,  3.23it/s, F=6, P=0, R=0, loss=1.6293]Training:  56%|█████▌    | 3333/6000 [21:13<12:05,  3.68it/s, F=6, P=0, R=0, loss=1.6293]Training:  56%|█████▌    | 3334/6000 [21:13<11:06,  4.00it/s, F=6, P=0, R=0, loss=1.6293]Training:  56%|█████▌    | 3335/6000 [21:13<10:13,  4.34it/s, F=6, P=0, R=0, loss=1.6293]Training:  56%|█████▌    | 3336/6000 [21:13<09:33,  4.65it/s, F=6, P=0, R=0, loss=1.6293]Training:  56%|█████▌    | 3337/6000 [21:13<09:21,  4.75it/s, F=6, P=0, R=0, loss=1.6293]Training:  56%|█████▌    | 3338/6000 [21:14<09:02,  4.90it/s, F=6, P=0, R=0, loss=1.6293]Training:  56%|█████▌    | 3339/6000 [21:14<08:50,  5.01it/s, F=6, P=0, R=0, loss=1.6293]Training:  56%|█████▌    | 3340/6000 [21:14<08:55,  4.97it/s, F=6, P=0, R=0, loss=1.6293]Training:  56%|█████▌    | 3340/6000 [21:14<08:55,  4.97it/s, F=6, P=0, R=0, loss=1.3983]Training:  56%|█████▌    | 3341/6000 [21:14<08:40,  5.11it/s, F=6, P=0, R=0, loss=1.3983]Training:  56%|█████▌    | 3342/6000 [21:14<08:33,  5.18it/s, F=6, P=0, R=0, loss=1.3983]Training:  56%|█████▌    | 3343/6000 [21:15<08:25,  5.26it/s, F=6, P=0, R=0, loss=1.3983]Training:  56%|█████▌    | 3344/6000 [21:15<08:28,  5.22it/s, F=6, P=0, R=0, loss=1.3983]Training:  56%|█████▌    | 3345/6000 [21:15<08:20,  5.30it/s, F=6, P=0, R=0, loss=1.3983]Training:  56%|█████▌    | 3346/6000 [21:15<08:12,  5.38it/s, F=6, P=0, R=0, loss=1.3983]Training:  56%|█████▌    | 3347/6000 [21:15<08:25,  5.25it/s, F=6, P=0, R=0, loss=1.3983]Training:  56%|█████▌    | 3348/6000 [21:16<08:25,  5.24it/s, F=6, P=0, R=0, loss=1.3983]Training:  56%|█████▌    | 3349/6000 [21:16<08:19,  5.30it/s, F=6, P=0, R=0, loss=1.3983]Training:  56%|█████▌    | 3350/6000 [21:16<08:20,  5.29it/s, F=6, P=0, R=0, loss=1.3983]Training:  56%|█████▌    | 3351/6000 [21:16<08:21,  5.29it/s, F=6, P=0, R=0, loss=1.3983]Training:  56%|█████▌    | 3352/6000 [21:16<08:19,  5.30it/s, F=6, P=0, R=0, loss=1.3983]Training:  56%|█████▌    | 3353/6000 [21:17<08:14,  5.35it/s, F=6, P=0, R=0, loss=1.3983]Training:  56%|█████▌    | 3354/6000 [21:17<08:25,  5.23it/s, F=6, P=0, R=0, loss=1.3983]Training:  56%|█████▌    | 3355/6000 [21:17<08:22,  5.27it/s, F=6, P=0, R=0, loss=1.3983]Training:  56%|█████▌    | 3356/6000 [21:17<08:15,  5.34it/s, F=6, P=0, R=0, loss=1.3983]Training:  56%|█████▌    | 3357/6000 [21:17<08:10,  5.39it/s, F=6, P=0, R=0, loss=1.3983]Training:  56%|█████▌    | 3358/6000 [21:17<08:19,  5.29it/s, F=6, P=0, R=0, loss=1.3983]Training:  56%|█████▌    | 3359/6000 [21:18<08:12,  5.36it/s, F=6, P=0, R=0, loss=1.3983]Training:  56%|█████▌    | 3360/6000 [21:18<08:25,  5.23it/s, F=6, P=0, R=0, loss=1.3983]Training:  56%|█████▌    | 3360/6000 [21:18<08:25,  5.23it/s, F=6, P=0, R=0, loss=1.4133]Training:  56%|█████▌    | 3361/6000 [21:18<08:18,  5.30it/s, F=6, P=0, R=0, loss=1.4133]Training:  56%|█████▌    | 3362/6000 [21:18<08:18,  5.29it/s, F=6, P=0, R=0, loss=1.4133]Training:  56%|█████▌    | 3363/6000 [21:18<08:31,  5.15it/s, F=6, P=0, R=0, loss=1.4133]Training:  56%|█████▌    | 3364/6000 [21:19<08:30,  5.16it/s, F=6, P=0, R=0, loss=1.4133]Training:  56%|█████▌    | 3365/6000 [21:19<08:23,  5.24it/s, F=6, P=0, R=0, loss=1.4133]Training:  56%|█████▌    | 3366/6000 [21:19<08:15,  5.32it/s, F=6, P=0, R=0, loss=1.4133]Training:  56%|█████▌    | 3367/6000 [21:19<08:19,  5.27it/s, F=6, P=0, R=0, loss=1.4133]Training:  56%|█████▌    | 3368/6000 [21:19<08:17,  5.29it/s, F=6, P=0, R=0, loss=1.4133]Training:  56%|█████▌    | 3369/6000 [21:20<08:15,  5.31it/s, F=6, P=0, R=0, loss=1.4133]Training:  56%|█████▌    | 3370/6000 [21:20<08:28,  5.18it/s, F=6, P=0, R=0, loss=1.4133]Training:  56%|█████▌    | 3371/6000 [21:20<08:19,  5.27it/s, F=6, P=0, R=0, loss=1.4133]Training:  56%|█████▌    | 3372/6000 [21:20<08:20,  5.25it/s, F=6, P=0, R=0, loss=1.4133]Training:  56%|█████▌    | 3373/6000 [21:20<08:28,  5.16it/s, F=6, P=0, R=0, loss=1.4133]Training:  56%|█████▌    | 3374/6000 [21:21<08:23,  5.22it/s, F=6, P=0, R=0, loss=1.4133]Training:  56%|█████▋    | 3375/6000 [21:21<08:33,  5.12it/s, F=6, P=0, R=0, loss=1.4133]Training:  56%|█████▋    | 3376/6000 [21:21<08:22,  5.22it/s, F=6, P=0, R=0, loss=1.4133]Training:  56%|█████▋    | 3377/6000 [21:21<08:14,  5.31it/s, F=6, P=0, R=0, loss=1.4133]Training:  56%|█████▋    | 3378/6000 [21:21<08:28,  5.16it/s, F=6, P=0, R=0, loss=1.4133]Training:  56%|█████▋    | 3379/6000 [21:21<08:23,  5.20it/s, F=6, P=0, R=0, loss=1.4133]Training:  56%|█████▋    | 3380/6000 [21:22<08:19,  5.25it/s, F=6, P=0, R=0, loss=1.4133]Training:  56%|█████▋    | 3380/6000 [21:22<08:19,  5.25it/s, F=6, P=0, R=0, loss=1.6300]Training:  56%|█████▋    | 3381/6000 [21:22<08:18,  5.25it/s, F=6, P=0, R=0, loss=1.6300]Training:  56%|█████▋    | 3382/6000 [21:22<08:23,  5.20it/s, F=6, P=0, R=0, loss=1.6300]Training:  56%|█████▋    | 3383/6000 [21:22<08:17,  5.26it/s, F=6, P=0, R=0, loss=1.6300]Training:  56%|█████▋    | 3384/6000 [21:22<08:13,  5.30it/s, F=6, P=0, R=0, loss=1.6300]Training:  56%|█████▋    | 3385/6000 [21:23<08:30,  5.12it/s, F=6, P=0, R=0, loss=1.6300]Training:  56%|█████▋    | 3386/6000 [21:23<08:20,  5.22it/s, F=6, P=0, R=0, loss=1.6300]Training:  56%|█████▋    | 3387/6000 [21:23<08:11,  5.32it/s, F=6, P=0, R=0, loss=1.6300]Training:  56%|█████▋    | 3388/6000 [21:23<08:07,  5.36it/s, F=6, P=0, R=0, loss=1.6300]Training:  56%|█████▋    | 3389/6000 [21:23<08:18,  5.24it/s, F=6, P=0, R=0, loss=1.6300]Training:  56%|█████▋    | 3390/6000 [21:24<08:27,  5.14it/s, F=6, P=0, R=0, loss=1.6300]Training:  57%|█████▋    | 3391/6000 [21:24<08:18,  5.23it/s, F=6, P=0, R=0, loss=1.6300]Training:  57%|█████▋    | 3392/6000 [21:24<08:14,  5.27it/s, F=6, P=0, R=0, loss=1.6300]Training:  57%|█████▋    | 3393/6000 [21:24<08:25,  5.16it/s, F=6, P=0, R=0, loss=1.6300]Training:  57%|█████▋    | 3394/6000 [21:24<08:17,  5.24it/s, F=6, P=0, R=0, loss=1.6300]Training:  57%|█████▋    | 3395/6000 [21:25<08:21,  5.19it/s, F=6, P=0, R=0, loss=1.6300]Training:  57%|█████▋    | 3396/6000 [21:25<08:11,  5.30it/s, F=6, P=0, R=0, loss=1.6300]Training:  57%|█████▋    | 3397/6000 [21:25<08:11,  5.30it/s, F=6, P=0, R=0, loss=1.6300]Training:  57%|█████▋    | 3398/6000 [21:25<08:13,  5.28it/s, F=6, P=0, R=0, loss=1.6300]Training:  57%|█████▋    | 3399/6000 [21:25<08:06,  5.35it/s, F=6, P=0, R=0, loss=1.6300]Training:  57%|█████▋    | 3400/6000 [21:25<08:22,  5.17it/s, F=6, P=0, R=0, loss=1.6300]Training:  57%|█████▋    | 3400/6000 [21:26<08:22,  5.17it/s, F=6, P=0, R=0, loss=1.6222]Training:  57%|█████▋    | 3401/6000 [21:26<08:15,  5.24it/s, F=6, P=0, R=0, loss=1.6222]Training:  57%|█████▋    | 3402/6000 [21:26<08:09,  5.30it/s, F=6, P=0, R=0, loss=1.6222]Training:  57%|█████▋    | 3403/6000 [21:26<08:07,  5.33it/s, F=6, P=0, R=0, loss=1.6222]Training:  57%|█████▋    | 3404/6000 [21:26<08:44,  4.95it/s, F=6, P=0, R=0, loss=1.6222]Training:  57%|█████▋    | 3405/6000 [21:26<08:33,  5.05it/s, F=6, P=0, R=0, loss=1.6222]Training:  57%|█████▋    | 3406/6000 [21:27<08:19,  5.19it/s, F=6, P=0, R=0, loss=1.6222]Training:  57%|█████▋    | 3407/6000 [21:27<08:34,  5.04it/s, F=6, P=0, R=0, loss=1.6222]Training:  57%|█████▋    | 3408/6000 [21:27<08:25,  5.13it/s, F=6, P=0, R=0, loss=1.6222]Training:  57%|█████▋    | 3409/6000 [21:27<08:19,  5.19it/s, F=6, P=0, R=0, loss=1.6222]Training:  57%|█████▋    | 3410/6000 [21:28<09:44,  4.43it/s, F=6, P=0, R=0, loss=1.6222]Training:  57%|█████▋    | 3411/6000 [21:28<09:09,  4.71it/s, F=6, P=0, R=0, loss=1.6222]Training:  57%|█████▋    | 3412/6000 [21:28<08:47,  4.91it/s, F=6, P=0, R=0, loss=1.6222]Training:  57%|█████▋    | 3413/6000 [21:28<08:29,  5.08it/s, F=6, P=0, R=0, loss=1.6222]Training:  57%|█████▋    | 3414/6000 [21:28<08:29,  5.08it/s, F=6, P=0, R=0, loss=1.6222]Training:  57%|█████▋    | 3415/6000 [21:29<09:38,  4.47it/s, F=6, P=0, R=0, loss=1.6222]Training:  57%|█████▋    | 3416/6000 [21:29<09:11,  4.68it/s, F=6, P=0, R=0, loss=1.6222]Training:  57%|█████▋    | 3417/6000 [21:29<08:48,  4.89it/s, F=6, P=0, R=0, loss=1.6222]Training:  57%|█████▋    | 3418/6000 [21:29<08:35,  5.01it/s, F=6, P=0, R=0, loss=1.6222]Training:  57%|█████▋    | 3419/6000 [21:29<08:24,  5.12it/s, F=6, P=0, R=0, loss=1.6222]Training:  57%|█████▋    | 3420/6000 [21:30<08:24,  5.11it/s, F=6, P=0, R=0, loss=1.6222]Training:  57%|█████▋    | 3420/6000 [21:30<08:24,  5.11it/s, F=6, P=0, R=0, loss=1.3914]Training:  57%|█████▋    | 3421/6000 [21:30<08:12,  5.23it/s, F=6, P=0, R=0, loss=1.3914]Training:  57%|█████▋    | 3422/6000 [21:30<08:09,  5.26it/s, F=6, P=0, R=0, loss=1.3914]Training:  57%|█████▋    | 3423/6000 [21:30<08:21,  5.14it/s, F=6, P=0, R=0, loss=1.3914]Training:  57%|█████▋    | 3424/6000 [21:30<08:15,  5.20it/s, F=6, P=0, R=0, loss=1.3914]Training:  57%|█████▋    | 3425/6000 [21:30<08:07,  5.28it/s, F=6, P=0, R=0, loss=1.3914]Training:  57%|█████▋    | 3426/6000 [21:31<08:16,  5.19it/s, F=6, P=0, R=0, loss=1.3914]Training:  57%|█████▋    | 3427/6000 [21:31<08:24,  5.10it/s, F=6, P=0, R=0, loss=1.3914]Training:  57%|█████▋    | 3428/6000 [21:31<08:36,  4.98it/s, F=6, P=0, R=0, loss=1.3914]Training:  57%|█████▋    | 3429/6000 [21:31<08:54,  4.81it/s, F=6, P=0, R=0, loss=1.3914]Training:  57%|█████▋    | 3430/6000 [21:31<08:53,  4.81it/s, F=6, P=0, R=0, loss=1.3914]Training:  57%|█████▋    | 3431/6000 [21:32<08:32,  5.02it/s, F=6, P=0, R=0, loss=1.3914]Training:  57%|█████▋    | 3432/6000 [21:32<08:21,  5.12it/s, F=6, P=0, R=0, loss=1.3914]Training:  57%|█████▋    | 3433/6000 [21:32<08:18,  5.15it/s, F=6, P=0, R=0, loss=1.3914]Training:  57%|█████▋    | 3434/6000 [21:32<08:07,  5.26it/s, F=6, P=0, R=0, loss=1.3914]Training:  57%|█████▋    | 3435/6000 [21:32<07:59,  5.34it/s, F=6, P=0, R=0, loss=1.3914]Training:  57%|█████▋    | 3436/6000 [21:33<08:11,  5.21it/s, F=6, P=0, R=0, loss=1.3914]Training:  57%|█████▋    | 3437/6000 [21:33<08:03,  5.30it/s, F=6, P=0, R=0, loss=1.3914]Training:  57%|█████▋    | 3438/6000 [21:33<07:59,  5.34it/s, F=6, P=0, R=0, loss=1.3914]Training:  57%|█████▋    | 3439/6000 [21:33<08:09,  5.24it/s, F=6, P=0, R=0, loss=1.3914]Training:  57%|█████▋    | 3440/6000 [21:33<08:03,  5.30it/s, F=6, P=0, R=0, loss=1.3914]Training:  57%|█████▋    | 3440/6000 [21:34<08:03,  5.30it/s, F=6, P=0, R=0, loss=1.4078]Training:  57%|█████▋    | 3441/6000 [21:34<07:57,  5.36it/s, F=6, P=0, R=0, loss=1.4078]Training:  57%|█████▋    | 3442/6000 [21:34<07:57,  5.36it/s, F=6, P=0, R=0, loss=1.4078]Training:  57%|█████▋    | 3443/6000 [21:34<08:03,  5.28it/s, F=6, P=0, R=0, loss=1.4078]Training:  57%|█████▋    | 3444/6000 [21:34<08:03,  5.29it/s, F=6, P=0, R=0, loss=1.4078]Training:  57%|█████▋    | 3445/6000 [21:34<07:59,  5.33it/s, F=6, P=0, R=0, loss=1.4078]Training:  57%|█████▋    | 3446/6000 [21:35<08:09,  5.22it/s, F=6, P=0, R=0, loss=1.4078]Training:  57%|█████▋    | 3447/6000 [21:35<08:01,  5.30it/s, F=6, P=0, R=0, loss=1.4078]Training:  57%|█████▋    | 3448/6000 [21:35<08:01,  5.30it/s, F=6, P=0, R=0, loss=1.4078]Training:  57%|█████▋    | 3449/6000 [21:35<08:00,  5.31it/s, F=6, P=0, R=0, loss=1.4078]Training:  57%|█████▊    | 3450/6000 [21:35<08:54,  4.78it/s, F=6, P=0, R=0, loss=1.4078]Training:  58%|█████▊    | 3451/6000 [21:36<08:53,  4.78it/s, F=6, P=0, R=0, loss=1.4078]Training:  58%|█████▊    | 3452/6000 [21:36<08:53,  4.78it/s, F=6, P=0, R=0, loss=1.4078]Training:  58%|█████▊    | 3453/6000 [21:36<08:36,  4.93it/s, F=6, P=0, R=0, loss=1.4078]Training:  58%|█████▊    | 3454/6000 [21:36<08:24,  5.05it/s, F=6, P=0, R=0, loss=1.4078]Training:  58%|█████▊    | 3455/6000 [21:36<08:24,  5.05it/s, F=6, P=0, R=0, loss=1.4078]Training:  58%|█████▊    | 3456/6000 [21:37<08:19,  5.09it/s, F=6, P=0, R=0, loss=1.4078]Training:  58%|█████▊    | 3457/6000 [21:37<08:16,  5.12it/s, F=6, P=0, R=0, loss=1.4078]Training:  58%|█████▊    | 3458/6000 [21:37<08:31,  4.97it/s, F=6, P=0, R=0, loss=1.4078]Training:  58%|█████▊    | 3459/6000 [21:37<08:20,  5.07it/s, F=6, P=0, R=0, loss=1.4078]Training:  58%|█████▊    | 3460/6000 [21:37<08:11,  5.17it/s, F=6, P=0, R=0, loss=1.4078]Training:  58%|█████▊    | 3460/6000 [21:38<08:11,  5.17it/s, F=6, P=0, R=0, loss=1.6236]Training:  58%|█████▊    | 3461/6000 [21:38<08:40,  4.88it/s, F=6, P=0, R=0, loss=1.6236]Training:  58%|█████▊    | 3462/6000 [21:38<09:03,  4.67it/s, F=6, P=0, R=0, loss=1.6236]Training:  58%|█████▊    | 3463/6000 [21:38<09:08,  4.63it/s, F=6, P=0, R=0, loss=1.6236]Training:  58%|█████▊    | 3464/6000 [21:38<08:45,  4.82it/s, F=6, P=0, R=0, loss=1.6236]Training:  58%|█████▊    | 3465/6000 [21:38<08:29,  4.98it/s, F=6, P=0, R=0, loss=1.6236]Training:  58%|█████▊    | 3466/6000 [21:39<08:27,  5.00it/s, F=6, P=0, R=0, loss=1.6236]Training:  58%|█████▊    | 3467/6000 [21:39<08:12,  5.14it/s, F=6, P=0, R=0, loss=1.6236]Training:  58%|█████▊    | 3468/6000 [21:39<08:04,  5.23it/s, F=6, P=0, R=0, loss=1.6236]Training:  58%|█████▊    | 3469/6000 [21:39<07:58,  5.29it/s, F=6, P=0, R=0, loss=1.6236]Training:  58%|█████▊    | 3470/6000 [21:39<08:05,  5.21it/s, F=6, P=0, R=0, loss=1.6236]Training:  58%|█████▊    | 3471/6000 [21:39<07:56,  5.31it/s, F=6, P=0, R=0, loss=1.6236]Training:  58%|█████▊    | 3472/6000 [21:40<07:54,  5.32it/s, F=6, P=0, R=0, loss=1.6236]Training:  58%|█████▊    | 3473/6000 [21:40<08:04,  5.22it/s, F=6, P=0, R=0, loss=1.6236]Training:  58%|█████▊    | 3474/6000 [21:40<07:56,  5.31it/s, F=6, P=0, R=0, loss=1.6236]Training:  58%|█████▊    | 3475/6000 [21:40<08:05,  5.21it/s, F=6, P=0, R=0, loss=1.6236]Training:  58%|█████▊    | 3476/6000 [21:40<07:56,  5.29it/s, F=6, P=0, R=0, loss=1.6236]Training:  58%|█████▊    | 3477/6000 [21:41<07:51,  5.35it/s, F=6, P=0, R=0, loss=1.6236]Training:  58%|█████▊    | 3478/6000 [21:41<08:10,  5.14it/s, F=6, P=0, R=0, loss=1.6236]Training:  58%|█████▊    | 3479/6000 [21:41<08:01,  5.23it/s, F=6, P=0, R=0, loss=1.6236]Training:  58%|█████▊    | 3480/6000 [21:41<07:57,  5.28it/s, F=6, P=0, R=0, loss=1.6236]Training:  58%|█████▊    | 3480/6000 [21:41<07:57,  5.28it/s, F=6, P=0, R=0, loss=1.6174]Training:  58%|█████▊    | 3481/6000 [21:41<07:51,  5.34it/s, F=6, P=0, R=0, loss=1.6174]Training:  58%|█████▊    | 3482/6000 [21:42<07:56,  5.28it/s, F=6, P=0, R=0, loss=1.6174]Training:  58%|█████▊    | 3483/6000 [21:42<07:57,  5.27it/s, F=6, P=0, R=0, loss=1.6174]Training:  58%|█████▊    | 3484/6000 [21:42<08:00,  5.24it/s, F=6, P=0, R=0, loss=1.6174]Training:  58%|█████▊    | 3485/6000 [21:42<08:10,  5.12it/s, F=6, P=0, R=0, loss=1.6174]Training:  58%|█████▊    | 3486/6000 [21:42<08:00,  5.24it/s, F=6, P=0, R=0, loss=1.6174]Training:  58%|█████▊    | 3487/6000 [21:43<07:58,  5.25it/s, F=6, P=0, R=0, loss=1.6174]Training:  58%|█████▊    | 3488/6000 [21:43<07:55,  5.28it/s, F=6, P=0, R=0, loss=1.6174]Training:  58%|█████▊    | 3489/6000 [21:43<08:02,  5.21it/s, F=6, P=0, R=0, loss=1.6174]Training:  58%|█████▊    | 3490/6000 [21:43<07:54,  5.29it/s, F=6, P=0, R=0, loss=1.6174]Training:  58%|█████▊    | 3491/6000 [21:43<07:47,  5.36it/s, F=6, P=0, R=0, loss=1.6174]Training:  58%|█████▊    | 3492/6000 [21:43<08:04,  5.17it/s, F=6, P=0, R=0, loss=1.6174]Training:  58%|█████▊    | 3493/6000 [21:44<07:57,  5.25it/s, F=6, P=0, R=0, loss=1.6174]Training:  58%|█████▊    | 3494/6000 [21:44<07:54,  5.28it/s, F=6, P=0, R=0, loss=1.6174]Training:  58%|█████▊    | 3495/6000 [21:44<07:49,  5.34it/s, F=6, P=0, R=0, loss=1.6174]Training:  58%|█████▊    | 3496/6000 [21:44<07:49,  5.34it/s, F=6, P=0, R=0, loss=1.6174]Training:  58%|█████▊    | 3497/6000 [21:44<07:44,  5.39it/s, F=6, P=0, R=0, loss=1.6174]Training:  58%|█████▊    | 3498/6000 [21:45<07:45,  5.37it/s, F=6, P=0, R=0, loss=1.6174]Training:  58%|█████▊    | 3499/6000 [21:45<08:03,  5.17it/s, F=6, P=0, R=0, loss=1.6174]Training:  58%|█████▊    | 3500/6000 [21:45<07:56,  5.25it/s, F=6, P=0, R=0, loss=1.6174]Training:  58%|█████▊    | 3500/6000 [21:45<07:56,  5.25it/s, F=6, P=0, R=0, loss=1.3842]Training:  58%|█████▊    | 3501/6000 [21:47<25:50,  1.61it/s, val_loss=1.518]            Training:  58%|█████▊    | 3502/6000 [21:47<20:57,  1.99it/s, val_loss=1.518]Training:  58%|█████▊    | 3503/6000 [21:47<17:28,  2.38it/s, val_loss=1.518]Training:  58%|█████▊    | 3504/6000 [21:47<15:00,  2.77it/s, val_loss=1.518]Training:  58%|█████▊    | 3505/6000 [21:47<13:04,  3.18it/s, val_loss=1.518]Training:  58%|█████▊    | 3506/6000 [21:48<11:24,  3.64it/s, val_loss=1.518]Training:  58%|█████▊    | 3507/6000 [21:48<10:13,  4.06it/s, val_loss=1.518]Training:  58%|█████▊    | 3508/6000 [21:48<09:47,  4.24it/s, val_loss=1.518]Training:  58%|█████▊    | 3509/6000 [21:48<09:09,  4.53it/s, val_loss=1.518]Training:  58%|█████▊    | 3510/6000 [21:48<08:42,  4.76it/s, val_loss=1.518]Training:  59%|█████▊    | 3511/6000 [21:49<08:20,  4.97it/s, val_loss=1.518]Training:  59%|█████▊    | 3512/6000 [21:49<08:15,  5.02it/s, val_loss=1.518]Training:  59%|█████▊    | 3513/6000 [21:49<08:04,  5.14it/s, val_loss=1.518]Training:  59%|█████▊    | 3514/6000 [21:49<07:52,  5.26it/s, val_loss=1.518]Training:  59%|█████▊    | 3515/6000 [21:49<08:03,  5.14it/s, val_loss=1.518]Training:  59%|█████▊    | 3516/6000 [21:50<07:53,  5.25it/s, val_loss=1.518]Training:  59%|█████▊    | 3517/6000 [21:50<07:45,  5.34it/s, val_loss=1.518]Training:  59%|█████▊    | 3518/6000 [21:50<07:56,  5.21it/s, val_loss=1.518]Training:  59%|█████▊    | 3519/6000 [21:50<07:48,  5.29it/s, val_loss=1.518]Training:  59%|█████▊    | 3520/6000 [21:50<07:49,  5.28it/s, val_loss=1.518]Training:  59%|█████▊    | 3520/6000 [21:50<07:49,  5.28it/s, F=6, P=0, R=0, loss=1.4044]Training:  59%|█████▊    | 3521/6000 [21:50<07:42,  5.36it/s, F=6, P=0, R=0, loss=1.4044]Training:  59%|█████▊    | 3522/6000 [21:51<07:50,  5.26it/s, F=6, P=0, R=0, loss=1.4044]Training:  59%|█████▊    | 3523/6000 [21:51<07:46,  5.31it/s, F=6, P=0, R=0, loss=1.4044]Training:  59%|█████▊    | 3524/6000 [21:51<08:01,  5.14it/s, F=6, P=0, R=0, loss=1.4044]Training:  59%|█████▉    | 3525/6000 [21:51<07:50,  5.26it/s, F=6, P=0, R=0, loss=1.4044]Training:  59%|█████▉    | 3526/6000 [21:51<07:41,  5.36it/s, F=6, P=0, R=0, loss=1.4044]Training:  59%|█████▉    | 3527/6000 [21:52<07:34,  5.44it/s, F=6, P=0, R=0, loss=1.4044]Training:  59%|█████▉    | 3528/6000 [21:52<07:41,  5.36it/s, F=6, P=0, R=0, loss=1.4044]Training:  59%|█████▉    | 3529/6000 [21:52<07:41,  5.35it/s, F=6, P=0, R=0, loss=1.4044]Training:  59%|█████▉    | 3530/6000 [21:52<07:57,  5.17it/s, F=6, P=0, R=0, loss=1.4044]Training:  59%|█████▉    | 3531/6000 [21:52<07:49,  5.26it/s, F=6, P=0, R=0, loss=1.4044]Training:  59%|█████▉    | 3532/6000 [21:53<07:51,  5.24it/s, F=6, P=0, R=0, loss=1.4044]Training:  59%|█████▉    | 3533/6000 [21:53<07:59,  5.14it/s, F=6, P=0, R=0, loss=1.4044]Training:  59%|█████▉    | 3534/6000 [21:53<07:55,  5.19it/s, F=6, P=0, R=0, loss=1.4044]Training:  59%|█████▉    | 3535/6000 [21:53<07:49,  5.25it/s, F=6, P=0, R=0, loss=1.4044]Training:  59%|█████▉    | 3536/6000 [21:53<07:40,  5.35it/s, F=6, P=0, R=0, loss=1.4044]Training:  59%|█████▉    | 3537/6000 [21:54<07:45,  5.29it/s, F=6, P=0, R=0, loss=1.4044]Training:  59%|█████▉    | 3538/6000 [21:54<07:44,  5.30it/s, F=6, P=0, R=0, loss=1.4044]Training:  59%|█████▉    | 3539/6000 [21:54<07:43,  5.31it/s, F=6, P=0, R=0, loss=1.4044]Training:  59%|█████▉    | 3540/6000 [21:54<08:01,  5.11it/s, F=6, P=0, R=0, loss=1.4044]Training:  59%|█████▉    | 3540/6000 [21:54<08:01,  5.11it/s, F=6, P=0, R=0, loss=1.6167]Training:  59%|█████▉    | 3541/6000 [21:54<07:56,  5.16it/s, F=6, P=0, R=0, loss=1.6167]Training:  59%|█████▉    | 3542/6000 [21:54<07:47,  5.26it/s, F=6, P=0, R=0, loss=1.6167]Training:  59%|█████▉    | 3543/6000 [21:55<07:56,  5.15it/s, F=6, P=0, R=0, loss=1.6167]Training:  59%|█████▉    | 3544/6000 [21:55<07:50,  5.22it/s, F=6, P=0, R=0, loss=1.6167]Training:  59%|█████▉    | 3545/6000 [21:55<07:46,  5.27it/s, F=6, P=0, R=0, loss=1.6167]Training:  59%|█████▉    | 3546/6000 [21:55<07:37,  5.36it/s, F=6, P=0, R=0, loss=1.6167]Training:  59%|█████▉    | 3547/6000 [21:55<07:35,  5.38it/s, F=6, P=0, R=0, loss=1.6167]Training:  59%|█████▉    | 3548/6000 [21:56<07:34,  5.39it/s, F=6, P=0, R=0, loss=1.6167]Training:  59%|█████▉    | 3549/6000 [21:56<07:32,  5.41it/s, F=6, P=0, R=0, loss=1.6167]Training:  59%|█████▉    | 3550/6000 [21:56<07:47,  5.24it/s, F=6, P=0, R=0, loss=1.6167]Training:  59%|█████▉    | 3551/6000 [21:56<07:40,  5.32it/s, F=6, P=0, R=0, loss=1.6167]Training:  59%|█████▉    | 3552/6000 [21:56<07:40,  5.32it/s, F=6, P=0, R=0, loss=1.6167]Training:  59%|█████▉    | 3553/6000 [21:57<07:43,  5.28it/s, F=6, P=0, R=0, loss=1.6167]Training:  59%|█████▉    | 3554/6000 [21:57<07:41,  5.30it/s, F=6, P=0, R=0, loss=1.6167]Training:  59%|█████▉    | 3555/6000 [21:57<07:39,  5.32it/s, F=6, P=0, R=0, loss=1.6167]Training:  59%|█████▉    | 3556/6000 [21:57<07:36,  5.35it/s, F=6, P=0, R=0, loss=1.6167]Training:  59%|█████▉    | 3557/6000 [21:57<07:52,  5.17it/s, F=6, P=0, R=0, loss=1.6167]Training:  59%|█████▉    | 3558/6000 [21:58<07:52,  5.17it/s, F=6, P=0, R=0, loss=1.6167]Training:  59%|█████▉    | 3559/6000 [21:58<07:43,  5.27it/s, F=6, P=0, R=0, loss=1.6167]Training:  59%|█████▉    | 3560/6000 [21:58<08:02,  5.05it/s, F=6, P=0, R=0, loss=1.6167]Training:  59%|█████▉    | 3560/6000 [21:58<08:02,  5.05it/s, F=6, P=0, R=0, loss=1.6132]Training:  59%|█████▉    | 3561/6000 [21:58<08:05,  5.02it/s, F=6, P=0, R=0, loss=1.6132]Training:  59%|█████▉    | 3562/6000 [21:58<07:55,  5.13it/s, F=6, P=0, R=0, loss=1.6132]Training:  59%|█████▉    | 3563/6000 [21:58<07:49,  5.19it/s, F=6, P=0, R=0, loss=1.6132]Training:  59%|█████▉    | 3564/6000 [21:59<08:04,  5.03it/s, F=6, P=0, R=0, loss=1.6132]Training:  59%|█████▉    | 3565/6000 [21:59<08:03,  5.03it/s, F=6, P=0, R=0, loss=1.6132]Training:  59%|█████▉    | 3566/6000 [21:59<07:50,  5.17it/s, F=6, P=0, R=0, loss=1.6132]Training:  59%|█████▉    | 3567/6000 [21:59<07:47,  5.20it/s, F=6, P=0, R=0, loss=1.6132]Training:  59%|█████▉    | 3568/6000 [21:59<07:58,  5.08it/s, F=6, P=0, R=0, loss=1.6132]Training:  59%|█████▉    | 3569/6000 [22:00<07:53,  5.14it/s, F=6, P=0, R=0, loss=1.6132]Training:  60%|█████▉    | 3570/6000 [22:00<07:50,  5.16it/s, F=6, P=0, R=0, loss=1.6132]Training:  60%|█████▉    | 3571/6000 [22:00<07:40,  5.27it/s, F=6, P=0, R=0, loss=1.6132]Training:  60%|█████▉    | 3572/6000 [22:00<07:42,  5.25it/s, F=6, P=0, R=0, loss=1.6132]Training:  60%|█████▉    | 3573/6000 [22:00<07:36,  5.32it/s, F=6, P=0, R=0, loss=1.6132]Training:  60%|█████▉    | 3574/6000 [22:01<07:35,  5.32it/s, F=6, P=0, R=0, loss=1.6132]Training:  60%|█████▉    | 3575/6000 [22:01<07:50,  5.15it/s, F=6, P=0, R=0, loss=1.6132]Training:  60%|█████▉    | 3576/6000 [22:01<07:44,  5.22it/s, F=6, P=0, R=0, loss=1.6132]Training:  60%|█████▉    | 3577/6000 [22:01<07:34,  5.33it/s, F=6, P=0, R=0, loss=1.6132]Training:  60%|█████▉    | 3578/6000 [22:01<07:33,  5.34it/s, F=6, P=0, R=0, loss=1.6132]Training:  60%|█████▉    | 3579/6000 [22:02<07:42,  5.24it/s, F=6, P=0, R=0, loss=1.6132]Training:  60%|█████▉    | 3580/6000 [22:02<07:46,  5.18it/s, F=6, P=0, R=0, loss=1.6132]Training:  60%|█████▉    | 3580/6000 [22:02<07:46,  5.18it/s, F=6, P=0, R=0, loss=1.3784]Training:  60%|█████▉    | 3581/6000 [22:02<07:54,  5.10it/s, F=6, P=0, R=0, loss=1.3784]Training:  60%|█████▉    | 3582/6000 [22:02<08:18,  4.85it/s, F=6, P=0, R=0, loss=1.3784]Training:  60%|█████▉    | 3583/6000 [22:02<08:16,  4.87it/s, F=6, P=0, R=0, loss=1.3784]Training:  60%|█████▉    | 3584/6000 [22:03<08:16,  4.86it/s, F=6, P=0, R=0, loss=1.3784]Training:  60%|█████▉    | 3585/6000 [22:03<08:31,  4.72it/s, F=6, P=0, R=0, loss=1.3784]Training:  60%|█████▉    | 3586/6000 [22:03<08:15,  4.87it/s, F=6, P=0, R=0, loss=1.3784]Training:  60%|█████▉    | 3587/6000 [22:03<07:57,  5.05it/s, F=6, P=0, R=0, loss=1.3784]Training:  60%|█████▉    | 3588/6000 [22:03<07:51,  5.12it/s, F=6, P=0, R=0, loss=1.3784]Training:  60%|█████▉    | 3589/6000 [22:04<07:55,  5.07it/s, F=6, P=0, R=0, loss=1.3784]Training:  60%|█████▉    | 3590/6000 [22:04<07:53,  5.09it/s, F=6, P=0, R=0, loss=1.3784]Training:  60%|█████▉    | 3591/6000 [22:04<07:47,  5.16it/s, F=6, P=0, R=0, loss=1.3784]Training:  60%|█████▉    | 3592/6000 [22:04<08:37,  4.65it/s, F=6, P=0, R=0, loss=1.3784]Training:  60%|█████▉    | 3593/6000 [22:05<14:01,  2.86it/s, F=6, P=0, R=0, loss=1.3784]Training:  60%|█████▉    | 3594/6000 [22:06<18:10,  2.21it/s, F=6, P=0, R=0, loss=1.3784]Training:  60%|█████▉    | 3595/6000 [22:06<22:54,  1.75it/s, F=6, P=0, R=0, loss=1.3784]Training:  60%|█████▉    | 3596/6000 [22:07<25:43,  1.56it/s, F=6, P=0, R=0, loss=1.3784]Training:  60%|█████▉    | 3597/6000 [22:08<28:43,  1.39it/s, F=6, P=0, R=0, loss=1.3784]Training:  60%|█████▉    | 3598/6000 [22:09<27:06,  1.48it/s, F=6, P=0, R=0, loss=1.3784]Training:  60%|█████▉    | 3599/6000 [22:09<26:19,  1.52it/s, F=6, P=0, R=0, loss=1.3784]Training:  60%|██████    | 3600/6000 [22:10<24:25,  1.64it/s, F=6, P=0, R=0, loss=1.3784]Training:  60%|██████    | 3600/6000 [22:10<24:25,  1.64it/s, F=6, P=0, R=0, loss=1.4003]Training:  60%|██████    | 3601/6000 [22:10<21:17,  1.88it/s, F=6, P=0, R=0, loss=1.4003]Training:  60%|██████    | 3602/6000 [22:11<23:58,  1.67it/s, F=6, P=0, R=0, loss=1.4003]Training:  60%|██████    | 3603/6000 [22:12<23:43,  1.68it/s, F=6, P=0, R=0, loss=1.4003]Training:  60%|██████    | 3604/6000 [22:12<21:33,  1.85it/s, F=6, P=0, R=0, loss=1.4003]Training:  60%|██████    | 3605/6000 [22:13<23:55,  1.67it/s, F=6, P=0, R=0, loss=1.4003]Training:  60%|██████    | 3606/6000 [22:13<26:21,  1.51it/s, F=6, P=0, R=0, loss=1.4003]Training:  60%|██████    | 3607/6000 [22:14<23:34,  1.69it/s, F=6, P=0, R=0, loss=1.4003]Training:  60%|██████    | 3608/6000 [22:15<23:37,  1.69it/s, F=6, P=0, R=0, loss=1.4003]Training:  60%|██████    | 3609/6000 [22:15<25:32,  1.56it/s, F=6, P=0, R=0, loss=1.4003]Training:  60%|██████    | 3610/6000 [22:16<27:12,  1.46it/s, F=6, P=0, R=0, loss=1.4003]Training:  60%|██████    | 3611/6000 [22:16<23:13,  1.71it/s, F=6, P=0, R=0, loss=1.4003]Training:  60%|██████    | 3612/6000 [22:17<22:20,  1.78it/s, F=6, P=0, R=0, loss=1.4003]Training:  60%|██████    | 3613/6000 [22:18<24:24,  1.63it/s, F=6, P=0, R=0, loss=1.4003]Training:  60%|██████    | 3614/6000 [22:18<26:15,  1.51it/s, F=6, P=0, R=0, loss=1.4003]Training:  60%|██████    | 3615/6000 [22:19<27:36,  1.44it/s, F=6, P=0, R=0, loss=1.4003]Training:  60%|██████    | 3616/6000 [22:20<28:30,  1.39it/s, F=6, P=0, R=0, loss=1.4003]Training:  60%|██████    | 3617/6000 [22:21<26:49,  1.48it/s, F=6, P=0, R=0, loss=1.4003]Training:  60%|██████    | 3618/6000 [22:21<28:16,  1.40it/s, F=6, P=0, R=0, loss=1.4003]Training:  60%|██████    | 3619/6000 [22:22<27:21,  1.45it/s, F=6, P=0, R=0, loss=1.4003]Training:  60%|██████    | 3620/6000 [22:23<29:11,  1.36it/s, F=6, P=0, R=0, loss=1.4003]Training:  60%|██████    | 3620/6000 [22:24<29:11,  1.36it/s, F=6, P=0, R=0, loss=1.6071]Training:  60%|██████    | 3621/6000 [22:24<31:42,  1.25it/s, F=6, P=0, R=0, loss=1.6071]Training:  60%|██████    | 3622/6000 [22:24<28:27,  1.39it/s, F=6, P=0, R=0, loss=1.6071]Training:  60%|██████    | 3623/6000 [22:25<29:09,  1.36it/s, F=6, P=0, R=0, loss=1.6071]Training:  60%|██████    | 3624/6000 [22:26<28:13,  1.40it/s, F=6, P=0, R=0, loss=1.6071]Training:  60%|██████    | 3625/6000 [22:26<28:22,  1.40it/s, F=6, P=0, R=0, loss=1.6071]Training:  60%|██████    | 3626/6000 [22:27<29:29,  1.34it/s, F=6, P=0, R=0, loss=1.6071]Training:  60%|██████    | 3627/6000 [22:28<31:20,  1.26it/s, F=6, P=0, R=0, loss=1.6071]Training:  60%|██████    | 3628/6000 [22:29<28:41,  1.38it/s, F=6, P=0, R=0, loss=1.6071]Training:  60%|██████    | 3629/6000 [22:29<28:57,  1.36it/s, F=6, P=0, R=0, loss=1.6071]Training:  60%|██████    | 3630/6000 [22:30<29:22,  1.34it/s, F=6, P=0, R=0, loss=1.6071]Training:  61%|██████    | 3631/6000 [22:31<29:30,  1.34it/s, F=6, P=0, R=0, loss=1.6071]Training:  61%|██████    | 3632/6000 [22:32<29:46,  1.33it/s, F=6, P=0, R=0, loss=1.6071]Training:  61%|██████    | 3633/6000 [22:32<28:49,  1.37it/s, F=6, P=0, R=0, loss=1.6071]Training:  61%|██████    | 3634/6000 [22:33<27:55,  1.41it/s, F=6, P=0, R=0, loss=1.6071]Training:  61%|██████    | 3635/6000 [22:34<29:18,  1.35it/s, F=6, P=0, R=0, loss=1.6071]Training:  61%|██████    | 3636/6000 [22:35<28:45,  1.37it/s, F=6, P=0, R=0, loss=1.6071]Training:  61%|██████    | 3637/6000 [22:35<27:28,  1.43it/s, F=6, P=0, R=0, loss=1.6071]Training:  61%|██████    | 3638/6000 [22:36<27:10,  1.45it/s, F=6, P=0, R=0, loss=1.6071]Training:  61%|██████    | 3639/6000 [22:37<28:36,  1.38it/s, F=6, P=0, R=0, loss=1.6071]Training:  61%|██████    | 3640/6000 [22:38<29:00,  1.36it/s, F=6, P=0, R=0, loss=1.6071]Training:  61%|██████    | 3640/6000 [22:38<29:00,  1.36it/s, F=6, P=0, R=0, loss=1.6083]Training:  61%|██████    | 3641/6000 [22:38<28:04,  1.40it/s, F=6, P=0, R=0, loss=1.6083]Training:  61%|██████    | 3642/6000 [22:39<28:34,  1.38it/s, F=6, P=0, R=0, loss=1.6083]Training:  61%|██████    | 3643/6000 [22:40<29:01,  1.35it/s, F=6, P=0, R=0, loss=1.6083]Training:  61%|██████    | 3644/6000 [22:40<29:18,  1.34it/s, F=6, P=0, R=0, loss=1.6083]Training:  61%|██████    | 3645/6000 [22:41<28:16,  1.39it/s, F=6, P=0, R=0, loss=1.6083]Training:  61%|██████    | 3646/6000 [22:42<28:34,  1.37it/s, F=6, P=0, R=0, loss=1.6083]Training:  61%|██████    | 3647/6000 [22:42<27:14,  1.44it/s, F=6, P=0, R=0, loss=1.6083]Training:  61%|██████    | 3648/6000 [22:43<26:42,  1.47it/s, F=6, P=0, R=0, loss=1.6083]Training:  61%|██████    | 3649/6000 [22:44<24:03,  1.63it/s, F=6, P=0, R=0, loss=1.6083]Training:  61%|██████    | 3650/6000 [24:58<26:36:55, 40.77s/it, val_loss=1.520]         Training:  61%|██████    | 3651/6000 [24:59<18:42:43, 28.68s/it, val_loss=1.520]Training:  61%|██████    | 3652/6000 [24:59<13:14:13, 20.30s/it, val_loss=1.520]Training:  61%|██████    | 3653/6000 [25:00<9:25:27, 14.46s/it, val_loss=1.520] Training:  61%|██████    | 3654/6000 [25:01<6:45:26, 10.37s/it, val_loss=1.520]Training:  61%|██████    | 3655/6000 [25:02<4:51:50,  7.47s/it, val_loss=1.520]Training:  61%|██████    | 3656/6000 [25:02<3:28:36,  5.34s/it, val_loss=1.520]Training:  61%|██████    | 3657/6000 [25:03<2:35:39,  3.99s/it, val_loss=1.520]Training:  61%|██████    | 3658/6000 [25:04<1:58:20,  3.03s/it, val_loss=1.520]Training:  61%|██████    | 3659/6000 [25:04<1:32:32,  2.37s/it, val_loss=1.520]Training:  61%|██████    | 3660/6000 [25:05<1:11:38,  1.84s/it, val_loss=1.520]Training:  61%|██████    | 3660/6000 [25:06<1:11:38,  1.84s/it, F=3, P=0, R=3, loss=3.5188]Training:  61%|██████    | 3661/6000 [25:06<55:36,  1.43s/it, F=3, P=0, R=3, loss=3.5188]  Training:  61%|██████    | 3662/6000 [25:06<48:12,  1.24s/it, F=3, P=0, R=3, loss=3.5188]Training:  61%|██████    | 3663/6000 [25:07<43:43,  1.12s/it, F=3, P=0, R=3, loss=3.5188]Training:  61%|██████    | 3664/6000 [25:08<40:01,  1.03s/it, F=3, P=0, R=3, loss=3.5188]Training:  61%|██████    | 3665/6000 [25:09<34:15,  1.14it/s, F=3, P=0, R=3, loss=3.5188]Training:  61%|██████    | 3666/6000 [25:09<33:45,  1.15it/s, F=3, P=0, R=3, loss=3.5188]Training:  61%|██████    | 3667/6000 [25:10<31:56,  1.22it/s, F=3, P=0, R=3, loss=3.5188]Training:  61%|██████    | 3668/6000 [25:10<25:45,  1.51it/s, F=3, P=0, R=3, loss=3.5188]Training:  61%|██████    | 3669/6000 [25:11<26:58,  1.44it/s, F=3, P=0, R=3, loss=3.5188]Training:  61%|██████    | 3670/6000 [25:12<27:18,  1.42it/s, F=3, P=0, R=3, loss=3.5188]Training:  61%|██████    | 3671/6000 [25:12<22:06,  1.76it/s, F=3, P=0, R=3, loss=3.5188]Training:  61%|██████    | 3672/6000 [25:13<27:07,  1.43it/s, F=3, P=0, R=3, loss=3.5188]Training:  61%|██████    | 3673/6000 [25:14<28:44,  1.35it/s, F=3, P=0, R=3, loss=3.5188]Training:  61%|██████    | 3674/6000 [25:15<29:24,  1.32it/s, F=3, P=0, R=3, loss=3.5188]Training:  61%|██████▏   | 3675/6000 [25:15<27:25,  1.41it/s, F=3, P=0, R=3, loss=3.5188]Training:  61%|██████▏   | 3676/6000 [25:16<30:26,  1.27it/s, F=3, P=0, R=3, loss=3.5188]Training:  61%|██████▏   | 3677/6000 [25:17<32:34,  1.19it/s, F=3, P=0, R=3, loss=3.5188]Training:  61%|██████▏   | 3678/6000 [25:17<24:58,  1.55it/s, F=3, P=0, R=3, loss=3.5188]Training:  61%|██████▏   | 3679/6000 [25:18<20:56,  1.85it/s, F=3, P=0, R=3, loss=3.5188]Training:  61%|██████▏   | 3680/6000 [25:18<16:54,  2.29it/s, F=3, P=0, R=3, loss=3.5188]Training:  61%|██████▏   | 3680/6000 [25:18<16:54,  2.29it/s, F=1, P=0, R=5, loss=2.4485]Training:  61%|██████▏   | 3681/6000 [25:18<15:24,  2.51it/s, F=1, P=0, R=5, loss=2.4485]Training:  61%|██████▏   | 3682/6000 [25:18<13:09,  2.94it/s, F=1, P=0, R=5, loss=2.4485]Training:  61%|██████▏   | 3683/6000 [25:19<11:21,  3.40it/s, F=1, P=0, R=5, loss=2.4485]Training:  61%|██████▏   | 3684/6000 [25:19<11:13,  3.44it/s, F=1, P=0, R=5, loss=2.4485]Training:  61%|██████▏   | 3685/6000 [25:19<10:19,  3.74it/s, F=1, P=0, R=5, loss=2.4485]Training:  61%|██████▏   | 3686/6000 [25:19<10:32,  3.66it/s, F=1, P=0, R=5, loss=2.4485]Training:  61%|██████▏   | 3687/6000 [25:20<10:42,  3.60it/s, F=1, P=0, R=5, loss=2.4485]Training:  61%|██████▏   | 3688/6000 [25:20<10:51,  3.55it/s, F=1, P=0, R=5, loss=2.4485]Training:  61%|██████▏   | 3689/6000 [25:20<09:46,  3.94it/s, F=1, P=0, R=5, loss=2.4485]Training:  62%|██████▏   | 3690/6000 [25:20<09:14,  4.17it/s, F=1, P=0, R=5, loss=2.4485]Training:  62%|██████▏   | 3691/6000 [25:21<10:00,  3.84it/s, F=1, P=0, R=5, loss=2.4485]Training:  62%|██████▏   | 3692/6000 [25:21<09:13,  4.17it/s, F=1, P=0, R=5, loss=2.4485]Training:  62%|██████▏   | 3693/6000 [25:21<08:34,  4.49it/s, F=1, P=0, R=5, loss=2.4485]Training:  62%|██████▏   | 3694/6000 [25:21<08:06,  4.74it/s, F=1, P=0, R=5, loss=2.4485]Training:  62%|██████▏   | 3695/6000 [25:21<07:53,  4.87it/s, F=1, P=0, R=5, loss=2.4485]Training:  62%|██████▏   | 3696/6000 [25:22<08:52,  4.33it/s, F=1, P=0, R=5, loss=2.4485]Training:  62%|██████▏   | 3697/6000 [25:22<09:33,  4.01it/s, F=1, P=0, R=5, loss=2.4485]Training:  62%|██████▏   | 3698/6000 [25:22<10:01,  3.82it/s, F=1, P=0, R=5, loss=2.4485]Training:  62%|██████▏   | 3699/6000 [25:23<10:23,  3.69it/s, F=1, P=0, R=5, loss=2.4485]Training:  62%|██████▏   | 3700/6000 [25:23<09:31,  4.02it/s, F=1, P=0, R=5, loss=2.4485]Training:  62%|██████▏   | 3700/6000 [25:23<09:31,  4.02it/s, F=5, P=1, R=0, loss=2.1332]Training:  62%|██████▏   | 3701/6000 [25:23<10:03,  3.81it/s, F=5, P=1, R=0, loss=2.1332]Training:  62%|██████▏   | 3702/6000 [25:23<09:29,  4.04it/s, F=5, P=1, R=0, loss=2.1332]Training:  62%|██████▏   | 3703/6000 [25:24<09:58,  3.84it/s, F=5, P=1, R=0, loss=2.1332]Training:  62%|██████▏   | 3704/6000 [25:24<10:19,  3.71it/s, F=5, P=1, R=0, loss=2.1332]Training:  62%|██████▏   | 3705/6000 [25:24<09:33,  4.00it/s, F=5, P=1, R=0, loss=2.1332]Training:  62%|██████▏   | 3706/6000 [25:24<08:44,  4.37it/s, F=5, P=1, R=0, loss=2.1332]Training:  62%|██████▏   | 3707/6000 [25:25<09:40,  3.95it/s, F=5, P=1, R=0, loss=2.1332]Training:  62%|██████▏   | 3708/6000 [25:25<10:18,  3.71it/s, F=5, P=1, R=0, loss=2.1332]Training:  62%|██████▏   | 3709/6000 [25:25<09:18,  4.10it/s, F=5, P=1, R=0, loss=2.1332]Training:  62%|██████▏   | 3710/6000 [25:25<09:55,  3.85it/s, F=5, P=1, R=0, loss=2.1332]Training:  62%|██████▏   | 3711/6000 [25:26<10:19,  3.70it/s, F=5, P=1, R=0, loss=2.1332]Training:  62%|██████▏   | 3712/6000 [25:26<09:25,  4.05it/s, F=5, P=1, R=0, loss=2.1332]Training:  62%|██████▏   | 3713/6000 [25:26<08:54,  4.28it/s, F=5, P=1, R=0, loss=2.1332]Training:  62%|██████▏   | 3714/6000 [25:26<09:43,  3.92it/s, F=5, P=1, R=0, loss=2.1332]Training:  62%|██████▏   | 3715/6000 [25:27<10:16,  3.70it/s, F=5, P=1, R=0, loss=2.1332]Training:  62%|██████▏   | 3716/6000 [25:27<09:28,  4.02it/s, F=5, P=1, R=0, loss=2.1332]Training:  62%|██████▏   | 3717/6000 [25:27<09:57,  3.82it/s, F=5, P=1, R=0, loss=2.1332]Training:  62%|██████▏   | 3718/6000 [25:27<09:03,  4.20it/s, F=5, P=1, R=0, loss=2.1332]Training:  62%|██████▏   | 3719/6000 [25:28<08:34,  4.43it/s, F=5, P=1, R=0, loss=2.1332]Training:  62%|██████▏   | 3720/6000 [25:28<08:13,  4.62it/s, F=5, P=1, R=0, loss=2.1332]Training:  62%|██████▏   | 3720/6000 [25:28<08:13,  4.62it/s, F=2, P=0, R=4, loss=2.4067]Training:  62%|██████▏   | 3721/6000 [25:28<07:52,  4.83it/s, F=2, P=0, R=4, loss=2.4067]Training:  62%|██████▏   | 3722/6000 [25:28<07:45,  4.89it/s, F=2, P=0, R=4, loss=2.4067]Training:  62%|██████▏   | 3723/6000 [25:28<08:59,  4.22it/s, F=2, P=0, R=4, loss=2.4067]Training:  62%|██████▏   | 3724/6000 [25:29<09:33,  3.97it/s, F=2, P=0, R=4, loss=2.4067]Training:  62%|██████▏   | 3725/6000 [25:29<08:56,  4.24it/s, F=2, P=0, R=4, loss=2.4067]Training:  62%|██████▏   | 3726/6000 [25:29<09:45,  3.89it/s, F=2, P=0, R=4, loss=2.4067]Training:  62%|██████▏   | 3727/6000 [25:30<10:07,  3.74it/s, F=2, P=0, R=4, loss=2.4067]Training:  62%|██████▏   | 3728/6000 [25:30<09:22,  4.04it/s, F=2, P=0, R=4, loss=2.4067]Training:  62%|██████▏   | 3729/6000 [25:30<08:39,  4.37it/s, F=2, P=0, R=4, loss=2.4067]Training:  62%|██████▏   | 3730/6000 [25:30<08:26,  4.49it/s, F=2, P=0, R=4, loss=2.4067]Training:  62%|██████▏   | 3731/6000 [25:30<09:16,  4.08it/s, F=2, P=0, R=4, loss=2.4067]Training:  62%|██████▏   | 3732/6000 [25:31<08:39,  4.36it/s, F=2, P=0, R=4, loss=2.4067]Training:  62%|██████▏   | 3733/6000 [25:31<09:27,  3.99it/s, F=2, P=0, R=4, loss=2.4067]Training:  62%|██████▏   | 3734/6000 [25:31<09:50,  3.83it/s, F=2, P=0, R=4, loss=2.4067]Training:  62%|██████▏   | 3735/6000 [25:31<09:11,  4.11it/s, F=2, P=0, R=4, loss=2.4067]Training:  62%|██████▏   | 3736/6000 [25:32<08:27,  4.46it/s, F=2, P=0, R=4, loss=2.4067]Training:  62%|██████▏   | 3737/6000 [25:32<07:58,  4.73it/s, F=2, P=0, R=4, loss=2.4067]Training:  62%|██████▏   | 3738/6000 [25:32<09:04,  4.15it/s, F=2, P=0, R=4, loss=2.4067]Training:  62%|██████▏   | 3739/6000 [25:32<08:55,  4.23it/s, F=2, P=0, R=4, loss=2.4067]Training:  62%|██████▏   | 3740/6000 [25:33<08:58,  4.19it/s, F=2, P=0, R=4, loss=2.4067]Training:  62%|██████▏   | 3740/6000 [25:33<08:58,  4.19it/s, F=6, P=0, R=0, loss=2.1061]Training:  62%|██████▏   | 3741/6000 [25:33<08:35,  4.38it/s, F=6, P=0, R=0, loss=2.1061]Training:  62%|██████▏   | 3742/6000 [25:33<08:07,  4.63it/s, F=6, P=0, R=0, loss=2.1061]Training:  62%|██████▏   | 3743/6000 [25:33<08:54,  4.22it/s, F=6, P=0, R=0, loss=2.1061]Training:  62%|██████▏   | 3744/6000 [25:33<08:28,  4.44it/s, F=6, P=0, R=0, loss=2.1061]Training:  62%|██████▏   | 3745/6000 [25:34<09:13,  4.07it/s, F=6, P=0, R=0, loss=2.1061]Training:  62%|██████▏   | 3746/6000 [25:34<08:30,  4.42it/s, F=6, P=0, R=0, loss=2.1061]Training:  62%|██████▏   | 3747/6000 [25:34<08:12,  4.58it/s, F=6, P=0, R=0, loss=2.1061]Training:  62%|██████▏   | 3748/6000 [25:34<08:56,  4.19it/s, F=6, P=0, R=0, loss=2.1061]Training:  62%|██████▏   | 3749/6000 [25:35<09:28,  3.96it/s, F=6, P=0, R=0, loss=2.1061]Training:  62%|██████▎   | 3750/6000 [25:35<09:58,  3.76it/s, F=6, P=0, R=0, loss=2.1061]Training:  63%|██████▎   | 3751/6000 [25:37<25:16,  1.48it/s, val_loss=1.359]            Training:  63%|██████▎   | 3752/6000 [25:37<20:00,  1.87it/s, val_loss=1.359]Training:  63%|██████▎   | 3753/6000 [25:37<16:10,  2.32it/s, val_loss=1.359]Training:  63%|██████▎   | 3754/6000 [25:37<14:53,  2.51it/s, val_loss=1.359]Training:  63%|██████▎   | 3755/6000 [25:38<12:31,  2.99it/s, val_loss=1.359]Training:  63%|██████▎   | 3756/6000 [25:38<10:48,  3.46it/s, val_loss=1.359]Training:  63%|██████▎   | 3757/6000 [25:38<09:38,  3.88it/s, val_loss=1.359]Training:  63%|██████▎   | 3758/6000 [25:38<08:58,  4.17it/s, val_loss=1.359]Training:  63%|██████▎   | 3759/6000 [25:38<08:18,  4.50it/s, val_loss=1.359]Training:  63%|██████▎   | 3760/6000 [25:38<07:54,  4.72it/s, val_loss=1.359]Training:  63%|██████▎   | 3760/6000 [25:39<07:54,  4.72it/s, F=6, P=0, R=0, loss=1.7120]Training:  63%|██████▎   | 3761/6000 [25:39<07:33,  4.93it/s, F=6, P=0, R=0, loss=1.7120]Training:  63%|██████▎   | 3762/6000 [25:39<07:27,  5.00it/s, F=6, P=0, R=0, loss=1.7120]Training:  63%|██████▎   | 3763/6000 [25:39<07:13,  5.15it/s, F=6, P=0, R=0, loss=1.7120]Training:  63%|██████▎   | 3764/6000 [25:39<08:11,  4.55it/s, F=6, P=0, R=0, loss=1.7120]Training:  63%|██████▎   | 3765/6000 [25:39<07:47,  4.78it/s, F=6, P=0, R=0, loss=1.7120]Training:  63%|██████▎   | 3766/6000 [25:40<08:34,  4.34it/s, F=6, P=0, R=0, loss=1.7120]Training:  63%|██████▎   | 3767/6000 [25:40<07:59,  4.66it/s, F=6, P=0, R=0, loss=1.7120]Training:  63%|██████▎   | 3768/6000 [25:40<07:39,  4.86it/s, F=6, P=0, R=0, loss=1.7120]Training:  63%|██████▎   | 3769/6000 [25:40<07:22,  5.04it/s, F=6, P=0, R=0, loss=1.7120]Training:  63%|██████▎   | 3770/6000 [25:41<08:28,  4.38it/s, F=6, P=0, R=0, loss=1.7120]Training:  63%|██████▎   | 3771/6000 [25:41<08:09,  4.55it/s, F=6, P=0, R=0, loss=1.7120]Training:  63%|██████▎   | 3772/6000 [25:41<07:50,  4.74it/s, F=6, P=0, R=0, loss=1.7120]Training:  63%|██████▎   | 3773/6000 [25:41<07:28,  4.96it/s, F=6, P=0, R=0, loss=1.7120]Training:  63%|██████▎   | 3774/6000 [25:41<08:34,  4.33it/s, F=6, P=0, R=0, loss=1.7120]Training:  63%|██████▎   | 3775/6000 [25:42<08:08,  4.56it/s, F=6, P=0, R=0, loss=1.7120]Training:  63%|██████▎   | 3776/6000 [25:42<07:43,  4.80it/s, F=6, P=0, R=0, loss=1.7120]Training:  63%|██████▎   | 3777/6000 [25:42<07:43,  4.79it/s, F=6, P=0, R=0, loss=1.7120]Training:  63%|██████▎   | 3778/6000 [25:42<07:26,  4.97it/s, F=6, P=0, R=0, loss=1.7120]Training:  63%|██████▎   | 3779/6000 [25:42<07:12,  5.13it/s, F=6, P=0, R=0, loss=1.7120]Training:  63%|██████▎   | 3780/6000 [25:43<07:16,  5.09it/s, F=6, P=0, R=0, loss=1.7120]Training:  63%|██████▎   | 3780/6000 [25:43<07:16,  5.09it/s, F=6, P=0, R=0, loss=1.8043]Training:  63%|██████▎   | 3781/6000 [25:43<07:09,  5.17it/s, F=6, P=0, R=0, loss=1.8043]Training:  63%|██████▎   | 3782/6000 [25:43<07:08,  5.18it/s, F=6, P=0, R=0, loss=1.8043]Training:  63%|██████▎   | 3783/6000 [25:43<07:13,  5.11it/s, F=6, P=0, R=0, loss=1.8043]Training:  63%|██████▎   | 3784/6000 [25:43<08:11,  4.51it/s, F=6, P=0, R=0, loss=1.8043]Training:  63%|██████▎   | 3785/6000 [25:44<08:01,  4.60it/s, F=6, P=0, R=0, loss=1.8043]Training:  63%|██████▎   | 3786/6000 [25:44<07:36,  4.85it/s, F=6, P=0, R=0, loss=1.8043]Training:  63%|██████▎   | 3787/6000 [25:44<07:20,  5.02it/s, F=6, P=0, R=0, loss=1.8043]Training:  63%|██████▎   | 3788/6000 [25:44<07:26,  4.96it/s, F=6, P=0, R=0, loss=1.8043]Training:  63%|██████▎   | 3789/6000 [25:44<07:12,  5.11it/s, F=6, P=0, R=0, loss=1.8043]Training:  63%|██████▎   | 3790/6000 [25:45<08:13,  4.48it/s, F=6, P=0, R=0, loss=1.8043]Training:  63%|██████▎   | 3791/6000 [25:45<07:57,  4.62it/s, F=6, P=0, R=0, loss=1.8043]Training:  63%|██████▎   | 3792/6000 [25:45<07:41,  4.78it/s, F=6, P=0, R=0, loss=1.8043]Training:  63%|██████▎   | 3793/6000 [25:45<07:20,  5.01it/s, F=6, P=0, R=0, loss=1.8043]Training:  63%|██████▎   | 3794/6000 [25:45<07:16,  5.06it/s, F=6, P=0, R=0, loss=1.8043]Training:  63%|██████▎   | 3795/6000 [25:46<07:07,  5.16it/s, F=6, P=0, R=0, loss=1.8043]Training:  63%|██████▎   | 3796/6000 [25:46<06:56,  5.29it/s, F=6, P=0, R=0, loss=1.8043]Training:  63%|██████▎   | 3797/6000 [25:46<06:50,  5.37it/s, F=6, P=0, R=0, loss=1.8043]Training:  63%|██████▎   | 3798/6000 [25:46<07:01,  5.22it/s, F=6, P=0, R=0, loss=1.8043]Training:  63%|██████▎   | 3799/6000 [25:46<07:11,  5.10it/s, F=6, P=0, R=0, loss=1.8043]Training:  63%|██████▎   | 3800/6000 [25:47<07:04,  5.18it/s, F=6, P=0, R=0, loss=1.8043]Training:  63%|██████▎   | 3800/6000 [25:47<07:04,  5.18it/s, F=6, P=0, R=0, loss=2.0701]Training:  63%|██████▎   | 3801/6000 [25:47<06:56,  5.28it/s, F=6, P=0, R=0, loss=2.0701]Training:  63%|██████▎   | 3802/6000 [25:47<07:00,  5.23it/s, F=6, P=0, R=0, loss=2.0701]Training:  63%|██████▎   | 3803/6000 [25:47<06:58,  5.25it/s, F=6, P=0, R=0, loss=2.0701]Training:  63%|██████▎   | 3804/6000 [25:47<07:55,  4.62it/s, F=6, P=0, R=0, loss=2.0701]Training:  63%|██████▎   | 3805/6000 [25:48<07:34,  4.83it/s, F=6, P=0, R=0, loss=2.0701]Training:  63%|██████▎   | 3806/6000 [25:48<08:33,  4.27it/s, F=6, P=0, R=0, loss=2.0701]Training:  63%|██████▎   | 3807/6000 [25:48<07:59,  4.57it/s, F=6, P=0, R=0, loss=2.0701]Training:  63%|██████▎   | 3808/6000 [25:48<07:41,  4.75it/s, F=6, P=0, R=0, loss=2.0701]Training:  63%|██████▎   | 3809/6000 [25:49<07:25,  4.92it/s, F=6, P=0, R=0, loss=2.0701]Training:  64%|██████▎   | 3810/6000 [25:49<07:35,  4.81it/s, F=6, P=0, R=0, loss=2.0701]Training:  64%|██████▎   | 3811/6000 [25:49<07:22,  4.94it/s, F=6, P=0, R=0, loss=2.0701]Training:  64%|██████▎   | 3812/6000 [25:49<07:14,  5.03it/s, F=6, P=0, R=0, loss=2.0701]Training:  64%|██████▎   | 3813/6000 [25:49<08:25,  4.33it/s, F=6, P=0, R=0, loss=2.0701]Training:  64%|██████▎   | 3814/6000 [25:50<08:54,  4.09it/s, F=6, P=0, R=0, loss=2.0701]Training:  64%|██████▎   | 3815/6000 [25:50<08:09,  4.46it/s, F=6, P=0, R=0, loss=2.0701]Training:  64%|██████▎   | 3816/6000 [25:50<07:42,  4.72it/s, F=6, P=0, R=0, loss=2.0701]Training:  64%|██████▎   | 3817/6000 [25:50<07:21,  4.95it/s, F=6, P=0, R=0, loss=2.0701]Training:  64%|██████▎   | 3818/6000 [25:50<07:06,  5.12it/s, F=6, P=0, R=0, loss=2.0701]Training:  64%|██████▎   | 3819/6000 [25:51<07:08,  5.10it/s, F=6, P=0, R=0, loss=2.0701]Training:  64%|██████▎   | 3820/6000 [25:51<07:01,  5.18it/s, F=6, P=0, R=0, loss=2.0701]Training:  64%|██████▎   | 3820/6000 [25:51<07:01,  5.18it/s, F=6, P=0, R=0, loss=1.9364]Training:  64%|██████▎   | 3821/6000 [25:51<06:57,  5.22it/s, F=6, P=0, R=0, loss=1.9364]Training:  64%|██████▎   | 3822/6000 [25:51<07:05,  5.12it/s, F=6, P=0, R=0, loss=1.9364]Training:  64%|██████▎   | 3823/6000 [25:51<06:56,  5.23it/s, F=6, P=0, R=0, loss=1.9364]Training:  64%|██████▎   | 3824/6000 [25:52<06:46,  5.36it/s, F=6, P=0, R=0, loss=1.9364]Training:  64%|██████▍   | 3825/6000 [25:52<06:43,  5.39it/s, F=6, P=0, R=0, loss=1.9364]Training:  64%|██████▍   | 3826/6000 [25:52<07:04,  5.12it/s, F=6, P=0, R=0, loss=1.9364]Training:  64%|██████▍   | 3827/6000 [25:52<07:00,  5.17it/s, F=6, P=0, R=0, loss=1.9364]Training:  64%|██████▍   | 3828/6000 [25:52<07:07,  5.09it/s, F=6, P=0, R=0, loss=1.9364]Training:  64%|██████▍   | 3829/6000 [25:53<06:58,  5.19it/s, F=6, P=0, R=0, loss=1.9364]Training:  64%|██████▍   | 3830/6000 [25:53<07:01,  5.15it/s, F=6, P=0, R=0, loss=1.9364]Training:  64%|██████▍   | 3831/6000 [25:53<06:52,  5.25it/s, F=6, P=0, R=0, loss=1.9364]Training:  64%|██████▍   | 3832/6000 [25:53<06:55,  5.22it/s, F=6, P=0, R=0, loss=1.9364]Training:  64%|██████▍   | 3833/6000 [25:53<07:23,  4.88it/s, F=6, P=0, R=0, loss=1.9364]Training:  64%|██████▍   | 3834/6000 [25:54<07:20,  4.91it/s, F=6, P=0, R=0, loss=1.9364]Training:  64%|██████▍   | 3835/6000 [25:54<07:27,  4.83it/s, F=6, P=0, R=0, loss=1.9364]Training:  64%|██████▍   | 3836/6000 [25:54<07:11,  5.02it/s, F=6, P=0, R=0, loss=1.9364]Training:  64%|██████▍   | 3837/6000 [25:54<07:03,  5.11it/s, F=6, P=0, R=0, loss=1.9364]Training:  64%|██████▍   | 3838/6000 [25:54<06:50,  5.27it/s, F=6, P=0, R=0, loss=1.9364]Training:  64%|██████▍   | 3839/6000 [25:54<07:05,  5.08it/s, F=6, P=0, R=0, loss=1.9364]Training:  64%|██████▍   | 3840/6000 [25:55<06:55,  5.20it/s, F=6, P=0, R=0, loss=1.9364]Training:  64%|██████▍   | 3840/6000 [25:55<06:55,  5.20it/s, F=6, P=0, R=0, loss=1.5764]Training:  64%|██████▍   | 3841/6000 [25:55<06:46,  5.31it/s, F=6, P=0, R=0, loss=1.5764]Training:  64%|██████▍   | 3842/6000 [25:55<06:44,  5.33it/s, F=6, P=0, R=0, loss=1.5764]Training:  64%|██████▍   | 3843/6000 [25:55<06:44,  5.33it/s, F=6, P=0, R=0, loss=1.5764]Training:  64%|██████▍   | 3844/6000 [25:56<07:44,  4.64it/s, F=6, P=0, R=0, loss=1.5764]Training:  64%|██████▍   | 3845/6000 [25:56<07:20,  4.89it/s, F=6, P=0, R=0, loss=1.5764]Training:  64%|██████▍   | 3846/6000 [25:56<07:08,  5.02it/s, F=6, P=0, R=0, loss=1.5764]Training:  64%|██████▍   | 3847/6000 [25:56<06:57,  5.15it/s, F=6, P=0, R=0, loss=1.5764]Training:  64%|██████▍   | 3848/6000 [25:56<06:48,  5.27it/s, F=6, P=0, R=0, loss=1.5764]Training:  64%|██████▍   | 3849/6000 [25:56<06:55,  5.18it/s, F=6, P=0, R=0, loss=1.5764]Training:  64%|██████▍   | 3850/6000 [25:57<06:48,  5.26it/s, F=6, P=0, R=0, loss=1.5764]Training:  64%|██████▍   | 3851/6000 [25:57<06:42,  5.34it/s, F=6, P=0, R=0, loss=1.5764]Training:  64%|██████▍   | 3852/6000 [25:57<06:55,  5.17it/s, F=6, P=0, R=0, loss=1.5764]Training:  64%|██████▍   | 3853/6000 [25:57<06:48,  5.26it/s, F=6, P=0, R=0, loss=1.5764]Training:  64%|██████▍   | 3854/6000 [25:57<06:40,  5.36it/s, F=6, P=0, R=0, loss=1.5764]Training:  64%|██████▍   | 3855/6000 [25:58<06:36,  5.41it/s, F=6, P=0, R=0, loss=1.5764]Training:  64%|██████▍   | 3856/6000 [25:58<06:39,  5.37it/s, F=6, P=0, R=0, loss=1.5764]Training:  64%|██████▍   | 3857/6000 [25:58<06:34,  5.43it/s, F=6, P=0, R=0, loss=1.5764]Training:  64%|██████▍   | 3858/6000 [25:58<06:32,  5.46it/s, F=6, P=0, R=0, loss=1.5764]Training:  64%|██████▍   | 3859/6000 [25:58<06:45,  5.28it/s, F=6, P=0, R=0, loss=1.5764]Training:  64%|██████▍   | 3860/6000 [25:59<07:48,  4.57it/s, F=6, P=0, R=0, loss=1.5764]Training:  64%|██████▍   | 3860/6000 [25:59<07:48,  4.57it/s, F=6, P=0, R=0, loss=1.7022]Training:  64%|██████▍   | 3861/6000 [25:59<07:27,  4.78it/s, F=6, P=0, R=0, loss=1.7022]Training:  64%|██████▍   | 3862/6000 [25:59<07:32,  4.72it/s, F=6, P=0, R=0, loss=1.7022]Training:  64%|██████▍   | 3863/6000 [25:59<07:11,  4.95it/s, F=6, P=0, R=0, loss=1.7022]Training:  64%|██████▍   | 3864/6000 [25:59<06:54,  5.15it/s, F=6, P=0, R=0, loss=1.7022]Training:  64%|██████▍   | 3865/6000 [26:00<06:54,  5.15it/s, F=6, P=0, R=0, loss=1.7022]Training:  64%|██████▍   | 3866/6000 [26:00<06:45,  5.26it/s, F=6, P=0, R=0, loss=1.7022]Training:  64%|██████▍   | 3867/6000 [26:00<06:40,  5.33it/s, F=6, P=0, R=0, loss=1.7022]Training:  64%|██████▍   | 3868/6000 [26:00<06:49,  5.20it/s, F=6, P=0, R=0, loss=1.7022]Training:  64%|██████▍   | 3869/6000 [26:00<06:43,  5.28it/s, F=6, P=0, R=0, loss=1.7022]Training:  64%|██████▍   | 3870/6000 [26:00<06:41,  5.30it/s, F=6, P=0, R=0, loss=1.7022]Training:  65%|██████▍   | 3871/6000 [26:01<06:35,  5.38it/s, F=6, P=0, R=0, loss=1.7022]Training:  65%|██████▍   | 3872/6000 [26:01<06:46,  5.23it/s, F=6, P=0, R=0, loss=1.7022]Training:  65%|██████▍   | 3873/6000 [26:01<06:38,  5.34it/s, F=6, P=0, R=0, loss=1.7022]Training:  65%|██████▍   | 3874/6000 [26:01<06:31,  5.43it/s, F=6, P=0, R=0, loss=1.7022]Training:  65%|██████▍   | 3875/6000 [26:02<07:57,  4.45it/s, F=6, P=0, R=0, loss=1.7022]Training:  65%|██████▍   | 3876/6000 [26:02<07:26,  4.76it/s, F=6, P=0, R=0, loss=1.7022]Training:  65%|██████▍   | 3877/6000 [26:02<07:06,  4.98it/s, F=6, P=0, R=0, loss=1.7022]Training:  65%|██████▍   | 3878/6000 [26:02<07:00,  5.04it/s, F=6, P=0, R=0, loss=1.7022]Training:  65%|██████▍   | 3879/6000 [26:02<06:50,  5.16it/s, F=6, P=0, R=0, loss=1.7022]Training:  65%|██████▍   | 3880/6000 [26:02<06:44,  5.24it/s, F=6, P=0, R=0, loss=1.7022]Training:  65%|██████▍   | 3880/6000 [26:03<06:44,  5.24it/s, F=6, P=0, R=0, loss=1.9471]Training:  65%|██████▍   | 3881/6000 [26:03<06:52,  5.14it/s, F=6, P=0, R=0, loss=1.9471]Training:  65%|██████▍   | 3882/6000 [26:03<06:54,  5.11it/s, F=6, P=0, R=0, loss=1.9471]Training:  65%|██████▍   | 3883/6000 [26:03<06:44,  5.23it/s, F=6, P=0, R=0, loss=1.9471]Training:  65%|██████▍   | 3884/6000 [26:03<06:35,  5.35it/s, F=6, P=0, R=0, loss=1.9471]Training:  65%|██████▍   | 3885/6000 [26:03<06:45,  5.21it/s, F=6, P=0, R=0, loss=1.9471]Training:  65%|██████▍   | 3886/6000 [26:04<06:51,  5.14it/s, F=6, P=0, R=0, loss=1.9471]Training:  65%|██████▍   | 3887/6000 [26:04<06:52,  5.12it/s, F=6, P=0, R=0, loss=1.9471]Training:  65%|██████▍   | 3888/6000 [26:04<06:41,  5.26it/s, F=6, P=0, R=0, loss=1.9471]Training:  65%|██████▍   | 3889/6000 [26:04<06:35,  5.33it/s, F=6, P=0, R=0, loss=1.9471]Training:  65%|██████▍   | 3890/6000 [26:04<06:47,  5.17it/s, F=6, P=0, R=0, loss=1.9471]Training:  65%|██████▍   | 3891/6000 [26:05<06:43,  5.22it/s, F=6, P=0, R=0, loss=1.9471]Training:  65%|██████▍   | 3892/6000 [26:05<06:41,  5.25it/s, F=6, P=0, R=0, loss=1.9471]Training:  65%|██████▍   | 3893/6000 [26:05<06:35,  5.32it/s, F=6, P=0, R=0, loss=1.9471]Training:  65%|██████▍   | 3894/6000 [26:05<06:32,  5.36it/s, F=6, P=0, R=0, loss=1.9471]Training:  65%|██████▍   | 3895/6000 [26:05<07:50,  4.48it/s, F=6, P=0, R=0, loss=1.9471]Training:  65%|██████▍   | 3896/6000 [26:06<07:22,  4.75it/s, F=6, P=0, R=0, loss=1.9471]Training:  65%|██████▍   | 3897/6000 [26:06<07:18,  4.80it/s, F=6, P=0, R=0, loss=1.9471]Training:  65%|██████▍   | 3898/6000 [26:06<06:59,  5.01it/s, F=6, P=0, R=0, loss=1.9471]Training:  65%|██████▍   | 3899/6000 [26:06<06:45,  5.19it/s, F=6, P=0, R=0, loss=1.9471]Training:  65%|██████▌   | 3900/6000 [26:06<06:44,  5.20it/s, F=6, P=0, R=0, loss=1.9471]Training:  65%|██████▌   | 3900/6000 [26:07<06:44,  5.20it/s, F=6, P=0, R=0, loss=1.8592]Training:  65%|██████▌   | 3901/6000 [26:07<06:46,  5.16it/s, F=6, P=0, R=0, loss=1.8592]Training:  65%|██████▌   | 3902/6000 [26:07<06:40,  5.23it/s, F=6, P=0, R=0, loss=1.8592]Training:  65%|██████▌   | 3903/6000 [26:07<06:35,  5.30it/s, F=6, P=0, R=0, loss=1.8592]Training:  65%|██████▌   | 3904/6000 [26:07<06:41,  5.23it/s, F=6, P=0, R=0, loss=1.8592]Training:  65%|██████▌   | 3905/6000 [26:07<06:50,  5.11it/s, F=6, P=0, R=0, loss=1.8592]Training:  65%|██████▌   | 3906/6000 [26:08<06:41,  5.21it/s, F=6, P=0, R=0, loss=1.8592]Training:  65%|██████▌   | 3907/6000 [26:08<06:34,  5.31it/s, F=6, P=0, R=0, loss=1.8592]Training:  65%|██████▌   | 3908/6000 [26:08<06:42,  5.20it/s, F=6, P=0, R=0, loss=1.8592]Training:  65%|██████▌   | 3909/6000 [26:08<06:33,  5.31it/s, F=6, P=0, R=0, loss=1.8592]Training:  65%|██████▌   | 3910/6000 [26:08<08:07,  4.28it/s, F=6, P=0, R=0, loss=1.8592]Training:  65%|██████▌   | 3911/6000 [26:09<07:34,  4.59it/s, F=6, P=0, R=0, loss=1.8592]Training:  65%|██████▌   | 3912/6000 [26:09<07:20,  4.74it/s, F=6, P=0, R=0, loss=1.8592]Training:  65%|██████▌   | 3913/6000 [26:09<07:24,  4.70it/s, F=6, P=0, R=0, loss=1.8592]Training:  65%|██████▌   | 3914/6000 [26:09<07:03,  4.93it/s, F=6, P=0, R=0, loss=1.8592]Training:  65%|██████▌   | 3915/6000 [26:09<06:54,  5.03it/s, F=6, P=0, R=0, loss=1.8592]Training:  65%|██████▌   | 3916/6000 [26:10<06:55,  5.02it/s, F=6, P=0, R=0, loss=1.8592]Training:  65%|██████▌   | 3917/6000 [26:10<06:54,  5.02it/s, F=6, P=0, R=0, loss=1.8592]Training:  65%|██████▌   | 3918/6000 [26:10<06:45,  5.13it/s, F=6, P=0, R=0, loss=1.8592]Training:  65%|██████▌   | 3919/6000 [26:10<06:41,  5.18it/s, F=6, P=0, R=0, loss=1.8592]Training:  65%|██████▌   | 3920/6000 [26:10<06:51,  5.05it/s, F=6, P=0, R=0, loss=1.8592]Training:  65%|██████▌   | 3920/6000 [26:11<06:51,  5.05it/s, F=6, P=0, R=0, loss=1.5086]Training:  65%|██████▌   | 3921/6000 [26:11<06:45,  5.12it/s, F=6, P=0, R=0, loss=1.5086]Training:  65%|██████▌   | 3922/6000 [26:11<06:45,  5.13it/s, F=6, P=0, R=0, loss=1.5086]Training:  65%|██████▌   | 3923/6000 [26:11<06:39,  5.20it/s, F=6, P=0, R=0, loss=1.5086]Training:  65%|██████▌   | 3924/6000 [26:11<06:39,  5.20it/s, F=6, P=0, R=0, loss=1.5086]Training:  65%|██████▌   | 3925/6000 [26:11<07:18,  4.73it/s, F=6, P=0, R=0, loss=1.5086]Training:  65%|██████▌   | 3926/6000 [26:12<07:32,  4.58it/s, F=6, P=0, R=0, loss=1.5086]Training:  65%|██████▌   | 3927/6000 [26:12<07:36,  4.54it/s, F=6, P=0, R=0, loss=1.5086]Training:  65%|██████▌   | 3928/6000 [26:12<07:10,  4.81it/s, F=6, P=0, R=0, loss=1.5086]Training:  65%|██████▌   | 3929/6000 [26:12<06:53,  5.01it/s, F=6, P=0, R=0, loss=1.5086]Training:  66%|██████▌   | 3930/6000 [26:12<07:01,  4.91it/s, F=6, P=0, R=0, loss=1.5086]Training:  66%|██████▌   | 3931/6000 [26:13<06:51,  5.03it/s, F=6, P=0, R=0, loss=1.5086]Training:  66%|██████▌   | 3932/6000 [26:13<06:47,  5.08it/s, F=6, P=0, R=0, loss=1.5086]Training:  66%|██████▌   | 3933/6000 [26:13<06:35,  5.23it/s, F=6, P=0, R=0, loss=1.5086]Training:  66%|██████▌   | 3934/6000 [26:13<06:27,  5.33it/s, F=6, P=0, R=0, loss=1.5086]Training:  66%|██████▌   | 3935/6000 [26:13<07:28,  4.61it/s, F=6, P=0, R=0, loss=1.5086]Training:  66%|██████▌   | 3936/6000 [26:14<07:06,  4.84it/s, F=6, P=0, R=0, loss=1.5086]Training:  66%|██████▌   | 3937/6000 [26:14<06:55,  4.96it/s, F=6, P=0, R=0, loss=1.5086]Training:  66%|██████▌   | 3938/6000 [26:14<07:02,  4.88it/s, F=6, P=0, R=0, loss=1.5086]Training:  66%|██████▌   | 3939/6000 [26:14<07:21,  4.67it/s, F=6, P=0, R=0, loss=1.5086]Training:  66%|██████▌   | 3940/6000 [26:14<07:11,  4.78it/s, F=6, P=0, R=0, loss=1.5086]Training:  66%|██████▌   | 3940/6000 [26:15<07:11,  4.78it/s, F=6, P=0, R=0, loss=1.6331]Training:  66%|██████▌   | 3941/6000 [26:15<06:59,  4.91it/s, F=6, P=0, R=0, loss=1.6331]Training:  66%|██████▌   | 3942/6000 [26:15<06:52,  4.99it/s, F=6, P=0, R=0, loss=1.6331]Training:  66%|██████▌   | 3943/6000 [26:15<06:52,  4.99it/s, F=6, P=0, R=0, loss=1.6331]Training:  66%|██████▌   | 3944/6000 [26:15<06:42,  5.11it/s, F=6, P=0, R=0, loss=1.6331]Training:  66%|██████▌   | 3945/6000 [26:15<07:01,  4.88it/s, F=6, P=0, R=0, loss=1.6331]Training:  66%|██████▌   | 3946/6000 [26:16<07:29,  4.57it/s, F=6, P=0, R=0, loss=1.6331]Training:  66%|██████▌   | 3947/6000 [26:16<07:34,  4.52it/s, F=6, P=0, R=0, loss=1.6331]Training:  66%|██████▌   | 3948/6000 [26:16<07:35,  4.50it/s, F=6, P=0, R=0, loss=1.6331]Training:  66%|██████▌   | 3949/6000 [26:16<07:53,  4.33it/s, F=6, P=0, R=0, loss=1.6331]Training:  66%|██████▌   | 3950/6000 [26:17<07:49,  4.37it/s, F=6, P=0, R=0, loss=1.6331]Training:  66%|██████▌   | 3951/6000 [26:17<07:41,  4.44it/s, F=6, P=0, R=0, loss=1.6331]Training:  66%|██████▌   | 3952/6000 [26:17<07:36,  4.49it/s, F=6, P=0, R=0, loss=1.6331]Training:  66%|██████▌   | 3953/6000 [26:17<07:07,  4.78it/s, F=6, P=0, R=0, loss=1.6331]Training:  66%|██████▌   | 3954/6000 [26:17<06:52,  4.95it/s, F=6, P=0, R=0, loss=1.6331]Training:  66%|██████▌   | 3955/6000 [26:18<06:48,  5.00it/s, F=6, P=0, R=0, loss=1.6331]Training:  66%|██████▌   | 3956/6000 [26:18<06:58,  4.89it/s, F=6, P=0, R=0, loss=1.6331]Training:  66%|██████▌   | 3957/6000 [26:18<07:38,  4.46it/s, F=6, P=0, R=0, loss=1.6331]Training:  66%|██████▌   | 3958/6000 [26:19<16:34,  2.05it/s, F=6, P=0, R=0, loss=1.6331]Training:  66%|██████▌   | 3959/6000 [26:21<25:25,  1.34it/s, F=6, P=0, R=0, loss=1.6331]Training:  66%|██████▌   | 3960/6000 [26:22<30:06,  1.13it/s, F=6, P=0, R=0, loss=1.6331]Training:  66%|██████▌   | 3960/6000 [26:23<30:06,  1.13it/s, F=6, P=0, R=0, loss=1.8756]Training:  66%|██████▌   | 3961/6000 [26:23<35:56,  1.06s/it, F=6, P=0, R=0, loss=1.8756]Training:  66%|██████▌   | 3962/6000 [26:25<44:18,  1.30s/it, F=6, P=0, R=0, loss=1.8756]Training:  66%|██████▌   | 3963/6000 [26:26<44:03,  1.30s/it, F=6, P=0, R=0, loss=1.8756]Training:  66%|██████▌   | 3964/6000 [26:28<47:52,  1.41s/it, F=6, P=0, R=0, loss=1.8756]Training:  66%|██████▌   | 3965/6000 [26:30<50:17,  1.48s/it, F=6, P=0, R=0, loss=1.8756]Training:  66%|██████▌   | 3966/6000 [26:31<51:44,  1.53s/it, F=6, P=0, R=0, loss=1.8756]Training:  66%|██████▌   | 3967/6000 [26:33<51:59,  1.53s/it, F=6, P=0, R=0, loss=1.8756]Training:  66%|██████▌   | 3968/6000 [26:35<53:48,  1.59s/it, F=6, P=0, R=0, loss=1.8756]Training:  66%|██████▌   | 3969/6000 [26:36<55:44,  1.65s/it, F=6, P=0, R=0, loss=1.8756]Training:  66%|██████▌   | 3970/6000 [26:38<1:00:10,  1.78s/it, F=6, P=0, R=0, loss=1.8756]Training:  66%|██████▌   | 3971/6000 [26:40<56:59,  1.69s/it, F=6, P=0, R=0, loss=1.8756]  Training:  66%|██████▌   | 3972/6000 [26:42<57:54,  1.71s/it, F=6, P=0, R=0, loss=1.8756]Training:  66%|██████▌   | 3973/6000 [26:43<54:38,  1.62s/it, F=6, P=0, R=0, loss=1.8756]Training:  66%|██████▌   | 3974/6000 [26:45<55:39,  1.65s/it, F=6, P=0, R=0, loss=1.8756]Training:  66%|██████▋   | 3975/6000 [26:47<59:19,  1.76s/it, F=6, P=0, R=0, loss=1.8756]Training:  66%|██████▋   | 3976/6000 [26:49<58:26,  1.73s/it, F=6, P=0, R=0, loss=1.8756]Training:  66%|██████▋   | 3977/6000 [26:50<57:10,  1.70s/it, F=6, P=0, R=0, loss=1.8756]Training:  66%|██████▋   | 3978/6000 [26:52<53:58,  1.60s/it, F=6, P=0, R=0, loss=1.8756]Training:  66%|██████▋   | 3979/6000 [26:53<52:02,  1.55s/it, F=6, P=0, R=0, loss=1.8756]Training:  66%|██████▋   | 3980/6000 [26:54<50:44,  1.51s/it, F=6, P=0, R=0, loss=1.8756]Training:  66%|██████▋   | 3980/6000 [26:56<50:44,  1.51s/it, F=6, P=0, R=0, loss=1.8088]Training:  66%|██████▋   | 3981/6000 [26:56<48:56,  1.45s/it, F=6, P=0, R=0, loss=1.8088]Training:  66%|██████▋   | 3982/6000 [26:58<53:13,  1.58s/it, F=6, P=0, R=0, loss=1.8088]Training:  66%|██████▋   | 3983/6000 [26:59<53:37,  1.60s/it, F=6, P=0, R=0, loss=1.8088]Training:  66%|██████▋   | 3984/6000 [27:00<49:02,  1.46s/it, F=6, P=0, R=0, loss=1.8088]Training:  66%|██████▋   | 3985/6000 [27:02<55:26,  1.65s/it, F=6, P=0, R=0, loss=1.8088]Training:  66%|██████▋   | 3986/6000 [27:04<54:52,  1.63s/it, F=6, P=0, R=0, loss=1.8088]Training:  66%|██████▋   | 3987/6000 [27:04<42:07,  1.26s/it, F=6, P=0, R=0, loss=1.8088]Training:  66%|██████▋   | 3988/6000 [27:06<44:55,  1.34s/it, F=6, P=0, R=0, loss=1.8088]Training:  66%|██████▋   | 3989/6000 [27:08<48:11,  1.44s/it, F=6, P=0, R=0, loss=1.8088]Training:  66%|██████▋   | 3990/6000 [27:08<36:51,  1.10s/it, F=6, P=0, R=0, loss=1.8088]Training:  67%|██████▋   | 3991/6000 [27:09<38:55,  1.16s/it, F=6, P=0, R=0, loss=1.8088]Training:  67%|██████▋   | 3992/6000 [27:11<45:00,  1.34s/it, F=6, P=0, R=0, loss=1.8088]Training:  67%|██████▋   | 3993/6000 [27:13<48:38,  1.45s/it, F=6, P=0, R=0, loss=1.8088]Training:  67%|██████▋   | 3994/6000 [27:14<49:12,  1.47s/it, F=6, P=0, R=0, loss=1.8088]Training:  67%|██████▋   | 3995/6000 [27:16<48:37,  1.45s/it, F=6, P=0, R=0, loss=1.8088]Training:  67%|██████▋   | 3996/6000 [27:17<45:27,  1.36s/it, F=6, P=0, R=0, loss=1.8088]Training:  67%|██████▋   | 3997/6000 [27:18<47:21,  1.42s/it, F=6, P=0, R=0, loss=1.8088]Training:  67%|██████▋   | 3998/6000 [27:19<42:49,  1.28s/it, F=6, P=0, R=0, loss=1.8088]Training:  67%|██████▋   | 3999/6000 [27:21<44:56,  1.35s/it, F=6, P=0, R=0, loss=1.8088]Training:  67%|██████▋   | 4000/6000 [27:22<46:54,  1.41s/it, F=6, P=0, R=0, loss=1.8088]Training:  67%|██████▋   | 4000/6000 [27:24<46:54,  1.41s/it, F=6, P=0, R=0, loss=1.4643][2026-09-19 12:01:22,253][hivemind.checkpoint][INFO] - checkpoint saved: runs/baselines_small_v1_live/trihope-seed1337/checkpoints/step_00004000
Training:  67%|██████▋   | 4001/6000 [27:30<1:54:09,  3.43s/it, val_loss=1.330]          Training:  67%|██████▋   | 4002/6000 [27:32<1:37:50,  2.94s/it, val_loss=1.330]Training:  67%|██████▋   | 4003/6000 [27:34<1:22:12,  2.47s/it, val_loss=1.330]Training:  67%|██████▋   | 4004/6000 [27:35<1:13:30,  2.21s/it, val_loss=1.330]Training:  67%|██████▋   | 4005/6000 [27:37<1:08:51,  2.07s/it, val_loss=1.330]Training:  67%|██████▋   | 4006/6000 [27:38<57:13,  1.72s/it, val_loss=1.330]  Training:  67%|██████▋   | 4007/6000 [27:39<49:19,  1.48s/it, val_loss=1.330]Training:  67%|██████▋   | 4008/6000 [27:40<49:53,  1.50s/it, val_loss=1.330]Training:  67%|██████▋   | 4009/6000 [27:42<50:53,  1.53s/it, val_loss=1.330]Training:  67%|██████▋   | 4010/6000 [27:43<48:53,  1.47s/it, val_loss=1.330]Training:  67%|██████▋   | 4011/6000 [27:44<43:14,  1.30s/it, val_loss=1.330]Training:  67%|██████▋   | 4012/6000 [27:46<46:14,  1.40s/it, val_loss=1.330]Training:  67%|██████▋   | 4013/6000 [27:47<47:03,  1.42s/it, val_loss=1.330]Training:  67%|██████▋   | 4014/6000 [27:48<44:20,  1.34s/it, val_loss=1.330]Training:  67%|██████▋   | 4015/6000 [27:50<47:45,  1.44s/it, val_loss=1.330]Training:  67%|██████▋   | 4016/6000 [27:52<50:15,  1.52s/it, val_loss=1.330]Training:  67%|██████▋   | 4017/6000 [27:53<47:52,  1.45s/it, val_loss=1.330]Training:  67%|██████▋   | 4018/6000 [27:53<35:28,  1.07s/it, val_loss=1.330]Training:  67%|██████▋   | 4019/6000 [27:54<26:43,  1.24it/s, val_loss=1.330]Training:  67%|██████▋   | 4020/6000 [27:54<20:35,  1.60it/s, val_loss=1.330]Training:  67%|██████▋   | 4020/6000 [27:54<20:35,  1.60it/s, F=6, P=0, R=0, loss=1.5880]Training:  67%|██████▋   | 4021/6000 [27:54<16:29,  2.00it/s, F=6, P=0, R=0, loss=1.5880]Training:  67%|██████▋   | 4022/6000 [27:54<13:27,  2.45it/s, F=6, P=0, R=0, loss=1.5880]Training:  67%|██████▋   | 4023/6000 [27:54<11:10,  2.95it/s, F=6, P=0, R=0, loss=1.5880]Training:  67%|██████▋   | 4024/6000 [27:54<09:47,  3.36it/s, F=6, P=0, R=0, loss=1.5880]Training:  67%|██████▋   | 4025/6000 [27:55<08:41,  3.79it/s, F=6, P=0, R=0, loss=1.5880]Training:  67%|██████▋   | 4026/6000 [27:55<07:53,  4.17it/s, F=6, P=0, R=0, loss=1.5880]Training:  67%|██████▋   | 4027/6000 [27:55<07:33,  4.35it/s, F=6, P=0, R=0, loss=1.5880]Training:  67%|██████▋   | 4028/6000 [27:55<07:09,  4.59it/s, F=6, P=0, R=0, loss=1.5880]Training:  67%|██████▋   | 4029/6000 [27:55<06:47,  4.84it/s, F=6, P=0, R=0, loss=1.5880]Training:  67%|██████▋   | 4030/6000 [27:56<07:45,  4.23it/s, F=6, P=0, R=0, loss=1.5880]Training:  67%|██████▋   | 4031/6000 [27:56<07:15,  4.52it/s, F=6, P=0, R=0, loss=1.5880]Training:  67%|██████▋   | 4032/6000 [27:56<06:58,  4.71it/s, F=6, P=0, R=0, loss=1.5880]Training:  67%|██████▋   | 4033/6000 [27:56<06:36,  4.96it/s, F=6, P=0, R=0, loss=1.5880]Training:  67%|██████▋   | 4034/6000 [27:57<06:36,  4.96it/s, F=6, P=0, R=0, loss=1.5880]Training:  67%|██████▋   | 4035/6000 [27:57<06:36,  4.96it/s, F=6, P=0, R=0, loss=1.5880]Training:  67%|██████▋   | 4036/6000 [27:57<06:22,  5.13it/s, F=6, P=0, R=0, loss=1.5880]Training:  67%|██████▋   | 4037/6000 [27:57<06:13,  5.26it/s, F=6, P=0, R=0, loss=1.5880]Training:  67%|██████▋   | 4038/6000 [27:57<06:20,  5.15it/s, F=6, P=0, R=0, loss=1.5880]Training:  67%|██████▋   | 4039/6000 [27:57<06:16,  5.21it/s, F=6, P=0, R=0, loss=1.5880]Training:  67%|██████▋   | 4040/6000 [27:58<06:14,  5.24it/s, F=6, P=0, R=0, loss=1.5880]Training:  67%|██████▋   | 4040/6000 [27:58<06:14,  5.24it/s, F=6, P=0, R=0, loss=1.8233]Training:  67%|██████▋   | 4041/6000 [27:58<06:08,  5.31it/s, F=6, P=0, R=0, loss=1.8233]Training:  67%|██████▋   | 4042/6000 [27:58<06:39,  4.90it/s, F=6, P=0, R=0, loss=1.8233]Training:  67%|██████▋   | 4043/6000 [27:58<06:30,  5.01it/s, F=6, P=0, R=0, loss=1.8233]Training:  67%|██████▋   | 4044/6000 [27:58<06:16,  5.20it/s, F=6, P=0, R=0, loss=1.8233]Training:  67%|██████▋   | 4045/6000 [27:59<06:23,  5.09it/s, F=6, P=0, R=0, loss=1.8233]Training:  67%|██████▋   | 4046/6000 [27:59<06:14,  5.22it/s, F=6, P=0, R=0, loss=1.8233]Training:  67%|██████▋   | 4047/6000 [27:59<06:08,  5.30it/s, F=6, P=0, R=0, loss=1.8233]Training:  67%|██████▋   | 4048/6000 [27:59<06:01,  5.40it/s, F=6, P=0, R=0, loss=1.8233]Training:  67%|██████▋   | 4049/6000 [27:59<06:05,  5.34it/s, F=6, P=0, R=0, loss=1.8233]Training:  68%|██████▊   | 4050/6000 [28:00<05:58,  5.43it/s, F=6, P=0, R=0, loss=1.8233]Training:  68%|██████▊   | 4051/6000 [28:00<06:01,  5.39it/s, F=6, P=0, R=0, loss=1.8233]Training:  68%|██████▊   | 4052/6000 [28:00<06:13,  5.21it/s, F=6, P=0, R=0, loss=1.8233]Training:  68%|██████▊   | 4053/6000 [28:00<06:09,  5.27it/s, F=6, P=0, R=0, loss=1.8233]Training:  68%|██████▊   | 4054/6000 [28:00<06:01,  5.38it/s, F=6, P=0, R=0, loss=1.8233]Training:  68%|██████▊   | 4055/6000 [28:01<07:18,  4.43it/s, F=6, P=0, R=0, loss=1.8233]Training:  68%|██████▊   | 4056/6000 [28:01<06:54,  4.69it/s, F=6, P=0, R=0, loss=1.8233]Training:  68%|██████▊   | 4057/6000 [28:01<06:36,  4.91it/s, F=6, P=0, R=0, loss=1.8233]Training:  68%|██████▊   | 4058/6000 [28:01<06:21,  5.09it/s, F=6, P=0, R=0, loss=1.8233]Training:  68%|██████▊   | 4059/6000 [28:01<06:22,  5.08it/s, F=6, P=0, R=0, loss=1.8233]Training:  68%|██████▊   | 4060/6000 [28:02<07:24,  4.37it/s, F=6, P=0, R=0, loss=1.8233]Training:  68%|██████▊   | 4060/6000 [28:02<07:24,  4.37it/s, F=6, P=0, R=0, loss=1.7701]Training:  68%|██████▊   | 4061/6000 [28:02<07:00,  4.61it/s, F=6, P=0, R=0, loss=1.7701]Training:  68%|██████▊   | 4062/6000 [28:02<06:49,  4.73it/s, F=6, P=0, R=0, loss=1.7701]Training:  68%|██████▊   | 4063/6000 [28:02<06:31,  4.94it/s, F=6, P=0, R=0, loss=1.7701]Training:  68%|██████▊   | 4064/6000 [28:02<06:15,  5.16it/s, F=6, P=0, R=0, loss=1.7701]Training:  68%|██████▊   | 4065/6000 [28:03<06:19,  5.10it/s, F=6, P=0, R=0, loss=1.7701]Training:  68%|██████▊   | 4066/6000 [28:03<06:12,  5.19it/s, F=6, P=0, R=0, loss=1.7701]Training:  68%|██████▊   | 4067/6000 [28:03<06:06,  5.28it/s, F=6, P=0, R=0, loss=1.7701]Training:  68%|██████▊   | 4068/6000 [28:03<06:11,  5.20it/s, F=6, P=0, R=0, loss=1.7701]Training:  68%|██████▊   | 4069/6000 [28:03<06:06,  5.27it/s, F=6, P=0, R=0, loss=1.7701]Training:  68%|██████▊   | 4070/6000 [28:04<05:58,  5.38it/s, F=6, P=0, R=0, loss=1.7701]Training:  68%|██████▊   | 4071/6000 [28:04<05:55,  5.43it/s, F=6, P=0, R=0, loss=1.7701]Training:  68%|██████▊   | 4072/6000 [28:04<06:12,  5.18it/s, F=6, P=0, R=0, loss=1.7701]Training:  68%|██████▊   | 4073/6000 [28:04<06:12,  5.18it/s, F=6, P=0, R=0, loss=1.7701]Training:  68%|██████▊   | 4074/6000 [28:04<06:03,  5.30it/s, F=6, P=0, R=0, loss=1.7701]Training:  68%|██████▊   | 4075/6000 [28:05<06:10,  5.20it/s, F=6, P=0, R=0, loss=1.7701]Training:  68%|██████▊   | 4076/6000 [28:05<06:04,  5.28it/s, F=6, P=0, R=0, loss=1.7701]Training:  68%|██████▊   | 4077/6000 [28:05<06:05,  5.26it/s, F=6, P=0, R=0, loss=1.7701]Training:  68%|██████▊   | 4078/6000 [28:05<05:57,  5.38it/s, F=6, P=0, R=0, loss=1.7701]Training:  68%|██████▊   | 4079/6000 [28:05<06:01,  5.31it/s, F=6, P=0, R=0, loss=1.7701]Training:  68%|██████▊   | 4080/6000 [28:06<07:08,  4.48it/s, F=6, P=0, R=0, loss=1.7701]Training:  68%|██████▊   | 4080/6000 [28:06<07:08,  4.48it/s, F=6, P=0, R=0, loss=1.4307]Training:  68%|██████▊   | 4081/6000 [28:06<06:41,  4.78it/s, F=6, P=0, R=0, loss=1.4307]Training:  68%|██████▊   | 4082/6000 [28:06<06:28,  4.94it/s, F=6, P=0, R=0, loss=1.4307]Training:  68%|██████▊   | 4083/6000 [28:06<06:22,  5.01it/s, F=6, P=0, R=0, loss=1.4307]Training:  68%|██████▊   | 4084/6000 [28:06<06:09,  5.18it/s, F=6, P=0, R=0, loss=1.4307]Training:  68%|██████▊   | 4085/6000 [28:06<06:03,  5.27it/s, F=6, P=0, R=0, loss=1.4307]Training:  68%|██████▊   | 4086/6000 [28:07<06:09,  5.19it/s, F=6, P=0, R=0, loss=1.4307]Training:  68%|██████▊   | 4087/6000 [28:07<06:04,  5.25it/s, F=6, P=0, R=0, loss=1.4307]Training:  68%|██████▊   | 4088/6000 [28:07<05:59,  5.32it/s, F=6, P=0, R=0, loss=1.4307]Training:  68%|██████▊   | 4089/6000 [28:07<05:56,  5.37it/s, F=6, P=0, R=0, loss=1.4307]Training:  68%|██████▊   | 4090/6000 [28:07<06:02,  5.27it/s, F=6, P=0, R=0, loss=1.4307]Training:  68%|██████▊   | 4091/6000 [28:08<05:58,  5.32it/s, F=6, P=0, R=0, loss=1.4307]Training:  68%|██████▊   | 4092/6000 [28:08<05:59,  5.30it/s, F=6, P=0, R=0, loss=1.4307]Training:  68%|██████▊   | 4093/6000 [28:08<06:08,  5.18it/s, F=6, P=0, R=0, loss=1.4307]Training:  68%|██████▊   | 4094/6000 [28:08<06:01,  5.27it/s, F=6, P=0, R=0, loss=1.4307]Training:  68%|██████▊   | 4095/6000 [28:08<06:01,  5.27it/s, F=6, P=0, R=0, loss=1.4307]Training:  68%|██████▊   | 4096/6000 [28:09<05:57,  5.32it/s, F=6, P=0, R=0, loss=1.4307]Training:  68%|██████▊   | 4097/6000 [28:09<05:57,  5.32it/s, F=6, P=0, R=0, loss=1.4307]Training:  68%|██████▊   | 4098/6000 [28:09<05:56,  5.33it/s, F=6, P=0, R=0, loss=1.4307]Training:  68%|██████▊   | 4099/6000 [28:09<05:54,  5.36it/s, F=6, P=0, R=0, loss=1.4307]Training:  68%|██████▊   | 4100/6000 [28:09<07:03,  4.49it/s, F=6, P=0, R=0, loss=1.4307]Training:  68%|██████▊   | 4100/6000 [28:10<07:03,  4.49it/s, F=6, P=0, R=0, loss=1.5523]Training:  68%|██████▊   | 4101/6000 [28:10<06:45,  4.69it/s, F=6, P=0, R=0, loss=1.5523]Training:  68%|██████▊   | 4102/6000 [28:10<06:33,  4.82it/s, F=6, P=0, R=0, loss=1.5523]Training:  68%|██████▊   | 4103/6000 [28:10<06:21,  4.98it/s, F=6, P=0, R=0, loss=1.5523]Training:  68%|██████▊   | 4104/6000 [28:10<06:09,  5.13it/s, F=6, P=0, R=0, loss=1.5523]Training:  68%|██████▊   | 4105/6000 [28:10<06:03,  5.22it/s, F=6, P=0, R=0, loss=1.5523]Training:  68%|██████▊   | 4106/6000 [28:11<06:06,  5.17it/s, F=6, P=0, R=0, loss=1.5523]Training:  68%|██████▊   | 4107/6000 [28:11<05:59,  5.26it/s, F=6, P=0, R=0, loss=1.5523]Training:  68%|██████▊   | 4108/6000 [28:11<05:56,  5.31it/s, F=6, P=0, R=0, loss=1.5523]Training:  68%|██████▊   | 4109/6000 [28:11<05:52,  5.37it/s, F=6, P=0, R=0, loss=1.5523]Training:  68%|██████▊   | 4110/6000 [28:11<05:59,  5.26it/s, F=6, P=0, R=0, loss=1.5523]Training:  69%|██████▊   | 4111/6000 [28:11<05:54,  5.32it/s, F=6, P=0, R=0, loss=1.5523]Training:  69%|██████▊   | 4112/6000 [28:12<05:59,  5.25it/s, F=6, P=0, R=0, loss=1.5523]Training:  69%|██████▊   | 4113/6000 [28:12<06:03,  5.19it/s, F=6, P=0, R=0, loss=1.5523]Training:  69%|██████▊   | 4114/6000 [28:12<06:00,  5.23it/s, F=6, P=0, R=0, loss=1.5523]Training:  69%|██████▊   | 4115/6000 [28:12<06:58,  4.51it/s, F=6, P=0, R=0, loss=1.5523]Training:  69%|██████▊   | 4116/6000 [28:13<06:45,  4.64it/s, F=6, P=0, R=0, loss=1.5523]Training:  69%|██████▊   | 4117/6000 [28:13<06:26,  4.87it/s, F=6, P=0, R=0, loss=1.5523]Training:  69%|██████▊   | 4118/6000 [28:13<06:14,  5.03it/s, F=6, P=0, R=0, loss=1.5523]Training:  69%|██████▊   | 4119/6000 [28:13<06:20,  4.95it/s, F=6, P=0, R=0, loss=1.5523]Training:  69%|██████▊   | 4120/6000 [28:13<06:21,  4.93it/s, F=6, P=0, R=0, loss=1.5523]Training:  69%|██████▊   | 4120/6000 [28:14<06:21,  4.93it/s, F=6, P=0, R=0, loss=1.7788]Training:  69%|██████▊   | 4121/6000 [28:14<06:09,  5.08it/s, F=6, P=0, R=0, loss=1.7788]Training:  69%|██████▊   | 4122/6000 [28:14<06:09,  5.08it/s, F=6, P=0, R=0, loss=1.7788]Training:  69%|██████▊   | 4123/6000 [28:14<06:11,  5.06it/s, F=6, P=0, R=0, loss=1.7788]Training:  69%|██████▊   | 4124/6000 [28:14<05:59,  5.22it/s, F=6, P=0, R=0, loss=1.7788]Training:  69%|██████▉   | 4125/6000 [28:14<06:01,  5.18it/s, F=6, P=0, R=0, loss=1.7788]Training:  69%|██████▉   | 4126/6000 [28:14<05:55,  5.28it/s, F=6, P=0, R=0, loss=1.7788]Training:  69%|██████▉   | 4127/6000 [28:15<06:00,  5.19it/s, F=6, P=0, R=0, loss=1.7788]Training:  69%|██████▉   | 4128/6000 [28:15<05:51,  5.32it/s, F=6, P=0, R=0, loss=1.7788]Training:  69%|██████▉   | 4129/6000 [28:15<05:48,  5.37it/s, F=6, P=0, R=0, loss=1.7788]Training:  69%|██████▉   | 4130/6000 [28:15<05:56,  5.25it/s, F=6, P=0, R=0, loss=1.7788]Training:  69%|██████▉   | 4131/6000 [28:15<05:55,  5.26it/s, F=6, P=0, R=0, loss=1.7788]Training:  69%|██████▉   | 4132/6000 [28:16<05:54,  5.27it/s, F=6, P=0, R=0, loss=1.7788]Training:  69%|██████▉   | 4133/6000 [28:16<06:02,  5.14it/s, F=6, P=0, R=0, loss=1.7788]Training:  69%|██████▉   | 4134/6000 [28:16<05:54,  5.26it/s, F=6, P=0, R=0, loss=1.7788]Training:  69%|██████▉   | 4135/6000 [28:16<06:08,  5.06it/s, F=6, P=0, R=0, loss=1.7788]Training:  69%|██████▉   | 4136/6000 [28:16<06:15,  4.96it/s, F=6, P=0, R=0, loss=1.7788]Training:  69%|██████▉   | 4137/6000 [28:17<06:07,  5.07it/s, F=6, P=0, R=0, loss=1.7788]Training:  69%|██████▉   | 4138/6000 [28:17<05:58,  5.19it/s, F=6, P=0, R=0, loss=1.7788]Training:  69%|██████▉   | 4139/6000 [28:17<06:00,  5.16it/s, F=6, P=0, R=0, loss=1.7788]Training:  69%|██████▉   | 4140/6000 [28:17<06:10,  5.01it/s, F=6, P=0, R=0, loss=1.7788]Training:  69%|██████▉   | 4140/6000 [28:17<06:10,  5.01it/s, F=6, P=0, R=0, loss=1.7397]Training:  69%|██████▉   | 4141/6000 [28:17<06:16,  4.94it/s, F=6, P=0, R=0, loss=1.7397]Training:  69%|██████▉   | 4142/6000 [28:18<06:16,  4.93it/s, F=6, P=0, R=0, loss=1.7397]Training:  69%|██████▉   | 4143/6000 [28:18<06:29,  4.77it/s, F=6, P=0, R=0, loss=1.7397]Training:  69%|██████▉   | 4144/6000 [28:18<06:19,  4.89it/s, F=6, P=0, R=0, loss=1.7397]Training:  69%|██████▉   | 4145/6000 [28:18<06:08,  5.03it/s, F=6, P=0, R=0, loss=1.7397]Training:  69%|██████▉   | 4146/6000 [28:18<06:11,  4.99it/s, F=6, P=0, R=0, loss=1.7397]Training:  69%|██████▉   | 4147/6000 [28:19<06:01,  5.13it/s, F=6, P=0, R=0, loss=1.7397]Training:  69%|██████▉   | 4148/6000 [28:19<05:52,  5.26it/s, F=6, P=0, R=0, loss=1.7397]Training:  69%|██████▉   | 4149/6000 [28:19<06:14,  4.94it/s, F=6, P=0, R=0, loss=1.7397]Training:  69%|██████▉   | 4150/6000 [28:19<06:48,  4.53it/s, F=6, P=0, R=0, loss=1.7397]Training:  69%|██████▉   | 4151/6000 [28:20<11:28,  2.68it/s, F=6, P=0, R=0, loss=1.7397]Training:  69%|██████▉   | 4152/6000 [28:21<12:48,  2.40it/s, F=6, P=0, R=0, loss=1.7397]Training:  69%|██████▉   | 4153/6000 [28:21<13:12,  2.33it/s, F=6, P=0, R=0, loss=1.7397]Training:  69%|██████▉   | 4154/6000 [28:21<11:55,  2.58it/s, F=6, P=0, R=0, loss=1.7397]Training:  69%|██████▉   | 4155/6000 [28:22<12:45,  2.41it/s, F=6, P=0, R=0, loss=1.7397]Training:  69%|██████▉   | 4156/6000 [28:22<13:51,  2.22it/s, F=6, P=0, R=0, loss=1.7397]Training:  69%|██████▉   | 4157/6000 [28:23<12:30,  2.45it/s, F=6, P=0, R=0, loss=1.7397]Training:  69%|██████▉   | 4158/6000 [28:23<15:14,  2.01it/s, F=6, P=0, R=0, loss=1.7397]Training:  69%|██████▉   | 4159/6000 [28:24<15:38,  1.96it/s, F=6, P=0, R=0, loss=1.7397]Training:  69%|██████▉   | 4160/6000 [28:24<16:30,  1.86it/s, F=6, P=0, R=0, loss=1.7397]Training:  69%|██████▉   | 4160/6000 [28:25<16:30,  1.86it/s, F=6, P=0, R=0, loss=1.3973]Training:  69%|██████▉   | 4161/6000 [28:25<17:12,  1.78it/s, F=6, P=0, R=0, loss=1.3973]Training:  69%|██████▉   | 4162/6000 [28:26<17:44,  1.73it/s, F=6, P=0, R=0, loss=1.3973]Training:  69%|██████▉   | 4163/6000 [28:26<18:48,  1.63it/s, F=6, P=0, R=0, loss=1.3973]Training:  69%|██████▉   | 4164/6000 [28:27<18:58,  1.61it/s, F=6, P=0, R=0, loss=1.3973]Training:  69%|██████▉   | 4165/6000 [28:28<19:40,  1.55it/s, F=6, P=0, R=0, loss=1.3973]Training:  69%|██████▉   | 4166/6000 [28:28<20:08,  1.52it/s, F=6, P=0, R=0, loss=1.3973]Training:  69%|██████▉   | 4167/6000 [28:29<20:02,  1.52it/s, F=6, P=0, R=0, loss=1.3973]Training:  69%|██████▉   | 4168/6000 [28:30<19:11,  1.59it/s, F=6, P=0, R=0, loss=1.3973]Training:  69%|██████▉   | 4169/6000 [28:30<19:20,  1.58it/s, F=6, P=0, R=0, loss=1.3973]Training:  70%|██████▉   | 4170/6000 [28:31<19:36,  1.56it/s, F=6, P=0, R=0, loss=1.3973]Training:  70%|██████▉   | 4171/6000 [28:32<19:35,  1.56it/s, F=6, P=0, R=0, loss=1.3973]Training:  70%|██████▉   | 4172/6000 [28:32<19:58,  1.52it/s, F=6, P=0, R=0, loss=1.3973]Training:  70%|██████▉   | 4173/6000 [28:33<21:45,  1.40it/s, F=6, P=0, R=0, loss=1.3973]Training:  70%|██████▉   | 4174/6000 [28:34<20:37,  1.48it/s, F=6, P=0, R=0, loss=1.3973]Training:  70%|██████▉   | 4175/6000 [28:34<21:40,  1.40it/s, F=6, P=0, R=0, loss=1.3973]Training:  70%|██████▉   | 4176/6000 [28:35<20:41,  1.47it/s, F=6, P=0, R=0, loss=1.3973]Training:  70%|██████▉   | 4177/6000 [28:36<22:22,  1.36it/s, F=6, P=0, R=0, loss=1.3973]Training:  70%|██████▉   | 4178/6000 [28:37<23:27,  1.29it/s, F=6, P=0, R=0, loss=1.3973]Training:  70%|██████▉   | 4179/6000 [28:37<21:17,  1.43it/s, F=6, P=0, R=0, loss=1.3973]Training:  70%|██████▉   | 4180/6000 [28:38<22:49,  1.33it/s, F=6, P=0, R=0, loss=1.3973]Training:  70%|██████▉   | 4180/6000 [28:39<22:49,  1.33it/s, F=6, P=0, R=0, loss=1.5208]Training:  70%|██████▉   | 4181/6000 [28:39<24:01,  1.26it/s, F=6, P=0, R=0, loss=1.5208]Training:  70%|██████▉   | 4182/6000 [28:40<21:47,  1.39it/s, F=6, P=0, R=0, loss=1.5208]Training:  70%|██████▉   | 4183/6000 [28:40<22:16,  1.36it/s, F=6, P=0, R=0, loss=1.5208]Training:  70%|██████▉   | 4184/6000 [28:41<17:37,  1.72it/s, F=6, P=0, R=0, loss=1.5208]Training:  70%|██████▉   | 4185/6000 [28:41<19:28,  1.55it/s, F=6, P=0, R=0, loss=1.5208]Training:  70%|██████▉   | 4186/6000 [28:42<19:48,  1.53it/s, F=6, P=0, R=0, loss=1.5208]Training:  70%|██████▉   | 4187/6000 [28:43<21:28,  1.41it/s, F=6, P=0, R=0, loss=1.5208]Training:  70%|██████▉   | 4188/6000 [28:43<18:41,  1.62it/s, F=6, P=0, R=0, loss=1.5208]Training:  70%|██████▉   | 4189/6000 [28:44<19:39,  1.53it/s, F=6, P=0, R=0, loss=1.5208]Training:  70%|██████▉   | 4190/6000 [28:45<21:05,  1.43it/s, F=6, P=0, R=0, loss=1.5208]Training:  70%|██████▉   | 4191/6000 [28:46<20:54,  1.44it/s, F=6, P=0, R=0, loss=1.5208]Training:  70%|██████▉   | 4192/6000 [28:46<22:21,  1.35it/s, F=6, P=0, R=0, loss=1.5208]Training:  70%|██████▉   | 4193/6000 [28:47<22:41,  1.33it/s, F=6, P=0, R=0, loss=1.5208]Training:  70%|██████▉   | 4194/6000 [28:48<23:15,  1.29it/s, F=6, P=0, R=0, loss=1.5208]Training:  70%|██████▉   | 4195/6000 [28:49<26:32,  1.13it/s, F=6, P=0, R=0, loss=1.5208]Training:  70%|██████▉   | 4196/6000 [28:50<21:51,  1.38it/s, F=6, P=0, R=0, loss=1.5208]Training:  70%|██████▉   | 4197/6000 [28:50<20:33,  1.46it/s, F=6, P=0, R=0, loss=1.5208]Training:  70%|██████▉   | 4198/6000 [28:51<20:07,  1.49it/s, F=6, P=0, R=0, loss=1.5208]Training:  70%|██████▉   | 4199/6000 [28:52<20:52,  1.44it/s, F=6, P=0, R=0, loss=1.5208]Training:  70%|███████   | 4200/6000 [28:52<20:45,  1.45it/s, F=6, P=0, R=0, loss=1.5208]Training:  70%|███████   | 4200/6000 [28:53<20:45,  1.45it/s, F=6, P=0, R=0, loss=1.7446]Training:  70%|███████   | 4201/6000 [28:53<22:35,  1.33it/s, F=6, P=0, R=0, loss=1.7446]Training:  70%|███████   | 4202/6000 [28:54<23:05,  1.30it/s, F=6, P=0, R=0, loss=1.7446]Training:  70%|███████   | 4203/6000 [28:54<18:36,  1.61it/s, F=6, P=0, R=0, loss=1.7446]Training:  70%|███████   | 4204/6000 [28:55<18:08,  1.65it/s, F=6, P=0, R=0, loss=1.7446]Training:  70%|███████   | 4205/6000 [28:56<19:33,  1.53it/s, F=6, P=0, R=0, loss=1.7446]Training:  70%|███████   | 4206/6000 [28:56<16:42,  1.79it/s, F=6, P=0, R=0, loss=1.7446]Training:  70%|███████   | 4207/6000 [28:57<17:36,  1.70it/s, F=6, P=0, R=0, loss=1.7446]Training:  70%|███████   | 4208/6000 [28:57<17:44,  1.68it/s, F=6, P=0, R=0, loss=1.7446]Training:  70%|███████   | 4209/6000 [28:58<17:49,  1.68it/s, F=6, P=0, R=0, loss=1.7446]Training:  70%|███████   | 4210/6000 [28:59<21:28,  1.39it/s, F=6, P=0, R=0, loss=1.7446]Training:  70%|███████   | 4211/6000 [29:00<22:16,  1.34it/s, F=6, P=0, R=0, loss=1.7446]Training:  70%|███████   | 4212/6000 [29:00<20:30,  1.45it/s, F=6, P=0, R=0, loss=1.7446]Training:  70%|███████   | 4213/6000 [29:01<19:46,  1.51it/s, F=6, P=0, R=0, loss=1.7446]Training:  70%|███████   | 4214/6000 [29:01<19:11,  1.55it/s, F=6, P=0, R=0, loss=1.7446]Training:  70%|███████   | 4215/6000 [29:02<20:16,  1.47it/s, F=6, P=0, R=0, loss=1.7446]Training:  70%|███████   | 4216/6000 [29:03<20:03,  1.48it/s, F=6, P=0, R=0, loss=1.7446]Training:  70%|███████   | 4217/6000 [29:03<19:36,  1.52it/s, F=6, P=0, R=0, loss=1.7446]Training:  70%|███████   | 4218/6000 [29:04<20:18,  1.46it/s, F=6, P=0, R=0, loss=1.7446]Training:  70%|███████   | 4219/6000 [29:05<21:00,  1.41it/s, F=6, P=0, R=0, loss=1.7446]Training:  70%|███████   | 4220/6000 [29:06<21:40,  1.37it/s, F=6, P=0, R=0, loss=1.7446]Training:  70%|███████   | 4220/6000 [29:06<21:40,  1.37it/s, F=6, P=0, R=0, loss=1.7145]Training:  70%|███████   | 4221/6000 [29:06<20:58,  1.41it/s, F=6, P=0, R=0, loss=1.7145]Training:  70%|███████   | 4222/6000 [29:07<21:07,  1.40it/s, F=6, P=0, R=0, loss=1.7145]Training:  70%|███████   | 4223/6000 [29:08<20:34,  1.44it/s, F=6, P=0, R=0, loss=1.7145]Training:  70%|███████   | 4224/6000 [29:08<20:16,  1.46it/s, F=6, P=0, R=0, loss=1.7145]Training:  70%|███████   | 4225/6000 [29:09<20:18,  1.46it/s, F=6, P=0, R=0, loss=1.7145]Training:  70%|███████   | 4226/6000 [29:10<20:01,  1.48it/s, F=6, P=0, R=0, loss=1.7145]Training:  70%|███████   | 4227/6000 [29:10<20:51,  1.42it/s, F=6, P=0, R=0, loss=1.7145]Training:  70%|███████   | 4228/6000 [29:11<21:22,  1.38it/s, F=6, P=0, R=0, loss=1.7145]Training:  70%|███████   | 4229/6000 [29:12<20:33,  1.44it/s, F=6, P=0, R=0, loss=1.7145]Training:  70%|███████   | 4230/6000 [29:13<20:31,  1.44it/s, F=6, P=0, R=0, loss=1.7145]Training:  71%|███████   | 4231/6000 [29:13<19:36,  1.50it/s, F=6, P=0, R=0, loss=1.7145]Training:  71%|███████   | 4232/6000 [29:14<20:12,  1.46it/s, F=6, P=0, R=0, loss=1.7145]Training:  71%|███████   | 4233/6000 [29:14<18:56,  1.56it/s, F=6, P=0, R=0, loss=1.7145]Training:  71%|███████   | 4234/6000 [29:15<16:14,  1.81it/s, F=6, P=0, R=0, loss=1.7145]Training:  71%|███████   | 4235/6000 [29:16<18:06,  1.62it/s, F=6, P=0, R=0, loss=1.7145]Training:  71%|███████   | 4236/6000 [29:16<19:22,  1.52it/s, F=6, P=0, R=0, loss=1.7145]Training:  71%|███████   | 4237/6000 [29:17<19:46,  1.49it/s, F=6, P=0, R=0, loss=1.7145]Training:  71%|███████   | 4238/6000 [29:17<16:16,  1.80it/s, F=6, P=0, R=0, loss=1.7145]Training:  71%|███████   | 4239/6000 [29:17<12:59,  2.26it/s, F=6, P=0, R=0, loss=1.7145]Training:  71%|███████   | 4240/6000 [29:18<16:53,  1.74it/s, F=6, P=0, R=0, loss=1.7145]Training:  71%|███████   | 4240/6000 [29:19<16:53,  1.74it/s, F=6, P=0, R=0, loss=1.3791]Training:  71%|███████   | 4241/6000 [29:19<17:31,  1.67it/s, F=6, P=0, R=0, loss=1.3791]Training:  71%|███████   | 4242/6000 [29:20<18:13,  1.61it/s, F=6, P=0, R=0, loss=1.3791]Training:  71%|███████   | 4243/6000 [29:20<15:37,  1.87it/s, F=6, P=0, R=0, loss=1.3791]Training:  71%|███████   | 4244/6000 [29:21<15:39,  1.87it/s, F=6, P=0, R=0, loss=1.3791]Training:  71%|███████   | 4245/6000 [29:21<17:54,  1.63it/s, F=6, P=0, R=0, loss=1.3791]Training:  71%|███████   | 4246/6000 [29:22<16:27,  1.78it/s, F=6, P=0, R=0, loss=1.3791]Training:  71%|███████   | 4247/6000 [29:22<17:19,  1.69it/s, F=6, P=0, R=0, loss=1.3791]Training:  71%|███████   | 4248/6000 [29:23<19:08,  1.53it/s, F=6, P=0, R=0, loss=1.3791]Training:  71%|███████   | 4249/6000 [29:23<15:17,  1.91it/s, F=6, P=0, R=0, loss=1.3791]Training:  71%|███████   | 4250/6000 [29:24<17:22,  1.68it/s, F=6, P=0, R=0, loss=1.3791]Training:  71%|███████   | 4251/6000 [29:27<35:26,  1.22s/it, val_loss=1.322]            Training:  71%|███████   | 4252/6000 [29:27<30:10,  1.04s/it, val_loss=1.322]Training:  71%|███████   | 4253/6000 [29:28<28:22,  1.03it/s, val_loss=1.322]Training:  71%|███████   | 4254/6000 [29:29<27:18,  1.07it/s, val_loss=1.322]Training:  71%|███████   | 4255/6000 [29:30<23:37,  1.23it/s, val_loss=1.322]Training:  71%|███████   | 4256/6000 [29:30<22:11,  1.31it/s, val_loss=1.322]Training:  71%|███████   | 4257/6000 [29:31<21:11,  1.37it/s, val_loss=1.322]Training:  71%|███████   | 4258/6000 [29:32<20:24,  1.42it/s, val_loss=1.322]Training:  71%|███████   | 4259/6000 [29:32<19:44,  1.47it/s, val_loss=1.322]Training:  71%|███████   | 4260/6000 [29:33<20:15,  1.43it/s, val_loss=1.322]Training:  71%|███████   | 4260/6000 [29:34<20:15,  1.43it/s, F=6, P=0, R=0, loss=1.4987]Training:  71%|███████   | 4261/6000 [29:34<22:13,  1.30it/s, F=6, P=0, R=0, loss=1.4987]Training:  71%|███████   | 4262/6000 [29:35<23:24,  1.24it/s, F=6, P=0, R=0, loss=1.4987]Training:  71%|███████   | 4263/6000 [29:35<20:17,  1.43it/s, F=6, P=0, R=0, loss=1.4987]Training:  71%|███████   | 4264/6000 [29:36<20:00,  1.45it/s, F=6, P=0, R=0, loss=1.4987]Training:  71%|███████   | 4265/6000 [29:37<19:57,  1.45it/s, F=6, P=0, R=0, loss=1.4987]Training:  71%|███████   | 4266/6000 [29:37<19:29,  1.48it/s, F=6, P=0, R=0, loss=1.4987]Training:  71%|███████   | 4267/6000 [29:38<19:12,  1.50it/s, F=6, P=0, R=0, loss=1.4987]Training:  71%|███████   | 4268/6000 [29:39<20:01,  1.44it/s, F=6, P=0, R=0, loss=1.4987]Training:  71%|███████   | 4269/6000 [29:39<19:51,  1.45it/s, F=6, P=0, R=0, loss=1.4987]Training:  71%|███████   | 4270/6000 [29:40<21:01,  1.37it/s, F=6, P=0, R=0, loss=1.4987]Training:  71%|███████   | 4271/6000 [29:41<22:17,  1.29it/s, F=6, P=0, R=0, loss=1.4987]Training:  71%|███████   | 4272/6000 [29:42<20:47,  1.39it/s, F=6, P=0, R=0, loss=1.4987]Training:  71%|███████   | 4273/6000 [29:42<21:07,  1.36it/s, F=6, P=0, R=0, loss=1.4987]Training:  71%|███████   | 4274/6000 [29:43<21:12,  1.36it/s, F=6, P=0, R=0, loss=1.4987]Training:  71%|███████▏  | 4275/6000 [29:44<18:20,  1.57it/s, F=6, P=0, R=0, loss=1.4987]Training:  71%|███████▏  | 4276/6000 [29:44<16:26,  1.75it/s, F=6, P=0, R=0, loss=1.4987]Training:  71%|███████▏  | 4277/6000 [29:45<17:43,  1.62it/s, F=6, P=0, R=0, loss=1.4987]Training:  71%|███████▏  | 4278/6000 [29:45<15:07,  1.90it/s, F=6, P=0, R=0, loss=1.4987]Training:  71%|███████▏  | 4279/6000 [29:46<16:29,  1.74it/s, F=6, P=0, R=0, loss=1.4987]Training:  71%|███████▏  | 4280/6000 [29:47<20:11,  1.42it/s, F=6, P=0, R=0, loss=1.4987]Training:  71%|███████▏  | 4280/6000 [29:47<20:11,  1.42it/s, F=6, P=0, R=0, loss=1.7165]Training:  71%|███████▏  | 4281/6000 [29:47<17:39,  1.62it/s, F=6, P=0, R=0, loss=1.7165]Training:  71%|███████▏  | 4282/6000 [29:48<18:52,  1.52it/s, F=6, P=0, R=0, loss=1.7165]Training:  71%|███████▏  | 4283/6000 [29:49<19:49,  1.44it/s, F=6, P=0, R=0, loss=1.7165]Training:  71%|███████▏  | 4284/6000 [29:49<20:24,  1.40it/s, F=6, P=0, R=0, loss=1.7165]Training:  71%|███████▏  | 4285/6000 [29:50<21:40,  1.32it/s, F=6, P=0, R=0, loss=1.7165]Training:  71%|███████▏  | 4286/6000 [29:51<22:30,  1.27it/s, F=6, P=0, R=0, loss=1.7165]Training:  71%|███████▏  | 4287/6000 [29:52<20:40,  1.38it/s, F=6, P=0, R=0, loss=1.7165]Training:  71%|███████▏  | 4288/6000 [29:53<21:41,  1.32it/s, F=6, P=0, R=0, loss=1.7165]Training:  71%|███████▏  | 4289/6000 [29:53<21:57,  1.30it/s, F=6, P=0, R=0, loss=1.7165]Training:  72%|███████▏  | 4290/6000 [29:54<21:55,  1.30it/s, F=6, P=0, R=0, loss=1.7165]Training:  72%|███████▏  | 4291/6000 [29:55<21:28,  1.33it/s, F=6, P=0, R=0, loss=1.7165]Training:  72%|███████▏  | 4292/6000 [29:56<21:50,  1.30it/s, F=6, P=0, R=0, loss=1.7165]Training:  72%|███████▏  | 4293/6000 [29:56<19:19,  1.47it/s, F=6, P=0, R=0, loss=1.7165]Training:  72%|███████▏  | 4294/6000 [29:57<19:44,  1.44it/s, F=6, P=0, R=0, loss=1.7165]Training:  72%|███████▏  | 4295/6000 [29:58<20:09,  1.41it/s, F=6, P=0, R=0, loss=1.7165]Training:  72%|███████▏  | 4296/6000 [29:58<19:56,  1.42it/s, F=6, P=0, R=0, loss=1.7165]Training:  72%|███████▏  | 4297/6000 [29:59<19:35,  1.45it/s, F=6, P=0, R=0, loss=1.7165]Training:  72%|███████▏  | 4298/6000 [30:00<19:07,  1.48it/s, F=6, P=0, R=0, loss=1.7165]Training:  72%|███████▏  | 4299/6000 [30:00<18:46,  1.51it/s, F=6, P=0, R=0, loss=1.7165]Training:  72%|███████▏  | 4300/6000 [30:01<20:01,  1.42it/s, F=6, P=0, R=0, loss=1.7165]Training:  72%|███████▏  | 4300/6000 [30:02<20:01,  1.42it/s, F=6, P=0, R=0, loss=1.6945]Training:  72%|███████▏  | 4301/6000 [30:02<18:21,  1.54it/s, F=6, P=0, R=0, loss=1.6945]Training:  72%|███████▏  | 4302/6000 [30:02<19:16,  1.47it/s, F=6, P=0, R=0, loss=1.6945]Training:  72%|███████▏  | 4303/6000 [30:03<17:41,  1.60it/s, F=6, P=0, R=0, loss=1.6945]Training:  72%|███████▏  | 4304/6000 [30:03<15:47,  1.79it/s, F=6, P=0, R=0, loss=1.6945]Training:  72%|███████▏  | 4305/6000 [30:04<17:33,  1.61it/s, F=6, P=0, R=0, loss=1.6945]Training:  72%|███████▏  | 4306/6000 [30:05<19:06,  1.48it/s, F=6, P=0, R=0, loss=1.6945]Training:  72%|███████▏  | 4307/6000 [30:06<19:51,  1.42it/s, F=6, P=0, R=0, loss=1.6945]Training:  72%|███████▏  | 4308/6000 [30:06<20:58,  1.34it/s, F=6, P=0, R=0, loss=1.6945]Training:  72%|███████▏  | 4309/6000 [30:07<20:16,  1.39it/s, F=6, P=0, R=0, loss=1.6945]Training:  72%|███████▏  | 4310/6000 [30:08<22:18,  1.26it/s, F=6, P=0, R=0, loss=1.6945]Training:  72%|███████▏  | 4311/6000 [30:09<23:02,  1.22it/s, F=6, P=0, R=0, loss=1.6945]Training:  72%|███████▏  | 4312/6000 [30:09<19:33,  1.44it/s, F=6, P=0, R=0, loss=1.6945]Training:  72%|███████▏  | 4313/6000 [30:10<19:59,  1.41it/s, F=6, P=0, R=0, loss=1.6945]Training:  72%|███████▏  | 4314/6000 [30:11<20:19,  1.38it/s, F=6, P=0, R=0, loss=1.6945]Training:  72%|███████▏  | 4315/6000 [30:12<22:16,  1.26it/s, F=6, P=0, R=0, loss=1.6945]Training:  72%|███████▏  | 4316/6000 [30:12<20:42,  1.36it/s, F=6, P=0, R=0, loss=1.6945]Training:  72%|███████▏  | 4317/6000 [30:13<21:20,  1.31it/s, F=6, P=0, R=0, loss=1.6945]Training:  72%|███████▏  | 4318/6000 [30:14<21:45,  1.29it/s, F=6, P=0, R=0, loss=1.6945]Training:  72%|███████▏  | 4319/6000 [30:15<22:51,  1.23it/s, F=6, P=0, R=0, loss=1.6945]Training:  72%|███████▏  | 4320/6000 [30:15<20:40,  1.35it/s, F=6, P=0, R=0, loss=1.6945]Training:  72%|███████▏  | 4320/6000 [30:16<20:40,  1.35it/s, F=6, P=0, R=0, loss=1.3628]Training:  72%|███████▏  | 4321/6000 [30:16<20:05,  1.39it/s, F=6, P=0, R=0, loss=1.3628]Training:  72%|███████▏  | 4322/6000 [30:17<19:38,  1.42it/s, F=6, P=0, R=0, loss=1.3628]Training:  72%|███████▏  | 4323/6000 [30:18<19:55,  1.40it/s, F=6, P=0, R=0, loss=1.3628]Training:  72%|███████▏  | 4324/6000 [30:18<19:53,  1.40it/s, F=6, P=0, R=0, loss=1.3628]Training:  72%|███████▏  | 4325/6000 [30:19<22:07,  1.26it/s, F=6, P=0, R=0, loss=1.3628]Training:  72%|███████▏  | 4326/6000 [30:20<20:30,  1.36it/s, F=6, P=0, R=0, loss=1.3628]Training:  72%|███████▏  | 4327/6000 [30:21<20:16,  1.38it/s, F=6, P=0, R=0, loss=1.3628]Training:  72%|███████▏  | 4328/6000 [30:21<20:28,  1.36it/s, F=6, P=0, R=0, loss=1.3628]Training:  72%|███████▏  | 4329/6000 [30:22<20:13,  1.38it/s, F=6, P=0, R=0, loss=1.3628]Training:  72%|███████▏  | 4330/6000 [30:23<21:22,  1.30it/s, F=6, P=0, R=0, loss=1.3628]Training:  72%|███████▏  | 4331/6000 [30:24<21:56,  1.27it/s, F=6, P=0, R=0, loss=1.3628]Training:  72%|███████▏  | 4332/6000 [30:24<20:26,  1.36it/s, F=6, P=0, R=0, loss=1.3628]Training:  72%|███████▏  | 4333/6000 [30:25<20:15,  1.37it/s, F=6, P=0, R=0, loss=1.3628]Training:  72%|███████▏  | 4334/6000 [30:26<20:12,  1.37it/s, F=6, P=0, R=0, loss=1.3628]Training:  72%|███████▏  | 4335/6000 [30:26<20:33,  1.35it/s, F=6, P=0, R=0, loss=1.3628]Training:  72%|███████▏  | 4336/6000 [30:27<21:33,  1.29it/s, F=6, P=0, R=0, loss=1.3628]Training:  72%|███████▏  | 4337/6000 [30:28<17:43,  1.56it/s, F=6, P=0, R=0, loss=1.3628]Training:  72%|███████▏  | 4338/6000 [30:28<18:31,  1.50it/s, F=6, P=0, R=0, loss=1.3628]Training:  72%|███████▏  | 4339/6000 [30:29<19:04,  1.45it/s, F=6, P=0, R=0, loss=1.3628]Training:  72%|███████▏  | 4340/6000 [30:30<20:22,  1.36it/s, F=6, P=0, R=0, loss=1.3628]Training:  72%|███████▏  | 4340/6000 [30:31<20:22,  1.36it/s, F=6, P=0, R=0, loss=1.4760]Training:  72%|███████▏  | 4341/6000 [30:31<19:12,  1.44it/s, F=6, P=0, R=0, loss=1.4760]Training:  72%|███████▏  | 4342/6000 [30:31<17:41,  1.56it/s, F=6, P=0, R=0, loss=1.4760]Training:  72%|███████▏  | 4343/6000 [30:32<15:50,  1.74it/s, F=6, P=0, R=0, loss=1.4760]Training:  72%|███████▏  | 4344/6000 [30:32<16:10,  1.71it/s, F=6, P=0, R=0, loss=1.4760]Training:  72%|███████▏  | 4345/6000 [30:32<13:46,  2.00it/s, F=6, P=0, R=0, loss=1.4760]Training:  72%|███████▏  | 4346/6000 [30:33<16:42,  1.65it/s, F=6, P=0, R=0, loss=1.4760]Training:  72%|███████▏  | 4347/6000 [30:34<14:57,  1.84it/s, F=6, P=0, R=0, loss=1.4760]Training:  72%|███████▏  | 4348/6000 [30:34<17:13,  1.60it/s, F=6, P=0, R=0, loss=1.4760]Training:  72%|███████▏  | 4349/6000 [30:35<18:50,  1.46it/s, F=6, P=0, R=0, loss=1.4760]Training:  72%|███████▎  | 4350/6000 [30:36<18:43,  1.47it/s, F=6, P=0, R=0, loss=1.4760]Training:  73%|███████▎  | 4351/6000 [30:37<20:24,  1.35it/s, F=6, P=0, R=0, loss=1.4760]Training:  73%|███████▎  | 4352/6000 [30:38<21:35,  1.27it/s, F=6, P=0, R=0, loss=1.4760]Training:  73%|███████▎  | 4353/6000 [30:38<18:54,  1.45it/s, F=6, P=0, R=0, loss=1.4760]Training:  73%|███████▎  | 4354/6000 [30:39<18:47,  1.46it/s, F=6, P=0, R=0, loss=1.4760]Training:  73%|███████▎  | 4355/6000 [30:39<18:01,  1.52it/s, F=6, P=0, R=0, loss=1.4760]Training:  73%|███████▎  | 4356/6000 [30:40<17:36,  1.56it/s, F=6, P=0, R=0, loss=1.4760]Training:  73%|███████▎  | 4357/6000 [30:41<19:12,  1.43it/s, F=6, P=0, R=0, loss=1.4760]Training:  73%|███████▎  | 4358/6000 [30:42<20:40,  1.32it/s, F=6, P=0, R=0, loss=1.4760]Training:  73%|███████▎  | 4359/6000 [30:42<18:48,  1.45it/s, F=6, P=0, R=0, loss=1.4760]Training:  73%|███████▎  | 4360/6000 [30:43<19:39,  1.39it/s, F=6, P=0, R=0, loss=1.4760]Training:  73%|███████▎  | 4360/6000 [30:44<19:39,  1.39it/s, F=6, P=0, R=0, loss=1.6911]Training:  73%|███████▎  | 4361/6000 [30:44<19:27,  1.40it/s, F=6, P=0, R=0, loss=1.6911]Training:  73%|███████▎  | 4362/6000 [30:45<20:43,  1.32it/s, F=6, P=0, R=0, loss=1.6911]Training:  73%|███████▎  | 4363/6000 [30:46<21:52,  1.25it/s, F=6, P=0, R=0, loss=1.6911]Training:  73%|███████▎  | 4364/6000 [30:46<19:20,  1.41it/s, F=6, P=0, R=0, loss=1.6911]Training:  73%|███████▎  | 4365/6000 [30:47<18:35,  1.47it/s, F=6, P=0, R=0, loss=1.6911]Training:  73%|███████▎  | 4366/6000 [30:47<18:57,  1.44it/s, F=6, P=0, R=0, loss=1.6911]Training:  73%|███████▎  | 4367/6000 [30:48<17:04,  1.59it/s, F=6, P=0, R=0, loss=1.6911]Training:  73%|███████▎  | 4368/6000 [30:48<15:40,  1.73it/s, F=6, P=0, R=0, loss=1.6911]Training:  73%|███████▎  | 4369/6000 [30:49<16:49,  1.62it/s, F=6, P=0, R=0, loss=1.6911]Training:  73%|███████▎  | 4370/6000 [30:50<19:44,  1.38it/s, F=6, P=0, R=0, loss=1.6911]Training:  73%|███████▎  | 4371/6000 [30:51<18:31,  1.47it/s, F=6, P=0, R=0, loss=1.6911]Training:  73%|███████▎  | 4372/6000 [30:51<19:28,  1.39it/s, F=6, P=0, R=0, loss=1.6911]Training:  73%|███████▎  | 4373/6000 [30:52<18:06,  1.50it/s, F=6, P=0, R=0, loss=1.6911]Training:  73%|███████▎  | 4374/6000 [30:52<15:19,  1.77it/s, F=6, P=0, R=0, loss=1.6911]Training:  73%|███████▎  | 4375/6000 [30:53<16:36,  1.63it/s, F=6, P=0, R=0, loss=1.6911]Training:  73%|███████▎  | 4376/6000 [30:54<18:35,  1.46it/s, F=6, P=0, R=0, loss=1.6911]Training:  73%|███████▎  | 4377/6000 [30:55<20:02,  1.35it/s, F=6, P=0, R=0, loss=1.6911]Training:  73%|███████▎  | 4378/6000 [30:55<18:39,  1.45it/s, F=6, P=0, R=0, loss=1.6911]Training:  73%|███████▎  | 4379/6000 [30:56<18:58,  1.42it/s, F=6, P=0, R=0, loss=1.6911]Training:  73%|███████▎  | 4380/6000 [30:57<20:55,  1.29it/s, F=6, P=0, R=0, loss=1.6911]Training:  73%|███████▎  | 4380/6000 [30:58<20:55,  1.29it/s, F=6, P=0, R=0, loss=1.6746]Training:  73%|███████▎  | 4381/6000 [30:58<19:52,  1.36it/s, F=6, P=0, R=0, loss=1.6746]Training:  73%|███████▎  | 4382/6000 [30:58<19:19,  1.40it/s, F=6, P=0, R=0, loss=1.6746]Training:  73%|███████▎  | 4383/6000 [30:59<19:36,  1.37it/s, F=6, P=0, R=0, loss=1.6746]Training:  73%|███████▎  | 4384/6000 [31:00<19:49,  1.36it/s, F=6, P=0, R=0, loss=1.6746]Training:  73%|███████▎  | 4385/6000 [31:01<21:59,  1.22it/s, F=6, P=0, R=0, loss=1.6746]Training:  73%|███████▎  | 4386/6000 [31:01<19:33,  1.38it/s, F=6, P=0, R=0, loss=1.6746]Training:  73%|███████▎  | 4387/6000 [31:02<19:03,  1.41it/s, F=6, P=0, R=0, loss=1.6746]Training:  73%|███████▎  | 4388/6000 [31:03<18:21,  1.46it/s, F=6, P=0, R=0, loss=1.6746]Training:  73%|███████▎  | 4389/6000 [31:03<18:29,  1.45it/s, F=6, P=0, R=0, loss=1.6746]Training:  73%|███████▎  | 4390/6000 [31:04<19:05,  1.41it/s, F=6, P=0, R=0, loss=1.6746]Training:  73%|███████▎  | 4391/6000 [31:05<19:43,  1.36it/s, F=6, P=0, R=0, loss=1.6746]Training:  73%|███████▎  | 4392/6000 [31:06<20:11,  1.33it/s, F=6, P=0, R=0, loss=1.6746]Training:  73%|███████▎  | 4393/6000 [31:06<19:35,  1.37it/s, F=6, P=0, R=0, loss=1.6746]Training:  73%|███████▎  | 4394/6000 [31:07<18:33,  1.44it/s, F=6, P=0, R=0, loss=1.6746]Training:  73%|███████▎  | 4395/6000 [31:08<19:16,  1.39it/s, F=6, P=0, R=0, loss=1.6746]Training:  73%|███████▎  | 4396/6000 [31:09<19:52,  1.34it/s, F=6, P=0, R=0, loss=1.6746]Training:  73%|███████▎  | 4397/6000 [31:09<20:46,  1.29it/s, F=6, P=0, R=0, loss=1.6746]Training:  73%|███████▎  | 4398/6000 [31:10<19:26,  1.37it/s, F=6, P=0, R=0, loss=1.6746]Training:  73%|███████▎  | 4399/6000 [31:11<19:31,  1.37it/s, F=6, P=0, R=0, loss=1.6746]Training:  73%|███████▎  | 4400/6000 [31:12<19:23,  1.37it/s, F=6, P=0, R=0, loss=1.6746]Training:  73%|███████▎  | 4400/6000 [31:12<19:23,  1.37it/s, F=6, P=0, R=0, loss=1.3451]Training:  73%|███████▎  | 4401/6000 [31:12<18:34,  1.43it/s, F=6, P=0, R=0, loss=1.3451]Training:  73%|███████▎  | 4402/6000 [31:13<17:12,  1.55it/s, F=6, P=0, R=0, loss=1.3451]Training:  73%|███████▎  | 4403/6000 [31:13<15:09,  1.76it/s, F=6, P=0, R=0, loss=1.3451]Training:  73%|███████▎  | 4404/6000 [31:14<16:20,  1.63it/s, F=6, P=0, R=0, loss=1.3451]Training:  73%|███████▎  | 4405/6000 [31:14<16:21,  1.63it/s, F=6, P=0, R=0, loss=1.3451]Training:  73%|███████▎  | 4406/6000 [31:15<17:30,  1.52it/s, F=6, P=0, R=0, loss=1.3451]Training:  73%|███████▎  | 4407/6000 [31:16<18:21,  1.45it/s, F=6, P=0, R=0, loss=1.3451]Training:  73%|███████▎  | 4408/6000 [31:17<19:00,  1.40it/s, F=6, P=0, R=0, loss=1.3451]Training:  73%|███████▎  | 4409/6000 [31:18<19:42,  1.35it/s, F=6, P=0, R=0, loss=1.3451]Training:  74%|███████▎  | 4410/6000 [31:18<17:14,  1.54it/s, F=6, P=0, R=0, loss=1.3451]Training:  74%|███████▎  | 4411/6000 [31:19<18:43,  1.41it/s, F=6, P=0, R=0, loss=1.3451]Training:  74%|███████▎  | 4412/6000 [31:20<20:07,  1.32it/s, F=6, P=0, R=0, loss=1.3451]Training:  74%|███████▎  | 4413/6000 [31:20<18:25,  1.44it/s, F=6, P=0, R=0, loss=1.3451]Training:  74%|███████▎  | 4414/6000 [31:21<18:15,  1.45it/s, F=6, P=0, R=0, loss=1.3451]Training:  74%|███████▎  | 4415/6000 [31:22<18:53,  1.40it/s, F=6, P=0, R=0, loss=1.3451]Training:  74%|███████▎  | 4416/6000 [31:22<19:18,  1.37it/s, F=6, P=0, R=0, loss=1.3451]Training:  74%|███████▎  | 4417/6000 [31:23<19:17,  1.37it/s, F=6, P=0, R=0, loss=1.3451]Training:  74%|███████▎  | 4418/6000 [31:24<19:21,  1.36it/s, F=6, P=0, R=0, loss=1.3451]Training:  74%|███████▎  | 4419/6000 [31:25<19:49,  1.33it/s, F=6, P=0, R=0, loss=1.3451]Training:  74%|███████▎  | 4420/6000 [31:25<19:41,  1.34it/s, F=6, P=0, R=0, loss=1.3451]Training:  74%|███████▎  | 4420/6000 [31:26<19:41,  1.34it/s, F=6, P=0, R=0, loss=1.4611]Training:  74%|███████▎  | 4421/6000 [31:26<18:50,  1.40it/s, F=6, P=0, R=0, loss=1.4611]Training:  74%|███████▎  | 4422/6000 [31:27<19:09,  1.37it/s, F=6, P=0, R=0, loss=1.4611]Training:  74%|███████▎  | 4423/6000 [31:28<19:20,  1.36it/s, F=6, P=0, R=0, loss=1.4611]Training:  74%|███████▎  | 4424/6000 [31:28<19:33,  1.34it/s, F=6, P=0, R=0, loss=1.4611]Training:  74%|███████▍  | 4425/6000 [31:29<21:02,  1.25it/s, F=6, P=0, R=0, loss=1.4611]Training:  74%|███████▍  | 4426/6000 [31:30<19:40,  1.33it/s, F=6, P=0, R=0, loss=1.4611]Training:  74%|███████▍  | 4427/6000 [31:31<19:42,  1.33it/s, F=6, P=0, R=0, loss=1.4611]Training:  74%|███████▍  | 4428/6000 [31:31<19:44,  1.33it/s, F=6, P=0, R=0, loss=1.4611]Training:  74%|███████▍  | 4429/6000 [31:32<19:15,  1.36it/s, F=6, P=0, R=0, loss=1.4611]Training:  74%|███████▍  | 4430/6000 [31:33<19:06,  1.37it/s, F=6, P=0, R=0, loss=1.4611]Training:  74%|███████▍  | 4431/6000 [31:34<19:26,  1.35it/s, F=6, P=0, R=0, loss=1.4611]Training:  74%|███████▍  | 4432/6000 [31:34<19:34,  1.33it/s, F=6, P=0, R=0, loss=1.4611]Training:  74%|███████▍  | 4433/6000 [31:35<19:38,  1.33it/s, F=6, P=0, R=0, loss=1.4611]Training:  74%|███████▍  | 4434/6000 [31:36<19:48,  1.32it/s, F=6, P=0, R=0, loss=1.4611]Training:  74%|███████▍  | 4435/6000 [31:37<20:11,  1.29it/s, F=6, P=0, R=0, loss=1.4611]Training:  74%|███████▍  | 4436/6000 [31:37<19:42,  1.32it/s, F=6, P=0, R=0, loss=1.4611]Training:  74%|███████▍  | 4437/6000 [31:38<19:47,  1.32it/s, F=6, P=0, R=0, loss=1.4611]Training:  74%|███████▍  | 4438/6000 [31:39<19:29,  1.34it/s, F=6, P=0, R=0, loss=1.4611]Training:  74%|███████▍  | 4439/6000 [31:40<18:42,  1.39it/s, F=6, P=0, R=0, loss=1.4611]Training:  74%|███████▍  | 4440/6000 [31:40<18:48,  1.38it/s, F=6, P=0, R=0, loss=1.4611]Training:  74%|███████▍  | 4440/6000 [31:41<18:48,  1.38it/s, F=6, P=0, R=0, loss=1.6717]Training:  74%|███████▍  | 4441/6000 [31:41<19:39,  1.32it/s, F=6, P=0, R=0, loss=1.6717]Training:  74%|███████▍  | 4442/6000 [31:42<20:19,  1.28it/s, F=6, P=0, R=0, loss=1.6717]Training:  74%|███████▍  | 4443/6000 [31:42<17:32,  1.48it/s, F=6, P=0, R=0, loss=1.6717]Training:  74%|███████▍  | 4444/6000 [31:43<17:47,  1.46it/s, F=6, P=0, R=0, loss=1.6717]Training:  74%|███████▍  | 4445/6000 [31:44<17:50,  1.45it/s, F=6, P=0, R=0, loss=1.6717]Training:  74%|███████▍  | 4446/6000 [31:45<17:57,  1.44it/s, F=6, P=0, R=0, loss=1.6717]Training:  74%|███████▍  | 4447/6000 [31:45<18:14,  1.42it/s, F=6, P=0, R=0, loss=1.6717]Training:  74%|███████▍  | 4448/6000 [31:46<17:25,  1.48it/s, F=6, P=0, R=0, loss=1.6717]Training:  74%|███████▍  | 4449/6000 [31:46<15:30,  1.67it/s, F=6, P=0, R=0, loss=1.6717]Training:  74%|███████▍  | 4450/6000 [31:47<16:21,  1.58it/s, F=6, P=0, R=0, loss=1.6717]Training:  74%|███████▍  | 4451/6000 [31:48<16:07,  1.60it/s, F=6, P=0, R=0, loss=1.6717]Training:  74%|███████▍  | 4452/6000 [31:48<17:00,  1.52it/s, F=6, P=0, R=0, loss=1.6717]Training:  74%|███████▍  | 4453/6000 [31:49<17:17,  1.49it/s, F=6, P=0, R=0, loss=1.6717]Training:  74%|███████▍  | 4454/6000 [31:50<17:27,  1.48it/s, F=6, P=0, R=0, loss=1.6717]Training:  74%|███████▍  | 4455/6000 [31:51<20:33,  1.25it/s, F=6, P=0, R=0, loss=1.6717]Training:  74%|███████▍  | 4456/6000 [31:52<20:25,  1.26it/s, F=6, P=0, R=0, loss=1.6717]Training:  74%|███████▍  | 4457/6000 [31:52<20:37,  1.25it/s, F=6, P=0, R=0, loss=1.6717]Training:  74%|███████▍  | 4458/6000 [31:53<21:10,  1.21it/s, F=6, P=0, R=0, loss=1.6717]Training:  74%|███████▍  | 4459/6000 [31:54<19:28,  1.32it/s, F=6, P=0, R=0, loss=1.6717]Training:  74%|███████▍  | 4460/6000 [31:55<19:19,  1.33it/s, F=6, P=0, R=0, loss=1.6717]Training:  74%|███████▍  | 4460/6000 [31:55<19:19,  1.33it/s, F=6, P=0, R=0, loss=1.6600]Training:  74%|███████▍  | 4461/6000 [31:55<19:26,  1.32it/s, F=6, P=0, R=0, loss=1.6600]Training:  74%|███████▍  | 4462/6000 [31:56<19:48,  1.29it/s, F=6, P=0, R=0, loss=1.6600]Training:  74%|███████▍  | 4463/6000 [31:57<20:39,  1.24it/s, F=6, P=0, R=0, loss=1.6600]Training:  74%|███████▍  | 4464/6000 [31:58<18:39,  1.37it/s, F=6, P=0, R=0, loss=1.6600]Training:  74%|███████▍  | 4465/6000 [31:58<18:33,  1.38it/s, F=6, P=0, R=0, loss=1.6600]Training:  74%|███████▍  | 4466/6000 [31:59<16:21,  1.56it/s, F=6, P=0, R=0, loss=1.6600]Training:  74%|███████▍  | 4467/6000 [31:59<16:29,  1.55it/s, F=6, P=0, R=0, loss=1.6600]Training:  74%|███████▍  | 4468/6000 [32:00<18:06,  1.41it/s, F=6, P=0, R=0, loss=1.6600]Training:  74%|███████▍  | 4469/6000 [32:01<19:08,  1.33it/s, F=6, P=0, R=0, loss=1.6600]Training:  74%|███████▍  | 4470/6000 [32:02<19:07,  1.33it/s, F=6, P=0, R=0, loss=1.6600]Training:  75%|███████▍  | 4471/6000 [32:03<17:58,  1.42it/s, F=6, P=0, R=0, loss=1.6600]Training:  75%|███████▍  | 4472/6000 [32:03<18:27,  1.38it/s, F=6, P=0, R=0, loss=1.6600]Training:  75%|███████▍  | 4473/6000 [32:04<18:55,  1.34it/s, F=6, P=0, R=0, loss=1.6600]Training:  75%|███████▍  | 4474/6000 [32:05<17:13,  1.48it/s, F=6, P=0, R=0, loss=1.6600]Training:  75%|███████▍  | 4475/6000 [32:05<15:39,  1.62it/s, F=6, P=0, R=0, loss=1.6600]Training:  75%|███████▍  | 4476/6000 [32:06<16:10,  1.57it/s, F=6, P=0, R=0, loss=1.6600]Training:  75%|███████▍  | 4477/6000 [32:07<17:21,  1.46it/s, F=6, P=0, R=0, loss=1.6600]Training:  75%|███████▍  | 4478/6000 [32:07<16:00,  1.58it/s, F=6, P=0, R=0, loss=1.6600]Training:  75%|███████▍  | 4479/6000 [32:07<13:08,  1.93it/s, F=6, P=0, R=0, loss=1.6600]Training:  75%|███████▍  | 4480/6000 [32:08<15:15,  1.66it/s, F=6, P=0, R=0, loss=1.6600]Training:  75%|███████▍  | 4480/6000 [32:09<15:15,  1.66it/s, F=6, P=0, R=0, loss=1.3282]Training:  75%|███████▍  | 4481/6000 [32:09<16:23,  1.54it/s, F=6, P=0, R=0, loss=1.3282]Training:  75%|███████▍  | 4482/6000 [32:10<17:14,  1.47it/s, F=6, P=0, R=0, loss=1.3282]Training:  75%|███████▍  | 4483/6000 [32:10<14:07,  1.79it/s, F=6, P=0, R=0, loss=1.3282]Training:  75%|███████▍  | 4484/6000 [32:11<15:39,  1.61it/s, F=6, P=0, R=0, loss=1.3282]Training:  75%|███████▍  | 4485/6000 [32:11<16:36,  1.52it/s, F=6, P=0, R=0, loss=1.3282]Training:  75%|███████▍  | 4486/6000 [32:12<18:00,  1.40it/s, F=6, P=0, R=0, loss=1.3282]Training:  75%|███████▍  | 4487/6000 [32:13<18:33,  1.36it/s, F=6, P=0, R=0, loss=1.3282]Training:  75%|███████▍  | 4488/6000 [32:14<18:13,  1.38it/s, F=6, P=0, R=0, loss=1.3282]Training:  75%|███████▍  | 4489/6000 [32:14<17:48,  1.41it/s, F=6, P=0, R=0, loss=1.3282]Training:  75%|███████▍  | 4490/6000 [32:15<17:17,  1.45it/s, F=6, P=0, R=0, loss=1.3282]Training:  75%|███████▍  | 4491/6000 [32:16<18:21,  1.37it/s, F=6, P=0, R=0, loss=1.3282]Training:  75%|███████▍  | 4492/6000 [32:16<16:59,  1.48it/s, F=6, P=0, R=0, loss=1.3282]Training:  75%|███████▍  | 4493/6000 [32:17<17:04,  1.47it/s, F=6, P=0, R=0, loss=1.3282]Training:  75%|███████▍  | 4494/6000 [32:18<17:34,  1.43it/s, F=6, P=0, R=0, loss=1.3282]Training:  75%|███████▍  | 4495/6000 [32:19<17:58,  1.40it/s, F=6, P=0, R=0, loss=1.3282]Training:  75%|███████▍  | 4496/6000 [32:19<17:23,  1.44it/s, F=6, P=0, R=0, loss=1.3282]Training:  75%|███████▍  | 4497/6000 [32:20<18:06,  1.38it/s, F=6, P=0, R=0, loss=1.3282]Training:  75%|███████▍  | 4498/6000 [32:20<14:52,  1.68it/s, F=6, P=0, R=0, loss=1.3282]Training:  75%|███████▍  | 4499/6000 [32:21<15:52,  1.58it/s, F=6, P=0, R=0, loss=1.3282]Training:  75%|███████▌  | 4500/6000 [32:22<19:44,  1.27it/s, F=6, P=0, R=0, loss=1.3282]Training:  75%|███████▌  | 4500/6000 [32:23<19:44,  1.27it/s, F=6, P=0, R=0, loss=1.4482]Training:  75%|███████▌  | 4501/6000 [32:25<34:21,  1.38s/it, val_loss=1.325]            Training:  75%|███████▌  | 4502/6000 [32:25<27:53,  1.12s/it, val_loss=1.325]Training:  75%|███████▌  | 4503/6000 [32:26<24:03,  1.04it/s, val_loss=1.325]Training:  75%|███████▌  | 4504/6000 [32:27<22:30,  1.11it/s, val_loss=1.325]Training:  75%|███████▌  | 4505/6000 [32:28<20:50,  1.20it/s, val_loss=1.325]Training:  75%|███████▌  | 4506/6000 [32:28<20:10,  1.23it/s, val_loss=1.325]Training:  75%|███████▌  | 4507/6000 [32:29<19:21,  1.29it/s, val_loss=1.325]Training:  75%|███████▌  | 4508/6000 [32:30<19:45,  1.26it/s, val_loss=1.325]Training:  75%|███████▌  | 4509/6000 [32:31<20:17,  1.23it/s, val_loss=1.325]Training:  75%|███████▌  | 4510/6000 [32:31<18:17,  1.36it/s, val_loss=1.325]Training:  75%|███████▌  | 4511/6000 [32:32<18:36,  1.33it/s, val_loss=1.325]Training:  75%|███████▌  | 4512/6000 [32:33<18:51,  1.31it/s, val_loss=1.325]Training:  75%|███████▌  | 4513/6000 [32:33<17:56,  1.38it/s, val_loss=1.325]Training:  75%|███████▌  | 4514/6000 [32:34<18:55,  1.31it/s, val_loss=1.325]Training:  75%|███████▌  | 4515/6000 [32:35<20:24,  1.21it/s, val_loss=1.325]Training:  75%|███████▌  | 4516/6000 [32:36<18:52,  1.31it/s, val_loss=1.325]Training:  75%|███████▌  | 4517/6000 [32:37<18:32,  1.33it/s, val_loss=1.325]Training:  75%|███████▌  | 4518/6000 [32:37<16:39,  1.48it/s, val_loss=1.325]Training:  75%|███████▌  | 4519/6000 [32:38<15:45,  1.57it/s, val_loss=1.325]Training:  75%|███████▌  | 4520/6000 [32:38<17:04,  1.44it/s, val_loss=1.325]Training:  75%|███████▌  | 4520/6000 [32:39<17:04,  1.44it/s, F=6, P=0, R=0, loss=1.6535]Training:  75%|███████▌  | 4521/6000 [32:39<13:41,  1.80it/s, F=6, P=0, R=0, loss=1.6535]Training:  75%|███████▌  | 4522/6000 [32:39<14:56,  1.65it/s, F=6, P=0, R=0, loss=1.6535]Training:  75%|███████▌  | 4523/6000 [32:40<12:57,  1.90it/s, F=6, P=0, R=0, loss=1.6535]Training:  75%|███████▌  | 4524/6000 [32:40<13:21,  1.84it/s, F=6, P=0, R=0, loss=1.6535]Training:  75%|███████▌  | 4525/6000 [32:41<16:15,  1.51it/s, F=6, P=0, R=0, loss=1.6535]Training:  75%|███████▌  | 4526/6000 [32:42<16:17,  1.51it/s, F=6, P=0, R=0, loss=1.6535]Training:  75%|███████▌  | 4527/6000 [32:43<16:54,  1.45it/s, F=6, P=0, R=0, loss=1.6535]Training:  75%|███████▌  | 4528/6000 [32:44<17:46,  1.38it/s, F=6, P=0, R=0, loss=1.6535]Training:  75%|███████▌  | 4529/6000 [32:44<15:30,  1.58it/s, F=6, P=0, R=0, loss=1.6535]Training:  76%|███████▌  | 4530/6000 [32:45<15:10,  1.61it/s, F=6, P=0, R=0, loss=1.6535]Training:  76%|███████▌  | 4531/6000 [32:45<16:07,  1.52it/s, F=6, P=0, R=0, loss=1.6535]Training:  76%|███████▌  | 4532/6000 [32:46<16:52,  1.45it/s, F=6, P=0, R=0, loss=1.6535]Training:  76%|███████▌  | 4533/6000 [32:47<16:27,  1.49it/s, F=6, P=0, R=0, loss=1.6535]Training:  76%|███████▌  | 4534/6000 [32:47<16:31,  1.48it/s, F=6, P=0, R=0, loss=1.6535]Training:  76%|███████▌  | 4535/6000 [32:48<16:44,  1.46it/s, F=6, P=0, R=0, loss=1.6535]Training:  76%|███████▌  | 4536/6000 [32:49<17:07,  1.43it/s, F=6, P=0, R=0, loss=1.6535]Training:  76%|███████▌  | 4537/6000 [32:49<17:07,  1.42it/s, F=6, P=0, R=0, loss=1.6535]Training:  76%|███████▌  | 4538/6000 [32:50<17:00,  1.43it/s, F=6, P=0, R=0, loss=1.6535]Training:  76%|███████▌  | 4539/6000 [32:51<17:39,  1.38it/s, F=6, P=0, R=0, loss=1.6535]Training:  76%|███████▌  | 4540/6000 [32:52<17:51,  1.36it/s, F=6, P=0, R=0, loss=1.6535]Training:  76%|███████▌  | 4540/6000 [32:53<17:51,  1.36it/s, F=6, P=0, R=0, loss=1.6482]Training:  76%|███████▌  | 4541/6000 [32:53<18:10,  1.34it/s, F=6, P=0, R=0, loss=1.6482]Training:  76%|███████▌  | 4542/6000 [32:53<18:17,  1.33it/s, F=6, P=0, R=0, loss=1.6482]Training:  76%|███████▌  | 4543/6000 [32:54<17:39,  1.38it/s, F=6, P=0, R=0, loss=1.6482]Training:  76%|███████▌  | 4544/6000 [32:55<17:10,  1.41it/s, F=6, P=0, R=0, loss=1.6482]Training:  76%|███████▌  | 4545/6000 [32:55<15:44,  1.54it/s, F=6, P=0, R=0, loss=1.6482]Training:  76%|███████▌  | 4546/6000 [32:56<15:43,  1.54it/s, F=6, P=0, R=0, loss=1.6482]Training:  76%|███████▌  | 4547/6000 [32:57<16:29,  1.47it/s, F=6, P=0, R=0, loss=1.6482]Training:  76%|███████▌  | 4548/6000 [32:57<16:33,  1.46it/s, F=6, P=0, R=0, loss=1.6482]Training:  76%|███████▌  | 4549/6000 [32:58<17:16,  1.40it/s, F=6, P=0, R=0, loss=1.6482]Training:  76%|███████▌  | 4550/6000 [32:59<18:12,  1.33it/s, F=6, P=0, R=0, loss=1.6482]Training:  76%|███████▌  | 4551/6000 [33:00<19:09,  1.26it/s, F=6, P=0, R=0, loss=1.6482]Training:  76%|███████▌  | 4552/6000 [33:00<17:30,  1.38it/s, F=6, P=0, R=0, loss=1.6482]Training:  76%|███████▌  | 4553/6000 [33:01<17:18,  1.39it/s, F=6, P=0, R=0, loss=1.6482]Training:  76%|███████▌  | 4554/6000 [33:02<16:33,  1.46it/s, F=6, P=0, R=0, loss=1.6482]Training:  76%|███████▌  | 4555/6000 [33:02<16:05,  1.50it/s, F=6, P=0, R=0, loss=1.6482]Training:  76%|███████▌  | 4556/6000 [33:03<16:47,  1.43it/s, F=6, P=0, R=0, loss=1.6482]Training:  76%|███████▌  | 4557/6000 [33:04<17:51,  1.35it/s, F=6, P=0, R=0, loss=1.6482]Training:  76%|███████▌  | 4558/6000 [33:05<18:44,  1.28it/s, F=6, P=0, R=0, loss=1.6482]Training:  76%|███████▌  | 4559/6000 [33:05<17:00,  1.41it/s, F=6, P=0, R=0, loss=1.6482]Training:  76%|███████▌  | 4560/6000 [33:06<16:27,  1.46it/s, F=6, P=0, R=0, loss=1.6482]Training:  76%|███████▌  | 4560/6000 [33:07<16:27,  1.46it/s, F=6, P=0, R=0, loss=1.3145]Training:  76%|███████▌  | 4561/6000 [33:07<16:31,  1.45it/s, F=6, P=0, R=0, loss=1.3145]Training:  76%|███████▌  | 4562/6000 [33:07<16:47,  1.43it/s, F=6, P=0, R=0, loss=1.3145]Training:  76%|███████▌  | 4563/6000 [33:08<17:41,  1.35it/s, F=6, P=0, R=0, loss=1.3145]Training:  76%|███████▌  | 4564/6000 [33:09<17:15,  1.39it/s, F=6, P=0, R=0, loss=1.3145]Training:  76%|███████▌  | 4565/6000 [33:10<17:01,  1.40it/s, F=6, P=0, R=0, loss=1.3145]Training:  76%|███████▌  | 4566/6000 [33:10<16:59,  1.41it/s, F=6, P=0, R=0, loss=1.3145]Training:  76%|███████▌  | 4567/6000 [33:11<17:24,  1.37it/s, F=6, P=0, R=0, loss=1.3145]Training:  76%|███████▌  | 4568/6000 [33:12<17:37,  1.35it/s, F=6, P=0, R=0, loss=1.3145]Training:  76%|███████▌  | 4569/6000 [33:12<17:26,  1.37it/s, F=6, P=0, R=0, loss=1.3145]Training:  76%|███████▌  | 4570/6000 [33:13<16:56,  1.41it/s, F=6, P=0, R=0, loss=1.3145]Training:  76%|███████▌  | 4571/6000 [33:13<13:53,  1.71it/s, F=6, P=0, R=0, loss=1.3145]Training:  76%|███████▌  | 4572/6000 [33:14<15:49,  1.50it/s, F=6, P=0, R=0, loss=1.3145]Training:  76%|███████▌  | 4573/6000 [33:15<15:50,  1.50it/s, F=6, P=0, R=0, loss=1.3145]Training:  76%|███████▌  | 4574/6000 [33:16<15:46,  1.51it/s, F=6, P=0, R=0, loss=1.3145]Training:  76%|███████▋  | 4575/6000 [33:17<18:08,  1.31it/s, F=6, P=0, R=0, loss=1.3145]Training:  76%|███████▋  | 4576/6000 [33:17<17:29,  1.36it/s, F=6, P=0, R=0, loss=1.3145]Training:  76%|███████▋  | 4577/6000 [33:18<16:34,  1.43it/s, F=6, P=0, R=0, loss=1.3145]Training:  76%|███████▋  | 4578/6000 [33:19<16:29,  1.44it/s, F=6, P=0, R=0, loss=1.3145]Training:  76%|███████▋  | 4579/6000 [33:19<17:12,  1.38it/s, F=6, P=0, R=0, loss=1.3145]Training:  76%|███████▋  | 4580/6000 [33:20<18:48,  1.26it/s, F=6, P=0, R=0, loss=1.3145]Training:  76%|███████▋  | 4580/6000 [33:21<18:48,  1.26it/s, F=6, P=0, R=0, loss=1.4305]Training:  76%|███████▋  | 4581/6000 [33:21<19:44,  1.20it/s, F=6, P=0, R=0, loss=1.4305]Training:  76%|███████▋  | 4582/6000 [33:22<17:32,  1.35it/s, F=6, P=0, R=0, loss=1.4305]Training:  76%|███████▋  | 4583/6000 [33:23<17:28,  1.35it/s, F=6, P=0, R=0, loss=1.4305]Training:  76%|███████▋  | 4584/6000 [33:23<17:29,  1.35it/s, F=6, P=0, R=0, loss=1.4305]Training:  76%|███████▋  | 4585/6000 [33:24<19:39,  1.20it/s, F=6, P=0, R=0, loss=1.4305]Training:  76%|███████▋  | 4586/6000 [33:25<19:52,  1.19it/s, F=6, P=0, R=0, loss=1.4305]Training:  76%|███████▋  | 4587/6000 [33:26<20:54,  1.13it/s, F=6, P=0, R=0, loss=1.4305]Training:  76%|███████▋  | 4588/6000 [33:26<16:47,  1.40it/s, F=6, P=0, R=0, loss=1.4305]Training:  76%|███████▋  | 4589/6000 [33:27<16:58,  1.38it/s, F=6, P=0, R=0, loss=1.4305]Training:  76%|███████▋  | 4590/6000 [33:28<16:39,  1.41it/s, F=6, P=0, R=0, loss=1.4305]Training:  77%|███████▋  | 4591/6000 [33:28<14:34,  1.61it/s, F=6, P=0, R=0, loss=1.4305]Training:  77%|███████▋  | 4592/6000 [33:29<13:13,  1.77it/s, F=6, P=0, R=0, loss=1.4305]Training:  77%|███████▋  | 4593/6000 [33:29<14:29,  1.62it/s, F=6, P=0, R=0, loss=1.4305]Training:  77%|███████▋  | 4594/6000 [33:30<12:17,  1.91it/s, F=6, P=0, R=0, loss=1.4305]Training:  77%|███████▋  | 4595/6000 [33:31<13:54,  1.68it/s, F=6, P=0, R=0, loss=1.4305]Training:  77%|███████▋  | 4596/6000 [33:31<14:44,  1.59it/s, F=6, P=0, R=0, loss=1.4305]Training:  77%|███████▋  | 4597/6000 [33:32<13:23,  1.75it/s, F=6, P=0, R=0, loss=1.4305]Training:  77%|███████▋  | 4598/6000 [33:32<11:57,  1.95it/s, F=6, P=0, R=0, loss=1.4305]Training:  77%|███████▋  | 4599/6000 [33:33<14:34,  1.60it/s, F=6, P=0, R=0, loss=1.4305]Training:  77%|███████▋  | 4600/6000 [33:33<13:49,  1.69it/s, F=6, P=0, R=0, loss=1.4305]Training:  77%|███████▋  | 4600/6000 [33:34<13:49,  1.69it/s, F=6, P=0, R=0, loss=1.6408]Training:  77%|███████▋  | 4601/6000 [33:34<14:25,  1.62it/s, F=6, P=0, R=0, loss=1.6408]Training:  77%|███████▋  | 4602/6000 [33:35<15:31,  1.50it/s, F=6, P=0, R=0, loss=1.6408]Training:  77%|███████▋  | 4603/6000 [33:35<14:47,  1.57it/s, F=6, P=0, R=0, loss=1.6408]Training:  77%|███████▋  | 4604/6000 [33:36<15:19,  1.52it/s, F=6, P=0, R=0, loss=1.6408]Training:  77%|███████▋  | 4605/6000 [33:37<16:29,  1.41it/s, F=6, P=0, R=0, loss=1.6408]Training:  77%|███████▋  | 4606/6000 [33:38<17:16,  1.34it/s, F=6, P=0, R=0, loss=1.6408]Training:  77%|███████▋  | 4607/6000 [33:38<16:17,  1.43it/s, F=6, P=0, R=0, loss=1.6408]Training:  77%|███████▋  | 4608/6000 [33:39<16:20,  1.42it/s, F=6, P=0, R=0, loss=1.6408]Training:  77%|███████▋  | 4609/6000 [33:40<16:59,  1.36it/s, F=6, P=0, R=0, loss=1.6408]Training:  77%|███████▋  | 4610/6000 [33:41<16:14,  1.43it/s, F=6, P=0, R=0, loss=1.6408]Training:  77%|███████▋  | 4611/6000 [33:41<14:08,  1.64it/s, F=6, P=0, R=0, loss=1.6408]Training:  77%|███████▋  | 4612/6000 [33:42<13:55,  1.66it/s, F=6, P=0, R=0, loss=1.6408]Training:  77%|███████▋  | 4613/6000 [33:42<14:19,  1.61it/s, F=6, P=0, R=0, loss=1.6408]Training:  77%|███████▋  | 4614/6000 [33:43<15:17,  1.51it/s, F=6, P=0, R=0, loss=1.6408]Training:  77%|███████▋  | 4615/6000 [33:44<17:16,  1.34it/s, F=6, P=0, R=0, loss=1.6408]Training:  77%|███████▋  | 4616/6000 [33:45<16:15,  1.42it/s, F=6, P=0, R=0, loss=1.6408]Training:  77%|███████▋  | 4617/6000 [33:45<17:10,  1.34it/s, F=6, P=0, R=0, loss=1.6408]Training:  77%|███████▋  | 4618/6000 [33:46<17:45,  1.30it/s, F=6, P=0, R=0, loss=1.6408]Training:  77%|███████▋  | 4619/6000 [33:47<16:05,  1.43it/s, F=6, P=0, R=0, loss=1.6408]Training:  77%|███████▋  | 4620/6000 [33:48<18:21,  1.25it/s, F=6, P=0, R=0, loss=1.6408]Training:  77%|███████▋  | 4620/6000 [33:48<18:21,  1.25it/s, F=6, P=0, R=0, loss=1.6390]Training:  77%|███████▋  | 4621/6000 [33:48<17:22,  1.32it/s, F=6, P=0, R=0, loss=1.6390]Training:  77%|███████▋  | 4622/6000 [33:49<16:43,  1.37it/s, F=6, P=0, R=0, loss=1.6390]Training:  77%|███████▋  | 4623/6000 [33:50<16:21,  1.40it/s, F=6, P=0, R=0, loss=1.6390]Training:  77%|███████▋  | 4624/6000 [33:51<17:06,  1.34it/s, F=6, P=0, R=0, loss=1.6390]Training:  77%|███████▋  | 4625/6000 [33:52<18:21,  1.25it/s, F=6, P=0, R=0, loss=1.6390]Training:  77%|███████▋  | 4626/6000 [33:52<16:31,  1.39it/s, F=6, P=0, R=0, loss=1.6390]Training:  77%|███████▋  | 4627/6000 [33:53<16:40,  1.37it/s, F=6, P=0, R=0, loss=1.6390]Training:  77%|███████▋  | 4628/6000 [33:53<13:48,  1.66it/s, F=6, P=0, R=0, loss=1.6390]Training:  77%|███████▋  | 4629/6000 [33:54<14:31,  1.57it/s, F=6, P=0, R=0, loss=1.6390]Training:  77%|███████▋  | 4630/6000 [33:55<15:40,  1.46it/s, F=6, P=0, R=0, loss=1.6390]Training:  77%|███████▋  | 4631/6000 [33:55<16:13,  1.41it/s, F=6, P=0, R=0, loss=1.6390]Training:  77%|███████▋  | 4632/6000 [33:56<16:09,  1.41it/s, F=6, P=0, R=0, loss=1.6390]Training:  77%|███████▋  | 4633/6000 [33:56<13:18,  1.71it/s, F=6, P=0, R=0, loss=1.6390]Training:  77%|███████▋  | 4634/6000 [33:57<14:35,  1.56it/s, F=6, P=0, R=0, loss=1.6390]Training:  77%|███████▋  | 4635/6000 [33:58<16:31,  1.38it/s, F=6, P=0, R=0, loss=1.6390]Training:  77%|███████▋  | 4636/6000 [33:59<17:28,  1.30it/s, F=6, P=0, R=0, loss=1.6390]Training:  77%|███████▋  | 4637/6000 [34:00<16:35,  1.37it/s, F=6, P=0, R=0, loss=1.6390]Training:  77%|███████▋  | 4638/6000 [34:00<16:51,  1.35it/s, F=6, P=0, R=0, loss=1.6390]Training:  77%|███████▋  | 4639/6000 [34:01<15:50,  1.43it/s, F=6, P=0, R=0, loss=1.6390]Training:  77%|███████▋  | 4640/6000 [34:01<14:09,  1.60it/s, F=6, P=0, R=0, loss=1.6390]Training:  77%|███████▋  | 4640/6000 [34:02<14:09,  1.60it/s, F=6, P=0, R=0, loss=1.3078]Training:  77%|███████▋  | 4641/6000 [34:02<14:10,  1.60it/s, F=6, P=0, R=0, loss=1.3078]Training:  77%|███████▋  | 4642/6000 [34:03<15:11,  1.49it/s, F=6, P=0, R=0, loss=1.3078]Training:  77%|███████▋  | 4643/6000 [34:03<14:13,  1.59it/s, F=6, P=0, R=0, loss=1.3078]Training:  77%|███████▋  | 4644/6000 [34:04<12:55,  1.75it/s, F=6, P=0, R=0, loss=1.3078]Training:  77%|███████▋  | 4645/6000 [34:05<14:56,  1.51it/s, F=6, P=0, R=0, loss=1.3078]Training:  77%|███████▋  | 4646/6000 [34:06<16:20,  1.38it/s, F=6, P=0, R=0, loss=1.3078]Training:  77%|███████▋  | 4647/6000 [34:06<14:50,  1.52it/s, F=6, P=0, R=0, loss=1.3078]Training:  77%|███████▋  | 4648/6000 [34:07<15:40,  1.44it/s, F=6, P=0, R=0, loss=1.3078]Training:  77%|███████▋  | 4649/6000 [34:07<13:29,  1.67it/s, F=6, P=0, R=0, loss=1.3078]Training:  78%|███████▊  | 4650/6000 [34:08<12:49,  1.75it/s, F=6, P=0, R=0, loss=1.3078]Training:  78%|███████▊  | 4651/6000 [34:08<13:24,  1.68it/s, F=6, P=0, R=0, loss=1.3078]Training:  78%|███████▊  | 4652/6000 [34:09<11:37,  1.93it/s, F=6, P=0, R=0, loss=1.3078]Training:  78%|███████▊  | 4653/6000 [34:09<12:25,  1.81it/s, F=6, P=0, R=0, loss=1.3078]Training:  78%|███████▊  | 4654/6000 [34:10<11:58,  1.87it/s, F=6, P=0, R=0, loss=1.3078]Training:  78%|███████▊  | 4655/6000 [34:10<11:04,  2.02it/s, F=6, P=0, R=0, loss=1.3078]Training:  78%|███████▊  | 4656/6000 [34:11<11:52,  1.89it/s, F=6, P=0, R=0, loss=1.3078]Training:  78%|███████▊  | 4657/6000 [34:11<10:27,  2.14it/s, F=6, P=0, R=0, loss=1.3078]Training:  78%|███████▊  | 4658/6000 [34:12<12:20,  1.81it/s, F=6, P=0, R=0, loss=1.3078]Training:  78%|███████▊  | 4659/6000 [34:13<13:12,  1.69it/s, F=6, P=0, R=0, loss=1.3078]Training:  78%|███████▊  | 4660/6000 [34:13<14:10,  1.57it/s, F=6, P=0, R=0, loss=1.3078]Training:  78%|███████▊  | 4660/6000 [34:14<14:10,  1.57it/s, F=6, P=0, R=0, loss=1.4189]Training:  78%|███████▊  | 4661/6000 [34:14<15:05,  1.48it/s, F=6, P=0, R=0, loss=1.4189]Training:  78%|███████▊  | 4662/6000 [34:15<15:41,  1.42it/s, F=6, P=0, R=0, loss=1.4189]Training:  78%|███████▊  | 4663/6000 [34:16<16:26,  1.35it/s, F=6, P=0, R=0, loss=1.4189]Training:  78%|███████▊  | 4664/6000 [34:16<16:31,  1.35it/s, F=6, P=0, R=0, loss=1.4189]Training:  78%|███████▊  | 4665/6000 [34:17<16:40,  1.33it/s, F=6, P=0, R=0, loss=1.4189]Training:  78%|███████▊  | 4666/6000 [34:18<17:24,  1.28it/s, F=6, P=0, R=0, loss=1.4189]Training:  78%|███████▊  | 4667/6000 [34:19<15:32,  1.43it/s, F=6, P=0, R=0, loss=1.4189]Training:  78%|███████▊  | 4668/6000 [34:19<15:55,  1.39it/s, F=6, P=0, R=0, loss=1.4189]Training:  78%|███████▊  | 4669/6000 [34:20<16:38,  1.33it/s, F=6, P=0, R=0, loss=1.4189]Training:  78%|███████▊  | 4670/6000 [34:21<17:30,  1.27it/s, F=6, P=0, R=0, loss=1.4189]Training:  78%|███████▊  | 4671/6000 [34:22<15:58,  1.39it/s, F=6, P=0, R=0, loss=1.4189]Training:  78%|███████▊  | 4672/6000 [34:22<16:31,  1.34it/s, F=6, P=0, R=0, loss=1.4189]Training:  78%|███████▊  | 4673/6000 [34:23<16:29,  1.34it/s, F=6, P=0, R=0, loss=1.4189]Training:  78%|███████▊  | 4674/6000 [34:24<16:57,  1.30it/s, F=6, P=0, R=0, loss=1.4189]Training:  78%|███████▊  | 4675/6000 [34:25<16:05,  1.37it/s, F=6, P=0, R=0, loss=1.4189]Training:  78%|███████▊  | 4676/6000 [34:25<14:33,  1.52it/s, F=6, P=0, R=0, loss=1.4189]Training:  78%|███████▊  | 4677/6000 [34:26<15:35,  1.41it/s, F=6, P=0, R=0, loss=1.4189]Training:  78%|███████▊  | 4678/6000 [34:26<13:43,  1.61it/s, F=6, P=0, R=0, loss=1.4189]Training:  78%|███████▊  | 4679/6000 [34:27<14:11,  1.55it/s, F=6, P=0, R=0, loss=1.4189]Training:  78%|███████▊  | 4680/6000 [34:27<11:52,  1.85it/s, F=6, P=0, R=0, loss=1.4189]Training:  78%|███████▊  | 4680/6000 [34:28<11:52,  1.85it/s, F=6, P=0, R=0, loss=1.6287]Training:  78%|███████▊  | 4681/6000 [34:28<13:25,  1.64it/s, F=6, P=0, R=0, loss=1.6287]Training:  78%|███████▊  | 4682/6000 [34:29<14:03,  1.56it/s, F=6, P=0, R=0, loss=1.6287]Training:  78%|███████▊  | 4683/6000 [34:30<14:52,  1.48it/s, F=6, P=0, R=0, loss=1.6287]Training:  78%|███████▊  | 4684/6000 [34:30<15:39,  1.40it/s, F=6, P=0, R=0, loss=1.6287]Training:  78%|███████▊  | 4685/6000 [34:31<17:39,  1.24it/s, F=6, P=0, R=0, loss=1.6287]Training:  78%|███████▊  | 4686/6000 [34:32<13:34,  1.61it/s, F=6, P=0, R=0, loss=1.6287]Training:  78%|███████▊  | 4687/6000 [34:32<14:16,  1.53it/s, F=6, P=0, R=0, loss=1.6287]Training:  78%|███████▊  | 4688/6000 [34:33<11:54,  1.84it/s, F=6, P=0, R=0, loss=1.6287]Training:  78%|███████▊  | 4689/6000 [34:33<12:36,  1.73it/s, F=6, P=0, R=0, loss=1.6287]Training:  78%|███████▊  | 4690/6000 [34:34<14:38,  1.49it/s, F=6, P=0, R=0, loss=1.6287]Training:  78%|███████▊  | 4691/6000 [34:35<12:41,  1.72it/s, F=6, P=0, R=0, loss=1.6287]Training:  78%|███████▊  | 4692/6000 [34:35<12:49,  1.70it/s, F=6, P=0, R=0, loss=1.6287]Training:  78%|███████▊  | 4693/6000 [34:36<13:53,  1.57it/s, F=6, P=0, R=0, loss=1.6287]Training:  78%|███████▊  | 4694/6000 [34:37<14:35,  1.49it/s, F=6, P=0, R=0, loss=1.6287]Training:  78%|███████▊  | 4695/6000 [34:38<15:58,  1.36it/s, F=6, P=0, R=0, loss=1.6287]Training:  78%|███████▊  | 4696/6000 [34:38<14:30,  1.50it/s, F=6, P=0, R=0, loss=1.6287]Training:  78%|███████▊  | 4697/6000 [34:39<15:51,  1.37it/s, F=6, P=0, R=0, loss=1.6287]Training:  78%|███████▊  | 4698/6000 [34:40<15:35,  1.39it/s, F=6, P=0, R=0, loss=1.6287]Training:  78%|███████▊  | 4699/6000 [34:40<16:11,  1.34it/s, F=6, P=0, R=0, loss=1.6287]Training:  78%|███████▊  | 4700/6000 [34:41<14:18,  1.52it/s, F=6, P=0, R=0, loss=1.6287]Training:  78%|███████▊  | 4700/6000 [34:42<14:18,  1.52it/s, F=6, P=0, R=0, loss=1.6293]Training:  78%|███████▊  | 4701/6000 [34:42<14:54,  1.45it/s, F=6, P=0, R=0, loss=1.6293]Training:  78%|███████▊  | 4702/6000 [34:42<16:02,  1.35it/s, F=6, P=0, R=0, loss=1.6293]Training:  78%|███████▊  | 4703/6000 [34:43<16:31,  1.31it/s, F=6, P=0, R=0, loss=1.6293]Training:  78%|███████▊  | 4704/6000 [34:44<16:34,  1.30it/s, F=6, P=0, R=0, loss=1.6293]Training:  78%|███████▊  | 4705/6000 [34:44<14:13,  1.52it/s, F=6, P=0, R=0, loss=1.6293]Training:  78%|███████▊  | 4706/6000 [34:45<15:35,  1.38it/s, F=6, P=0, R=0, loss=1.6293]Training:  78%|███████▊  | 4707/6000 [34:46<13:33,  1.59it/s, F=6, P=0, R=0, loss=1.6293]Training:  78%|███████▊  | 4708/6000 [34:47<15:02,  1.43it/s, F=6, P=0, R=0, loss=1.6293]Training:  78%|███████▊  | 4709/6000 [34:47<15:32,  1.39it/s, F=6, P=0, R=0, loss=1.6293]Training:  78%|███████▊  | 4710/6000 [34:48<15:50,  1.36it/s, F=6, P=0, R=0, loss=1.6293]Training:  79%|███████▊  | 4711/6000 [34:49<14:45,  1.46it/s, F=6, P=0, R=0, loss=1.6293]Training:  79%|███████▊  | 4712/6000 [34:50<15:17,  1.40it/s, F=6, P=0, R=0, loss=1.6293]Training:  79%|███████▊  | 4713/6000 [34:50<15:45,  1.36it/s, F=6, P=0, R=0, loss=1.6293]Training:  79%|███████▊  | 4714/6000 [34:51<15:51,  1.35it/s, F=6, P=0, R=0, loss=1.6293]Training:  79%|███████▊  | 4715/6000 [34:52<17:58,  1.19it/s, F=6, P=0, R=0, loss=1.6293]Training:  79%|███████▊  | 4716/6000 [34:53<18:29,  1.16it/s, F=6, P=0, R=0, loss=1.6293]Training:  79%|███████▊  | 4717/6000 [34:53<15:14,  1.40it/s, F=6, P=0, R=0, loss=1.6293]Training:  79%|███████▊  | 4718/6000 [34:54<15:17,  1.40it/s, F=6, P=0, R=0, loss=1.6293]Training:  79%|███████▊  | 4719/6000 [34:55<15:03,  1.42it/s, F=6, P=0, R=0, loss=1.6293]Training:  79%|███████▊  | 4720/6000 [34:56<15:30,  1.37it/s, F=6, P=0, R=0, loss=1.6293]Training:  79%|███████▊  | 4720/6000 [34:56<15:30,  1.37it/s, F=6, P=0, R=0, loss=1.2959]Training:  79%|███████▊  | 4721/6000 [34:56<16:00,  1.33it/s, F=6, P=0, R=0, loss=1.2959]Training:  79%|███████▊  | 4722/6000 [34:57<14:35,  1.46it/s, F=6, P=0, R=0, loss=1.2959]Training:  79%|███████▊  | 4723/6000 [34:57<12:50,  1.66it/s, F=6, P=0, R=0, loss=1.2959]Training:  79%|███████▊  | 4724/6000 [34:58<13:41,  1.55it/s, F=6, P=0, R=0, loss=1.2959]Training:  79%|███████▉  | 4725/6000 [34:59<15:04,  1.41it/s, F=6, P=0, R=0, loss=1.2959]Training:  79%|███████▉  | 4726/6000 [35:00<16:03,  1.32it/s, F=6, P=0, R=0, loss=1.2959]Training:  79%|███████▉  | 4727/6000 [35:00<14:44,  1.44it/s, F=6, P=0, R=0, loss=1.2959]Training:  79%|███████▉  | 4728/6000 [35:01<13:25,  1.58it/s, F=6, P=0, R=0, loss=1.2959]Training:  79%|███████▉  | 4729/6000 [35:02<15:02,  1.41it/s, F=6, P=0, R=0, loss=1.2959]Training:  79%|███████▉  | 4730/6000 [35:03<16:05,  1.32it/s, F=6, P=0, R=0, loss=1.2959]Training:  79%|███████▉  | 4731/6000 [35:03<12:38,  1.67it/s, F=6, P=0, R=0, loss=1.2959]Training:  79%|███████▉  | 4732/6000 [35:03<13:01,  1.62it/s, F=6, P=0, R=0, loss=1.2959]Training:  79%|███████▉  | 4733/6000 [35:04<13:59,  1.51it/s, F=6, P=0, R=0, loss=1.2959]Training:  79%|███████▉  | 4734/6000 [35:05<12:30,  1.69it/s, F=6, P=0, R=0, loss=1.2959]Training:  79%|███████▉  | 4735/6000 [35:06<14:08,  1.49it/s, F=6, P=0, R=0, loss=1.2959]Training:  79%|███████▉  | 4736/6000 [35:06<11:55,  1.77it/s, F=6, P=0, R=0, loss=1.2959]Training:  79%|███████▉  | 4737/6000 [35:07<13:54,  1.51it/s, F=6, P=0, R=0, loss=1.2959]Training:  79%|███████▉  | 4738/6000 [35:07<11:50,  1.78it/s, F=6, P=0, R=0, loss=1.2959]Training:  79%|███████▉  | 4739/6000 [35:08<12:55,  1.63it/s, F=6, P=0, R=0, loss=1.2959]Training:  79%|███████▉  | 4740/6000 [35:08<13:09,  1.60it/s, F=6, P=0, R=0, loss=1.2959]Training:  79%|███████▉  | 4740/6000 [35:09<13:09,  1.60it/s, F=6, P=0, R=0, loss=1.4072]Training:  79%|███████▉  | 4741/6000 [35:09<14:24,  1.46it/s, F=6, P=0, R=0, loss=1.4072]Training:  79%|███████▉  | 4742/6000 [35:10<15:42,  1.33it/s, F=6, P=0, R=0, loss=1.4072]Training:  79%|███████▉  | 4743/6000 [35:11<14:55,  1.40it/s, F=6, P=0, R=0, loss=1.4072]Training:  79%|███████▉  | 4744/6000 [35:11<12:47,  1.64it/s, F=6, P=0, R=0, loss=1.4072]Training:  79%|███████▉  | 4745/6000 [35:12<13:36,  1.54it/s, F=6, P=0, R=0, loss=1.4072]Training:  79%|███████▉  | 4746/6000 [35:13<15:03,  1.39it/s, F=6, P=0, R=0, loss=1.4072]Training:  79%|███████▉  | 4747/6000 [35:14<16:03,  1.30it/s, F=6, P=0, R=0, loss=1.4072]Training:  79%|███████▉  | 4748/6000 [35:14<13:18,  1.57it/s, F=6, P=0, R=0, loss=1.4072]Training:  79%|███████▉  | 4749/6000 [35:15<13:15,  1.57it/s, F=6, P=0, R=0, loss=1.4072]Training:  79%|███████▉  | 4750/6000 [35:15<14:02,  1.48it/s, F=6, P=0, R=0, loss=1.4072]Training:  79%|███████▉  | 4751/6000 [35:18<28:53,  1.39s/it, val_loss=1.324]            Training:  79%|███████▉  | 4752/6000 [35:19<23:58,  1.15s/it, val_loss=1.324]Training:  79%|███████▉  | 4753/6000 [35:20<21:27,  1.03s/it, val_loss=1.324]Training:  79%|███████▉  | 4754/6000 [35:21<19:44,  1.05it/s, val_loss=1.324]Training:  79%|███████▉  | 4755/6000 [35:22<19:30,  1.06it/s, val_loss=1.324]Training:  79%|███████▉  | 4756/6000 [35:22<19:14,  1.08it/s, val_loss=1.324]Training:  79%|███████▉  | 4757/6000 [35:23<16:20,  1.27it/s, val_loss=1.324]Training:  79%|███████▉  | 4758/6000 [35:24<16:45,  1.24it/s, val_loss=1.324]Training:  79%|███████▉  | 4759/6000 [35:25<16:50,  1.23it/s, val_loss=1.324]Training:  79%|███████▉  | 4760/6000 [35:25<15:11,  1.36it/s, val_loss=1.324]Training:  79%|███████▉  | 4760/6000 [35:26<15:11,  1.36it/s, F=6, P=0, R=0, loss=1.6155]Training:  79%|███████▉  | 4761/6000 [35:26<14:32,  1.42it/s, F=6, P=0, R=0, loss=1.6155]Training:  79%|███████▉  | 4762/6000 [35:26<13:18,  1.55it/s, F=6, P=0, R=0, loss=1.6155]Training:  79%|███████▉  | 4763/6000 [35:27<12:09,  1.70it/s, F=6, P=0, R=0, loss=1.6155]Training:  79%|███████▉  | 4764/6000 [35:28<13:46,  1.50it/s, F=6, P=0, R=0, loss=1.6155]Training:  79%|███████▉  | 4765/6000 [35:29<16:39,  1.24it/s, F=6, P=0, R=0, loss=1.6155]Training:  79%|███████▉  | 4766/6000 [35:29<14:14,  1.44it/s, F=6, P=0, R=0, loss=1.6155]Training:  79%|███████▉  | 4767/6000 [35:30<14:17,  1.44it/s, F=6, P=0, R=0, loss=1.6155]Training:  79%|███████▉  | 4768/6000 [35:31<14:36,  1.40it/s, F=6, P=0, R=0, loss=1.6155]Training:  79%|███████▉  | 4769/6000 [35:31<15:16,  1.34it/s, F=6, P=0, R=0, loss=1.6155]Training:  80%|███████▉  | 4770/6000 [35:32<14:03,  1.46it/s, F=6, P=0, R=0, loss=1.6155]Training:  80%|███████▉  | 4771/6000 [35:33<13:42,  1.49it/s, F=6, P=0, R=0, loss=1.6155]Training:  80%|███████▉  | 4772/6000 [35:33<13:19,  1.54it/s, F=6, P=0, R=0, loss=1.6155]Training:  80%|███████▉  | 4773/6000 [35:34<13:51,  1.48it/s, F=6, P=0, R=0, loss=1.6155]Training:  80%|███████▉  | 4774/6000 [35:35<14:17,  1.43it/s, F=6, P=0, R=0, loss=1.6155]Training:  80%|███████▉  | 4775/6000 [35:35<14:43,  1.39it/s, F=6, P=0, R=0, loss=1.6155]Training:  80%|███████▉  | 4776/6000 [35:36<14:54,  1.37it/s, F=6, P=0, R=0, loss=1.6155]Training:  80%|███████▉  | 4777/6000 [35:37<15:10,  1.34it/s, F=6, P=0, R=0, loss=1.6155]Training:  80%|███████▉  | 4778/6000 [35:38<15:11,  1.34it/s, F=6, P=0, R=0, loss=1.6155]Training:  80%|███████▉  | 4779/6000 [35:38<15:08,  1.34it/s, F=6, P=0, R=0, loss=1.6155]Training:  80%|███████▉  | 4780/6000 [35:39<15:47,  1.29it/s, F=6, P=0, R=0, loss=1.6155]Training:  80%|███████▉  | 4780/6000 [35:40<15:47,  1.29it/s, F=6, P=0, R=0, loss=1.6202]Training:  80%|███████▉  | 4781/6000 [35:40<14:33,  1.40it/s, F=6, P=0, R=0, loss=1.6202]Training:  80%|███████▉  | 4782/6000 [35:41<15:27,  1.31it/s, F=6, P=0, R=0, loss=1.6202]Training:  80%|███████▉  | 4783/6000 [35:41<13:07,  1.54it/s, F=6, P=0, R=0, loss=1.6202]Training:  80%|███████▉  | 4784/6000 [35:42<14:09,  1.43it/s, F=6, P=0, R=0, loss=1.6202]Training:  80%|███████▉  | 4785/6000 [35:43<15:16,  1.33it/s, F=6, P=0, R=0, loss=1.6202]Training:  80%|███████▉  | 4786/6000 [35:43<13:47,  1.47it/s, F=6, P=0, R=0, loss=1.6202]Training:  80%|███████▉  | 4787/6000 [35:44<13:24,  1.51it/s, F=6, P=0, R=0, loss=1.6202]Training:  80%|███████▉  | 4788/6000 [35:45<13:19,  1.52it/s, F=6, P=0, R=0, loss=1.6202]Training:  80%|███████▉  | 4789/6000 [35:45<11:14,  1.80it/s, F=6, P=0, R=0, loss=1.6202]Training:  80%|███████▉  | 4790/6000 [35:46<11:15,  1.79it/s, F=6, P=0, R=0, loss=1.6202]Training:  80%|███████▉  | 4791/6000 [35:46<09:55,  2.03it/s, F=6, P=0, R=0, loss=1.6202]Training:  80%|███████▉  | 4792/6000 [35:47<10:55,  1.84it/s, F=6, P=0, R=0, loss=1.6202]Training:  80%|███████▉  | 4793/6000 [35:47<12:17,  1.64it/s, F=6, P=0, R=0, loss=1.6202]Training:  80%|███████▉  | 4794/6000 [35:48<11:20,  1.77it/s, F=6, P=0, R=0, loss=1.6202]Training:  80%|███████▉  | 4795/6000 [35:49<13:38,  1.47it/s, F=6, P=0, R=0, loss=1.6202]Training:  80%|███████▉  | 4796/6000 [35:49<13:19,  1.51it/s, F=6, P=0, R=0, loss=1.6202]Training:  80%|███████▉  | 4797/6000 [35:50<14:02,  1.43it/s, F=6, P=0, R=0, loss=1.6202]Training:  80%|███████▉  | 4798/6000 [35:51<13:39,  1.47it/s, F=6, P=0, R=0, loss=1.6202]Training:  80%|███████▉  | 4799/6000 [35:51<11:21,  1.76it/s, F=6, P=0, R=0, loss=1.6202]Training:  80%|████████  | 4800/6000 [35:52<12:21,  1.62it/s, F=6, P=0, R=0, loss=1.6202]Training:  80%|████████  | 4800/6000 [35:53<12:21,  1.62it/s, F=6, P=0, R=0, loss=1.2846]Training:  80%|████████  | 4801/6000 [35:53<13:08,  1.52it/s, F=6, P=0, R=0, loss=1.2846]Training:  80%|████████  | 4802/6000 [35:53<13:56,  1.43it/s, F=6, P=0, R=0, loss=1.2846]Training:  80%|████████  | 4803/6000 [35:54<13:52,  1.44it/s, F=6, P=0, R=0, loss=1.2846]Training:  80%|████████  | 4804/6000 [35:55<13:50,  1.44it/s, F=6, P=0, R=0, loss=1.2846]Training:  80%|████████  | 4805/6000 [35:55<13:37,  1.46it/s, F=6, P=0, R=0, loss=1.2846]Training:  80%|████████  | 4806/6000 [35:56<11:11,  1.78it/s, F=6, P=0, R=0, loss=1.2846]Training:  80%|████████  | 4807/6000 [35:56<12:09,  1.63it/s, F=6, P=0, R=0, loss=1.2846]Training:  80%|████████  | 4808/6000 [35:57<13:06,  1.52it/s, F=6, P=0, R=0, loss=1.2846]Training:  80%|████████  | 4809/6000 [35:58<14:03,  1.41it/s, F=6, P=0, R=0, loss=1.2846]Training:  80%|████████  | 4810/6000 [35:59<13:13,  1.50it/s, F=6, P=0, R=0, loss=1.2846]Training:  80%|████████  | 4811/6000 [35:59<12:34,  1.57it/s, F=6, P=0, R=0, loss=1.2846]Training:  80%|████████  | 4812/6000 [36:00<12:48,  1.55it/s, F=6, P=0, R=0, loss=1.2846]Training:  80%|████████  | 4813/6000 [36:00<10:16,  1.93it/s, F=6, P=0, R=0, loss=1.2846]Training:  80%|████████  | 4814/6000 [36:01<11:11,  1.76it/s, F=6, P=0, R=0, loss=1.2846]Training:  80%|████████  | 4815/6000 [36:01<12:26,  1.59it/s, F=6, P=0, R=0, loss=1.2846]Training:  80%|████████  | 4816/6000 [36:02<12:45,  1.55it/s, F=6, P=0, R=0, loss=1.2846]Training:  80%|████████  | 4817/6000 [36:03<13:22,  1.47it/s, F=6, P=0, R=0, loss=1.2846]Training:  80%|████████  | 4818/6000 [36:04<13:36,  1.45it/s, F=6, P=0, R=0, loss=1.2846]Training:  80%|████████  | 4819/6000 [36:04<14:27,  1.36it/s, F=6, P=0, R=0, loss=1.2846]Training:  80%|████████  | 4820/6000 [36:05<15:09,  1.30it/s, F=6, P=0, R=0, loss=1.2846]Training:  80%|████████  | 4820/6000 [36:06<15:09,  1.30it/s, F=6, P=0, R=0, loss=1.4001]Training:  80%|████████  | 4821/6000 [36:06<13:59,  1.40it/s, F=6, P=0, R=0, loss=1.4001]Training:  80%|████████  | 4822/6000 [36:07<14:05,  1.39it/s, F=6, P=0, R=0, loss=1.4001]Training:  80%|████████  | 4823/6000 [36:07<13:32,  1.45it/s, F=6, P=0, R=0, loss=1.4001]Training:  80%|████████  | 4824/6000 [36:08<13:11,  1.49it/s, F=6, P=0, R=0, loss=1.4001]Training:  80%|████████  | 4825/6000 [36:09<13:35,  1.44it/s, F=6, P=0, R=0, loss=1.4001]Training:  80%|████████  | 4826/6000 [36:09<13:54,  1.41it/s, F=6, P=0, R=0, loss=1.4001]Training:  80%|████████  | 4827/6000 [36:10<14:27,  1.35it/s, F=6, P=0, R=0, loss=1.4001]Training:  80%|████████  | 4828/6000 [36:11<14:36,  1.34it/s, F=6, P=0, R=0, loss=1.4001]Training:  80%|████████  | 4829/6000 [36:12<13:56,  1.40it/s, F=6, P=0, R=0, loss=1.4001]Training:  80%|████████  | 4830/6000 [36:12<14:46,  1.32it/s, F=6, P=0, R=0, loss=1.4001]Training:  81%|████████  | 4831/6000 [36:13<13:49,  1.41it/s, F=6, P=0, R=0, loss=1.4001]Training:  81%|████████  | 4832/6000 [36:14<14:09,  1.37it/s, F=6, P=0, R=0, loss=1.4001]Training:  81%|████████  | 4833/6000 [36:14<13:12,  1.47it/s, F=6, P=0, R=0, loss=1.4001]Training:  81%|████████  | 4834/6000 [36:15<13:39,  1.42it/s, F=6, P=0, R=0, loss=1.4001]Training:  81%|████████  | 4835/6000 [36:16<13:02,  1.49it/s, F=6, P=0, R=0, loss=1.4001]Training:  81%|████████  | 4836/6000 [36:17<14:01,  1.38it/s, F=6, P=0, R=0, loss=1.4001]Training:  81%|████████  | 4837/6000 [36:17<14:41,  1.32it/s, F=6, P=0, R=0, loss=1.4001]Training:  81%|████████  | 4838/6000 [36:18<14:46,  1.31it/s, F=6, P=0, R=0, loss=1.4001]Training:  81%|████████  | 4839/6000 [36:19<14:16,  1.36it/s, F=6, P=0, R=0, loss=1.4001]Training:  81%|████████  | 4840/6000 [36:20<14:00,  1.38it/s, F=6, P=0, R=0, loss=1.4001]Training:  81%|████████  | 4840/6000 [36:20<14:00,  1.38it/s, F=6, P=0, R=0, loss=1.6051]Training:  81%|████████  | 4841/6000 [36:20<12:08,  1.59it/s, F=6, P=0, R=0, loss=1.6051]Training:  81%|████████  | 4842/6000 [36:21<13:16,  1.45it/s, F=6, P=0, R=0, loss=1.6051]Training:  81%|████████  | 4843/6000 [36:22<14:24,  1.34it/s, F=6, P=0, R=0, loss=1.6051]Training:  81%|████████  | 4844/6000 [36:22<13:33,  1.42it/s, F=6, P=0, R=0, loss=1.6051]Training:  81%|████████  | 4845/6000 [36:23<13:33,  1.42it/s, F=6, P=0, R=0, loss=1.6051]Training:  81%|████████  | 4846/6000 [36:24<13:37,  1.41it/s, F=6, P=0, R=0, loss=1.6051]Training:  81%|████████  | 4847/6000 [36:24<13:06,  1.47it/s, F=6, P=0, R=0, loss=1.6051]Training:  81%|████████  | 4848/6000 [36:25<13:02,  1.47it/s, F=6, P=0, R=0, loss=1.6051]Training:  81%|████████  | 4849/6000 [36:25<10:50,  1.77it/s, F=6, P=0, R=0, loss=1.6051]Training:  81%|████████  | 4850/6000 [36:26<11:21,  1.69it/s, F=6, P=0, R=0, loss=1.6051]Training:  81%|████████  | 4851/6000 [36:26<09:24,  2.04it/s, F=6, P=0, R=0, loss=1.6051]Training:  81%|████████  | 4852/6000 [36:27<12:01,  1.59it/s, F=6, P=0, R=0, loss=1.6051]Training:  81%|████████  | 4853/6000 [36:28<13:11,  1.45it/s, F=6, P=0, R=0, loss=1.6051]Training:  81%|████████  | 4854/6000 [36:28<11:40,  1.64it/s, F=6, P=0, R=0, loss=1.6051]Training:  81%|████████  | 4855/6000 [36:29<11:58,  1.59it/s, F=6, P=0, R=0, loss=1.6051]Training:  81%|████████  | 4856/6000 [36:30<13:29,  1.41it/s, F=6, P=0, R=0, loss=1.6051]Training:  81%|████████  | 4857/6000 [36:30<12:07,  1.57it/s, F=6, P=0, R=0, loss=1.6051]Training:  81%|████████  | 4858/6000 [36:31<11:54,  1.60it/s, F=6, P=0, R=0, loss=1.6051]Training:  81%|████████  | 4859/6000 [36:32<13:06,  1.45it/s, F=6, P=0, R=0, loss=1.6051]Training:  81%|████████  | 4860/6000 [36:32<10:30,  1.81it/s, F=6, P=0, R=0, loss=1.6051]Training:  81%|████████  | 4860/6000 [36:33<10:30,  1.81it/s, F=6, P=0, R=0, loss=1.6089]Training:  81%|████████  | 4861/6000 [36:33<11:38,  1.63it/s, F=6, P=0, R=0, loss=1.6089]Training:  81%|████████  | 4862/6000 [36:33<09:59,  1.90it/s, F=6, P=0, R=0, loss=1.6089]Training:  81%|████████  | 4863/6000 [36:34<10:25,  1.82it/s, F=6, P=0, R=0, loss=1.6089]Training:  81%|████████  | 4864/6000 [36:35<11:43,  1.61it/s, F=6, P=0, R=0, loss=1.6089]Training:  81%|████████  | 4865/6000 [36:35<12:41,  1.49it/s, F=6, P=0, R=0, loss=1.6089]Training:  81%|████████  | 4866/6000 [36:36<13:11,  1.43it/s, F=6, P=0, R=0, loss=1.6089]Training:  81%|████████  | 4867/6000 [36:37<13:36,  1.39it/s, F=6, P=0, R=0, loss=1.6089]Training:  81%|████████  | 4868/6000 [36:38<14:13,  1.33it/s, F=6, P=0, R=0, loss=1.6089]Training:  81%|████████  | 4869/6000 [36:38<13:40,  1.38it/s, F=6, P=0, R=0, loss=1.6089]Training:  81%|████████  | 4870/6000 [36:39<15:11,  1.24it/s, F=6, P=0, R=0, loss=1.6089]Training:  81%|████████  | 4871/6000 [36:40<13:19,  1.41it/s, F=6, P=0, R=0, loss=1.6089]Training:  81%|████████  | 4872/6000 [36:40<12:17,  1.53it/s, F=6, P=0, R=0, loss=1.6089]Training:  81%|████████  | 4873/6000 [36:41<13:00,  1.44it/s, F=6, P=0, R=0, loss=1.6089]Training:  81%|████████  | 4874/6000 [36:42<12:54,  1.45it/s, F=6, P=0, R=0, loss=1.6089]Training:  81%|████████▏ | 4875/6000 [36:43<13:58,  1.34it/s, F=6, P=0, R=0, loss=1.6089]Training:  81%|████████▏ | 4876/6000 [36:43<13:37,  1.37it/s, F=6, P=0, R=0, loss=1.6089]Training:  81%|████████▏ | 4877/6000 [36:44<13:49,  1.35it/s, F=6, P=0, R=0, loss=1.6089]Training:  81%|████████▏ | 4878/6000 [36:45<13:44,  1.36it/s, F=6, P=0, R=0, loss=1.6089]Training:  81%|████████▏ | 4879/6000 [36:46<13:39,  1.37it/s, F=6, P=0, R=0, loss=1.6089]Training:  81%|████████▏ | 4880/6000 [36:47<14:39,  1.27it/s, F=6, P=0, R=0, loss=1.6089]Training:  81%|████████▏ | 4880/6000 [36:47<14:39,  1.27it/s, F=6, P=0, R=0, loss=1.2796]Training:  81%|████████▏ | 4881/6000 [36:47<12:15,  1.52it/s, F=6, P=0, R=0, loss=1.2796]Training:  81%|████████▏ | 4882/6000 [36:48<12:44,  1.46it/s, F=6, P=0, R=0, loss=1.2796]Training:  81%|████████▏ | 4883/6000 [36:48<13:37,  1.37it/s, F=6, P=0, R=0, loss=1.2796]Training:  81%|████████▏ | 4884/6000 [36:49<13:48,  1.35it/s, F=6, P=0, R=0, loss=1.2796]Training:  81%|████████▏ | 4885/6000 [36:50<13:50,  1.34it/s, F=6, P=0, R=0, loss=1.2796]Training:  81%|████████▏ | 4886/6000 [36:51<12:35,  1.47it/s, F=6, P=0, R=0, loss=1.2796]Training:  81%|████████▏ | 4887/6000 [36:51<11:10,  1.66it/s, F=6, P=0, R=0, loss=1.2796]Training:  81%|████████▏ | 4888/6000 [36:52<11:49,  1.57it/s, F=6, P=0, R=0, loss=1.2796]Training:  81%|████████▏ | 4889/6000 [36:52<11:00,  1.68it/s, F=6, P=0, R=0, loss=1.2796]Training:  82%|████████▏ | 4890/6000 [36:53<10:13,  1.81it/s, F=6, P=0, R=0, loss=1.2796]Training:  82%|████████▏ | 4891/6000 [36:53<11:27,  1.61it/s, F=6, P=0, R=0, loss=1.2796]Training:  82%|████████▏ | 4892/6000 [36:54<09:04,  2.04it/s, F=6, P=0, R=0, loss=1.2796]Training:  82%|████████▏ | 4893/6000 [36:54<09:10,  2.01it/s, F=6, P=0, R=0, loss=1.2796]Training:  82%|████████▏ | 4894/6000 [36:54<08:42,  2.11it/s, F=6, P=0, R=0, loss=1.2796]Training:  82%|████████▏ | 4895/6000 [36:55<10:09,  1.81it/s, F=6, P=0, R=0, loss=1.2796]Training:  82%|████████▏ | 4896/6000 [36:56<11:56,  1.54it/s, F=6, P=0, R=0, loss=1.2796]Training:  82%|████████▏ | 4897/6000 [36:57<11:19,  1.62it/s, F=6, P=0, R=0, loss=1.2796]Training:  82%|████████▏ | 4898/6000 [36:57<12:07,  1.51it/s, F=6, P=0, R=0, loss=1.2796]Training:  82%|████████▏ | 4899/6000 [36:58<10:45,  1.71it/s, F=6, P=0, R=0, loss=1.2796]Training:  82%|████████▏ | 4900/6000 [36:58<10:20,  1.77it/s, F=6, P=0, R=0, loss=1.2796]Training:  82%|████████▏ | 4900/6000 [36:59<10:20,  1.77it/s, F=6, P=0, R=0, loss=1.3933]Training:  82%|████████▏ | 4901/6000 [36:59<11:38,  1.57it/s, F=6, P=0, R=0, loss=1.3933]Training:  82%|████████▏ | 4902/6000 [37:00<12:19,  1.48it/s, F=6, P=0, R=0, loss=1.3933]Training:  82%|████████▏ | 4903/6000 [37:01<12:34,  1.45it/s, F=6, P=0, R=0, loss=1.3933]Training:  82%|████████▏ | 4904/6000 [37:01<09:57,  1.83it/s, F=6, P=0, R=0, loss=1.3933]Training:  82%|████████▏ | 4905/6000 [37:02<11:02,  1.65it/s, F=6, P=0, R=0, loss=1.3933]Training:  82%|████████▏ | 4906/6000 [37:02<11:58,  1.52it/s, F=6, P=0, R=0, loss=1.3933]Training:  82%|████████▏ | 4907/6000 [37:03<13:17,  1.37it/s, F=6, P=0, R=0, loss=1.3933]Training:  82%|████████▏ | 4908/6000 [37:04<12:39,  1.44it/s, F=6, P=0, R=0, loss=1.3933]Training:  82%|████████▏ | 4909/6000 [37:05<13:26,  1.35it/s, F=6, P=0, R=0, loss=1.3933]Training:  82%|████████▏ | 4910/6000 [37:05<13:00,  1.40it/s, F=6, P=0, R=0, loss=1.3933]Training:  82%|████████▏ | 4911/6000 [37:06<13:11,  1.38it/s, F=6, P=0, R=0, loss=1.3933]Training:  82%|████████▏ | 4912/6000 [37:07<12:46,  1.42it/s, F=6, P=0, R=0, loss=1.3933]Training:  82%|████████▏ | 4913/6000 [37:08<13:00,  1.39it/s, F=6, P=0, R=0, loss=1.3933]Training:  82%|████████▏ | 4914/6000 [37:08<13:10,  1.37it/s, F=6, P=0, R=0, loss=1.3933]Training:  82%|████████▏ | 4915/6000 [37:09<13:21,  1.35it/s, F=6, P=0, R=0, loss=1.3933]Training:  82%|████████▏ | 4916/6000 [37:10<13:27,  1.34it/s, F=6, P=0, R=0, loss=1.3933]Training:  82%|████████▏ | 4917/6000 [37:11<13:28,  1.34it/s, F=6, P=0, R=0, loss=1.3933]Training:  82%|████████▏ | 4918/6000 [37:11<13:34,  1.33it/s, F=6, P=0, R=0, loss=1.3933]Training:  82%|████████▏ | 4919/6000 [37:12<13:28,  1.34it/s, F=6, P=0, R=0, loss=1.3933]Training:  82%|████████▏ | 4920/6000 [37:13<13:17,  1.35it/s, F=6, P=0, R=0, loss=1.3933]Training:  82%|████████▏ | 4920/6000 [37:13<13:17,  1.35it/s, F=6, P=0, R=0, loss=1.5950]Training:  82%|████████▏ | 4921/6000 [37:13<12:42,  1.42it/s, F=6, P=0, R=0, loss=1.5950]Training:  82%|████████▏ | 4922/6000 [37:14<12:57,  1.39it/s, F=6, P=0, R=0, loss=1.5950]Training:  82%|████████▏ | 4923/6000 [37:15<13:04,  1.37it/s, F=6, P=0, R=0, loss=1.5950]Training:  82%|████████▏ | 4924/6000 [37:16<12:51,  1.39it/s, F=6, P=0, R=0, loss=1.5950]Training:  82%|████████▏ | 4925/6000 [37:16<12:51,  1.39it/s, F=6, P=0, R=0, loss=1.5950]Training:  82%|████████▏ | 4926/6000 [37:17<12:46,  1.40it/s, F=6, P=0, R=0, loss=1.5950]Training:  82%|████████▏ | 4927/6000 [37:18<13:08,  1.36it/s, F=6, P=0, R=0, loss=1.5950]Training:  82%|████████▏ | 4928/6000 [37:19<13:13,  1.35it/s, F=6, P=0, R=0, loss=1.5950]Training:  82%|████████▏ | 4929/6000 [37:19<13:01,  1.37it/s, F=6, P=0, R=0, loss=1.5950]Training:  82%|████████▏ | 4930/6000 [37:20<13:08,  1.36it/s, F=6, P=0, R=0, loss=1.5950]Training:  82%|████████▏ | 4931/6000 [37:21<13:13,  1.35it/s, F=6, P=0, R=0, loss=1.5950]Training:  82%|████████▏ | 4932/6000 [37:22<13:27,  1.32it/s, F=6, P=0, R=0, loss=1.5950]Training:  82%|████████▏ | 4933/6000 [37:22<13:32,  1.31it/s, F=6, P=0, R=0, loss=1.5950]Training:  82%|████████▏ | 4934/6000 [37:23<13:28,  1.32it/s, F=6, P=0, R=0, loss=1.5950]Training:  82%|████████▏ | 4935/6000 [37:24<13:33,  1.31it/s, F=6, P=0, R=0, loss=1.5950]Training:  82%|████████▏ | 4936/6000 [37:25<13:30,  1.31it/s, F=6, P=0, R=0, loss=1.5950]Training:  82%|████████▏ | 4937/6000 [37:25<13:30,  1.31it/s, F=6, P=0, R=0, loss=1.5950]Training:  82%|████████▏ | 4938/6000 [37:26<13:27,  1.32it/s, F=6, P=0, R=0, loss=1.5950]Training:  82%|████████▏ | 4939/6000 [37:27<13:11,  1.34it/s, F=6, P=0, R=0, loss=1.5950]Training:  82%|████████▏ | 4940/6000 [37:28<12:55,  1.37it/s, F=6, P=0, R=0, loss=1.5950]Training:  82%|████████▏ | 4940/6000 [37:28<12:55,  1.37it/s, F=6, P=0, R=0, loss=1.6018]Training:  82%|████████▏ | 4941/6000 [37:28<11:00,  1.60it/s, F=6, P=0, R=0, loss=1.6018]Training:  82%|████████▏ | 4942/6000 [37:29<11:38,  1.51it/s, F=6, P=0, R=0, loss=1.6018]Training:  82%|████████▏ | 4943/6000 [37:29<12:16,  1.44it/s, F=6, P=0, R=0, loss=1.6018]Training:  82%|████████▏ | 4944/6000 [37:30<13:01,  1.35it/s, F=6, P=0, R=0, loss=1.6018]Training:  82%|████████▏ | 4945/6000 [37:31<12:24,  1.42it/s, F=6, P=0, R=0, loss=1.6018]Training:  82%|████████▏ | 4946/6000 [37:32<11:57,  1.47it/s, F=6, P=0, R=0, loss=1.6018]Training:  82%|████████▏ | 4947/6000 [37:32<12:17,  1.43it/s, F=6, P=0, R=0, loss=1.6018]Training:  82%|████████▏ | 4948/6000 [37:33<12:32,  1.40it/s, F=6, P=0, R=0, loss=1.6018]Training:  82%|████████▏ | 4949/6000 [37:34<12:50,  1.36it/s, F=6, P=0, R=0, loss=1.6018]Training:  82%|████████▎ | 4950/6000 [41:02<18:21:43, 62.96s/it, val_loss=1.325]         Training:  83%|████████▎ | 4951/6000 [41:05<13:05:08, 44.91s/it, val_loss=1.326]Training:  83%|████████▎ | 4952/6000 [41:05<9:12:21, 31.62s/it, val_loss=1.326] Training:  83%|████████▎ | 4953/6000 [41:06<6:30:35, 22.38s/it, val_loss=1.326]Training:  83%|████████▎ | 4954/6000 [41:07<4:37:33, 15.92s/it, val_loss=1.326]Training:  83%|████████▎ | 4955/6000 [41:08<3:17:58, 11.37s/it, val_loss=1.326]Training:  83%|████████▎ | 4956/6000 [41:09<2:23:52,  8.27s/it, val_loss=1.326]Training:  83%|████████▎ | 4957/6000 [41:10<1:44:30,  6.01s/it, val_loss=1.326]Training:  83%|████████▎ | 4958/6000 [41:10<1:17:32,  4.46s/it, val_loss=1.326]Training:  83%|████████▎ | 4959/6000 [41:11<58:50,  3.39s/it, val_loss=1.326]  Training:  83%|████████▎ | 4960/6000 [41:12<43:16,  2.50s/it, val_loss=1.326]Training:  83%|████████▎ | 4960/6000 [41:13<43:16,  2.50s/it, F=4, P=2, R=0, loss=1.9005]Training:  83%|████████▎ | 4961/6000 [41:13<36:18,  2.10s/it, F=4, P=2, R=0, loss=1.9005]Training:  83%|████████▎ | 4962/6000 [41:14<29:59,  1.73s/it, F=4, P=2, R=0, loss=1.9005]Training:  83%|████████▎ | 4963/6000 [41:15<25:43,  1.49s/it, F=4, P=2, R=0, loss=1.9005]Training:  83%|████████▎ | 4964/6000 [41:16<22:58,  1.33s/it, F=4, P=2, R=0, loss=1.9005]Training:  83%|████████▎ | 4965/6000 [41:17<20:50,  1.21s/it, F=4, P=2, R=0, loss=1.9005]Training:  83%|████████▎ | 4966/6000 [41:17<17:50,  1.04s/it, F=4, P=2, R=0, loss=1.9005]Training:  83%|████████▎ | 4967/6000 [41:18<16:56,  1.02it/s, F=4, P=2, R=0, loss=1.9005]Training:  83%|████████▎ | 4968/6000 [41:19<16:35,  1.04it/s, F=4, P=2, R=0, loss=1.9005]Training:  83%|████████▎ | 4969/6000 [41:20<14:28,  1.19it/s, F=4, P=2, R=0, loss=1.9005]Training:  83%|████████▎ | 4970/6000 [41:20<14:23,  1.19it/s, F=4, P=2, R=0, loss=1.9005]Training:  83%|████████▎ | 4971/6000 [41:21<13:04,  1.31it/s, F=4, P=2, R=0, loss=1.9005]Training:  83%|████████▎ | 4972/6000 [41:22<13:56,  1.23it/s, F=4, P=2, R=0, loss=1.9005]Training:  83%|████████▎ | 4973/6000 [41:23<14:11,  1.21it/s, F=4, P=2, R=0, loss=1.9005]Training:  83%|████████▎ | 4974/6000 [41:24<14:23,  1.19it/s, F=4, P=2, R=0, loss=1.9005]Training:  83%|████████▎ | 4975/6000 [41:24<11:47,  1.45it/s, F=4, P=2, R=0, loss=1.9005]Training:  83%|████████▎ | 4976/6000 [41:25<11:47,  1.45it/s, F=4, P=2, R=0, loss=1.9005]Training:  83%|████████▎ | 4977/6000 [41:25<11:59,  1.42it/s, F=4, P=2, R=0, loss=1.9005]Training:  83%|████████▎ | 4978/6000 [41:26<12:59,  1.31it/s, F=4, P=2, R=0, loss=1.9005]Training:  83%|████████▎ | 4979/6000 [41:27<13:56,  1.22it/s, F=4, P=2, R=0, loss=1.9005]Training:  83%|████████▎ | 4980/6000 [41:28<12:18,  1.38it/s, F=4, P=2, R=0, loss=1.9005]Training:  83%|████████▎ | 4980/6000 [41:29<12:18,  1.38it/s, F=6, P=0, R=0, loss=1.6800]Training:  83%|████████▎ | 4981/6000 [41:29<13:00,  1.31it/s, F=6, P=0, R=0, loss=1.6800]Training:  83%|████████▎ | 4982/6000 [41:29<13:14,  1.28it/s, F=6, P=0, R=0, loss=1.6800]Training:  83%|████████▎ | 4983/6000 [41:30<13:26,  1.26it/s, F=6, P=0, R=0, loss=1.6800]Training:  83%|████████▎ | 4984/6000 [41:31<13:24,  1.26it/s, F=6, P=0, R=0, loss=1.6800]Training:  83%|████████▎ | 4985/6000 [41:32<13:27,  1.26it/s, F=6, P=0, R=0, loss=1.6800]Training:  83%|████████▎ | 4986/6000 [41:33<13:38,  1.24it/s, F=6, P=0, R=0, loss=1.6800]Training:  83%|████████▎ | 4987/6000 [41:34<14:03,  1.20it/s, F=6, P=0, R=0, loss=1.6800]Training:  83%|████████▎ | 4988/6000 [41:34<13:06,  1.29it/s, F=6, P=0, R=0, loss=1.6800]Training:  83%|████████▎ | 4989/6000 [41:35<13:05,  1.29it/s, F=6, P=0, R=0, loss=1.6800]Training:  83%|████████▎ | 4990/6000 [41:36<13:52,  1.21it/s, F=6, P=0, R=0, loss=1.6800]Training:  83%|████████▎ | 4991/6000 [41:36<12:37,  1.33it/s, F=6, P=0, R=0, loss=1.6800]Training:  83%|████████▎ | 4992/6000 [41:37<13:32,  1.24it/s, F=6, P=0, R=0, loss=1.6800]Training:  83%|████████▎ | 4993/6000 [41:38<12:17,  1.37it/s, F=6, P=0, R=0, loss=1.6800]Training:  83%|████████▎ | 4994/6000 [41:38<10:46,  1.56it/s, F=6, P=0, R=0, loss=1.6800]Training:  83%|████████▎ | 4995/6000 [41:39<11:25,  1.47it/s, F=6, P=0, R=0, loss=1.6800]Training:  83%|████████▎ | 4996/6000 [41:40<11:54,  1.40it/s, F=6, P=0, R=0, loss=1.6800]Training:  83%|████████▎ | 4997/6000 [41:41<12:58,  1.29it/s, F=6, P=0, R=0, loss=1.6800]Training:  83%|████████▎ | 4998/6000 [41:41<11:18,  1.48it/s, F=6, P=0, R=0, loss=1.6800]Training:  83%|████████▎ | 4999/6000 [41:42<11:15,  1.48it/s, F=6, P=0, R=0, loss=1.6800]Training:  83%|████████▎ | 5000/6000 [41:42<09:48,  1.70it/s, F=6, P=0, R=0, loss=1.6800]Training:  83%|████████▎ | 5000/6000 [41:43<09:48,  1.70it/s, F=6, P=0, R=0, loss=1.4889][2026-09-19 12:15:40,154][hivemind.checkpoint][INFO] - checkpoint saved: runs/baselines_small_v1_live/trihope-seed1337/checkpoints/step_00005000
Training:  83%|████████▎ | 5001/6000 [41:48<36:41,  2.20s/it, val_loss=1.306]            Training:  83%|████████▎ | 5002/6000 [41:49<29:09,  1.75s/it, val_loss=1.306]Training:  83%|████████▎ | 5003/6000 [41:49<21:58,  1.32s/it, val_loss=1.306]Training:  83%|████████▎ | 5004/6000 [41:50<19:18,  1.16s/it, val_loss=1.306]Training:  83%|████████▎ | 5005/6000 [41:51<17:31,  1.06s/it, val_loss=1.306]Training:  83%|████████▎ | 5006/6000 [41:52<16:18,  1.02it/s, val_loss=1.306]Training:  83%|████████▎ | 5007/6000 [41:53<15:10,  1.09it/s, val_loss=1.306]Training:  83%|████████▎ | 5008/6000 [41:53<12:13,  1.35it/s, val_loss=1.306]Training:  83%|████████▎ | 5009/6000 [41:54<12:24,  1.33it/s, val_loss=1.306]Training:  84%|████████▎ | 5010/6000 [41:54<12:37,  1.31it/s, val_loss=1.306]Training:  84%|████████▎ | 5011/6000 [41:55<12:53,  1.28it/s, val_loss=1.306]Training:  84%|████████▎ | 5012/6000 [41:56<13:38,  1.21it/s, val_loss=1.306]Training:  84%|████████▎ | 5013/6000 [41:57<14:11,  1.16it/s, val_loss=1.306]Training:  84%|████████▎ | 5014/6000 [41:58<12:29,  1.31it/s, val_loss=1.306]Training:  84%|████████▎ | 5015/6000 [41:58<12:23,  1.32it/s, val_loss=1.306]Training:  84%|████████▎ | 5016/6000 [41:59<12:41,  1.29it/s, val_loss=1.306]Training:  84%|████████▎ | 5017/6000 [42:00<12:34,  1.30it/s, val_loss=1.306]Training:  84%|████████▎ | 5018/6000 [42:00<10:13,  1.60it/s, val_loss=1.306]Training:  84%|████████▎ | 5019/6000 [42:01<10:56,  1.49it/s, val_loss=1.306]Training:  84%|████████▎ | 5020/6000 [42:02<11:42,  1.40it/s, val_loss=1.306]Training:  84%|████████▎ | 5020/6000 [42:03<11:42,  1.40it/s, F=6, P=0, R=0, loss=1.4745]Training:  84%|████████▎ | 5021/6000 [42:03<12:10,  1.34it/s, F=6, P=0, R=0, loss=1.4745]Training:  84%|████████▎ | 5022/6000 [42:03<12:18,  1.32it/s, F=6, P=0, R=0, loss=1.4745]Training:  84%|████████▎ | 5023/6000 [42:04<12:20,  1.32it/s, F=6, P=0, R=0, loss=1.4745]Training:  84%|████████▎ | 5024/6000 [42:05<12:12,  1.33it/s, F=6, P=0, R=0, loss=1.4745]Training:  84%|████████▍ | 5025/6000 [42:06<11:18,  1.44it/s, F=6, P=0, R=0, loss=1.4745]Training:  84%|████████▍ | 5026/6000 [42:06<10:14,  1.59it/s, F=6, P=0, R=0, loss=1.4745]Training:  84%|████████▍ | 5027/6000 [42:07<10:50,  1.50it/s, F=6, P=0, R=0, loss=1.4745]Training:  84%|████████▍ | 5028/6000 [42:08<11:29,  1.41it/s, F=6, P=0, R=0, loss=1.4745]Training:  84%|████████▍ | 5029/6000 [42:08<11:51,  1.37it/s, F=6, P=0, R=0, loss=1.4745]Training:  84%|████████▍ | 5030/6000 [42:09<12:26,  1.30it/s, F=6, P=0, R=0, loss=1.4745]Training:  84%|████████▍ | 5031/6000 [42:10<12:38,  1.28it/s, F=6, P=0, R=0, loss=1.4745]Training:  84%|████████▍ | 5032/6000 [42:11<12:06,  1.33it/s, F=6, P=0, R=0, loss=1.4745]Training:  84%|████████▍ | 5033/6000 [42:12<12:15,  1.31it/s, F=6, P=0, R=0, loss=1.4745]Training:  84%|████████▍ | 5034/6000 [42:12<12:30,  1.29it/s, F=6, P=0, R=0, loss=1.4745]Training:  84%|████████▍ | 5035/6000 [42:13<11:07,  1.45it/s, F=6, P=0, R=0, loss=1.4745]Training:  84%|████████▍ | 5036/6000 [42:13<10:31,  1.53it/s, F=6, P=0, R=0, loss=1.4745]Training:  84%|████████▍ | 5037/6000 [42:14<11:14,  1.43it/s, F=6, P=0, R=0, loss=1.4745]Training:  84%|████████▍ | 5038/6000 [42:15<11:46,  1.36it/s, F=6, P=0, R=0, loss=1.4745]Training:  84%|████████▍ | 5039/6000 [42:16<12:30,  1.28it/s, F=6, P=0, R=0, loss=1.4745]Training:  84%|████████▍ | 5040/6000 [42:17<12:31,  1.28it/s, F=6, P=0, R=0, loss=1.4745]Training:  84%|████████▍ | 5040/6000 [42:17<12:31,  1.28it/s, F=6, P=0, R=0, loss=1.4478]Training:  84%|████████▍ | 5041/6000 [42:17<12:26,  1.28it/s, F=6, P=0, R=0, loss=1.4478]Training:  84%|████████▍ | 5042/6000 [42:18<10:57,  1.46it/s, F=6, P=0, R=0, loss=1.4478]Training:  84%|████████▍ | 5043/6000 [42:18<10:06,  1.58it/s, F=6, P=0, R=0, loss=1.4478]Training:  84%|████████▍ | 5044/6000 [42:19<10:49,  1.47it/s, F=6, P=0, R=0, loss=1.4478]Training:  84%|████████▍ | 5045/6000 [42:20<11:20,  1.40it/s, F=6, P=0, R=0, loss=1.4478]Training:  84%|████████▍ | 5046/6000 [42:21<11:32,  1.38it/s, F=6, P=0, R=0, loss=1.4478]Training:  84%|████████▍ | 5047/6000 [42:22<11:33,  1.37it/s, F=6, P=0, R=0, loss=1.4478]Training:  84%|████████▍ | 5048/6000 [42:22<11:50,  1.34it/s, F=6, P=0, R=0, loss=1.4478]Training:  84%|████████▍ | 5049/6000 [42:23<11:58,  1.32it/s, F=6, P=0, R=0, loss=1.4478]Training:  84%|████████▍ | 5050/6000 [42:24<12:08,  1.30it/s, F=6, P=0, R=0, loss=1.4478]Training:  84%|████████▍ | 5051/6000 [42:27<22:09,  1.40s/it, val_loss=1.303]            Training:  84%|████████▍ | 5052/6000 [42:27<16:54,  1.07s/it, val_loss=1.303]Training:  84%|████████▍ | 5053/6000 [42:28<15:36,  1.01it/s, val_loss=1.303]Training:  84%|████████▍ | 5054/6000 [42:29<14:42,  1.07it/s, val_loss=1.303]Training:  84%|████████▍ | 5055/6000 [42:29<14:02,  1.12it/s, val_loss=1.303]Training:  84%|████████▍ | 5056/6000 [42:30<13:26,  1.17it/s, val_loss=1.303]Training:  84%|████████▍ | 5057/6000 [42:31<13:39,  1.15it/s, val_loss=1.303]Training:  84%|████████▍ | 5058/6000 [42:32<12:54,  1.22it/s, val_loss=1.303]Training:  84%|████████▍ | 5059/6000 [42:33<12:36,  1.24it/s, val_loss=1.303]Training:  84%|████████▍ | 5060/6000 [42:33<12:28,  1.26it/s, val_loss=1.303]Training:  84%|████████▍ | 5060/6000 [42:34<12:28,  1.26it/s, F=6, P=0, R=0, loss=1.5860]Training:  84%|████████▍ | 5061/6000 [42:34<12:38,  1.24it/s, F=6, P=0, R=0, loss=1.5860]Training:  84%|████████▍ | 5062/6000 [42:35<12:36,  1.24it/s, F=6, P=0, R=0, loss=1.5860]Training:  84%|████████▍ | 5063/6000 [42:36<12:28,  1.25it/s, F=6, P=0, R=0, loss=1.5860]Training:  84%|████████▍ | 5064/6000 [42:37<12:13,  1.28it/s, F=6, P=0, R=0, loss=1.5860]Training:  84%|████████▍ | 5065/6000 [42:37<12:24,  1.26it/s, F=6, P=0, R=0, loss=1.5860]Training:  84%|████████▍ | 5066/6000 [42:38<11:47,  1.32it/s, F=6, P=0, R=0, loss=1.5860]Training:  84%|████████▍ | 5067/6000 [42:38<09:50,  1.58it/s, F=6, P=0, R=0, loss=1.5860]Training:  84%|████████▍ | 5068/6000 [42:39<10:37,  1.46it/s, F=6, P=0, R=0, loss=1.5860]Training:  84%|████████▍ | 5069/6000 [42:40<11:34,  1.34it/s, F=6, P=0, R=0, loss=1.5860]Training:  84%|████████▍ | 5070/6000 [42:41<11:53,  1.30it/s, F=6, P=0, R=0, loss=1.5860]Training:  85%|████████▍ | 5071/6000 [42:42<11:56,  1.30it/s, F=6, P=0, R=0, loss=1.5860]Training:  85%|████████▍ | 5072/6000 [42:42<12:07,  1.27it/s, F=6, P=0, R=0, loss=1.5860]Training:  85%|████████▍ | 5073/6000 [42:43<12:10,  1.27it/s, F=6, P=0, R=0, loss=1.5860]Training:  85%|████████▍ | 5074/6000 [42:44<12:10,  1.27it/s, F=6, P=0, R=0, loss=1.5860]Training:  85%|████████▍ | 5075/6000 [42:44<10:31,  1.47it/s, F=6, P=0, R=0, loss=1.5860]Training:  85%|████████▍ | 5076/6000 [42:45<10:50,  1.42it/s, F=6, P=0, R=0, loss=1.5860]Training:  85%|████████▍ | 5077/6000 [42:46<10:16,  1.50it/s, F=6, P=0, R=0, loss=1.5860]Training:  85%|████████▍ | 5078/6000 [42:47<10:48,  1.42it/s, F=6, P=0, R=0, loss=1.5860]Training:  85%|████████▍ | 5079/6000 [42:47<11:01,  1.39it/s, F=6, P=0, R=0, loss=1.5860]Training:  85%|████████▍ | 5080/6000 [42:48<11:19,  1.35it/s, F=6, P=0, R=0, loss=1.5860]Training:  85%|████████▍ | 5080/6000 [42:49<11:19,  1.35it/s, F=6, P=0, R=0, loss=1.4231]Training:  85%|████████▍ | 5081/6000 [42:49<11:34,  1.32it/s, F=6, P=0, R=0, loss=1.4231]Training:  85%|████████▍ | 5082/6000 [42:50<10:58,  1.39it/s, F=6, P=0, R=0, loss=1.4231]Training:  85%|████████▍ | 5083/6000 [42:50<11:18,  1.35it/s, F=6, P=0, R=0, loss=1.4231]Training:  85%|████████▍ | 5084/6000 [42:51<10:57,  1.39it/s, F=6, P=0, R=0, loss=1.4231]Training:  85%|████████▍ | 5085/6000 [42:51<09:06,  1.67it/s, F=6, P=0, R=0, loss=1.4231]Training:  85%|████████▍ | 5086/6000 [42:52<09:38,  1.58it/s, F=6, P=0, R=0, loss=1.4231]Training:  85%|████████▍ | 5087/6000 [42:53<10:27,  1.46it/s, F=6, P=0, R=0, loss=1.4231]Training:  85%|████████▍ | 5088/6000 [42:54<11:01,  1.38it/s, F=6, P=0, R=0, loss=1.4231]Training:  85%|████████▍ | 5089/6000 [42:54<10:02,  1.51it/s, F=6, P=0, R=0, loss=1.4231]Training:  85%|████████▍ | 5090/6000 [42:55<09:11,  1.65it/s, F=6, P=0, R=0, loss=1.4231]Training:  85%|████████▍ | 5091/6000 [42:56<10:10,  1.49it/s, F=6, P=0, R=0, loss=1.4231]Training:  85%|████████▍ | 5092/6000 [42:56<10:44,  1.41it/s, F=6, P=0, R=0, loss=1.4231]Training:  85%|████████▍ | 5093/6000 [42:57<11:08,  1.36it/s, F=6, P=0, R=0, loss=1.4231]Training:  85%|████████▍ | 5094/6000 [42:58<11:22,  1.33it/s, F=6, P=0, R=0, loss=1.4231]Training:  85%|████████▍ | 5095/6000 [42:59<11:17,  1.34it/s, F=6, P=0, R=0, loss=1.4231]Training:  85%|████████▍ | 5096/6000 [42:59<11:32,  1.31it/s, F=6, P=0, R=0, loss=1.4231]Training:  85%|████████▍ | 5097/6000 [43:00<11:34,  1.30it/s, F=6, P=0, R=0, loss=1.4231]Training:  85%|████████▍ | 5098/6000 [43:01<11:38,  1.29it/s, F=6, P=0, R=0, loss=1.4231]Training:  85%|████████▍ | 5099/6000 [43:02<11:34,  1.30it/s, F=6, P=0, R=0, loss=1.4231]Training:  85%|████████▌ | 5100/6000 [43:03<11:47,  1.27it/s, F=6, P=0, R=0, loss=1.4231]Training:  85%|████████▌ | 5100/6000 [43:03<11:47,  1.27it/s, F=6, P=0, R=0, loss=1.4164]Training:  85%|████████▌ | 5101/6000 [43:05<20:50,  1.39s/it, val_loss=1.301]            Training:  85%|████████▌ | 5102/6000 [43:06<16:19,  1.09s/it, val_loss=1.301]Training:  85%|████████▌ | 5103/6000 [43:07<14:49,  1.01it/s, val_loss=1.301]Training:  85%|████████▌ | 5104/6000 [43:07<13:49,  1.08it/s, val_loss=1.301]Training:  85%|████████▌ | 5105/6000 [43:08<13:10,  1.13it/s, val_loss=1.301]Training:  85%|████████▌ | 5106/6000 [43:09<13:13,  1.13it/s, val_loss=1.301]Training:  85%|████████▌ | 5107/6000 [43:10<11:30,  1.29it/s, val_loss=1.301]Training:  85%|████████▌ | 5108/6000 [43:10<11:23,  1.31it/s, val_loss=1.301]Training:  85%|████████▌ | 5109/6000 [43:11<11:24,  1.30it/s, val_loss=1.301]Training:  85%|████████▌ | 5110/6000 [43:12<11:53,  1.25it/s, val_loss=1.301]Training:  85%|████████▌ | 5111/6000 [43:13<11:56,  1.24it/s, val_loss=1.301]Training:  85%|████████▌ | 5112/6000 [43:14<12:22,  1.20it/s, val_loss=1.301]Training:  85%|████████▌ | 5113/6000 [43:14<12:16,  1.20it/s, val_loss=1.301]Training:  85%|████████▌ | 5114/6000 [43:15<12:02,  1.23it/s, val_loss=1.301]Training:  85%|████████▌ | 5115/6000 [43:16<12:09,  1.21it/s, val_loss=1.301]Training:  85%|████████▌ | 5116/6000 [43:16<09:56,  1.48it/s, val_loss=1.301]Training:  85%|████████▌ | 5117/6000 [43:17<09:52,  1.49it/s, val_loss=1.301]Training:  85%|████████▌ | 5118/6000 [43:18<10:24,  1.41it/s, val_loss=1.301]Training:  85%|████████▌ | 5119/6000 [43:19<10:53,  1.35it/s, val_loss=1.301]Training:  85%|████████▌ | 5120/6000 [43:19<10:55,  1.34it/s, val_loss=1.301]Training:  85%|████████▌ | 5120/6000 [43:20<10:55,  1.34it/s, F=6, P=0, R=0, loss=1.4108]Training:  85%|████████▌ | 5121/6000 [43:20<11:18,  1.30it/s, F=6, P=0, R=0, loss=1.4108]Training:  85%|████████▌ | 5122/6000 [43:21<11:37,  1.26it/s, F=6, P=0, R=0, loss=1.4108]Training:  85%|████████▌ | 5123/6000 [43:22<10:21,  1.41it/s, F=6, P=0, R=0, loss=1.4108]Training:  85%|████████▌ | 5124/6000 [43:22<09:32,  1.53it/s, F=6, P=0, R=0, loss=1.4108]Training:  85%|████████▌ | 5125/6000 [43:23<10:06,  1.44it/s, F=6, P=0, R=0, loss=1.4108]Training:  85%|████████▌ | 5126/6000 [43:24<10:33,  1.38it/s, F=6, P=0, R=0, loss=1.4108]Training:  85%|████████▌ | 5127/6000 [43:25<10:47,  1.35it/s, F=6, P=0, R=0, loss=1.4108]Training:  85%|████████▌ | 5128/6000 [43:25<10:47,  1.35it/s, F=6, P=0, R=0, loss=1.4108]Training:  85%|████████▌ | 5129/6000 [43:26<10:48,  1.34it/s, F=6, P=0, R=0, loss=1.4108]Training:  86%|████████▌ | 5130/6000 [43:27<11:33,  1.25it/s, F=6, P=0, R=0, loss=1.4108]Training:  86%|████████▌ | 5131/6000 [43:28<11:59,  1.21it/s, F=6, P=0, R=0, loss=1.4108]Training:  86%|████████▌ | 5132/6000 [43:28<10:48,  1.34it/s, F=6, P=0, R=0, loss=1.4108]Training:  86%|████████▌ | 5133/6000 [43:29<10:54,  1.33it/s, F=6, P=0, R=0, loss=1.4108]Training:  86%|████████▌ | 5134/6000 [43:30<10:22,  1.39it/s, F=6, P=0, R=0, loss=1.4108]Training:  86%|████████▌ | 5135/6000 [43:30<08:40,  1.66it/s, F=6, P=0, R=0, loss=1.4108]Training:  86%|████████▌ | 5136/6000 [43:31<09:12,  1.57it/s, F=6, P=0, R=0, loss=1.4108]Training:  86%|████████▌ | 5137/6000 [43:32<09:45,  1.47it/s, F=6, P=0, R=0, loss=1.4108]Training:  86%|████████▌ | 5138/6000 [43:32<10:13,  1.41it/s, F=6, P=0, R=0, loss=1.4108]Training:  86%|████████▌ | 5139/6000 [43:33<10:37,  1.35it/s, F=6, P=0, R=0, loss=1.4108]Training:  86%|████████▌ | 5140/6000 [43:34<10:40,  1.34it/s, F=6, P=0, R=0, loss=1.4108]Training:  86%|████████▌ | 5140/6000 [43:35<10:40,  1.34it/s, F=6, P=0, R=0, loss=1.5533]Training:  86%|████████▌ | 5141/6000 [43:35<11:05,  1.29it/s, F=6, P=0, R=0, loss=1.5533]Training:  86%|████████▌ | 5142/6000 [43:36<11:48,  1.21it/s, F=6, P=0, R=0, loss=1.5533]Training:  86%|████████▌ | 5143/6000 [43:36<10:36,  1.35it/s, F=6, P=0, R=0, loss=1.5533]Training:  86%|████████▌ | 5144/6000 [43:37<10:39,  1.34it/s, F=6, P=0, R=0, loss=1.5533]Training:  86%|████████▌ | 5145/6000 [43:38<10:55,  1.30it/s, F=6, P=0, R=0, loss=1.5533]Training:  86%|████████▌ | 5146/6000 [43:39<11:03,  1.29it/s, F=6, P=0, R=0, loss=1.5533]Training:  86%|████████▌ | 5147/6000 [43:40<11:38,  1.22it/s, F=6, P=0, R=0, loss=1.5533]Training:  86%|████████▌ | 5148/6000 [43:41<12:01,  1.18it/s, F=6, P=0, R=0, loss=1.5533]Training:  86%|████████▌ | 5149/6000 [43:41<10:41,  1.33it/s, F=6, P=0, R=0, loss=1.5533]Training:  86%|████████▌ | 5150/6000 [43:42<10:40,  1.33it/s, F=6, P=0, R=0, loss=1.5533]Training:  86%|████████▌ | 5151/6000 [43:45<20:17,  1.43s/it, val_loss=1.299]            Training:  86%|████████▌ | 5152/6000 [43:46<18:01,  1.27s/it, val_loss=1.299]Training:  86%|████████▌ | 5153/6000 [43:46<15:03,  1.07s/it, val_loss=1.299]Training:  86%|████████▌ | 5154/6000 [43:47<13:49,  1.02it/s, val_loss=1.299]Training:  86%|████████▌ | 5155/6000 [43:48<12:41,  1.11it/s, val_loss=1.299]Training:  86%|████████▌ | 5156/6000 [43:49<12:08,  1.16it/s, val_loss=1.299]Training:  86%|████████▌ | 5157/6000 [43:49<11:36,  1.21it/s, val_loss=1.299]Training:  86%|████████▌ | 5158/6000 [43:50<10:51,  1.29it/s, val_loss=1.299]Training:  86%|████████▌ | 5159/6000 [43:51<10:56,  1.28it/s, val_loss=1.299]Training:  86%|████████▌ | 5160/6000 [43:52<10:49,  1.29it/s, val_loss=1.299]Training:  86%|████████▌ | 5160/6000 [43:52<10:49,  1.29it/s, F=6, P=0, R=0, loss=1.3885]Training:  86%|████████▌ | 5161/6000 [43:52<10:50,  1.29it/s, F=6, P=0, R=0, loss=1.3885]Training:  86%|████████▌ | 5162/6000 [43:53<10:56,  1.28it/s, F=6, P=0, R=0, loss=1.3885]Training:  86%|████████▌ | 5163/6000 [43:54<10:59,  1.27it/s, F=6, P=0, R=0, loss=1.3885]Training:  86%|████████▌ | 5164/6000 [43:55<11:34,  1.20it/s, F=6, P=0, R=0, loss=1.3885]Training:  86%|████████▌ | 5165/6000 [43:56<11:49,  1.18it/s, F=6, P=0, R=0, loss=1.3885]Training:  86%|████████▌ | 5166/6000 [43:56<10:38,  1.31it/s, F=6, P=0, R=0, loss=1.3885]Training:  86%|████████▌ | 5167/6000 [43:57<11:10,  1.24it/s, F=6, P=0, R=0, loss=1.3885]Training:  86%|████████▌ | 5168/6000 [43:58<11:37,  1.19it/s, F=6, P=0, R=0, loss=1.3885]Training:  86%|████████▌ | 5169/6000 [43:59<10:22,  1.33it/s, F=6, P=0, R=0, loss=1.3885]Training:  86%|████████▌ | 5170/6000 [43:59<10:25,  1.33it/s, F=6, P=0, R=0, loss=1.3885]Training:  86%|████████▌ | 5171/6000 [44:00<08:58,  1.54it/s, F=6, P=0, R=0, loss=1.3885]Training:  86%|████████▌ | 5172/6000 [44:01<09:20,  1.48it/s, F=6, P=0, R=0, loss=1.3885]Training:  86%|████████▌ | 5173/6000 [44:01<09:44,  1.41it/s, F=6, P=0, R=0, loss=1.3885]Training:  86%|████████▌ | 5174/6000 [44:02<09:57,  1.38it/s, F=6, P=0, R=0, loss=1.3885]Training:  86%|████████▋ | 5175/6000 [44:03<10:06,  1.36it/s, F=6, P=0, R=0, loss=1.3885]Training:  86%|████████▋ | 5176/6000 [44:04<10:18,  1.33it/s, F=6, P=0, R=0, loss=1.3885]Training:  86%|████████▋ | 5177/6000 [44:04<10:31,  1.30it/s, F=6, P=0, R=0, loss=1.3885]Training:  86%|████████▋ | 5178/6000 [44:05<09:34,  1.43it/s, F=6, P=0, R=0, loss=1.3885]Training:  86%|████████▋ | 5179/6000 [44:05<08:38,  1.58it/s, F=6, P=0, R=0, loss=1.3885]Training:  86%|████████▋ | 5180/6000 [44:06<09:09,  1.49it/s, F=6, P=0, R=0, loss=1.3885]Training:  86%|████████▋ | 5180/6000 [44:07<09:09,  1.49it/s, F=6, P=0, R=0, loss=1.3817]Training:  86%|████████▋ | 5181/6000 [44:07<09:26,  1.45it/s, F=6, P=0, R=0, loss=1.3817]Training:  86%|████████▋ | 5182/6000 [44:08<09:57,  1.37it/s, F=6, P=0, R=0, loss=1.3817]Training:  86%|████████▋ | 5183/6000 [44:09<10:09,  1.34it/s, F=6, P=0, R=0, loss=1.3817]Training:  86%|████████▋ | 5184/6000 [44:09<10:19,  1.32it/s, F=6, P=0, R=0, loss=1.3817]Training:  86%|████████▋ | 5185/6000 [44:10<10:02,  1.35it/s, F=6, P=0, R=0, loss=1.3817]Training:  86%|████████▋ | 5186/6000 [44:11<10:11,  1.33it/s, F=6, P=0, R=0, loss=1.3817]Training:  86%|████████▋ | 5187/6000 [44:12<10:19,  1.31it/s, F=6, P=0, R=0, loss=1.3817]Training:  86%|████████▋ | 5188/6000 [44:12<10:40,  1.27it/s, F=6, P=0, R=0, loss=1.3817]Training:  86%|████████▋ | 5189/6000 [44:13<11:02,  1.22it/s, F=6, P=0, R=0, loss=1.3817]Training:  86%|████████▋ | 5190/6000 [44:14<10:09,  1.33it/s, F=6, P=0, R=0, loss=1.3817]Training:  87%|████████▋ | 5191/6000 [44:15<10:16,  1.31it/s, F=6, P=0, R=0, loss=1.3817]Training:  87%|████████▋ | 5192/6000 [44:16<10:20,  1.30it/s, F=6, P=0, R=0, loss=1.3817]Training:  87%|████████▋ | 5193/6000 [44:16<10:29,  1.28it/s, F=6, P=0, R=0, loss=1.3817]Training:  87%|████████▋ | 5194/6000 [44:17<10:12,  1.32it/s, F=6, P=0, R=0, loss=1.3817]Training:  87%|████████▋ | 5195/6000 [44:18<10:51,  1.24it/s, F=6, P=0, R=0, loss=1.3817]Training:  87%|████████▋ | 5196/6000 [44:19<11:13,  1.19it/s, F=6, P=0, R=0, loss=1.3817]Training:  87%|████████▋ | 5197/6000 [44:19<10:01,  1.33it/s, F=6, P=0, R=0, loss=1.3817]Training:  87%|████████▋ | 5198/6000 [44:20<09:59,  1.34it/s, F=6, P=0, R=0, loss=1.3817]Training:  87%|████████▋ | 5199/6000 [44:21<09:58,  1.34it/s, F=6, P=0, R=0, loss=1.3817]Training:  87%|████████▋ | 5200/6000 [44:22<10:14,  1.30it/s, F=6, P=0, R=0, loss=1.3817]Training:  87%|████████▋ | 5200/6000 [44:22<10:14,  1.30it/s, F=6, P=0, R=0, loss=1.3859]Training:  87%|████████▋ | 5201/6000 [44:25<18:34,  1.40s/it, val_loss=1.298]            Training:  87%|████████▋ | 5202/6000 [44:25<15:52,  1.19s/it, val_loss=1.298]Training:  87%|████████▋ | 5203/6000 [44:26<14:13,  1.07s/it, val_loss=1.298]Training:  87%|████████▋ | 5204/6000 [44:27<13:02,  1.02it/s, val_loss=1.298]Training:  87%|████████▋ | 5205/6000 [44:28<12:14,  1.08it/s, val_loss=1.298]Training:  87%|████████▋ | 5206/6000 [44:28<11:43,  1.13it/s, val_loss=1.298]Training:  87%|████████▋ | 5207/6000 [44:29<11:13,  1.18it/s, val_loss=1.298]Training:  87%|████████▋ | 5208/6000 [44:30<09:18,  1.42it/s, val_loss=1.298]Training:  87%|████████▋ | 5209/6000 [44:30<07:23,  1.78it/s, val_loss=1.298]Training:  87%|████████▋ | 5210/6000 [44:30<06:09,  2.14it/s, val_loss=1.298]Training:  87%|████████▋ | 5211/6000 [44:30<05:06,  2.58it/s, val_loss=1.298]Training:  87%|████████▋ | 5212/6000 [44:30<04:27,  2.95it/s, val_loss=1.298]Training:  87%|████████▋ | 5213/6000 [44:31<04:11,  3.14it/s, val_loss=1.298]Training:  87%|████████▋ | 5214/6000 [44:31<03:57,  3.31it/s, val_loss=1.298]Training:  87%|████████▋ | 5215/6000 [44:31<03:42,  3.54it/s, val_loss=1.298]Training:  87%|████████▋ | 5216/6000 [44:31<03:28,  3.77it/s, val_loss=1.298]Training:  87%|████████▋ | 5217/6000 [44:32<03:16,  3.99it/s, val_loss=1.298]Training:  87%|████████▋ | 5218/6000 [44:32<03:11,  4.09it/s, val_loss=1.298]Training:  87%|████████▋ | 5219/6000 [44:32<03:03,  4.25it/s, val_loss=1.298]Training:  87%|████████▋ | 5220/6000 [44:32<02:59,  4.33it/s, val_loss=1.298]Training:  87%|████████▋ | 5220/6000 [44:33<02:59,  4.33it/s, F=6, P=0, R=0, loss=1.5308]Training:  87%|████████▋ | 5221/6000 [44:33<02:58,  4.37it/s, F=6, P=0, R=0, loss=1.5308]Training:  87%|████████▋ | 5222/6000 [44:33<02:54,  4.45it/s, F=6, P=0, R=0, loss=1.5308]Training:  87%|████████▋ | 5223/6000 [44:33<02:52,  4.51it/s, F=6, P=0, R=0, loss=1.5308]Training:  87%|████████▋ | 5224/6000 [44:33<03:00,  4.30it/s, F=6, P=0, R=0, loss=1.5308]Training:  87%|████████▋ | 5225/6000 [44:33<02:55,  4.41it/s, F=6, P=0, R=0, loss=1.5308]Training:  87%|████████▋ | 5226/6000 [44:34<02:53,  4.47it/s, F=6, P=0, R=0, loss=1.5308]Training:  87%|████████▋ | 5227/6000 [44:34<02:56,  4.38it/s, F=6, P=0, R=0, loss=1.5308]Training:  87%|████████▋ | 5228/6000 [44:34<02:54,  4.43it/s, F=6, P=0, R=0, loss=1.5308]Training:  87%|████████▋ | 5229/6000 [44:34<02:53,  4.45it/s, F=6, P=0, R=0, loss=1.5308]Training:  87%|████████▋ | 5230/6000 [44:35<02:57,  4.34it/s, F=6, P=0, R=0, loss=1.5308]Training:  87%|████████▋ | 5231/6000 [44:35<03:00,  4.26it/s, F=6, P=0, R=0, loss=1.5308]Training:  87%|████████▋ | 5232/6000 [44:35<03:01,  4.23it/s, F=6, P=0, R=0, loss=1.5308]Training:  87%|████████▋ | 5233/6000 [44:35<02:56,  4.34it/s, F=6, P=0, R=0, loss=1.5308]Training:  87%|████████▋ | 5234/6000 [44:36<03:01,  4.22it/s, F=6, P=0, R=0, loss=1.5308]Training:  87%|████████▋ | 5235/6000 [44:36<03:12,  3.98it/s, F=6, P=0, R=0, loss=1.5308]Training:  87%|████████▋ | 5236/6000 [44:36<03:04,  4.14it/s, F=6, P=0, R=0, loss=1.5308]Training:  87%|████████▋ | 5237/6000 [44:36<02:57,  4.30it/s, F=6, P=0, R=0, loss=1.5308]Training:  87%|████████▋ | 5238/6000 [44:37<02:58,  4.28it/s, F=6, P=0, R=0, loss=1.5308]Training:  87%|████████▋ | 5239/6000 [44:37<02:52,  4.41it/s, F=6, P=0, R=0, loss=1.5308]Training:  87%|████████▋ | 5240/6000 [44:37<02:50,  4.45it/s, F=6, P=0, R=0, loss=1.5308]Training:  87%|████████▋ | 5240/6000 [44:37<02:50,  4.45it/s, F=6, P=0, R=0, loss=1.3650]Training:  87%|████████▋ | 5241/6000 [44:37<02:52,  4.40it/s, F=6, P=0, R=0, loss=1.3650]Training:  87%|████████▋ | 5242/6000 [44:37<02:49,  4.46it/s, F=6, P=0, R=0, loss=1.3650]Training:  87%|████████▋ | 5243/6000 [44:38<02:47,  4.51it/s, F=6, P=0, R=0, loss=1.3650]Training:  87%|████████▋ | 5244/6000 [44:38<02:52,  4.39it/s, F=6, P=0, R=0, loss=1.3650]Training:  87%|████████▋ | 5245/6000 [44:38<02:52,  4.39it/s, F=6, P=0, R=0, loss=1.3650]Training:  87%|████████▋ | 5246/6000 [44:38<02:50,  4.43it/s, F=6, P=0, R=0, loss=1.3650]Training:  87%|████████▋ | 5247/6000 [44:39<02:57,  4.24it/s, F=6, P=0, R=0, loss=1.3650]Training:  87%|████████▋ | 5248/6000 [44:39<02:54,  4.30it/s, F=6, P=0, R=0, loss=1.3650]Training:  87%|████████▋ | 5249/6000 [44:39<02:47,  4.49it/s, F=6, P=0, R=0, loss=1.3650]Training:  88%|████████▊ | 5250/6000 [44:39<02:51,  4.38it/s, F=6, P=0, R=0, loss=1.3650]Training:  88%|████████▊ | 5251/6000 [44:41<08:14,  1.51it/s, val_loss=1.298]            Training:  88%|████████▊ | 5252/6000 [44:41<06:33,  1.90it/s, val_loss=1.298]Training:  88%|████████▊ | 5253/6000 [44:41<05:34,  2.23it/s, val_loss=1.298]Training:  88%|████████▊ | 5254/6000 [44:42<04:47,  2.59it/s, val_loss=1.298]Training:  88%|████████▊ | 5255/6000 [44:42<04:15,  2.92it/s, val_loss=1.298]Training:  88%|████████▊ | 5256/6000 [44:42<03:47,  3.26it/s, val_loss=1.298]Training:  88%|████████▊ | 5257/6000 [44:42<03:29,  3.55it/s, val_loss=1.298]Training:  88%|████████▊ | 5258/6000 [44:43<03:16,  3.77it/s, val_loss=1.298]Training:  88%|████████▊ | 5259/6000 [44:43<03:05,  4.01it/s, val_loss=1.298]Training:  88%|████████▊ | 5260/6000 [44:43<02:55,  4.23it/s, val_loss=1.298]Training:  88%|████████▊ | 5260/6000 [44:43<02:55,  4.23it/s, F=6, P=0, R=0, loss=1.3595]Training:  88%|████████▊ | 5261/6000 [44:43<02:52,  4.27it/s, F=6, P=0, R=0, loss=1.3595]Training:  88%|████████▊ | 5262/6000 [44:43<02:50,  4.33it/s, F=6, P=0, R=0, loss=1.3595]Training:  88%|████████▊ | 5263/6000 [44:44<02:44,  4.48it/s, F=6, P=0, R=0, loss=1.3595]Training:  88%|████████▊ | 5264/6000 [44:44<02:47,  4.39it/s, F=6, P=0, R=0, loss=1.3595]Training:  88%|████████▊ | 5265/6000 [44:44<02:43,  4.48it/s, F=6, P=0, R=0, loss=1.3595]Training:  88%|████████▊ | 5266/6000 [44:44<02:40,  4.56it/s, F=6, P=0, R=0, loss=1.3595]Training:  88%|████████▊ | 5267/6000 [44:45<02:45,  4.43it/s, F=6, P=0, R=0, loss=1.3595]Training:  88%|████████▊ | 5268/6000 [44:45<02:40,  4.57it/s, F=6, P=0, R=0, loss=1.3595]Training:  88%|████████▊ | 5269/6000 [44:45<02:35,  4.69it/s, F=6, P=0, R=0, loss=1.3595]Training:  88%|████████▊ | 5270/6000 [44:45<02:40,  4.54it/s, F=6, P=0, R=0, loss=1.3595]Training:  88%|████████▊ | 5271/6000 [44:45<02:38,  4.59it/s, F=6, P=0, R=0, loss=1.3595]Training:  88%|████████▊ | 5272/6000 [44:46<02:41,  4.50it/s, F=6, P=0, R=0, loss=1.3595]Training:  88%|████████▊ | 5273/6000 [44:46<02:40,  4.53it/s, F=6, P=0, R=0, loss=1.3595]Training:  88%|████████▊ | 5274/6000 [44:46<02:39,  4.54it/s, F=6, P=0, R=0, loss=1.3595]Training:  88%|████████▊ | 5275/6000 [44:46<02:40,  4.51it/s, F=6, P=0, R=0, loss=1.3595]Training:  88%|████████▊ | 5276/6000 [44:47<02:41,  4.47it/s, F=6, P=0, R=0, loss=1.3595]Training:  88%|████████▊ | 5277/6000 [44:47<02:40,  4.49it/s, F=6, P=0, R=0, loss=1.3595]Training:  88%|████████▊ | 5278/6000 [44:47<02:49,  4.25it/s, F=6, P=0, R=0, loss=1.3595]Training:  88%|████████▊ | 5279/6000 [44:47<02:44,  4.37it/s, F=6, P=0, R=0, loss=1.3595]Training:  88%|████████▊ | 5280/6000 [44:47<02:40,  4.47it/s, F=6, P=0, R=0, loss=1.3595]Training:  88%|████████▊ | 5280/6000 [44:48<02:40,  4.47it/s, F=6, P=0, R=0, loss=1.3683]Training:  88%|████████▊ | 5281/6000 [44:48<02:42,  4.43it/s, F=6, P=0, R=0, loss=1.3683]Training:  88%|████████▊ | 5282/6000 [44:48<02:43,  4.40it/s, F=6, P=0, R=0, loss=1.3683]Training:  88%|████████▊ | 5283/6000 [44:48<02:39,  4.49it/s, F=6, P=0, R=0, loss=1.3683]Training:  88%|████████▊ | 5284/6000 [44:48<02:44,  4.34it/s, F=6, P=0, R=0, loss=1.3683]Training:  88%|████████▊ | 5285/6000 [44:49<02:41,  4.42it/s, F=6, P=0, R=0, loss=1.3683]Training:  88%|████████▊ | 5286/6000 [44:49<02:39,  4.47it/s, F=6, P=0, R=0, loss=1.3683]Training:  88%|████████▊ | 5287/6000 [44:49<02:40,  4.45it/s, F=6, P=0, R=0, loss=1.3683]Training:  88%|████████▊ | 5288/6000 [44:49<02:37,  4.52it/s, F=6, P=0, R=0, loss=1.3683]Training:  88%|████████▊ | 5289/6000 [44:49<02:34,  4.61it/s, F=6, P=0, R=0, loss=1.3683]Training:  88%|████████▊ | 5290/6000 [44:50<02:40,  4.41it/s, F=6, P=0, R=0, loss=1.3683]Training:  88%|████████▊ | 5291/6000 [44:50<02:35,  4.56it/s, F=6, P=0, R=0, loss=1.3683]Training:  88%|████████▊ | 5292/6000 [44:50<02:35,  4.56it/s, F=6, P=0, R=0, loss=1.3683]Training:  88%|████████▊ | 5293/6000 [44:50<02:38,  4.46it/s, F=6, P=0, R=0, loss=1.3683]Training:  88%|████████▊ | 5294/6000 [44:51<02:34,  4.56it/s, F=6, P=0, R=0, loss=1.3683]Training:  88%|████████▊ | 5295/6000 [44:51<02:38,  4.45it/s, F=6, P=0, R=0, loss=1.3683]Training:  88%|████████▊ | 5296/6000 [44:51<02:37,  4.46it/s, F=6, P=0, R=0, loss=1.3683]Training:  88%|████████▊ | 5297/6000 [44:51<02:36,  4.48it/s, F=6, P=0, R=0, loss=1.3683]Training:  88%|████████▊ | 5298/6000 [44:51<02:37,  4.47it/s, F=6, P=0, R=0, loss=1.3683]Training:  88%|████████▊ | 5299/6000 [44:52<02:34,  4.53it/s, F=6, P=0, R=0, loss=1.3683]Training:  88%|████████▊ | 5300/6000 [44:52<02:31,  4.61it/s, F=6, P=0, R=0, loss=1.3683]Training:  88%|████████▊ | 5300/6000 [44:52<02:31,  4.61it/s, F=6, P=0, R=0, loss=1.5126]Training:  88%|████████▊ | 5301/6000 [44:54<07:47,  1.50it/s, val_loss=1.298]            Training:  88%|████████▊ | 5302/6000 [44:54<06:12,  1.88it/s, val_loss=1.298]Training:  88%|████████▊ | 5303/6000 [44:54<05:10,  2.24it/s, val_loss=1.298]Training:  88%|████████▊ | 5304/6000 [44:54<04:22,  2.65it/s, val_loss=1.298]Training:  88%|████████▊ | 5305/6000 [44:54<03:48,  3.04it/s, val_loss=1.298]Training:  88%|████████▊ | 5306/6000 [44:55<03:30,  3.30it/s, val_loss=1.298]Training:  88%|████████▊ | 5307/6000 [44:55<03:12,  3.60it/s, val_loss=1.298]Training:  88%|████████▊ | 5308/6000 [44:55<03:02,  3.79it/s, val_loss=1.298]Training:  88%|████████▊ | 5309/6000 [44:55<02:54,  3.97it/s, val_loss=1.298]Training:  88%|████████▊ | 5310/6000 [44:56<02:48,  4.09it/s, val_loss=1.298]Training:  89%|████████▊ | 5311/6000 [44:56<02:44,  4.20it/s, val_loss=1.298]Training:  89%|████████▊ | 5312/6000 [44:56<02:40,  4.29it/s, val_loss=1.298]Training:  89%|████████▊ | 5313/6000 [44:56<02:39,  4.30it/s, val_loss=1.298]Training:  89%|████████▊ | 5314/6000 [44:57<02:38,  4.32it/s, val_loss=1.298]Training:  89%|████████▊ | 5315/6000 [44:57<02:35,  4.40it/s, val_loss=1.298]Training:  89%|████████▊ | 5316/6000 [44:57<02:36,  4.36it/s, val_loss=1.298]Training:  89%|████████▊ | 5317/6000 [44:57<02:33,  4.46it/s, val_loss=1.298]Training:  89%|████████▊ | 5318/6000 [44:57<02:33,  4.44it/s, val_loss=1.298]Training:  89%|████████▊ | 5319/6000 [44:58<02:30,  4.52it/s, val_loss=1.298]Training:  89%|████████▊ | 5320/6000 [44:58<02:27,  4.62it/s, val_loss=1.298]Training:  89%|████████▊ | 5320/6000 [44:58<02:27,  4.62it/s, F=6, P=0, R=0, loss=1.3505]Training:  89%|████████▊ | 5321/6000 [44:58<02:28,  4.56it/s, F=6, P=0, R=0, loss=1.3505]Training:  89%|████████▊ | 5322/6000 [44:58<02:32,  4.46it/s, F=6, P=0, R=0, loss=1.3505]Training:  89%|████████▊ | 5323/6000 [44:59<02:30,  4.49it/s, F=6, P=0, R=0, loss=1.3505]Training:  89%|████████▊ | 5324/6000 [44:59<02:33,  4.40it/s, F=6, P=0, R=0, loss=1.3505]Training:  89%|████████▉ | 5325/6000 [44:59<02:31,  4.45it/s, F=6, P=0, R=0, loss=1.3505]Training:  89%|████████▉ | 5326/6000 [44:59<02:30,  4.48it/s, F=6, P=0, R=0, loss=1.3505]Training:  89%|████████▉ | 5327/6000 [44:59<02:38,  4.26it/s, F=6, P=0, R=0, loss=1.3505]Training:  89%|████████▉ | 5328/6000 [45:00<02:44,  4.08it/s, F=6, P=0, R=0, loss=1.3505]Training:  89%|████████▉ | 5329/6000 [45:00<02:39,  4.21it/s, F=6, P=0, R=0, loss=1.3505]Training:  89%|████████▉ | 5330/6000 [45:00<02:36,  4.27it/s, F=6, P=0, R=0, loss=1.3505]Training:  89%|████████▉ | 5331/6000 [45:00<02:31,  4.41it/s, F=6, P=0, R=0, loss=1.3505]Training:  89%|████████▉ | 5332/6000 [45:01<02:29,  4.47it/s, F=6, P=0, R=0, loss=1.3505]Training:  89%|████████▉ | 5333/6000 [45:01<02:31,  4.40it/s, F=6, P=0, R=0, loss=1.3505]Training:  89%|████████▉ | 5334/6000 [45:01<02:29,  4.46it/s, F=6, P=0, R=0, loss=1.3505]Training:  89%|████████▉ | 5335/6000 [45:01<02:30,  4.43it/s, F=6, P=0, R=0, loss=1.3505]Training:  89%|████████▉ | 5336/6000 [45:02<02:31,  4.39it/s, F=6, P=0, R=0, loss=1.3505]Training:  89%|████████▉ | 5337/6000 [45:02<02:30,  4.41it/s, F=6, P=0, R=0, loss=1.3505]Training:  89%|████████▉ | 5338/6000 [45:02<02:27,  4.48it/s, F=6, P=0, R=0, loss=1.3505]Training:  89%|████████▉ | 5339/6000 [45:02<02:30,  4.40it/s, F=6, P=0, R=0, loss=1.3505]Training:  89%|████████▉ | 5340/6000 [45:02<02:28,  4.45it/s, F=6, P=0, R=0, loss=1.3505]Training:  89%|████████▉ | 5340/6000 [45:03<02:28,  4.45it/s, F=6, P=0, R=0, loss=1.3449]Training:  89%|████████▉ | 5341/6000 [45:03<02:27,  4.46it/s, F=6, P=0, R=0, loss=1.3449]Training:  89%|████████▉ | 5342/6000 [45:03<02:37,  4.17it/s, F=6, P=0, R=0, loss=1.3449]Training:  89%|████████▉ | 5343/6000 [45:03<02:35,  4.22it/s, F=6, P=0, R=0, loss=1.3449]Training:  89%|████████▉ | 5344/6000 [45:03<02:31,  4.32it/s, F=6, P=0, R=0, loss=1.3449]Training:  89%|████████▉ | 5345/6000 [45:04<02:33,  4.28it/s, F=6, P=0, R=0, loss=1.3449]Training:  89%|████████▉ | 5346/6000 [45:04<02:28,  4.42it/s, F=6, P=0, R=0, loss=1.3449]Training:  89%|████████▉ | 5347/6000 [45:04<02:26,  4.45it/s, F=6, P=0, R=0, loss=1.3449]Training:  89%|████████▉ | 5348/6000 [45:04<02:26,  4.45it/s, F=6, P=0, R=0, loss=1.3449]Training:  89%|████████▉ | 5349/6000 [45:04<02:21,  4.59it/s, F=6, P=0, R=0, loss=1.3449]Training:  89%|████████▉ | 5350/6000 [45:05<02:19,  4.66it/s, F=6, P=0, R=0, loss=1.3449]Training:  89%|████████▉ | 5351/6000 [45:06<07:03,  1.53it/s, val_loss=1.297]            Training:  89%|████████▉ | 5352/6000 [45:07<05:42,  1.89it/s, val_loss=1.297]Training:  89%|████████▉ | 5353/6000 [45:07<04:51,  2.22it/s, val_loss=1.297]Training:  89%|████████▉ | 5354/6000 [45:07<04:10,  2.58it/s, val_loss=1.297]Training:  89%|████████▉ | 5355/6000 [45:07<03:42,  2.89it/s, val_loss=1.297]Training:  89%|████████▉ | 5356/6000 [45:08<03:19,  3.22it/s, val_loss=1.297]Training:  89%|████████▉ | 5357/6000 [45:08<03:05,  3.46it/s, val_loss=1.297]Training:  89%|████████▉ | 5358/6000 [45:08<02:51,  3.74it/s, val_loss=1.297]Training:  89%|████████▉ | 5359/6000 [45:08<02:40,  4.01it/s, val_loss=1.297]Training:  89%|████████▉ | 5360/6000 [45:08<02:36,  4.10it/s, val_loss=1.297]Training:  89%|████████▉ | 5360/6000 [45:09<02:36,  4.10it/s, F=6, P=0, R=0, loss=1.3556]Training:  89%|████████▉ | 5361/6000 [45:09<02:28,  4.30it/s, F=6, P=0, R=0, loss=1.3556]Training:  89%|████████▉ | 5362/6000 [45:09<02:26,  4.36it/s, F=6, P=0, R=0, loss=1.3556]Training:  89%|████████▉ | 5363/6000 [45:09<02:25,  4.39it/s, F=6, P=0, R=0, loss=1.3556]Training:  89%|████████▉ | 5364/6000 [45:09<02:29,  4.26it/s, F=6, P=0, R=0, loss=1.3556]Training:  89%|████████▉ | 5365/6000 [45:10<02:30,  4.21it/s, F=6, P=0, R=0, loss=1.3556]Training:  89%|████████▉ | 5366/6000 [45:10<02:26,  4.32it/s, F=6, P=0, R=0, loss=1.3556]Training:  89%|████████▉ | 5367/6000 [45:10<02:20,  4.49it/s, F=6, P=0, R=0, loss=1.3556]Training:  89%|████████▉ | 5368/6000 [45:10<02:22,  4.44it/s, F=6, P=0, R=0, loss=1.3556]Training:  89%|████████▉ | 5369/6000 [45:10<02:18,  4.55it/s, F=6, P=0, R=0, loss=1.3556]Training:  90%|████████▉ | 5370/6000 [45:11<02:16,  4.61it/s, F=6, P=0, R=0, loss=1.3556]Training:  90%|████████▉ | 5371/6000 [45:11<02:17,  4.57it/s, F=6, P=0, R=0, loss=1.3556]Training:  90%|████████▉ | 5372/6000 [45:11<02:17,  4.57it/s, F=6, P=0, R=0, loss=1.3556]Training:  90%|████████▉ | 5373/6000 [45:11<02:17,  4.56it/s, F=6, P=0, R=0, loss=1.3556]Training:  90%|████████▉ | 5374/6000 [45:12<02:19,  4.49it/s, F=6, P=0, R=0, loss=1.3556]Training:  90%|████████▉ | 5375/6000 [45:12<02:18,  4.50it/s, F=6, P=0, R=0, loss=1.3556]Training:  90%|████████▉ | 5376/6000 [45:12<02:18,  4.50it/s, F=6, P=0, R=0, loss=1.3556]Training:  90%|████████▉ | 5377/6000 [45:12<02:20,  4.42it/s, F=6, P=0, R=0, loss=1.3556]Training:  90%|████████▉ | 5378/6000 [45:12<02:18,  4.48it/s, F=6, P=0, R=0, loss=1.3556]Training:  90%|████████▉ | 5379/6000 [45:13<02:16,  4.54it/s, F=6, P=0, R=0, loss=1.3556]Training:  90%|████████▉ | 5380/6000 [45:13<02:16,  4.53it/s, F=6, P=0, R=0, loss=1.3556]Training:  90%|████████▉ | 5380/6000 [45:13<02:16,  4.53it/s, F=6, P=0, R=0, loss=1.4977]Training:  90%|████████▉ | 5381/6000 [45:13<02:14,  4.62it/s, F=6, P=0, R=0, loss=1.4977]Training:  90%|████████▉ | 5382/6000 [45:13<02:13,  4.63it/s, F=6, P=0, R=0, loss=1.4977]Training:  90%|████████▉ | 5383/6000 [45:14<02:17,  4.49it/s, F=6, P=0, R=0, loss=1.4977]Training:  90%|████████▉ | 5384/6000 [45:14<02:16,  4.53it/s, F=6, P=0, R=0, loss=1.4977]Training:  90%|████████▉ | 5385/6000 [45:14<02:20,  4.38it/s, F=6, P=0, R=0, loss=1.4977]Training:  90%|████████▉ | 5386/6000 [45:14<02:18,  4.44it/s, F=6, P=0, R=0, loss=1.4977]Training:  90%|████████▉ | 5387/6000 [45:14<02:16,  4.49it/s, F=6, P=0, R=0, loss=1.4977]Training:  90%|████████▉ | 5388/6000 [45:15<02:19,  4.39it/s, F=6, P=0, R=0, loss=1.4977]Training:  90%|████████▉ | 5389/6000 [45:15<02:18,  4.41it/s, F=6, P=0, R=0, loss=1.4977]Training:  90%|████████▉ | 5390/6000 [45:15<02:19,  4.36it/s, F=6, P=0, R=0, loss=1.4977]Training:  90%|████████▉ | 5391/6000 [45:15<02:18,  4.39it/s, F=6, P=0, R=0, loss=1.4977]Training:  90%|████████▉ | 5392/6000 [45:16<02:16,  4.45it/s, F=6, P=0, R=0, loss=1.4977]Training:  90%|████████▉ | 5393/6000 [45:16<02:18,  4.39it/s, F=6, P=0, R=0, loss=1.4977]Training:  90%|████████▉ | 5394/6000 [45:16<02:17,  4.40it/s, F=6, P=0, R=0, loss=1.4977]Training:  90%|████████▉ | 5395/6000 [45:16<02:14,  4.50it/s, F=6, P=0, R=0, loss=1.4977]Training:  90%|████████▉ | 5396/6000 [45:16<02:15,  4.45it/s, F=6, P=0, R=0, loss=1.4977]Training:  90%|████████▉ | 5397/6000 [45:17<02:13,  4.51it/s, F=6, P=0, R=0, loss=1.4977]Training:  90%|████████▉ | 5398/6000 [45:17<02:12,  4.55it/s, F=6, P=0, R=0, loss=1.4977]Training:  90%|████████▉ | 5399/6000 [45:17<02:13,  4.49it/s, F=6, P=0, R=0, loss=1.4977]Training:  90%|█████████ | 5400/6000 [47:52<7:47:04, 46.71s/it, val_loss=1.297]          Training:  90%|█████████ | 5400/6000 [47:52<7:47:04, 46.71s/it, F=1, P=0, R=5, loss=2.4189]Training:  90%|█████████ | 5401/6000 [47:52<5:26:57, 32.75s/it, F=1, P=0, R=5, loss=2.4189]Training:  90%|█████████ | 5402/6000 [47:53<3:49:08, 22.99s/it, F=1, P=0, R=5, loss=2.4189]Training:  90%|█████████ | 5403/6000 [47:53<2:40:43, 16.15s/it, F=1, P=0, R=5, loss=2.4189]Training:  90%|█████████ | 5404/6000 [47:53<1:52:52, 11.36s/it, F=1, P=0, R=5, loss=2.4189]Training:  90%|█████████ | 5405/6000 [47:53<1:19:50,  8.05s/it, F=1, P=0, R=5, loss=2.4189]Training:  90%|█████████ | 5406/6000 [47:54<56:39,  5.72s/it, F=1, P=0, R=5, loss=2.4189]  Training:  90%|█████████ | 5407/6000 [47:54<40:08,  4.06s/it, F=1, P=0, R=5, loss=2.4189]Training:  90%|█████████ | 5408/6000 [47:54<28:41,  2.91s/it, F=1, P=0, R=5, loss=2.4189]Training:  90%|█████████ | 5409/6000 [47:54<20:43,  2.10s/it, F=1, P=0, R=5, loss=2.4189]Training:  90%|█████████ | 5410/6000 [47:55<15:01,  1.53s/it, F=1, P=0, R=5, loss=2.4189]Training:  90%|█████████ | 5411/6000 [47:55<11:06,  1.13s/it, F=1, P=0, R=5, loss=2.4189]Training:  90%|█████████ | 5412/6000 [47:55<08:22,  1.17it/s, F=1, P=0, R=5, loss=2.4189]Training:  90%|█████████ | 5413/6000 [47:55<06:29,  1.51it/s, F=1, P=0, R=5, loss=2.4189]Training:  90%|█████████ | 5414/6000 [47:55<05:04,  1.92it/s, F=1, P=0, R=5, loss=2.4189]Training:  90%|█████████ | 5415/6000 [47:56<04:25,  2.20it/s, F=1, P=0, R=5, loss=2.4189]Training:  90%|█████████ | 5416/6000 [47:56<03:42,  2.62it/s, F=1, P=0, R=5, loss=2.4189]Training:  90%|█████████ | 5417/6000 [47:56<03:11,  3.05it/s, F=1, P=0, R=5, loss=2.4189]Training:  90%|█████████ | 5418/6000 [47:56<02:46,  3.50it/s, F=1, P=0, R=5, loss=2.4189]Training:  90%|█████████ | 5419/6000 [47:56<02:29,  3.90it/s, F=1, P=0, R=5, loss=2.4189]Training:  90%|█████████ | 5420/6000 [47:57<02:26,  3.96it/s, F=1, P=0, R=5, loss=2.4189]Training:  90%|█████████ | 5420/6000 [47:57<02:26,  3.96it/s, F=0, P=0, R=6, loss=4.5978]Training:  90%|█████████ | 5421/6000 [47:57<02:21,  4.10it/s, F=0, P=0, R=6, loss=4.5978]Training:  90%|█████████ | 5422/6000 [47:57<02:10,  4.41it/s, F=0, P=0, R=6, loss=4.5978]Training:  90%|█████████ | 5423/6000 [47:57<02:03,  4.68it/s, F=0, P=0, R=6, loss=4.5978]Training:  90%|█████████ | 5424/6000 [47:57<02:04,  4.63it/s, F=0, P=0, R=6, loss=4.5978]Training:  90%|█████████ | 5425/6000 [47:58<02:06,  4.55it/s, F=0, P=0, R=6, loss=4.5978]Training:  90%|█████████ | 5426/6000 [47:58<02:08,  4.46it/s, F=0, P=0, R=6, loss=4.5978]Training:  90%|█████████ | 5427/6000 [47:58<02:07,  4.50it/s, F=0, P=0, R=6, loss=4.5978]Training:  90%|█████████ | 5428/6000 [47:58<02:10,  4.39it/s, F=0, P=0, R=6, loss=4.5978]Training:  90%|█████████ | 5429/6000 [47:59<02:08,  4.44it/s, F=0, P=0, R=6, loss=4.5978]Training:  90%|█████████ | 5430/6000 [47:59<02:07,  4.49it/s, F=0, P=0, R=6, loss=4.5978]Training:  91%|█████████ | 5431/6000 [47:59<02:04,  4.56it/s, F=0, P=0, R=6, loss=4.5978]Training:  91%|█████████ | 5432/6000 [47:59<01:58,  4.79it/s, F=0, P=0, R=6, loss=4.5978]Training:  91%|█████████ | 5433/6000 [48:00<02:25,  3.89it/s, F=0, P=0, R=6, loss=4.5978]Training:  91%|█████████ | 5434/6000 [48:00<02:30,  3.77it/s, F=0, P=0, R=6, loss=4.5978]Training:  91%|█████████ | 5435/6000 [48:00<02:22,  3.96it/s, F=0, P=0, R=6, loss=4.5978]Training:  91%|█████████ | 5436/6000 [48:00<02:15,  4.15it/s, F=0, P=0, R=6, loss=4.5978]Training:  91%|█████████ | 5437/6000 [48:01<02:06,  4.45it/s, F=0, P=0, R=6, loss=4.5978]Training:  91%|█████████ | 5438/6000 [48:01<02:05,  4.49it/s, F=0, P=0, R=6, loss=4.5978]Training:  91%|█████████ | 5439/6000 [48:01<02:06,  4.44it/s, F=0, P=0, R=6, loss=4.5978]Training:  91%|█████████ | 5440/6000 [48:01<01:59,  4.68it/s, F=0, P=0, R=6, loss=4.5978]Training:  91%|█████████ | 5440/6000 [48:01<01:59,  4.68it/s, F=6, P=0, R=0, loss=2.0040]Training:  91%|█████████ | 5441/6000 [48:01<01:55,  4.84it/s, F=6, P=0, R=0, loss=2.0040]Training:  91%|█████████ | 5442/6000 [48:02<01:55,  4.82it/s, F=6, P=0, R=0, loss=2.0040]Training:  91%|█████████ | 5443/6000 [48:02<02:00,  4.64it/s, F=6, P=0, R=0, loss=2.0040]Training:  91%|█████████ | 5444/6000 [48:02<02:03,  4.51it/s, F=6, P=0, R=0, loss=2.0040]Training:  91%|█████████ | 5445/6000 [48:02<01:56,  4.75it/s, F=6, P=0, R=0, loss=2.0040]Training:  91%|█████████ | 5446/6000 [48:02<01:52,  4.93it/s, F=6, P=0, R=0, loss=2.0040]Training:  91%|█████████ | 5447/6000 [48:03<01:58,  4.65it/s, F=6, P=0, R=0, loss=2.0040]Training:  91%|█████████ | 5448/6000 [48:03<02:00,  4.58it/s, F=6, P=0, R=0, loss=2.0040]Training:  91%|█████████ | 5449/6000 [48:03<01:55,  4.76it/s, F=6, P=0, R=0, loss=2.0040]Training:  91%|█████████ | 5450/6000 [48:03<02:01,  4.54it/s, F=6, P=0, R=0, loss=2.0040]Training:  91%|█████████ | 5451/6000 [48:04<01:57,  4.67it/s, F=6, P=0, R=0, loss=2.0040]Training:  91%|█████████ | 5452/6000 [48:04<01:54,  4.78it/s, F=6, P=0, R=0, loss=2.0040]Training:  91%|█████████ | 5453/6000 [48:04<01:57,  4.65it/s, F=6, P=0, R=0, loss=2.0040]Training:  91%|█████████ | 5454/6000 [48:04<02:14,  4.06it/s, F=6, P=0, R=0, loss=2.0040]Training:  91%|█████████ | 5455/6000 [48:04<02:10,  4.18it/s, F=6, P=0, R=0, loss=2.0040]Training:  91%|█████████ | 5456/6000 [48:05<02:02,  4.44it/s, F=6, P=0, R=0, loss=2.0040]Training:  91%|█████████ | 5457/6000 [48:05<01:56,  4.67it/s, F=6, P=0, R=0, loss=2.0040]Training:  91%|█████████ | 5458/6000 [48:05<01:58,  4.58it/s, F=6, P=0, R=0, loss=2.0040]Training:  91%|█████████ | 5459/6000 [48:05<01:55,  4.68it/s, F=6, P=0, R=0, loss=2.0040]Training:  91%|█████████ | 5460/6000 [48:05<01:52,  4.81it/s, F=6, P=0, R=0, loss=2.0040]Training:  91%|█████████ | 5460/6000 [48:06<01:52,  4.81it/s, F=0, P=0, R=6, loss=3.4020]Training:  91%|█████████ | 5461/6000 [48:06<01:55,  4.68it/s, F=0, P=0, R=6, loss=3.4020]Training:  91%|█████████ | 5462/6000 [48:06<01:49,  4.92it/s, F=0, P=0, R=6, loss=3.4020]Training:  91%|█████████ | 5463/6000 [48:06<01:54,  4.67it/s, F=0, P=0, R=6, loss=3.4020]Training:  91%|█████████ | 5464/6000 [48:06<01:50,  4.86it/s, F=0, P=0, R=6, loss=3.4020]Training:  91%|█████████ | 5465/6000 [48:07<01:52,  4.77it/s, F=0, P=0, R=6, loss=3.4020]Training:  91%|█████████ | 5466/6000 [48:07<01:57,  4.54it/s, F=0, P=0, R=6, loss=3.4020]Training:  91%|█████████ | 5467/6000 [48:07<01:52,  4.73it/s, F=0, P=0, R=6, loss=3.4020]Training:  91%|█████████ | 5468/6000 [48:07<01:50,  4.81it/s, F=0, P=0, R=6, loss=3.4020]Training:  91%|█████████ | 5469/6000 [48:07<01:52,  4.71it/s, F=0, P=0, R=6, loss=3.4020]Training:  91%|█████████ | 5470/6000 [48:08<01:47,  4.91it/s, F=0, P=0, R=6, loss=3.4020]Training:  91%|█████████ | 5471/6000 [48:08<01:53,  4.66it/s, F=0, P=0, R=6, loss=3.4020]Training:  91%|█████████ | 5472/6000 [48:08<01:49,  4.81it/s, F=0, P=0, R=6, loss=3.4020]Training:  91%|█████████ | 5473/6000 [48:08<01:46,  4.97it/s, F=0, P=0, R=6, loss=3.4020]Training:  91%|█████████ | 5474/6000 [48:08<01:46,  4.95it/s, F=0, P=0, R=6, loss=3.4020]Training:  91%|█████████▏| 5475/6000 [48:09<01:43,  5.06it/s, F=0, P=0, R=6, loss=3.4020]Training:  91%|█████████▏| 5476/6000 [48:09<01:50,  4.76it/s, F=0, P=0, R=6, loss=3.4020]Training:  91%|█████████▏| 5477/6000 [48:09<01:45,  4.94it/s, F=0, P=0, R=6, loss=3.4020]Training:  91%|█████████▏| 5478/6000 [48:09<01:42,  5.09it/s, F=0, P=0, R=6, loss=3.4020]Training:  91%|█████████▏| 5479/6000 [48:09<01:45,  4.96it/s, F=0, P=0, R=6, loss=3.4020]Training:  91%|█████████▏| 5480/6000 [48:10<02:00,  4.32it/s, F=0, P=0, R=6, loss=3.4020]Training:  91%|█████████▏| 5480/6000 [48:10<02:00,  4.32it/s, F=6, P=0, R=0, loss=1.6517]Training:  91%|█████████▏| 5481/6000 [48:10<01:59,  4.36it/s, F=6, P=0, R=0, loss=1.6517]Training:  91%|█████████▏| 5482/6000 [48:10<01:56,  4.43it/s, F=6, P=0, R=0, loss=1.6517]Training:  91%|█████████▏| 5483/6000 [48:10<01:55,  4.46it/s, F=6, P=0, R=0, loss=1.6517]Training:  91%|█████████▏| 5484/6000 [48:11<01:53,  4.54it/s, F=6, P=0, R=0, loss=1.6517]Training:  91%|█████████▏| 5485/6000 [48:11<02:05,  4.10it/s, F=6, P=0, R=0, loss=1.6517]Training:  91%|█████████▏| 5486/6000 [48:11<02:02,  4.20it/s, F=6, P=0, R=0, loss=1.6517]Training:  91%|█████████▏| 5487/6000 [48:11<01:53,  4.51it/s, F=6, P=0, R=0, loss=1.6517]Training:  91%|█████████▏| 5488/6000 [48:11<01:48,  4.71it/s, F=6, P=0, R=0, loss=1.6517]Training:  91%|█████████▏| 5489/6000 [48:12<01:52,  4.54it/s, F=6, P=0, R=0, loss=1.6517]Training:  92%|█████████▏| 5490/6000 [48:12<01:56,  4.37it/s, F=6, P=0, R=0, loss=1.6517]Training:  92%|█████████▏| 5491/6000 [48:12<01:54,  4.43it/s, F=6, P=0, R=0, loss=1.6517]Training:  92%|█████████▏| 5492/6000 [48:12<02:00,  4.20it/s, F=6, P=0, R=0, loss=1.6517]Training:  92%|█████████▏| 5493/6000 [48:13<01:58,  4.27it/s, F=6, P=0, R=0, loss=1.6517]Training:  92%|█████████▏| 5494/6000 [48:13<01:51,  4.55it/s, F=6, P=0, R=0, loss=1.6517]Training:  92%|█████████▏| 5495/6000 [48:13<01:54,  4.40it/s, F=6, P=0, R=0, loss=1.6517]Training:  92%|█████████▏| 5496/6000 [48:13<01:47,  4.70it/s, F=6, P=0, R=0, loss=1.6517]Training:  92%|█████████▏| 5497/6000 [48:13<01:47,  4.68it/s, F=6, P=0, R=0, loss=1.6517]Training:  92%|█████████▏| 5498/6000 [48:14<01:46,  4.69it/s, F=6, P=0, R=0, loss=1.6517]Training:  92%|█████████▏| 5499/6000 [48:14<01:41,  4.93it/s, F=6, P=0, R=0, loss=1.6517]Training:  92%|█████████▏| 5500/6000 [48:14<01:41,  4.91it/s, F=6, P=0, R=0, loss=1.6517]Training:  92%|█████████▏| 5500/6000 [48:14<01:41,  4.91it/s, F=5, P=0, R=1, loss=3.2363]Training:  92%|█████████▏| 5501/6000 [48:16<05:22,  1.55it/s, val_loss=1.286]            Training:  92%|█████████▏| 5502/6000 [48:16<04:18,  1.93it/s, val_loss=1.286]Training:  92%|█████████▏| 5503/6000 [48:16<03:34,  2.32it/s, val_loss=1.286]Training:  92%|█████████▏| 5504/6000 [48:16<03:02,  2.72it/s, val_loss=1.286]Training:  92%|█████████▏| 5505/6000 [48:17<02:50,  2.90it/s, val_loss=1.286]Training:  92%|█████████▏| 5506/6000 [48:17<02:27,  3.35it/s, val_loss=1.286]Training:  92%|█████████▏| 5507/6000 [48:17<02:15,  3.64it/s, val_loss=1.286]Training:  92%|█████████▏| 5508/6000 [48:17<02:08,  3.83it/s, val_loss=1.286]Training:  92%|█████████▏| 5509/6000 [48:18<02:00,  4.07it/s, val_loss=1.286]Training:  92%|█████████▏| 5510/6000 [48:18<01:59,  4.10it/s, val_loss=1.286]Training:  92%|█████████▏| 5511/6000 [48:18<01:55,  4.23it/s, val_loss=1.286]Training:  92%|█████████▏| 5512/6000 [48:18<01:47,  4.52it/s, val_loss=1.286]Training:  92%|█████████▏| 5513/6000 [48:18<01:50,  4.39it/s, val_loss=1.286]Training:  92%|█████████▏| 5514/6000 [48:19<01:49,  4.44it/s, val_loss=1.286]Training:  92%|█████████▏| 5515/6000 [48:19<01:59,  4.07it/s, val_loss=1.286]Training:  92%|█████████▏| 5516/6000 [48:19<01:56,  4.15it/s, val_loss=1.286]Training:  92%|█████████▏| 5517/6000 [48:19<01:49,  4.43it/s, val_loss=1.286]Training:  92%|█████████▏| 5518/6000 [48:20<01:42,  4.69it/s, val_loss=1.286]Training:  92%|█████████▏| 5519/6000 [48:20<01:58,  4.04it/s, val_loss=1.286]Training:  92%|█████████▏| 5520/6000 [48:20<01:56,  4.13it/s, val_loss=1.286]Training:  92%|█████████▏| 5520/6000 [48:20<01:56,  4.13it/s, F=6, P=0, R=0, loss=2.0441]Training:  92%|█████████▏| 5521/6000 [48:20<01:48,  4.43it/s, F=6, P=0, R=0, loss=2.0441]Training:  92%|█████████▏| 5522/6000 [48:21<01:41,  4.72it/s, F=6, P=0, R=0, loss=2.0441]Training:  92%|█████████▏| 5523/6000 [48:21<01:39,  4.77it/s, F=6, P=0, R=0, loss=2.0441]Training:  92%|█████████▏| 5524/6000 [48:21<01:41,  4.70it/s, F=6, P=0, R=0, loss=2.0441]Training:  92%|█████████▏| 5525/6000 [48:21<01:37,  4.88it/s, F=6, P=0, R=0, loss=2.0441]Training:  92%|█████████▏| 5526/6000 [48:21<01:42,  4.61it/s, F=6, P=0, R=0, loss=2.0441]Training:  92%|█████████▏| 5527/6000 [48:22<01:38,  4.80it/s, F=6, P=0, R=0, loss=2.0441]Training:  92%|█████████▏| 5528/6000 [48:22<01:35,  4.97it/s, F=6, P=0, R=0, loss=2.0441]Training:  92%|█████████▏| 5529/6000 [48:22<01:36,  4.89it/s, F=6, P=0, R=0, loss=2.0441]Training:  92%|█████████▏| 5530/6000 [48:22<01:37,  4.84it/s, F=6, P=0, R=0, loss=2.0441]Training:  92%|█████████▏| 5531/6000 [48:22<01:37,  4.80it/s, F=6, P=0, R=0, loss=2.0441]Training:  92%|█████████▏| 5532/6000 [48:23<01:39,  4.71it/s, F=6, P=0, R=0, loss=2.0441]Training:  92%|█████████▏| 5533/6000 [48:23<01:36,  4.85it/s, F=6, P=0, R=0, loss=2.0441]Training:  92%|█████████▏| 5534/6000 [48:23<01:39,  4.68it/s, F=6, P=0, R=0, loss=2.0441]Training:  92%|█████████▏| 5535/6000 [48:23<01:40,  4.62it/s, F=6, P=0, R=0, loss=2.0441]Training:  92%|█████████▏| 5536/6000 [48:23<01:35,  4.85it/s, F=6, P=0, R=0, loss=2.0441]Training:  92%|█████████▏| 5537/6000 [48:24<01:40,  4.59it/s, F=6, P=0, R=0, loss=2.0441]Training:  92%|█████████▏| 5538/6000 [48:24<01:41,  4.55it/s, F=6, P=0, R=0, loss=2.0441]Training:  92%|█████████▏| 5539/6000 [48:24<01:41,  4.55it/s, F=6, P=0, R=0, loss=2.0441]Training:  92%|█████████▏| 5540/6000 [48:24<01:43,  4.46it/s, F=6, P=0, R=0, loss=2.0441]Training:  92%|█████████▏| 5540/6000 [48:25<01:43,  4.46it/s, F=6, P=0, R=0, loss=1.8631]Training:  92%|█████████▏| 5541/6000 [48:25<01:37,  4.70it/s, F=6, P=0, R=0, loss=1.8631]Training:  92%|█████████▏| 5542/6000 [48:25<01:38,  4.66it/s, F=6, P=0, R=0, loss=1.8631]Training:  92%|█████████▏| 5543/6000 [48:25<01:37,  4.70it/s, F=6, P=0, R=0, loss=1.8631]Training:  92%|█████████▏| 5544/6000 [48:25<01:40,  4.54it/s, F=6, P=0, R=0, loss=1.8631]Training:  92%|█████████▏| 5545/6000 [48:25<01:35,  4.78it/s, F=6, P=0, R=0, loss=1.8631]Training:  92%|█████████▏| 5546/6000 [48:26<01:30,  5.02it/s, F=6, P=0, R=0, loss=1.8631]Training:  92%|█████████▏| 5547/6000 [48:26<01:31,  4.93it/s, F=6, P=0, R=0, loss=1.8631]Training:  92%|█████████▏| 5548/6000 [48:26<01:33,  4.84it/s, F=6, P=0, R=0, loss=1.8631]Training:  92%|█████████▏| 5549/6000 [48:26<01:44,  4.33it/s, F=6, P=0, R=0, loss=1.8631]Training:  92%|█████████▎| 5550/6000 [48:26<01:39,  4.51it/s, F=6, P=0, R=0, loss=1.8631]Training:  93%|█████████▎| 5551/6000 [48:27<01:40,  4.48it/s, F=6, P=0, R=0, loss=1.8631]Training:  93%|█████████▎| 5552/6000 [48:27<01:45,  4.25it/s, F=6, P=0, R=0, loss=1.8631]Training:  93%|█████████▎| 5553/6000 [48:27<01:41,  4.42it/s, F=6, P=0, R=0, loss=1.8631]Training:  93%|█████████▎| 5554/6000 [48:27<01:49,  4.09it/s, F=6, P=0, R=0, loss=1.8631]Training:  93%|█████████▎| 5555/6000 [48:28<01:48,  4.12it/s, F=6, P=0, R=0, loss=1.8631]Training:  93%|█████████▎| 5556/6000 [48:28<02:01,  3.67it/s, F=6, P=0, R=0, loss=1.8631]Training:  93%|█████████▎| 5557/6000 [48:28<01:52,  3.95it/s, F=6, P=0, R=0, loss=1.8631]Training:  93%|█████████▎| 5558/6000 [48:29<02:04,  3.56it/s, F=6, P=0, R=0, loss=1.8631]Training:  93%|█████████▎| 5559/6000 [48:29<02:08,  3.44it/s, F=6, P=0, R=0, loss=1.8631]Training:  93%|█████████▎| 5560/6000 [48:29<01:53,  3.87it/s, F=6, P=0, R=0, loss=1.8631]Training:  93%|█████████▎| 5560/6000 [48:29<01:53,  3.87it/s, F=3, P=0, R=3, loss=1.9713]Training:  93%|█████████▎| 5561/6000 [48:29<01:46,  4.12it/s, F=3, P=0, R=3, loss=1.9713]Training:  93%|█████████▎| 5562/6000 [48:29<01:40,  4.35it/s, F=3, P=0, R=3, loss=1.9713]Training:  93%|█████████▎| 5563/6000 [48:30<01:37,  4.49it/s, F=3, P=0, R=3, loss=1.9713]Training:  93%|█████████▎| 5564/6000 [48:30<01:36,  4.50it/s, F=3, P=0, R=3, loss=1.9713]Training:  93%|█████████▎| 5565/6000 [48:30<01:32,  4.70it/s, F=3, P=0, R=3, loss=1.9713]Training:  93%|█████████▎| 5566/6000 [48:30<01:44,  4.14it/s, F=3, P=0, R=3, loss=1.9713]Training:  93%|█████████▎| 5567/6000 [48:31<01:40,  4.31it/s, F=3, P=0, R=3, loss=1.9713]Training:  93%|█████████▎| 5568/6000 [48:31<01:33,  4.62it/s, F=3, P=0, R=3, loss=1.9713]Training:  93%|█████████▎| 5569/6000 [48:31<01:43,  4.18it/s, F=3, P=0, R=3, loss=1.9713]Training:  93%|█████████▎| 5570/6000 [48:31<01:56,  3.71it/s, F=3, P=0, R=3, loss=1.9713]Training:  93%|█████████▎| 5571/6000 [48:32<01:46,  4.03it/s, F=3, P=0, R=3, loss=1.9713]Training:  93%|█████████▎| 5572/6000 [48:32<01:47,  3.97it/s, F=3, P=0, R=3, loss=1.9713]Training:  93%|█████████▎| 5573/6000 [48:32<01:58,  3.61it/s, F=3, P=0, R=3, loss=1.9713]Training:  93%|█████████▎| 5574/6000 [48:32<01:46,  3.99it/s, F=3, P=0, R=3, loss=1.9713]Training:  93%|█████████▎| 5575/6000 [48:33<01:54,  3.71it/s, F=3, P=0, R=3, loss=1.9713]Training:  93%|█████████▎| 5576/6000 [48:33<01:44,  4.06it/s, F=3, P=0, R=3, loss=1.9713]Training:  93%|█████████▎| 5577/6000 [48:33<01:35,  4.42it/s, F=3, P=0, R=3, loss=1.9713]Training:  93%|█████████▎| 5578/6000 [48:33<01:36,  4.39it/s, F=3, P=0, R=3, loss=1.9713]Training:  93%|█████████▎| 5579/6000 [48:34<01:30,  4.68it/s, F=3, P=0, R=3, loss=1.9713]Training:  93%|█████████▎| 5580/6000 [48:34<01:39,  4.20it/s, F=3, P=0, R=3, loss=1.9713]Training:  93%|█████████▎| 5580/6000 [48:34<01:39,  4.20it/s, F=6, P=0, R=0, loss=1.8443]Training:  93%|█████████▎| 5581/6000 [48:34<01:35,  4.40it/s, F=6, P=0, R=0, loss=1.8443]Training:  93%|█████████▎| 5582/6000 [48:34<01:32,  4.54it/s, F=6, P=0, R=0, loss=1.8443]Training:  93%|█████████▎| 5583/6000 [48:34<01:30,  4.60it/s, F=6, P=0, R=0, loss=1.8443]Training:  93%|█████████▎| 5584/6000 [48:35<01:33,  4.45it/s, F=6, P=0, R=0, loss=1.8443]Training:  93%|█████████▎| 5585/6000 [48:35<01:43,  4.00it/s, F=6, P=0, R=0, loss=1.8443]Training:  93%|█████████▎| 5586/6000 [48:35<01:39,  4.15it/s, F=6, P=0, R=0, loss=1.8443]Training:  93%|█████████▎| 5587/6000 [48:35<01:32,  4.45it/s, F=6, P=0, R=0, loss=1.8443]Training:  93%|█████████▎| 5588/6000 [48:36<01:32,  4.47it/s, F=6, P=0, R=0, loss=1.8443]Training:  93%|█████████▎| 5589/6000 [48:36<01:40,  4.08it/s, F=6, P=0, R=0, loss=1.8443]Training:  93%|█████████▎| 5590/6000 [48:36<01:40,  4.07it/s, F=6, P=0, R=0, loss=1.8443]Training:  93%|█████████▎| 5591/6000 [48:36<01:39,  4.12it/s, F=6, P=0, R=0, loss=1.8443]Training:  93%|█████████▎| 5592/6000 [48:37<01:35,  4.26it/s, F=6, P=0, R=0, loss=1.8443]Training:  93%|█████████▎| 5593/6000 [48:37<01:34,  4.33it/s, F=6, P=0, R=0, loss=1.8443]Training:  93%|█████████▎| 5594/6000 [48:37<01:41,  4.00it/s, F=6, P=0, R=0, loss=1.8443]Training:  93%|█████████▎| 5595/6000 [48:37<01:37,  4.14it/s, F=6, P=0, R=0, loss=1.8443]Training:  93%|█████████▎| 5596/6000 [48:38<01:30,  4.45it/s, F=6, P=0, R=0, loss=1.8443]Training:  93%|█████████▎| 5597/6000 [48:38<01:27,  4.61it/s, F=6, P=0, R=0, loss=1.8443]Training:  93%|█████████▎| 5598/6000 [48:38<01:42,  3.91it/s, F=6, P=0, R=0, loss=1.8443]Training:  93%|█████████▎| 5599/6000 [48:38<01:39,  4.03it/s, F=6, P=0, R=0, loss=1.8443]Training:  93%|█████████▎| 5600/6000 [48:38<01:31,  4.37it/s, F=6, P=0, R=0, loss=1.8443]Training:  93%|█████████▎| 5600/6000 [48:39<01:31,  4.37it/s, F=6, P=0, R=0, loss=3.0553]Training:  93%|█████████▎| 5601/6000 [48:39<01:30,  4.42it/s, F=6, P=0, R=0, loss=3.0553]Training:  93%|█████████▎| 5602/6000 [48:39<01:27,  4.54it/s, F=6, P=0, R=0, loss=3.0553]Training:  93%|█████████▎| 5603/6000 [48:39<01:27,  4.53it/s, F=6, P=0, R=0, loss=3.0553]Training:  93%|█████████▎| 5604/6000 [48:39<01:23,  4.76it/s, F=6, P=0, R=0, loss=3.0553]Training:  93%|█████████▎| 5605/6000 [48:40<01:21,  4.82it/s, F=6, P=0, R=0, loss=3.0553]Training:  93%|█████████▎| 5606/6000 [48:40<01:23,  4.70it/s, F=6, P=0, R=0, loss=3.0553]Training:  93%|█████████▎| 5607/6000 [48:40<01:25,  4.57it/s, F=6, P=0, R=0, loss=3.0553]Training:  93%|█████████▎| 5608/6000 [48:40<01:28,  4.43it/s, F=6, P=0, R=0, loss=3.0553]Training:  93%|█████████▎| 5609/6000 [48:41<01:35,  4.10it/s, F=6, P=0, R=0, loss=3.0553]Training:  94%|█████████▎| 5610/6000 [48:41<01:31,  4.26it/s, F=6, P=0, R=0, loss=3.0553]Training:  94%|█████████▎| 5611/6000 [48:41<01:27,  4.47it/s, F=6, P=0, R=0, loss=3.0553]Training:  94%|█████████▎| 5612/6000 [48:41<01:26,  4.47it/s, F=6, P=0, R=0, loss=3.0553]Training:  94%|█████████▎| 5613/6000 [48:41<01:24,  4.56it/s, F=6, P=0, R=0, loss=3.0553]Training:  94%|█████████▎| 5614/6000 [48:42<01:27,  4.41it/s, F=6, P=0, R=0, loss=3.0553]Training:  94%|█████████▎| 5615/6000 [48:42<01:26,  4.43it/s, F=6, P=0, R=0, loss=3.0553]Training:  94%|█████████▎| 5616/6000 [48:42<01:25,  4.49it/s, F=6, P=0, R=0, loss=3.0553]Training:  94%|█████████▎| 5617/6000 [48:42<01:24,  4.55it/s, F=6, P=0, R=0, loss=3.0553]Training:  94%|█████████▎| 5618/6000 [48:42<01:26,  4.44it/s, F=6, P=0, R=0, loss=3.0553]Training:  94%|█████████▎| 5619/6000 [48:43<01:20,  4.71it/s, F=6, P=0, R=0, loss=3.0553]Training:  94%|█████████▎| 5620/6000 [48:43<01:17,  4.90it/s, F=6, P=0, R=0, loss=3.0553]Training:  94%|█████████▎| 5620/6000 [48:43<01:17,  4.90it/s, F=6, P=0, R=0, loss=1.8964]Training:  94%|█████████▎| 5621/6000 [48:43<01:17,  4.88it/s, F=6, P=0, R=0, loss=1.8964]Training:  94%|█████████▎| 5622/6000 [48:43<01:21,  4.65it/s, F=6, P=0, R=0, loss=1.8964]Training:  94%|█████████▎| 5623/6000 [48:44<01:21,  4.65it/s, F=6, P=0, R=0, loss=1.8964]Training:  94%|█████████▎| 5624/6000 [48:44<01:20,  4.66it/s, F=6, P=0, R=0, loss=1.8964]Training:  94%|█████████▍| 5625/6000 [48:44<01:23,  4.51it/s, F=6, P=0, R=0, loss=1.8964]Training:  94%|█████████▍| 5626/6000 [48:44<01:22,  4.51it/s, F=6, P=0, R=0, loss=1.8964]Training:  94%|█████████▍| 5627/6000 [48:44<01:31,  4.06it/s, F=6, P=0, R=0, loss=1.8964]Training:  94%|█████████▍| 5628/6000 [48:45<01:36,  3.84it/s, F=6, P=0, R=0, loss=1.8964]Training:  94%|█████████▍| 5629/6000 [48:45<01:27,  4.23it/s, F=6, P=0, R=0, loss=1.8964]Training:  94%|█████████▍| 5630/6000 [48:45<01:25,  4.34it/s, F=6, P=0, R=0, loss=1.8964]Training:  94%|█████████▍| 5631/6000 [48:45<01:20,  4.61it/s, F=6, P=0, R=0, loss=1.8964]Training:  94%|█████████▍| 5632/6000 [48:46<01:20,  4.60it/s, F=6, P=0, R=0, loss=1.8964]Training:  94%|█████████▍| 5633/6000 [48:46<01:22,  4.44it/s, F=6, P=0, R=0, loss=1.8964]Training:  94%|█████████▍| 5634/6000 [48:46<01:21,  4.46it/s, F=6, P=0, R=0, loss=1.8964]Training:  94%|█████████▍| 5635/6000 [48:46<01:21,  4.47it/s, F=6, P=0, R=0, loss=1.8964]Training:  94%|█████████▍| 5636/6000 [48:46<01:19,  4.59it/s, F=6, P=0, R=0, loss=1.8964]Training:  94%|█████████▍| 5637/6000 [48:47<01:17,  4.69it/s, F=6, P=0, R=0, loss=1.8964]Training:  94%|█████████▍| 5638/6000 [48:47<01:14,  4.88it/s, F=6, P=0, R=0, loss=1.8964]Training:  94%|█████████▍| 5639/6000 [48:47<01:26,  4.17it/s, F=6, P=0, R=0, loss=1.8964]Training:  94%|█████████▍| 5640/6000 [48:47<01:26,  4.18it/s, F=6, P=0, R=0, loss=1.8964]Training:  94%|█████████▍| 5640/6000 [48:48<01:26,  4.18it/s, F=6, P=0, R=0, loss=1.6124]Training:  94%|█████████▍| 5641/6000 [48:48<01:22,  4.37it/s, F=6, P=0, R=0, loss=1.6124]Training:  94%|█████████▍| 5642/6000 [48:48<01:19,  4.51it/s, F=6, P=0, R=0, loss=1.6124]Training:  94%|█████████▍| 5643/6000 [48:48<01:16,  4.64it/s, F=6, P=0, R=0, loss=1.6124]Training:  94%|█████████▍| 5644/6000 [48:48<01:17,  4.59it/s, F=6, P=0, R=0, loss=1.6124]Training:  94%|█████████▍| 5645/6000 [48:48<01:16,  4.62it/s, F=6, P=0, R=0, loss=1.6124]Training:  94%|█████████▍| 5646/6000 [48:49<01:18,  4.48it/s, F=6, P=0, R=0, loss=1.6124]Training:  94%|█████████▍| 5647/6000 [48:49<01:17,  4.56it/s, F=6, P=0, R=0, loss=1.6124]Training:  94%|█████████▍| 5648/6000 [48:49<01:13,  4.79it/s, F=6, P=0, R=0, loss=1.6124]Training:  94%|█████████▍| 5649/6000 [48:49<01:16,  4.60it/s, F=6, P=0, R=0, loss=1.6124]Training:  94%|█████████▍| 5650/6000 [48:50<01:24,  4.12it/s, F=6, P=0, R=0, loss=1.6124]Training:  94%|█████████▍| 5651/6000 [48:50<01:24,  4.15it/s, F=6, P=0, R=0, loss=1.6124]Training:  94%|█████████▍| 5652/6000 [48:50<01:22,  4.24it/s, F=6, P=0, R=0, loss=1.6124]Training:  94%|█████████▍| 5653/6000 [48:50<01:19,  4.38it/s, F=6, P=0, R=0, loss=1.6124]Training:  94%|█████████▍| 5654/6000 [48:51<01:26,  3.99it/s, F=6, P=0, R=0, loss=1.6124]Training:  94%|█████████▍| 5655/6000 [48:51<01:23,  4.15it/s, F=6, P=0, R=0, loss=1.6124]Training:  94%|█████████▍| 5656/6000 [48:51<01:18,  4.40it/s, F=6, P=0, R=0, loss=1.6124]Training:  94%|█████████▍| 5657/6000 [48:51<01:17,  4.42it/s, F=6, P=0, R=0, loss=1.6124]Training:  94%|█████████▍| 5658/6000 [48:52<01:26,  3.97it/s, F=6, P=0, R=0, loss=1.6124]Training:  94%|█████████▍| 5659/6000 [48:52<01:36,  3.53it/s, F=6, P=0, R=0, loss=1.6124]Training:  94%|█████████▍| 5660/6000 [48:52<01:29,  3.79it/s, F=6, P=0, R=0, loss=1.6124]Training:  94%|█████████▍| 5660/6000 [48:52<01:29,  3.79it/s, F=6, P=0, R=0, loss=1.6170]Training:  94%|█████████▍| 5661/6000 [48:52<01:24,  4.00it/s, F=6, P=0, R=0, loss=1.6170]Training:  94%|█████████▍| 5662/6000 [48:53<01:24,  4.02it/s, F=6, P=0, R=0, loss=1.6170]Training:  94%|█████████▍| 5663/6000 [48:53<01:18,  4.28it/s, F=6, P=0, R=0, loss=1.6170]Training:  94%|█████████▍| 5664/6000 [48:53<01:14,  4.53it/s, F=6, P=0, R=0, loss=1.6170]Training:  94%|█████████▍| 5665/6000 [48:53<01:10,  4.78it/s, F=6, P=0, R=0, loss=1.6170]Training:  94%|█████████▍| 5666/6000 [48:53<01:20,  4.17it/s, F=6, P=0, R=0, loss=1.6170]Training:  94%|█████████▍| 5667/6000 [48:54<01:14,  4.49it/s, F=6, P=0, R=0, loss=1.6170]Training:  94%|█████████▍| 5668/6000 [48:54<01:13,  4.51it/s, F=6, P=0, R=0, loss=1.6170]Training:  94%|█████████▍| 5669/6000 [48:54<01:25,  3.88it/s, F=6, P=0, R=0, loss=1.6170]Training:  94%|█████████▍| 5670/6000 [48:54<01:23,  3.94it/s, F=6, P=0, R=0, loss=1.6170]Training:  95%|█████████▍| 5671/6000 [48:55<01:28,  3.71it/s, F=6, P=0, R=0, loss=1.6170]Training:  95%|█████████▍| 5672/6000 [48:55<01:23,  3.93it/s, F=6, P=0, R=0, loss=1.6170]Training:  95%|█████████▍| 5673/6000 [48:55<01:27,  3.74it/s, F=6, P=0, R=0, loss=1.6170]Training:  95%|█████████▍| 5674/6000 [48:56<01:20,  4.04it/s, F=6, P=0, R=0, loss=1.6170]Training:  95%|█████████▍| 5675/6000 [48:56<01:18,  4.13it/s, F=6, P=0, R=0, loss=1.6170]Training:  95%|█████████▍| 5676/6000 [48:56<01:15,  4.26it/s, F=6, P=0, R=0, loss=1.6170]Training:  95%|█████████▍| 5677/6000 [48:56<01:16,  4.24it/s, F=6, P=0, R=0, loss=1.6170]Training:  95%|█████████▍| 5678/6000 [48:56<01:13,  4.35it/s, F=6, P=0, R=0, loss=1.6170]Training:  95%|█████████▍| 5679/6000 [48:57<01:12,  4.45it/s, F=6, P=0, R=0, loss=1.6170]Training:  95%|█████████▍| 5680/6000 [48:57<01:11,  4.46it/s, F=6, P=0, R=0, loss=1.6170]Training:  95%|█████████▍| 5680/6000 [48:57<01:11,  4.46it/s, F=6, P=0, R=0, loss=1.4323]Training:  95%|█████████▍| 5681/6000 [48:57<01:11,  4.46it/s, F=6, P=0, R=0, loss=1.4323]Training:  95%|█████████▍| 5682/6000 [48:57<01:07,  4.69it/s, F=6, P=0, R=0, loss=1.4323]Training:  95%|█████████▍| 5683/6000 [48:58<01:14,  4.26it/s, F=6, P=0, R=0, loss=1.4323]Training:  95%|█████████▍| 5684/6000 [48:58<01:25,  3.71it/s, F=6, P=0, R=0, loss=1.4323]Training:  95%|█████████▍| 5685/6000 [48:58<01:16,  4.10it/s, F=6, P=0, R=0, loss=1.4323]Training:  95%|█████████▍| 5686/6000 [48:58<01:22,  3.81it/s, F=6, P=0, R=0, loss=1.4323]Training:  95%|█████████▍| 5687/6000 [48:59<01:18,  3.98it/s, F=6, P=0, R=0, loss=1.4323]Training:  95%|█████████▍| 5688/6000 [48:59<01:17,  4.02it/s, F=6, P=0, R=0, loss=1.4323]Training:  95%|█████████▍| 5689/6000 [48:59<01:12,  4.26it/s, F=6, P=0, R=0, loss=1.4323]Training:  95%|█████████▍| 5690/6000 [48:59<01:11,  4.35it/s, F=6, P=0, R=0, loss=1.4323]Training:  95%|█████████▍| 5691/6000 [49:00<01:17,  3.99it/s, F=6, P=0, R=0, loss=1.4323]Training:  95%|█████████▍| 5692/6000 [49:00<01:14,  4.12it/s, F=6, P=0, R=0, loss=1.4323]Training:  95%|█████████▍| 5693/6000 [49:00<01:11,  4.31it/s, F=6, P=0, R=0, loss=1.4323]Training:  95%|█████████▍| 5694/6000 [49:00<01:12,  4.23it/s, F=6, P=0, R=0, loss=1.4323]Training:  95%|█████████▍| 5695/6000 [49:00<01:07,  4.49it/s, F=6, P=0, R=0, loss=1.4323]Training:  95%|█████████▍| 5696/6000 [49:01<01:08,  4.46it/s, F=6, P=0, R=0, loss=1.4323]Training:  95%|█████████▍| 5697/6000 [49:01<01:04,  4.69it/s, F=6, P=0, R=0, loss=1.4323]Training:  95%|█████████▍| 5698/6000 [49:01<01:02,  4.81it/s, F=6, P=0, R=0, loss=1.4323]Training:  95%|█████████▍| 5699/6000 [49:01<01:09,  4.33it/s, F=6, P=0, R=0, loss=1.4323]Training:  95%|█████████▌| 5700/6000 [49:02<01:06,  4.49it/s, F=6, P=0, R=0, loss=1.4323]Training:  95%|█████████▌| 5700/6000 [49:02<01:06,  4.49it/s, F=6, P=0, R=0, loss=1.5708]Training:  95%|█████████▌| 5701/6000 [49:02<01:04,  4.61it/s, F=6, P=0, R=0, loss=1.5708]Training:  95%|█████████▌| 5702/6000 [49:02<01:02,  4.74it/s, F=6, P=0, R=0, loss=1.5708]Training:  95%|█████████▌| 5703/6000 [49:02<01:05,  4.54it/s, F=6, P=0, R=0, loss=1.5708]Training:  95%|█████████▌| 5704/6000 [49:02<01:07,  4.40it/s, F=6, P=0, R=0, loss=1.5708]Training:  95%|█████████▌| 5705/6000 [49:03<01:05,  4.48it/s, F=6, P=0, R=0, loss=1.5708]Training:  95%|█████████▌| 5706/6000 [49:03<01:03,  4.61it/s, F=6, P=0, R=0, loss=1.5708]Training:  95%|█████████▌| 5707/6000 [49:03<01:00,  4.88it/s, F=6, P=0, R=0, loss=1.5708]Training:  95%|█████████▌| 5708/6000 [49:03<00:57,  5.05it/s, F=6, P=0, R=0, loss=1.5708]Training:  95%|█████████▌| 5709/6000 [49:03<00:58,  5.00it/s, F=6, P=0, R=0, loss=1.5708]Training:  95%|█████████▌| 5710/6000 [49:04<00:56,  5.11it/s, F=6, P=0, R=0, loss=1.5708]Training:  95%|█████████▌| 5711/6000 [49:04<00:55,  5.22it/s, F=6, P=0, R=0, loss=1.5708]Training:  95%|█████████▌| 5712/6000 [49:04<00:54,  5.30it/s, F=6, P=0, R=0, loss=1.5708]Training:  95%|█████████▌| 5713/6000 [49:04<00:55,  5.17it/s, F=6, P=0, R=0, loss=1.5708]Training:  95%|█████████▌| 5714/6000 [49:04<00:54,  5.28it/s, F=6, P=0, R=0, loss=1.5708]Training:  95%|█████████▌| 5715/6000 [49:05<00:53,  5.28it/s, F=6, P=0, R=0, loss=1.5708]Training:  95%|█████████▌| 5716/6000 [49:05<00:53,  5.30it/s, F=6, P=0, R=0, loss=1.5708]Training:  95%|█████████▌| 5717/6000 [49:05<00:56,  5.03it/s, F=6, P=0, R=0, loss=1.5708]Training:  95%|█████████▌| 5718/6000 [49:05<00:58,  4.80it/s, F=6, P=0, R=0, loss=1.5708]Training:  95%|█████████▌| 5719/6000 [49:05<01:02,  4.52it/s, F=6, P=0, R=0, loss=1.5708]Training:  95%|█████████▌| 5720/6000 [49:06<01:03,  4.41it/s, F=6, P=0, R=0, loss=1.5708]Training:  95%|█████████▌| 5720/6000 [49:06<01:03,  4.41it/s, F=1, P=0, R=5, loss=3.4044]Training:  95%|█████████▌| 5721/6000 [49:06<01:04,  4.34it/s, F=1, P=0, R=5, loss=3.4044]Training:  95%|█████████▌| 5722/6000 [49:06<01:13,  3.79it/s, F=1, P=0, R=5, loss=3.4044]Training:  95%|█████████▌| 5723/6000 [49:06<01:09,  3.99it/s, F=1, P=0, R=5, loss=3.4044]Training:  95%|█████████▌| 5724/6000 [49:07<01:05,  4.21it/s, F=1, P=0, R=5, loss=3.4044]Training:  95%|█████████▌| 5725/6000 [49:07<01:00,  4.53it/s, F=1, P=0, R=5, loss=3.4044]Training:  95%|█████████▌| 5726/6000 [49:07<01:02,  4.39it/s, F=1, P=0, R=5, loss=3.4044]Training:  95%|█████████▌| 5727/6000 [49:07<01:02,  4.37it/s, F=1, P=0, R=5, loss=3.4044]Training:  95%|█████████▌| 5728/6000 [49:08<00:59,  4.53it/s, F=1, P=0, R=5, loss=3.4044]Training:  95%|█████████▌| 5729/6000 [49:08<00:57,  4.72it/s, F=1, P=0, R=5, loss=3.4044]Training:  96%|█████████▌| 5730/6000 [49:08<00:55,  4.90it/s, F=1, P=0, R=5, loss=3.4044]Training:  96%|█████████▌| 5731/6000 [49:08<00:55,  4.88it/s, F=1, P=0, R=5, loss=3.4044]Training:  96%|█████████▌| 5732/6000 [49:08<00:54,  4.93it/s, F=1, P=0, R=5, loss=3.4044]Training:  96%|█████████▌| 5733/6000 [49:09<00:54,  4.88it/s, F=1, P=0, R=5, loss=3.4044]Training:  96%|█████████▌| 5734/6000 [49:09<00:52,  5.02it/s, F=1, P=0, R=5, loss=3.4044]Training:  96%|█████████▌| 5735/6000 [49:09<00:54,  4.87it/s, F=1, P=0, R=5, loss=3.4044]Training:  96%|█████████▌| 5736/6000 [49:09<00:56,  4.68it/s, F=1, P=0, R=5, loss=3.4044]Training:  96%|█████████▌| 5737/6000 [49:09<00:56,  4.62it/s, F=1, P=0, R=5, loss=3.4044]Training:  96%|█████████▌| 5738/6000 [49:10<00:54,  4.83it/s, F=1, P=0, R=5, loss=3.4044]Training:  96%|█████████▌| 5739/6000 [49:10<00:56,  4.62it/s, F=1, P=0, R=5, loss=3.4044]Training:  96%|█████████▌| 5740/6000 [49:10<00:56,  4.57it/s, F=1, P=0, R=5, loss=3.4044]Training:  96%|█████████▌| 5740/6000 [49:10<00:56,  4.57it/s, F=6, P=0, R=0, loss=1.7931]Training:  96%|█████████▌| 5741/6000 [49:10<00:54,  4.79it/s, F=6, P=0, R=0, loss=1.7931]Training:  96%|█████████▌| 5742/6000 [49:10<00:51,  4.97it/s, F=6, P=0, R=0, loss=1.7931]Training:  96%|█████████▌| 5743/6000 [49:11<01:04,  4.00it/s, F=6, P=0, R=0, loss=1.7931]Training:  96%|█████████▌| 5744/6000 [49:11<01:02,  4.13it/s, F=6, P=0, R=0, loss=1.7931]Training:  96%|█████████▌| 5745/6000 [49:11<01:05,  3.89it/s, F=6, P=0, R=0, loss=1.7931]Training:  96%|█████████▌| 5746/6000 [49:11<01:00,  4.19it/s, F=6, P=0, R=0, loss=1.7931]Training:  96%|█████████▌| 5747/6000 [49:12<00:58,  4.33it/s, F=6, P=0, R=0, loss=1.7931]Training:  96%|█████████▌| 5748/6000 [49:12<01:03,  3.95it/s, F=6, P=0, R=0, loss=1.7931]Training:  96%|█████████▌| 5749/6000 [49:12<00:58,  4.29it/s, F=6, P=0, R=0, loss=1.7931]Training:  96%|█████████▌| 5750/6000 [49:12<00:56,  4.41it/s, F=6, P=0, R=0, loss=1.7931]Training:  96%|█████████▌| 5751/6000 [49:14<02:43,  1.53it/s, val_loss=1.262]            Training:  96%|█████████▌| 5752/6000 [49:14<02:15,  1.83it/s, val_loss=1.262]Training:  96%|█████████▌| 5753/6000 [49:15<01:49,  2.25it/s, val_loss=1.262]Training:  96%|█████████▌| 5754/6000 [49:15<01:32,  2.65it/s, val_loss=1.262]Training:  96%|█████████▌| 5755/6000 [49:15<01:18,  3.13it/s, val_loss=1.262]Training:  96%|█████████▌| 5756/6000 [49:15<01:09,  3.53it/s, val_loss=1.262]Training:  96%|█████████▌| 5757/6000 [49:15<01:02,  3.88it/s, val_loss=1.262]Training:  96%|█████████▌| 5758/6000 [49:16<00:59,  4.05it/s, val_loss=1.262]Training:  96%|█████████▌| 5759/6000 [49:16<00:55,  4.36it/s, val_loss=1.262]Training:  96%|█████████▌| 5760/6000 [49:16<00:52,  4.56it/s, val_loss=1.262]Training:  96%|█████████▌| 5760/6000 [49:16<00:52,  4.56it/s, F=6, P=0, R=0, loss=1.5382]Training:  96%|█████████▌| 5761/6000 [49:16<00:51,  4.61it/s, F=6, P=0, R=0, loss=1.5382]Training:  96%|█████████▌| 5762/6000 [49:16<00:51,  4.59it/s, F=6, P=0, R=0, loss=1.5382]Training:  96%|█████████▌| 5763/6000 [49:17<00:49,  4.82it/s, F=6, P=0, R=0, loss=1.5382]Training:  96%|█████████▌| 5764/6000 [49:17<00:51,  4.59it/s, F=6, P=0, R=0, loss=1.5382]Training:  96%|█████████▌| 5765/6000 [49:17<00:51,  4.57it/s, F=6, P=0, R=0, loss=1.5382]Training:  96%|█████████▌| 5766/6000 [49:17<00:51,  4.52it/s, F=6, P=0, R=0, loss=1.5382]Training:  96%|█████████▌| 5767/6000 [49:17<00:52,  4.41it/s, F=6, P=0, R=0, loss=1.5382]Training:  96%|█████████▌| 5768/6000 [49:18<01:00,  3.82it/s, F=6, P=0, R=0, loss=1.5382]Training:  96%|█████████▌| 5769/6000 [49:18<00:56,  4.08it/s, F=6, P=0, R=0, loss=1.5382]Training:  96%|█████████▌| 5770/6000 [49:18<01:05,  3.53it/s, F=6, P=0, R=0, loss=1.5382]Training:  96%|█████████▌| 5771/6000 [49:19<00:59,  3.84it/s, F=6, P=0, R=0, loss=1.5382]Training:  96%|█████████▌| 5772/6000 [49:19<00:54,  4.16it/s, F=6, P=0, R=0, loss=1.5382]Training:  96%|█████████▌| 5773/6000 [49:19<00:51,  4.41it/s, F=6, P=0, R=0, loss=1.5382]Training:  96%|█████████▌| 5774/6000 [49:19<00:48,  4.71it/s, F=6, P=0, R=0, loss=1.5382]Training:  96%|█████████▋| 5775/6000 [49:19<00:51,  4.33it/s, F=6, P=0, R=0, loss=1.5382]Training:  96%|█████████▋| 5776/6000 [49:20<00:51,  4.36it/s, F=6, P=0, R=0, loss=1.5382]Training:  96%|█████████▋| 5777/6000 [49:20<00:48,  4.62it/s, F=6, P=0, R=0, loss=1.5382]Training:  96%|█████████▋| 5778/6000 [49:20<00:49,  4.49it/s, F=6, P=0, R=0, loss=1.5382]Training:  96%|█████████▋| 5779/6000 [49:20<00:46,  4.72it/s, F=6, P=0, R=0, loss=1.5382]Training:  96%|█████████▋| 5780/6000 [49:21<00:47,  4.67it/s, F=6, P=0, R=0, loss=1.5382]Training:  96%|█████████▋| 5780/6000 [49:21<00:47,  4.67it/s, F=6, P=0, R=0, loss=2.1095]Training:  96%|█████████▋| 5781/6000 [49:21<00:47,  4.65it/s, F=6, P=0, R=0, loss=2.1095]Training:  96%|█████████▋| 5782/6000 [49:21<00:44,  4.85it/s, F=6, P=0, R=0, loss=2.1095]Training:  96%|█████████▋| 5783/6000 [49:21<00:42,  5.06it/s, F=6, P=0, R=0, loss=2.1095]Training:  96%|█████████▋| 5784/6000 [49:21<00:45,  4.72it/s, F=6, P=0, R=0, loss=2.1095]Training:  96%|█████████▋| 5785/6000 [49:22<00:45,  4.77it/s, F=6, P=0, R=0, loss=2.1095]Training:  96%|█████████▋| 5786/6000 [49:22<00:45,  4.70it/s, F=6, P=0, R=0, loss=2.1095]Training:  96%|█████████▋| 5787/6000 [49:22<00:45,  4.73it/s, F=6, P=0, R=0, loss=2.1095]Training:  96%|█████████▋| 5788/6000 [49:22<00:44,  4.73it/s, F=6, P=0, R=0, loss=2.1095]Training:  96%|█████████▋| 5789/6000 [49:22<00:45,  4.67it/s, F=6, P=0, R=0, loss=2.1095]Training:  96%|█████████▋| 5790/6000 [49:23<00:42,  4.89it/s, F=6, P=0, R=0, loss=2.1095]Training:  97%|█████████▋| 5791/6000 [49:23<00:42,  4.93it/s, F=6, P=0, R=0, loss=2.1095]Training:  97%|█████████▋| 5792/6000 [49:23<00:40,  5.08it/s, F=6, P=0, R=0, loss=2.1095]Training:  97%|█████████▋| 5793/6000 [49:23<00:40,  5.08it/s, F=6, P=0, R=0, loss=2.1095]Training:  97%|█████████▋| 5794/6000 [49:23<00:43,  4.73it/s, F=6, P=0, R=0, loss=2.1095]Training:  97%|█████████▋| 5795/6000 [49:24<00:43,  4.77it/s, F=6, P=0, R=0, loss=2.1095]Training:  97%|█████████▋| 5796/6000 [49:24<00:41,  4.97it/s, F=6, P=0, R=0, loss=2.1095]Training:  97%|█████████▋| 5797/6000 [49:24<00:46,  4.40it/s, F=6, P=0, R=0, loss=2.1095]Training:  97%|█████████▋| 5798/6000 [49:24<00:50,  4.00it/s, F=6, P=0, R=0, loss=2.1095]Training:  97%|█████████▋| 5799/6000 [49:25<00:48,  4.16it/s, F=6, P=0, R=0, loss=2.1095]Training:  97%|█████████▋| 5800/6000 [49:25<00:47,  4.17it/s, F=6, P=0, R=0, loss=2.1095]Training:  97%|█████████▋| 5800/6000 [49:25<00:47,  4.17it/s, F=6, P=0, R=0, loss=1.5716]Training:  97%|█████████▋| 5801/6000 [49:25<00:45,  4.33it/s, F=6, P=0, R=0, loss=1.5716]Training:  97%|█████████▋| 5802/6000 [49:25<00:46,  4.27it/s, F=6, P=0, R=0, loss=1.5716]Training:  97%|█████████▋| 5803/6000 [49:25<00:43,  4.56it/s, F=6, P=0, R=0, loss=1.5716]Training:  97%|█████████▋| 5804/6000 [49:26<00:42,  4.63it/s, F=6, P=0, R=0, loss=1.5716]Training:  97%|█████████▋| 5805/6000 [49:26<00:41,  4.70it/s, F=6, P=0, R=0, loss=1.5716]Training:  97%|█████████▋| 5806/6000 [49:26<00:46,  4.22it/s, F=6, P=0, R=0, loss=1.5716]Training:  97%|█████████▋| 5807/6000 [49:26<00:42,  4.51it/s, F=6, P=0, R=0, loss=1.5716]Training:  97%|█████████▋| 5808/6000 [49:27<00:41,  4.64it/s, F=6, P=0, R=0, loss=1.5716]Training:  97%|█████████▋| 5809/6000 [49:27<00:39,  4.83it/s, F=6, P=0, R=0, loss=1.5716]Training:  97%|█████████▋| 5810/6000 [49:27<00:37,  5.06it/s, F=6, P=0, R=0, loss=1.5716]Training:  97%|█████████▋| 5811/6000 [49:27<00:37,  5.05it/s, F=6, P=0, R=0, loss=1.5716]Training:  97%|█████████▋| 5812/6000 [49:27<00:36,  5.13it/s, F=6, P=0, R=0, loss=1.5716]Training:  97%|█████████▋| 5813/6000 [49:28<00:37,  4.94it/s, F=6, P=0, R=0, loss=1.5716]Training:  97%|█████████▋| 5814/6000 [49:28<00:36,  5.07it/s, F=6, P=0, R=0, loss=1.5716]Training:  97%|█████████▋| 5815/6000 [49:28<00:36,  5.12it/s, F=6, P=0, R=0, loss=1.5716]Training:  97%|█████████▋| 5816/6000 [49:28<00:37,  4.94it/s, F=6, P=0, R=0, loss=1.5716]Training:  97%|█████████▋| 5817/6000 [49:28<00:36,  5.07it/s, F=6, P=0, R=0, loss=1.5716]Training:  97%|█████████▋| 5818/6000 [49:29<00:36,  4.98it/s, F=6, P=0, R=0, loss=1.5716]Training:  97%|█████████▋| 5819/6000 [49:29<00:41,  4.33it/s, F=6, P=0, R=0, loss=1.5716]Training:  97%|█████████▋| 5820/6000 [49:29<00:41,  4.38it/s, F=6, P=0, R=0, loss=1.5716]Training:  97%|█████████▋| 5820/6000 [49:29<00:41,  4.38it/s, F=3, P=0, R=3, loss=2.9304]Training:  97%|█████████▋| 5821/6000 [49:29<00:48,  3.70it/s, F=3, P=0, R=3, loss=2.9304]Training:  97%|█████████▋| 5822/6000 [49:30<00:43,  4.05it/s, F=3, P=0, R=3, loss=2.9304]Training:  97%|█████████▋| 5823/6000 [49:30<00:40,  4.41it/s, F=3, P=0, R=3, loss=2.9304]Training:  97%|█████████▋| 5824/6000 [49:30<00:38,  4.53it/s, F=3, P=0, R=3, loss=2.9304]Training:  97%|█████████▋| 5825/6000 [49:30<00:38,  4.55it/s, F=3, P=0, R=3, loss=2.9304]Training:  97%|█████████▋| 5826/6000 [49:30<00:38,  4.56it/s, F=3, P=0, R=3, loss=2.9304]Training:  97%|█████████▋| 5827/6000 [49:31<00:38,  4.51it/s, F=3, P=0, R=3, loss=2.9304]Training:  97%|█████████▋| 5828/6000 [49:31<00:37,  4.60it/s, F=3, P=0, R=3, loss=2.9304]Training:  97%|█████████▋| 5829/6000 [49:31<00:37,  4.57it/s, F=3, P=0, R=3, loss=2.9304]Training:  97%|█████████▋| 5830/6000 [49:31<00:38,  4.42it/s, F=3, P=0, R=3, loss=2.9304]Training:  97%|█████████▋| 5831/6000 [49:32<00:37,  4.53it/s, F=3, P=0, R=3, loss=2.9304]Training:  97%|█████████▋| 5832/6000 [49:32<00:37,  4.51it/s, F=3, P=0, R=3, loss=2.9304]Training:  97%|█████████▋| 5833/6000 [49:32<00:37,  4.41it/s, F=3, P=0, R=3, loss=2.9304]Training:  97%|█████████▋| 5834/6000 [49:32<00:35,  4.68it/s, F=3, P=0, R=3, loss=2.9304]Training:  97%|█████████▋| 5835/6000 [49:32<00:35,  4.62it/s, F=3, P=0, R=3, loss=2.9304]Training:  97%|█████████▋| 5836/6000 [49:33<00:36,  4.51it/s, F=3, P=0, R=3, loss=2.9304]Training:  97%|█████████▋| 5837/6000 [49:33<00:35,  4.59it/s, F=3, P=0, R=3, loss=2.9304]Training:  97%|█████████▋| 5838/6000 [49:33<00:33,  4.82it/s, F=3, P=0, R=3, loss=2.9304]Training:  97%|█████████▋| 5839/6000 [49:33<00:32,  4.88it/s, F=3, P=0, R=3, loss=2.9304]Training:  97%|█████████▋| 5840/6000 [49:33<00:32,  4.94it/s, F=3, P=0, R=3, loss=2.9304]Training:  97%|█████████▋| 5840/6000 [49:34<00:32,  4.94it/s, F=6, P=0, R=0, loss=1.8334]Training:  97%|█████████▋| 5841/6000 [49:34<00:32,  4.92it/s, F=6, P=0, R=0, loss=1.8334]Training:  97%|█████████▋| 5842/6000 [49:34<00:31,  5.01it/s, F=6, P=0, R=0, loss=1.8334]Training:  97%|█████████▋| 5843/6000 [49:34<00:31,  4.94it/s, F=6, P=0, R=0, loss=1.8334]Training:  97%|█████████▋| 5844/6000 [49:34<00:33,  4.66it/s, F=6, P=0, R=0, loss=1.8334]Training:  97%|█████████▋| 5845/6000 [49:35<00:33,  4.69it/s, F=6, P=0, R=0, loss=1.8334]Training:  97%|█████████▋| 5846/6000 [49:35<00:31,  4.93it/s, F=6, P=0, R=0, loss=1.8334]Training:  97%|█████████▋| 5847/6000 [49:35<00:30,  4.97it/s, F=6, P=0, R=0, loss=1.8334]Training:  97%|█████████▋| 5848/6000 [49:35<00:30,  5.02it/s, F=6, P=0, R=0, loss=1.8334]Training:  97%|█████████▋| 5849/6000 [49:35<00:29,  5.11it/s, F=6, P=0, R=0, loss=1.8334]Training:  98%|█████████▊| 5850/6000 [49:35<00:30,  4.89it/s, F=6, P=0, R=0, loss=1.8334]Training:  98%|█████████▊| 5851/6000 [49:36<00:29,  5.01it/s, F=6, P=0, R=0, loss=1.8334]Training:  98%|█████████▊| 5852/6000 [49:36<00:30,  4.87it/s, F=6, P=0, R=0, loss=1.8334]Training:  98%|█████████▊| 5853/6000 [49:36<00:30,  4.89it/s, F=6, P=0, R=0, loss=1.8334]Training:  98%|█████████▊| 5854/6000 [49:36<00:28,  5.04it/s, F=6, P=0, R=0, loss=1.8334]Training:  98%|█████████▊| 5855/6000 [49:36<00:29,  4.99it/s, F=6, P=0, R=0, loss=1.8334]Training:  98%|█████████▊| 5856/6000 [49:37<00:28,  5.07it/s, F=6, P=0, R=0, loss=1.8334]Training:  98%|█████████▊| 5857/6000 [49:37<00:29,  4.89it/s, F=6, P=0, R=0, loss=1.8334]Training:  98%|█████████▊| 5858/6000 [49:37<00:30,  4.61it/s, F=6, P=0, R=0, loss=1.8334]Training:  98%|█████████▊| 5859/6000 [49:37<00:29,  4.83it/s, F=6, P=0, R=0, loss=1.8334]Training:  98%|█████████▊| 5860/6000 [49:38<00:28,  4.94it/s, F=6, P=0, R=0, loss=1.8334]Training:  98%|█████████▊| 5860/6000 [49:38<00:28,  4.94it/s, F=6, P=0, R=0, loss=1.7561]Training:  98%|█████████▊| 5861/6000 [49:38<00:30,  4.61it/s, F=6, P=0, R=0, loss=1.7561]Training:  98%|█████████▊| 5862/6000 [49:38<00:33,  4.10it/s, F=6, P=0, R=0, loss=1.7561]Training:  98%|█████████▊| 5863/6000 [49:38<00:36,  3.80it/s, F=6, P=0, R=0, loss=1.7561]Training:  98%|█████████▊| 5864/6000 [49:39<00:36,  3.72it/s, F=6, P=0, R=0, loss=1.7561]Training:  98%|█████████▊| 5865/6000 [49:39<00:37,  3.64it/s, F=6, P=0, R=0, loss=1.7561]Training:  98%|█████████▊| 5866/6000 [49:39<00:40,  3.35it/s, F=6, P=0, R=0, loss=1.7561]Training:  98%|█████████▊| 5867/6000 [49:40<00:36,  3.63it/s, F=6, P=0, R=0, loss=1.7561]Training:  98%|█████████▊| 5868/6000 [49:40<00:33,  3.92it/s, F=6, P=0, R=0, loss=1.7561]Training:  98%|█████████▊| 5869/6000 [49:40<00:31,  4.18it/s, F=6, P=0, R=0, loss=1.7561]Training:  98%|█████████▊| 5870/6000 [49:40<00:28,  4.49it/s, F=6, P=0, R=0, loss=1.7561]Training:  98%|█████████▊| 5871/6000 [49:40<00:26,  4.79it/s, F=6, P=0, R=0, loss=1.7561]Training:  98%|█████████▊| 5872/6000 [49:41<00:28,  4.57it/s, F=6, P=0, R=0, loss=1.7561]Training:  98%|█████████▊| 5873/6000 [49:41<00:26,  4.79it/s, F=6, P=0, R=0, loss=1.7561]Training:  98%|█████████▊| 5874/6000 [49:41<00:25,  4.97it/s, F=6, P=0, R=0, loss=1.7561]Training:  98%|█████████▊| 5875/6000 [49:41<00:26,  4.69it/s, F=6, P=0, R=0, loss=1.7561]Training:  98%|█████████▊| 5876/6000 [49:41<00:26,  4.63it/s, F=6, P=0, R=0, loss=1.7561]Training:  98%|█████████▊| 5877/6000 [49:42<00:26,  4.58it/s, F=6, P=0, R=0, loss=1.7561]Training:  98%|█████████▊| 5878/6000 [49:42<00:27,  4.42it/s, F=6, P=0, R=0, loss=1.7561]Training:  98%|█████████▊| 5879/6000 [49:42<00:26,  4.50it/s, F=6, P=0, R=0, loss=1.7561]Training:  98%|█████████▊| 5880/6000 [49:42<00:26,  4.56it/s, F=6, P=0, R=0, loss=1.7561]Training:  98%|█████████▊| 5880/6000 [49:43<00:26,  4.56it/s, F=6, P=0, R=0, loss=2.1894]Training:  98%|█████████▊| 5881/6000 [49:43<00:29,  4.03it/s, F=6, P=0, R=0, loss=2.1894]Training:  98%|█████████▊| 5882/6000 [49:43<00:30,  3.84it/s, F=6, P=0, R=0, loss=2.1894]Training:  98%|█████████▊| 5883/6000 [49:43<00:29,  3.92it/s, F=6, P=0, R=0, loss=2.1894]Training:  98%|█████████▊| 5884/6000 [49:43<00:28,  4.07it/s, F=6, P=0, R=0, loss=2.1894]Training:  98%|█████████▊| 5885/6000 [49:44<00:27,  4.19it/s, F=6, P=0, R=0, loss=2.1894]Training:  98%|█████████▊| 5886/6000 [49:44<00:26,  4.32it/s, F=6, P=0, R=0, loss=2.1894]Training:  98%|█████████▊| 5887/6000 [49:44<00:27,  4.04it/s, F=6, P=0, R=0, loss=2.1894]Training:  98%|█████████▊| 5888/6000 [49:44<00:27,  4.13it/s, F=6, P=0, R=0, loss=2.1894]Training:  98%|█████████▊| 5889/6000 [49:45<00:26,  4.23it/s, F=6, P=0, R=0, loss=2.1894]Training:  98%|█████████▊| 5890/6000 [49:45<00:29,  3.73it/s, F=6, P=0, R=0, loss=2.1894]Training:  98%|█████████▊| 5891/6000 [49:45<00:26,  4.04it/s, F=6, P=0, R=0, loss=2.1894]Training:  98%|█████████▊| 5892/6000 [49:45<00:26,  4.08it/s, F=6, P=0, R=0, loss=2.1894]Training:  98%|█████████▊| 5893/6000 [49:45<00:24,  4.42it/s, F=6, P=0, R=0, loss=2.1894]Training:  98%|█████████▊| 5894/6000 [49:46<00:26,  4.07it/s, F=6, P=0, R=0, loss=2.1894]Training:  98%|█████████▊| 5895/6000 [49:46<00:29,  3.54it/s, F=6, P=0, R=0, loss=2.1894]Training:  98%|█████████▊| 5896/6000 [49:46<00:26,  3.95it/s, F=6, P=0, R=0, loss=2.1894]Training:  98%|█████████▊| 5897/6000 [49:47<00:25,  4.00it/s, F=6, P=0, R=0, loss=2.1894]Training:  98%|█████████▊| 5898/6000 [49:47<00:23,  4.36it/s, F=6, P=0, R=0, loss=2.1894]Training:  98%|█████████▊| 5899/6000 [49:47<00:21,  4.65it/s, F=6, P=0, R=0, loss=2.1894]Training:  98%|█████████▊| 5900/6000 [49:47<00:21,  4.58it/s, F=6, P=0, R=0, loss=2.1894]Training:  98%|█████████▊| 5900/6000 [49:47<00:21,  4.58it/s, F=6, P=0, R=0, loss=1.4879]Training:  98%|█████████▊| 5901/6000 [49:47<00:21,  4.63it/s, F=6, P=0, R=0, loss=1.4879]Training:  98%|█████████▊| 5902/6000 [49:48<00:20,  4.70it/s, F=6, P=0, R=0, loss=1.4879]Training:  98%|█████████▊| 5903/6000 [49:48<00:19,  4.93it/s, F=6, P=0, R=0, loss=1.4879]Training:  98%|█████████▊| 5904/6000 [49:48<00:20,  4.79it/s, F=6, P=0, R=0, loss=1.4879]Training:  98%|█████████▊| 5905/6000 [49:48<00:19,  4.82it/s, F=6, P=0, R=0, loss=1.4879]Training:  98%|█████████▊| 5906/6000 [49:48<00:20,  4.61it/s, F=6, P=0, R=0, loss=1.4879]Training:  98%|█████████▊| 5907/6000 [49:49<00:20,  4.59it/s, F=6, P=0, R=0, loss=1.4879]Training:  98%|█████████▊| 5908/6000 [49:49<00:20,  4.57it/s, F=6, P=0, R=0, loss=1.4879]Training:  98%|█████████▊| 5909/6000 [49:49<00:20,  4.46it/s, F=6, P=0, R=0, loss=1.4879]Training:  98%|█████████▊| 5910/6000 [49:49<00:20,  4.33it/s, F=6, P=0, R=0, loss=1.4879]Training:  99%|█████████▊| 5911/6000 [49:50<00:20,  4.42it/s, F=6, P=0, R=0, loss=1.4879]Training:  99%|█████████▊| 5912/6000 [49:50<00:18,  4.66it/s, F=6, P=0, R=0, loss=1.4879]Training:  99%|█████████▊| 5913/6000 [49:50<00:22,  3.95it/s, F=6, P=0, R=0, loss=1.4879]Training:  99%|█████████▊| 5914/6000 [49:50<00:24,  3.54it/s, F=6, P=0, R=0, loss=1.4879]Training:  99%|█████████▊| 5915/6000 [49:51<00:21,  3.96it/s, F=6, P=0, R=0, loss=1.4879]Training:  99%|█████████▊| 5916/6000 [49:51<00:20,  4.09it/s, F=6, P=0, R=0, loss=1.4879]Training:  99%|█████████▊| 5917/6000 [49:51<00:22,  3.65it/s, F=6, P=0, R=0, loss=1.4879]Training:  99%|█████████▊| 5918/6000 [49:51<00:21,  3.88it/s, F=6, P=0, R=0, loss=1.4879]Training:  99%|█████████▊| 5919/6000 [49:52<00:20,  4.03it/s, F=6, P=0, R=0, loss=1.4879]Training:  99%|█████████▊| 5920/6000 [49:52<00:19,  4.19it/s, F=6, P=0, R=0, loss=1.4879]Training:  99%|█████████▊| 5920/6000 [49:52<00:19,  4.19it/s, F=6, P=0, R=0, loss=3.3555]Training:  99%|█████████▊| 5921/6000 [49:52<00:18,  4.19it/s, F=6, P=0, R=0, loss=3.3555]Training:  99%|█████████▊| 5922/6000 [49:52<00:17,  4.47it/s, F=6, P=0, R=0, loss=3.3555]Training:  99%|█████████▊| 5923/6000 [49:52<00:17,  4.47it/s, F=6, P=0, R=0, loss=3.3555]Training:  99%|█████████▊| 5924/6000 [49:53<00:17,  4.40it/s, F=6, P=0, R=0, loss=3.3555]Training:  99%|█████████▉| 5925/6000 [49:53<00:16,  4.44it/s, F=6, P=0, R=0, loss=3.3555]Training:  99%|█████████▉| 5926/6000 [49:53<00:16,  4.44it/s, F=6, P=0, R=0, loss=3.3555]Training:  99%|█████████▉| 5927/6000 [49:53<00:16,  4.38it/s, F=6, P=0, R=0, loss=3.3555]Training:  99%|█████████▉| 5928/6000 [49:54<00:16,  4.40it/s, F=6, P=0, R=0, loss=3.3555]Training:  99%|█████████▉| 5929/6000 [49:54<00:15,  4.50it/s, F=6, P=0, R=0, loss=3.3555]Training:  99%|█████████▉| 5930/6000 [49:54<00:14,  4.76it/s, F=6, P=0, R=0, loss=3.3555]Training:  99%|█████████▉| 5931/6000 [49:54<00:14,  4.69it/s, F=6, P=0, R=0, loss=3.3555]Training:  99%|█████████▉| 5932/6000 [49:54<00:14,  4.76it/s, F=6, P=0, R=0, loss=3.3555]Training:  99%|█████████▉| 5933/6000 [49:55<00:16,  4.00it/s, F=6, P=0, R=0, loss=3.3555]Training:  99%|█████████▉| 5934/6000 [49:55<00:15,  4.36it/s, F=6, P=0, R=0, loss=3.3555]Training:  99%|█████████▉| 5935/6000 [49:55<00:14,  4.37it/s, F=6, P=0, R=0, loss=3.3555]Training:  99%|█████████▉| 5936/6000 [49:55<00:13,  4.68it/s, F=6, P=0, R=0, loss=3.3555]Training:  99%|█████████▉| 5937/6000 [49:56<00:12,  4.89it/s, F=6, P=0, R=0, loss=3.3555]Training:  99%|█████████▉| 5938/6000 [49:56<00:12,  4.87it/s, F=6, P=0, R=0, loss=3.3555]Training:  99%|█████████▉| 5939/6000 [49:56<00:13,  4.50it/s, F=6, P=0, R=0, loss=3.3555]Training:  99%|█████████▉| 5940/6000 [49:56<00:13,  4.47it/s, F=6, P=0, R=0, loss=3.3555]Training:  99%|█████████▉| 5940/6000 [49:56<00:13,  4.47it/s, F=6, P=0, R=0, loss=1.6038]Training:  99%|█████████▉| 5941/6000 [49:56<00:12,  4.72it/s, F=6, P=0, R=0, loss=1.6038]Training:  99%|█████████▉| 5942/6000 [49:57<00:12,  4.65it/s, F=6, P=0, R=0, loss=1.6038]Training:  99%|█████████▉| 5943/6000 [49:57<00:12,  4.67it/s, F=6, P=0, R=0, loss=1.6038]Training:  99%|█████████▉| 5944/6000 [49:57<00:11,  4.72it/s, F=6, P=0, R=0, loss=1.6038]Training:  99%|█████████▉| 5945/6000 [49:57<00:11,  4.91it/s, F=6, P=0, R=0, loss=1.6038]Training:  99%|█████████▉| 5946/6000 [49:57<00:11,  4.90it/s, F=6, P=0, R=0, loss=1.6038]Training:  99%|█████████▉| 5947/6000 [49:58<00:11,  4.75it/s, F=6, P=0, R=0, loss=1.6038]Training:  99%|█████████▉| 5948/6000 [49:58<00:10,  4.85it/s, F=6, P=0, R=0, loss=1.6038]Training:  99%|█████████▉| 5949/6000 [49:58<00:10,  4.85it/s, F=6, P=0, R=0, loss=1.6038]Training:  99%|█████████▉| 5950/6000 [49:58<00:10,  4.75it/s, F=6, P=0, R=0, loss=1.6038]Training:  99%|█████████▉| 5951/6000 [49:59<00:10,  4.67it/s, F=6, P=0, R=0, loss=1.6038]Training:  99%|█████████▉| 5952/6000 [49:59<00:10,  4.46it/s, F=6, P=0, R=0, loss=1.6038]Training:  99%|█████████▉| 5953/6000 [49:59<00:11,  4.09it/s, F=6, P=0, R=0, loss=1.6038]Training:  99%|█████████▉| 5954/6000 [49:59<00:10,  4.30it/s, F=6, P=0, R=0, loss=1.6038]Training:  99%|█████████▉| 5955/6000 [49:59<00:09,  4.54it/s, F=6, P=0, R=0, loss=1.6038]Training:  99%|█████████▉| 5956/6000 [50:00<00:09,  4.44it/s, F=6, P=0, R=0, loss=1.6038]Training:  99%|█████████▉| 5957/6000 [50:00<00:09,  4.31it/s, F=6, P=0, R=0, loss=1.6038]Training:  99%|█████████▉| 5958/6000 [50:00<00:09,  4.51it/s, F=6, P=0, R=0, loss=1.6038]Training:  99%|█████████▉| 5959/6000 [50:00<00:09,  4.50it/s, F=6, P=0, R=0, loss=1.6038]Training:  99%|█████████▉| 5960/6000 [50:01<00:08,  4.74it/s, F=6, P=0, R=0, loss=1.6038]Training:  99%|█████████▉| 5960/6000 [50:01<00:08,  4.74it/s, F=6, P=0, R=0, loss=1.6198]Training:  99%|█████████▉| 5961/6000 [50:01<00:08,  4.56it/s, F=6, P=0, R=0, loss=1.6198]Training:  99%|█████████▉| 5962/6000 [50:01<00:07,  4.79it/s, F=6, P=0, R=0, loss=1.6198]Training:  99%|█████████▉| 5963/6000 [50:01<00:07,  4.86it/s, F=6, P=0, R=0, loss=1.6198]Training:  99%|█████████▉| 5964/6000 [50:01<00:07,  4.77it/s, F=6, P=0, R=0, loss=1.6198]Training:  99%|█████████▉| 5965/6000 [50:02<00:07,  4.74it/s, F=6, P=0, R=0, loss=1.6198]Training:  99%|█████████▉| 5966/6000 [50:02<00:07,  4.65it/s, F=6, P=0, R=0, loss=1.6198]Training:  99%|█████████▉| 5967/6000 [50:02<00:06,  4.88it/s, F=6, P=0, R=0, loss=1.6198]Training:  99%|█████████▉| 5968/6000 [50:02<00:06,  4.93it/s, F=6, P=0, R=0, loss=1.6198]Training:  99%|█████████▉| 5969/6000 [50:02<00:06,  4.61it/s, F=6, P=0, R=0, loss=1.6198]Training: 100%|█████████▉| 5970/6000 [50:03<00:06,  4.63it/s, F=6, P=0, R=0, loss=1.6198]Training: 100%|█████████▉| 5971/6000 [50:03<00:05,  4.88it/s, F=6, P=0, R=0, loss=1.6198]Training: 100%|█████████▉| 5972/6000 [50:03<00:05,  4.87it/s, F=6, P=0, R=0, loss=1.6198]Training: 100%|█████████▉| 5973/6000 [50:03<00:05,  4.90it/s, F=6, P=0, R=0, loss=1.6198]Training: 100%|█████████▉| 5974/6000 [50:03<00:05,  5.08it/s, F=6, P=0, R=0, loss=1.6198]Training: 100%|█████████▉| 5975/6000 [50:04<00:05,  4.80it/s, F=6, P=0, R=0, loss=1.6198]Training: 100%|█████████▉| 5976/6000 [50:04<00:04,  5.01it/s, F=6, P=0, R=0, loss=1.6198]Training: 100%|█████████▉| 5977/6000 [50:04<00:04,  5.12it/s, F=6, P=0, R=0, loss=1.6198]Training: 100%|█████████▉| 5978/6000 [50:04<00:04,  4.79it/s, F=6, P=0, R=0, loss=1.6198]Training: 100%|█████████▉| 5979/6000 [50:05<00:04,  4.84it/s, F=6, P=0, R=0, loss=1.6198]Training: 100%|█████████▉| 5980/6000 [50:05<00:04,  4.27it/s, F=6, P=0, R=0, loss=1.6198]Training: 100%|█████████▉| 5980/6000 [50:05<00:04,  4.27it/s, F=6, P=0, R=0, loss=1.4078]Training: 100%|█████████▉| 5981/6000 [50:05<00:04,  4.41it/s, F=6, P=0, R=0, loss=1.4078]Training: 100%|█████████▉| 5982/6000 [50:05<00:03,  4.50it/s, F=6, P=0, R=0, loss=1.4078]Training: 100%|█████████▉| 5983/6000 [50:06<00:04,  3.88it/s, F=6, P=0, R=0, loss=1.4078]Training: 100%|█████████▉| 5984/6000 [50:06<00:04,  3.69it/s, F=6, P=0, R=0, loss=1.4078]Training: 100%|█████████▉| 5985/6000 [50:06<00:03,  3.85it/s, F=6, P=0, R=0, loss=1.4078]Training: 100%|█████████▉| 5986/6000 [50:06<00:03,  3.96it/s, F=6, P=0, R=0, loss=1.4078]Training: 100%|█████████▉| 5987/6000 [50:07<00:03,  4.15it/s, F=6, P=0, R=0, loss=1.4078]Training: 100%|█████████▉| 5988/6000 [50:07<00:02,  4.30it/s, F=6, P=0, R=0, loss=1.4078]Training: 100%|█████████▉| 5989/6000 [50:07<00:02,  3.69it/s, F=6, P=0, R=0, loss=1.4078]Training: 100%|█████████▉| 5990/6000 [50:07<00:02,  3.83it/s, F=6, P=0, R=0, loss=1.4078]Training: 100%|█████████▉| 5991/6000 [50:08<00:02,  4.22it/s, F=6, P=0, R=0, loss=1.4078]Training: 100%|█████████▉| 5992/6000 [50:08<00:01,  4.54it/s, F=6, P=0, R=0, loss=1.4078]Training: 100%|█████████▉| 5993/6000 [50:08<00:01,  3.72it/s, F=6, P=0, R=0, loss=1.4078]Training: 100%|█████████▉| 5994/6000 [50:08<00:01,  3.92it/s, F=6, P=0, R=0, loss=1.4078]Training: 100%|█████████▉| 5995/6000 [50:09<00:01,  4.29it/s, F=6, P=0, R=0, loss=1.4078]Training: 100%|█████████▉| 5996/6000 [50:09<00:00,  4.53it/s, F=6, P=0, R=0, loss=1.4078]Training: 100%|█████████▉| 5997/6000 [50:09<00:00,  4.72it/s, F=6, P=0, R=0, loss=1.4078]Training: 100%|█████████▉| 5998/6000 [50:09<00:00,  4.89it/s, F=6, P=0, R=0, loss=1.4078]Training: 100%|█████████▉| 5999/6000 [50:09<00:00,  4.67it/s, F=6, P=0, R=0, loss=1.4078]Training: 100%|█████████▉| 5999/6000 [50:10<00:00,  4.67it/s, F=6, P=0, R=0, loss=1.9117][2026-09-19 12:26:32,605][hivemind.checkpoint][INFO] - checkpoint saved: runs/baselines_small_v1_live/trihope-seed1337/checkpoints/step_00005999
Training: 100%|██████████| 6000/6000 [52:41<00:00, 45.60s/it, val_loss=1.256]            Training: 100%|██████████| 6000/6000 [52:41<00:00,  1.90it/s, val_loss=1.256]

Training complete. Final loss: 1.9117319583892822
