step,phase,consolidation/count,eval/code/exact_match,eval/code/forgetting_delta,eval/code/loss,eval/code/ppl,eval/code/retention_delta,eval/code/samples,eval/code/tokens,eval/general/forgetting_delta,eval/general/loss,eval/general/ppl,eval/general/retention_delta,eval/general/samples,eval/general/tokens,eval/lora/sparsity_max,eval/lora/sparsity_mean,eval/macro_loss,eval/macro_ppl,eval/math/exact_match,eval/math/forgetting_delta,eval/math/loss,eval/math/ppl,eval/math/retention_delta,eval/math/samples,eval/math/tokens,eval/medical/exact_match,eval/medical/forgetting_delta,eval/medical/loss,eval/medical/ppl,eval/medical/retention_delta,eval/medical/samples,eval/medical/tokens,eval/retrieval/buffer_size,eval/retrieval/hit_rate,loss/ce,loss/kd,loss/kd_row_hit_frac,loss/reg,loss/teacher_conf_mean,loss/total,retrieval/buffer_size,signals/repetition_mean,signals/stability_C_mean,signals/stability_adam_mean,signals/surprise_mean,write/coords_opened,write/f_count,write/p_count,write/r_count,write/replay_count
0,general_warm,0,,,,,,,,,,,,,,,,,,,,,,,,,,,,,,,,,,1.2294503450393677,0.0,0.0,5.838135242462158,0.7971500158309937,1.2878316640853882,0,0.022727272727272728,0.0,0.0,18.046426601258535,0,6,0,0,0
20,general_warm,0,,,,,,,,,,,,,,,,,,,,,,,,,,,,,,,,,,1.3904380798339844,0.0,0.0,5.838135242462158,0.8483999967575073,1.4488193988800049,0,0.27753177233556775,0.23972761531227402,0.0450700958215055,0.6834480917169934,0,6,0,0,0
40,general_warm,0,,,,,,,,,,,,,,,,,,,,,,,,,,,,,,,,,,1.1299431324005127,0.0,0.0,5.838135242462158,0.7847999930381775,1.1883244514465332,0,0.2746705153476462,0.18591495741358294,0.0399556678365029,0.49602802022108955,0,6,0,0,0
60,general_warm,0,,,,,,,,,,,,,,,,,,,,,,,,,,,,,,,,,,1.1213741302490234,0.0,0.0,5.838135242462158,0.8207000494003296,1.179755449295044,0,0.16413563232069545,0.21113119580383813,0.03902282134023687,0.6090968435009321,0,6,0,0,0
80,general_warm,0,,,,,,,,,,,,,,,,,,,,,,,,,,,,,,,,,,1.0479297637939453,0.0,0.0,5.838135242462158,0.776199996471405,1.1063110828399658,0,0.40197300022595156,0.16066226170681017,0.03966287057698955,0.6416687983132544,0,6,0,0,0
100,general_warm,0,,,,,,,,,,,,,,,,,,,,,,,,,,,,,,,,,,1.1609877347946167,0.0,0.0,5.838135242462158,0.797950029373169,1.2193690538406372,0,0.28193078084089673,0.13028739322908223,0.036513816149875755,0.5079297628076304,0,6,0,0,0
120,general_warm,0,,,,,,,,,,,,,,,,,,,,,,,,,,,,,,,,,,1.0706673860549927,0.0,0.0,5.838135242462158,0.8001999855041504,1.1290487051010132,0,0.4255447021916456,0.09209626925543749,0.03803677697266851,0.45776700386925345,0,6,0,0,0
140,general_warm,0,,,,,,,,,,,,,,,,,,,,,,,,,,,,,,,,,,0.9743469953536987,0.0,0.0,5.838135242462158,0.8147499561309814,1.0327283143997192,0,0.44969068854084426,0.12376778978588325,0.0364078894183631,0.5637597763349139,0,6,0,0,0
160,general_warm,0,,,,,,,,,,,,,,,,,,,,,,,,,,,,,,,,,,1.099469780921936,0.0,0.0,5.838135242462158,0.8279500007629395,1.1578510999679565,0,0.44974343326424504,0.08056054148723238,0.032803484698432306,0.49166901409626007,0,6,0,0,0
180,general_warm,0,,,,,,,,,,,,,,,,,,,,,,,,,,,,,,,,,,0.9212811589241028,0.0,0.0,5.838135242462158,0.8317999839782715,0.9796625375747681,0,0.4347620299692826,0.13533151463239587,0.0326970510169982,0.5110315452492427,0,6,0,0,0
200,general_warm,0,,,,,,,,,,,,,,,,,,,,,,,,,,,,,,,,,,1.3204678297042847,0.0,0.0,5.838135242462158,0.8504500389099121,1.3788491487503052,0,0.3399562634019087,0.06428041519081619,0.03208632813914428,0.8025243039642062,0,6,0,0,0
220,general_warm,0,,,,,,,,,,,,,,,,,,,,,,,,,,,,,,,,,,1.0806186199188232,0.0,0.0,5.838135242462158,0.7897000312805176,1.1389999389648438,0,0.43811673244205185,0.13812472503299691,0.03059137198068793,0.5129239195987345,0,6,0,0,0
240,general_warm,0,,,,,,,,,,,,,,,,,,,,,,,,,,,,,,,,,,1.1956524848937988,0.0,0.0,5.838135242462158,0.8349999785423279,1.2540338039398193,0,0.40093492358472194,0.1082352705665731,0.03477357643405123,0.6009582666295862,0,6,0,0,0
250,,,,,1.1068436004402944,3.0247958464857505,,32,8415,,1.4227952040745375,4.14870071323607,,32,14382,0.75103759765625,0.5375717059284651,1.3236257601189518,3.757018760728231,,,0.7662265679965252,2.151631879588786,,32,6174,,,1.9986376679644502,7.378996604835961,,32,3861,0,0.0,,,,,,,,,,,,,,,,
260,general_warm,0,,,,,,,,,,,,,,,,,,,,,,,,,,,,,,,,,,1.180971622467041,0.0,0.0,5.838135242462158,0.8091000318527222,1.2393529415130615,0,0.40558628746494263,0.10772410738614521,0.03723188275471329,0.5219115544642721,0,6,0,0,0
280,general_warm,0,,,,,,,,,,,,,,,,,,,,,,,,,,,,,,,,,,1.2657246589660645,0.0,0.0,5.838135242462158,0.8410999774932861,1.324105978012085,0,0.3635789272725028,0.09583861562922331,0.03218499599615969,0.5549436078185127,0,6,0,0,0
300,general_warm,0,,,,,,,,,,,,,,,,,,,,,,,,,,,,,,,,,,1.4401129484176636,0.0,0.0,5.838135242462158,0.897350013256073,1.498494267463684,0,0.3667911697330189,0.11969919188205884,0.0328119451239232,0.6743366520792718,0,6,0,0,0
320,general_warm,0,,,,,,,,,,,,,,,,,,,,,,,,,,,,,,,,,,1.1250938177108765,0.0,0.0,5.838135242462158,0.8334000110626221,1.183475136756897,0,0.45238620010366726,0.1336891529582707,0.034494271059890114,0.5496689350713814,0,6,0,0,0
340,general_warm,0,,,,,,,,,,,,,,,,,,,,,,,,,,,,,,,,,,1.1474411487579346,0.0,0.0,5.838135242462158,0.8031499981880188,1.205822467803955,0,0.35784487512383834,0.11349241702451504,0.03370807698173892,0.5377716375248773,0,6,0,0,0
360,general_warm,0,,,,,,,,,,,,,,,,,,,,,,,,,,,,,,,,,,0.9328305125236511,0.0,0.0,5.838135242462158,0.7667999863624573,0.9912118911743164,0,0.37256142965396927,0.054784249728462395,0.035118056115295206,0.41449235063933193,0,6,0,0,0
380,general_warm,0,,,,,,,,,,,,,,,,,,,,,,,,,,,,,,,,,,1.0555641651153564,0.0,0.0,5.838135242462158,0.7940499782562256,1.113945484161377,0,0.41495926530100935,0.04373294119639987,0.030361949770696582,0.533973160551654,0,6,0,0,0
400,general_warm,0,,,,,,,,,,,,,,,,,,,,,,,,,,,,,,,,,,1.3693722486495972,0.0,0.0,5.838135242462158,0.8150500059127808,1.4277535676956177,0,0.3846293581750492,0.09974263324901196,0.03194632272694319,0.828770875670607,0,6,0,0,0
420,general_warm,0,,,,,,,,,,,,,,,,,,,,,,,,,,,,,,,,,,1.1679375171661377,0.0,0.0,5.838135242462158,0.833899974822998,1.2263188362121582,0,0.4297031338758344,0.0835851684221,0.03500943011086848,0.536413013154552,0,6,0,0,0
440,general_warm,0,,,,,,,,,,,,,,,,,,,,,,,,,,,,,,,,,,1.1282200813293457,0.0,0.0,5.838135242462158,0.8324500322341919,1.1866014003753662,0,0.44604146502266595,0.04484647122444585,0.031420379106901465,0.6541400554634276,0,6,0,0,0
460,general_warm,0,,,,,,,,,,,,,,,,,,,,,,,,,,,,,,,,,,1.2092528343200684,0.0,0.0,5.838135242462158,0.832550048828125,1.2676341533660889,0,0.4491903275852112,0.050015582491011755,0.031329382438626555,0.5652688471097795,0,6,0,0,0
480,general_warm,0,,,,,,,,,,,,,,,,,,,,,,,,,,,,,,,,,,0.8882635831832886,0.0,0.0,5.838135242462158,0.8111000061035156,0.9466449618339539,0,0.4299460782895671,0.041161392634551576,0.03201444102155547,0.5373406273978097,0,6,0,0,0
499,,,0.109375,0.005710000249508074,1.1125536006898025,3.0421168358895527,,32,8415,-0.01715746537284013,1.4056377387016974,4.0781266913565135,,32,14382,0.75103759765625,0.5375717059284651,1.3187369745951907,3.7386963255188004,0.0,-0.021548504423160586,0.7446780635733646,2.1057634038995405,,32,6174,0.03125,0.013440827451447701,2.012078495415898,7.478845950687965,,32,3861,0,0.0,,,,,,,,,,,,,,,,
500,code_recurrent,0,,,,,,,,,,,,,,,,,,,,,,,,,,,,,,,,,,0.8725016117095947,0.0,0.0,5.838135242462158,0.9025999903678894,0.93088299036026,0,0.22054624192467925,0.03924672457703439,0.03329156100868232,1.4605328985386425,0,6,0,0,0
500,,,,0.0027931580569018344,1.1096367584971962,3.0332563896914824,,32,8415,-0.01648208094047665,1.4063131231340609,4.080881924953268,,32,14382,0.75103759765625,0.5375717059284651,1.318188231127648,3.7366453031270828,,-0.021727183508494563,0.7444993844880307,2.105387181633128,,32,6174,,0.013665990426854568,2.0123036583913048,7.480530099491694,,32,3861,0,0.0,,,,,,,,,,,,,,,,
520,code_recurrent,0,,,,,,,,,,,,,,,,,,,,,,,,,,,,,,,,,,1.0300267934799194,0.0,0.0,5.838135242462158,0.8788000345230103,1.08840811252594,0,0.15530447951388798,0.15718317178211041,0.08161580713377113,2.282386561565929,0,6,0,0,0
540,code_recurrent,0,,,,,,,,,,,,,,,,,,,,,,,,,,,,,,,,,,0.810641348361969,0.0,0.0,5.838135242462158,0.9015499949455261,0.8690227270126343,0,0.39245333182393605,0.15246709971688688,0.06179367770248699,1.4355688467385277,0,6,0,0,0
560,code_recurrent,0,,,,,,,,,,,,,,,,,,,,,,,,,,,,,,,,,,0.8253108859062195,0.0,0.0,5.838135242462158,0.8765499591827393,0.8836922645568848,0,0.41308417595799407,0.05218968696551331,0.05931413452037506,1.001082043870101,0,6,0,0,0
580,code_recurrent,0,,,,,,,,,,,,,,,,,,,,,,,,,,,,,,,,,,0.6120531558990479,0.0,0.0,5.838135242462158,0.9025999903678894,0.6704345345497131,0,0.4221748440556904,-0.022707345700057755,0.05634915876601424,0.5611964965741786,0,6,0,0,0
600,code_recurrent,0,,,,,,,,,,,,,,,,,,,,,,,,,,,,,,,,,,0.7166176438331604,0.0,0.0,5.838135242462158,0.8788000345230103,0.7749990224838257,0,0.3138618503528208,0.018535817337189137,0.0349802587366116,0.8670154053540456,0,6,0,0,0
620,code_recurrent,0,,,,,,,,,,,,,,,,,,,,,,,,,,,,,,,,,,0.5804024934768677,0.0,0.0,5.838135242462158,0.9015499949455261,0.638783872127533,0,0.428168661761045,0.13082152184714296,0.031002205728538453,0.6254504522988721,0,6,0,0,0
640,code_recurrent,0,,,,,,,,,,,,,,,,,,,,,,,,,,,,,,,,,,0.6301043033599854,0.0,0.0,5.838135242462158,0.8765499591827393,0.6884856820106506,0,0.43243593222185667,0.02850018151470327,0.038234947119203826,0.7022953014998209,0,6,0,0,0
660,code_recurrent,0,,,,,,,,,,,,,,,,,,,,,,,,,,,,,,,,,,0.5133851170539856,0.0,0.0,5.838135242462158,0.9025999903678894,0.5717664957046509,0,0.43677647881596676,0.060099089624210525,0.03977491705131436,0.4494316368230752,0,6,0,0,0
680,code_recurrent,0,,,,,,,,,,,,,,,,,,,,,,,,,,,,,,,,,,0.5886216759681702,0.0,0.0,5.838135242462158,0.8788000345230103,0.6470030546188354,0,0.381042292285607,0.05167918477465199,0.033568780926898835,0.600542411775816,0,6,0,0,0
700,code_recurrent,0,,,,,,,,,,,,,,,,,,,,,,,,,,,,,,,,,,0.49904513359069824,0.0,0.0,5.838135242462158,0.9015499949455261,0.5574265122413635,0,0.4436765239267949,0.1497553835007628,0.031824245895924315,0.534281511829486,0,6,0,0,0
720,code_recurrent,0,,,,,,,,,,,,,,,,,,,,,,,,,,,,,,,,,,0.5390822887420654,0.0,0.0,5.838135242462158,0.8765499591827393,0.5974636673927307,0,0.4459067491091623,0.049467273854783604,0.03455790347744903,0.5488453255877609,0,6,0,0,0
740,code_recurrent,0,,,,,,,,,,,,,,,,,,,,,,,,,,,,,,,,,,0.4602174162864685,0.0,0.0,5.838135242462158,0.9025999903678894,0.5185987949371338,0,0.4490510005505751,0.07586688051690414,0.041318971441230846,0.39217949656267015,0,6,0,0,0
750,,,,-0.10309903739253734,1.003744563047757,2.728479687494352,,32,8415,0.012722744793839613,1.4355179488683771,4.201820773586627,,32,14382,0.75103759765625,0.5375717059284651,1.306784879605034,3.6942770523656128,,0.006297105023650107,0.7725236730201753,2.1652236810940115,,32,6174,,0.01671566551937631,2.0153533334838265,7.503378107607415,,32,3861,0,0.0,,,,,,,,,,,,,,,,
760,code_recurrent,0,,,,,,,,,,,,,,,,,,,,,,,,,,,,,,,,,,0.5178225040435791,0.0,0.0,5.838135242462158,0.8788000345230103,0.5762038826942444,0,0.46497584733215885,0.09105313833320647,0.031512870862045225,0.49197205965008056,0,6,0,0,0
780,code_recurrent,0,,,,,,,,,,,,,,,,,,,,,,,,,,,,,,,,,,0.4477487802505493,0.0,0.0,5.838135242462158,0.9015499949455261,0.5061301589012146,0,0.5324164510571082,0.11880190855507473,0.03149803510039217,0.5470132064606462,0,6,0,0,0
800,code_recurrent,0,,,,,,,,,,,,,,,,,,,,,,,,,,,,,,,,,,0.478842556476593,0.0,0.0,5.838135242462158,0.8765499591827393,0.5372239351272583,0,0.5260401140511944,0.060067684206712456,0.03177347835892486,0.5042580947989509,0,6,0,0,0
820,code_recurrent,0,,,,,,,,,,,,,,,,,,,,,,,,,,,,,,,,,,0.42415839433670044,0.0,0.0,5.838135242462158,0.9025999903678894,0.48253974318504333,0,0.5290171209533827,0.06800973294385974,0.03762076189224091,0.34541575510705275,0,6,0,0,0
840,code_recurrent,0,,,,,,,,,,,,,,,,,,,,,,,,,,,,,,,,,,0.47034168243408203,0.0,0.0,5.838135242462158,0.8788000345230103,0.5287230610847473,0,0.5026052783855788,0.06103123740259824,0.03614222067851751,0.48813834946661716,0,6,0,0,0
860,code_recurrent,0,,,,,,,,,,,,,,,,,,,,,,,,,,,,,,,,,,0.40663713216781616,0.0,0.0,5.838135242462158,0.9015499949455261,0.46501848101615906,0,0.5001695002208397,0.1258552652621542,0.0286393937617836,0.4866771159072717,0,6,0,0,0
880,code_recurrent,0,,,,,,,,,,,,,,,,,,,,,,,,,,,,,,,,,,0.43621939420700073,0.0,0.0,5.838135242462158,0.8765499591827393,0.49460074305534363,0,0.4873707245933697,0.0630786926111406,0.03770936945941122,0.517287826762786,0,6,0,0,0
900,code_recurrent,0,,,,,,,,,,,,,,,,,,,,,,,,,,,,,,,,,,0.3955971598625183,0.0,0.0,5.838135242462158,0.9025999903678894,0.4539785087108612,0,0.4884561759460525,0.08755183215751978,0.036803820225898,0.33584248425941615,0,6,0,0,0
920,code_recurrent,0,,,,,,,,,,,,,,,,,,,,,,,,,,,,,,,,,,0.43298208713531494,0.0,0.0,5.838135242462158,0.8788000345230103,0.49136343598365784,0,0.47552731719492897,0.11118337426159997,0.029352030209043905,0.5434662320192845,0,6,0,0,0
940,code_recurrent,0,,,,,,,,,,,,,,,,,,,,,,,,,,,,,,,,,,0.3709484040737152,0.0,0.0,5.838135242462158,0.9015499949455261,0.4293297529220581,0,0.4836994072641724,0.1551529120728706,0.03315903827148889,0.4799764386954762,0,6,0,0,0
960,code_recurrent,0,,,,,,,,,,,,,,,,,,,,,,,,,,,,,,,,,,0.40016886591911316,0.0,0.0,5.838135242462158,0.8765499591827393,0.45855021476745605,0,0.477635131106886,0.0834605610829645,0.03348347566992281,0.45182101972519406,0,6,0,0,0
980,code_recurrent,0,,,,,,,,,,,,,,,,,,,,,,,,,,,,,,,,,,0.3775581419467926,0.0,0.0,5.838135242462158,0.9025999903678894,0.4359394907951355,0,0.48085250826038395,0.09116365262057766,0.037013460383824415,0.3364475630519409,0,6,0,0,0
1000,code_recurrent,0,,,,,,,,,,,,,,,,,,,,,,,,,,,,,,,,,,0.403764009475708,0.0,0.0,5.838135242462158,0.8788000345230103,0.4621453583240509,0,0.47150080379125325,0.08636684647145947,0.02919070997408458,0.4916913533376323,0,6,0,0,0
1000,,,,-0.10914944916768776,0.9976941512726066,2.7120211026814705,,32,8415,0.018415921852728223,1.4412111259272657,4.225810707894889,,32,14382,0.75103759765625,0.5375717059284651,1.3105987944297528,3.7083936129505357,,0.00994323147204379,0.776169799468569,2.1731327704321384,,32,6174,,0.028682433086119508,2.0273201010505697,7.593708693983239,,32,3861,0,0.0,,,,,,,,,,,,,,,,
1020,code_recurrent,0,,,,,,,,,,,,,,,,,,,,,,,,,,,,,,,,,,0.3420240581035614,0.0,0.0,5.838135242462158,0.9015499949455261,0.4004054069519043,0,0.4711788484534254,0.16538512338385253,0.03074822299078935,0.572650807055216,0,6,0,0,0
1040,code_recurrent,0,,,,,,,,,,,,,,,,,,,,,,,,,,,,,,,,,,0.36786094307899475,0.0,0.0,5.838135242462158,0.8765499591827393,0.42624229192733765,0,0.46967180983489837,0.09091896181468785,0.0336613365279008,0.47563437952526977,0,6,0,0,0
1060,code_recurrent,0,,,,,,,,,,,,,,,,,,,,,,,,,,,,,,,,,,0.35717928409576416,0.0,0.0,5.838135242462158,0.9025999903678894,0.41556063294410706,0,0.4718190848569039,0.09565800896546404,0.03388007095837522,0.3653654243383143,0,6,0,0,0
1080,code_recurrent,0,,,,,,,,,,,,,,,,,,,,,,,,,,,,,,,,,,0.3736194968223572,0.0,0.0,5.838135242462158,0.8788000345230103,0.4320008456707001,0,0.46591653705026925,0.10319582796572442,0.026757055842539384,0.3994573967856547,0,6,0,0,0
1100,code_recurrent,0,,,,,,,,,,,,,,,,,,,,,,,,,,,,,,,,,,0.3189660310745239,0.0,0.0,5.838135242462158,0.9015499949455261,0.3773473799228668,0,0.470357561963141,0.14806217398810467,0.044793244984207885,0.46824915734311895,0,6,0,0,0
1120,code_recurrent,0,,,,,,,,,,,,,,,,,,,,,,,,,,,,,,,,,,0.3519638776779175,0.0,0.0,5.838135242462158,0.8765499591827393,0.4103452265262604,0,0.47277822724638385,0.10666562038074646,0.03429053077060316,0.5620474487306579,0,6,0,0,0
1140,code_recurrent,0,,,,,,,,,,,,,,,,,,,,,,,,,,,,,,,,,,0.34496310353279114,0.0,0.0,5.838135242462158,0.9025999903678894,0.40334445238113403,0,0.4652513156415689,0.10407070662975977,0.030999309253243228,0.3820136665883992,0,6,0,0,0
1160,code_recurrent,0,,,,,,,,,,,,,,,,,,,,,,,,,,,,,,,,,,0.35070428252220154,0.0,0.0,5.838135242462158,0.8788000345230103,0.40908563137054443,0,0.4574302271307615,0.11654583671562639,0.037425396720036155,0.46850140768857235,0,6,0,0,0
1180,code_recurrent,0,,,,,,,,,,,,,,,,,,,,,,,,,,,,,,,,,,0.2936972379684448,0.0,0.0,5.838135242462158,0.9015499949455261,0.3520785868167877,0,0.4388298424217785,0.16167565535163572,0.04227788160806374,0.38567595216963024,0,6,0,0,0
1200,code_recurrent,0,,,,,,,,,,,,,,,,,,,,,,,,,,,,,,,,,,0.33006566762924194,0.0,0.0,5.838135242462158,0.8765499591827393,0.38844701647758484,0,0.45501298883370955,0.08840673355527022,0.03408147759572972,0.5564966767553299,0,6,0,0,0
1220,code_recurrent,0,,,,,,,,,,,,,,,,,,,,,,,,,,,,,,,,,,0.33014723658561707,0.0,0.0,5.838135242462158,0.9025999903678894,0.38852858543395996,0,0.46292271085095266,0.08664412772798512,0.03501455859532432,0.40684862478621425,0,6,0,0,0
1240,code_recurrent,0,,,,,,,,,,,,,,,,,,,,,,,,,,,,,,,,,,0.32333219051361084,0.0,0.0,5.838135242462158,0.8788000345230103,0.38171353936195374,0,0.45804786589935637,0.1017204060127759,0.03576449458043845,0.40147847157149086,0,6,0,0,0
1250,,,,-0.09830573224199712,1.0085378681982973,2.7415895178415273,,32,8415,0.02644409468269804,1.4492392987572356,4.2598727918069,,32,14382,0.75103759765625,0.5375717059284651,1.3181864365131262,3.7366385972951757,,0.018244173366891436,0.7844707413634167,2.191246897433474,,32,6174,,0.03186016976910522,2.0304978377335554,7.6178778819792745,,32,3861,0,0.0,,,,,,,,,,,,,,,,
1260,code_recurrent,0,,,,,,,,,,,,,,,,,,,,,,,,,,,,,,,,,,0.27131983637809753,0.0,0.0,5.838135242462158,0.9015499949455261,0.32970118522644043,0,0.47329000486986,0.15008636611414009,0.03522137184405611,0.3679882862738201,0,6,0,0,0
1280,code_recurrent,0,,,,,,,,,,,,,,,,,,,,,,,,,,,,,,,,,,0.2935558557510376,0.0,0.0,5.838135242462158,0.8765499591827393,0.3519372045993805,0,0.472369008104308,0.07002622785928127,0.036297118297911116,0.47290464938869553,0,6,0,0,0
1300,code_recurrent,0,,,,,,,,,,,,,,,,,,,,,,,,,,,,,,,,,,0.317260205745697,0.0,0.0,5.838135242462158,0.9025999903678894,0.3756415545940399,0,0.4693676919928826,0.08105965943208762,0.03221918114032301,0.443754339975024,0,6,0,0,0
1320,code_recurrent,0,,,,,,,,,,,,,,,,,,,,,,,,,,,,,,,,,,0.30233970284461975,0.0,0.0,5.838135242462158,0.8788000345230103,0.36072105169296265,0,0.4645144842538778,0.08446576525706664,0.032758035541822515,0.41848112794733233,0,6,0,0,0
1340,code_recurrent,0,,,,,,,,,,,,,,,,,,,,,,,,,,,,,,,,,,0.25334006547927856,0.0,0.0,5.838135242462158,0.9015499949455261,0.31172141432762146,0,0.47131955589257296,0.12827522636507638,0.03539003315529535,0.3239991495297069,0,6,0,0,0
1360,code_recurrent,0,,,,,,,,,,,,,,,,,,,,,,,,,,,,,,,,,,0.26910436153411865,0.0,0.0,5.838135242462158,0.8765499591827393,0.32748571038246155,0,0.4709784201935828,0.10522217220776449,0.029591533580854062,0.4692667284773456,0,6,0,0,0
1380,code_recurrent,0,,,,,,,,,,,,,,,,,,,,,,,,,,,,,,,,,,0.30404436588287354,0.0,0.0,5.838135242462158,0.9025999903678894,0.36242571473121643,0,0.4718790256995766,0.08743446397004716,0.03544679778583702,0.3858823454569257,0,6,0,0,0
1400,code_recurrent,0,,,,,,,,,,,,,,,,,,,,,,,,,,,,,,,,,,0.2832363545894623,0.0,0.0,5.838135242462158,0.8788000345230103,0.3416177034378052,0,0.4569859533130752,0.04219041047950408,0.04139028364452459,0.5264461808438812,0,6,0,0,0
1420,code_recurrent,0,,,,,,,,,,,,,,,,,,,,,,,,,,,,,,,,,,0.23498733341693878,0.0,0.0,5.838135242462158,0.9015499949455261,0.29336869716644287,0,0.5152896142815351,0.09747199365145727,0.03489144697918423,0.3072159668282857,0,6,0,0,0
1440,code_recurrent,0,,,,,,,,,,,,,,,,,,,,,,,,,,,,,,,,,,0.25581860542297363,0.0,0.0,5.838135242462158,0.8765499591827393,0.31419995427131653,0,0.4920265356740926,0.06578168775013182,0.03399691442840747,0.4704584344157151,0,6,0,0,0
1460,code_recurrent,0,,,,,,,,,,,,,,,,,,,,,,,,,,,,,,,,,,0.28991881012916565,0.0,0.0,5.838135242462158,0.9025999903678894,0.34830015897750854,0,0.47631669953927913,0.038485905099410696,0.04481874256291323,0.3450377946571698,0,6,0,0,0
1480,code_recurrent,0,,,,,,,,,,,,,,,,,,,,,,,,,,,,,,,,,,0.27613040804862976,0.0,0.0,5.838135242462158,0.8788000345230103,0.33451175689697266,0,0.4614228217735876,0.09082208147239205,0.03367433286390253,0.534015709481069,0,6,0,0,0
1500,code_recurrent,0,,,,,,,,,,,,,,,,,,,,,,,,,,,,,,,,,,0.22889715433120728,0.0,0.0,5.838135242462158,0.9015499949455261,0.28727850317955017,0,0.46937591098371445,0.11631082810760875,0.035739872567651286,0.3168194155253115,0,6,0,0,0
1500,,,,-0.08441575538240853,1.0224278450578859,2.779935830988444,,32,8415,0.032202431927170316,1.4549976360017078,4.284473337102493,,32,14382,0.75103759765625,0.5375717059284651,1.3256082366944628,3.7644743502390727,,0.021151763550239733,0.787378331546765,2.197627416874471,,32,6174,,0.0389914662070423,2.0376291341714925,7.672397393732938,,32,3861,0,0.0,,,,,,,,,,,,,,,,
1520,code_recurrent,0,,,,,,,,,,,,,,,,,,,,,,,,,,,,,,,,,,0.24015764892101288,0.0,0.0,5.838135242462158,0.8765499591827393,0.29853901267051697,0,0.4689236982293954,0.11267909795943913,0.03062291538328051,0.5000033615837022,0,6,0,0,0
1540,code_recurrent,0,,,,,,,,,,,,,,,,,,,,,,,,,,,,,,,,,,0.268167108297348,0.0,0.0,5.838135242462158,0.9025999903678894,0.3265484571456909,0,0.4593271637065602,0.06388517361483537,0.043357239946693424,0.3438411087507293,0,6,0,0,0
1560,code_recurrent,0,,,,,,,,,,,,,,,,,,,,,,,,,,,,,,,,,,0.25591546297073364,0.0,0.0,5.838135242462158,0.8788000345230103,0.31429681181907654,0,0.45472457741932454,0.03409063838937852,0.03477963451222176,0.580131423615274,0,6,0,0,0
1580,code_recurrent,0,,,,,,,,,,,,,,,,,,,,,,,,,,,,,,,,,,0.21337933838367462,0.0,0.0,5.838135242462158,0.9015499949455261,0.2717607021331787,0,0.46063284825614875,0.0732564261312031,0.0357578081352311,0.33233202259455413,0,6,0,0,0
1600,code_recurrent,0,,,,,,,,,,,,,,,,,,,,,,,,,,,,,,,,,,0.22737114131450653,0.0,0.0,5.838135242462158,0.8765499591827393,0.2857525050640106,0,0.4568469908911997,0.04405705920154495,0.04400896360683772,0.5102864143749078,0,6,0,0,0
1620,code_recurrent,0,,,,,,,,,,,,,,,,,,,,,,,,,,,,,,,,,,0.26151102781295776,0.0,0.0,5.838135242462158,0.9025999903678894,0.31989237666130066,0,0.4481985212890603,0.047768849484522695,0.044791686387791754,0.43495272085188874,0,6,0,0,0
1640,code_recurrent,0,,,,,,,,,,,,,,,,,,,,,,,,,,,,,,,,,,0.24363957345485687,0.0,0.0,5.838135242462158,0.8788000345230103,0.30202093720436096,0,0.4509955720368703,0.027404530543468093,0.04439975853477206,0.5849962681236248,0,6,0,0,0
1660,code_recurrent,0,,,,,,,,,,,,,,,,,,,,,,,,,,,,,,,,,,0.20228055119514465,0.0,0.0,5.838135242462158,0.9015499949455261,0.26066190004348755,0,0.4628172890452256,0.08176652573456522,0.03741013353380064,0.3401557208999755,0,6,0,0,0
1680,code_recurrent,0,,,,,,,,,,,,,,,,,,,,,,,,,,,,,,,,,,0.21997308731079102,0.0,0.0,5.838135242462158,0.8765499591827393,0.2783544361591339,0,0.4565509017556696,0.03691769232682418,0.04104905079104125,0.55878896775345,0,6,0,0,0
1700,code_recurrent,0,,,,,,,,,,,,,,,,,,,,,,,,,,,,,,,,,,0.2524608075618744,0.0,0.0,5.838135242462158,0.9025999903678894,0.3108421564102173,0,0.46166340058415434,0.06629940323806036,0.03882741623277229,0.4400582628472457,0,6,0,0,0
1720,code_recurrent,0,,,,,,,,,,,,,,,,,,,,,,,,,,,,,,,,,,0.22148902714252472,0.0,0.0,5.838135242462158,0.8788000345230103,0.2798703908920288,0,0.45193887067844424,0.0347559827558663,0.04088559214853578,0.4559022362092658,0,6,0,0,0
1740,code_recurrent,0,,,,,,,,,,,,,,,,,,,,,,,,,,,,,,,,,,0.18909737467765808,0.0,0.0,5.838135242462158,0.9015499949455261,0.24747872352600098,0,0.4652267494284646,0.08134993220612939,0.03300555420536844,0.3379479054125056,0,6,0,0,0
1750,,,,-0.0667218195280006,1.0401217809122938,2.8295615799609757,,32,8415,0.03784986869165885,1.4606450727661964,4.30873808165747,,32,14382,0.75103759765625,0.5375717059284651,1.3332129507937878,3.793211230795554,,0.023738405099763105,0.7899649730962883,2.2033192494531155,,32,6174,,0.043482308435921935,2.042119976400372,7.706930403056249,,32,3861,0,0.0,,,,,,,,,,,,,,,,
1760,code_recurrent,0,,,,,,,,,,,,,,,,,,,,,,,,,,,,,,,,,,0.20714080333709717,0.0,0.0,5.838135242462158,0.8765499591827393,0.26552215218544006,0,0.4603212811081533,0.038329632341628894,0.03790894826016729,0.5887719905447392,0,6,0,0,0
1780,code_recurrent,0,,,,,,,,,,,,,,,,,,,,,,,,,,,,,,,,,,0.2365397959947586,0.0,0.0,5.838135242462158,0.9025999903678894,0.2949211597442627,0,0.46687968212159375,0.045563492042544694,0.03934564535166063,0.2905212041877565,0,6,0,0,0
1800,code_recurrent,0,,,,,,,,,,,,,,,,,,,,,,,,,,,,,,,,,,0.20320044457912445,0.0,0.0,5.838135242462158,0.8788000345230103,0.26158180832862854,0,0.4625114919830466,0.06758950193346079,0.03599380526676892,0.4133541627180955,0,6,0,0,0
1820,code_recurrent,0,,,,,,,,,,,,,,,,,,,,,,,,,,,,,,,,,,0.17897483706474304,0.0,0.0,5.838135242462158,0.9015499949455261,0.23735618591308594,0,0.474907986292298,0.09479370798882363,0.03573505636008959,0.30428167335570805,0,6,0,0,0
1840,code_recurrent,0,,,,,,,,,,,,,,,,,,,,,,,,,,,,,,,,,,0.191631019115448,0.0,0.0,5.838135242462158,0.8765499591827393,0.2500123679637909,0,0.4762723420449638,0.04823459162331086,0.03833772539501152,0.583404591715052,0,6,0,0,0
1860,code_recurrent,0,,,,,,,,,,,,,,,,,,,,,,,,,,,,,,,,,,0.22387073934078217,0.0,0.0,5.838135242462158,0.9025999903678894,0.28225210309028625,0,0.4726540943468862,0.045852158967006416,0.04286551198641223,0.2787739000268399,0,6,0,0,0
1880,code_recurrent,0,,,,,,,,,,,,,,,,,,,,,,,,,,,,,,,,,,0.19555935263633728,0.0,0.0,5.838135242462158,0.8788000345230103,0.2539407014846802,0,0.47441804947035626,0.013752700370137714,0.0452201404623569,0.45814071680818286,0,6,0,0,0
1900,code_recurrent,0,,,,,,,,,,,,,,,,,,,,,,,,,,,,,,,,,,0.16649095714092255,0.0,0.0,5.838135242462158,0.9015499949455261,0.22487230598926544,0,0.4765184495732479,0.06121421566474185,0.035064736004209236,0.2858335065877154,0,6,0,0,0
1920,code_recurrent,0,,,,,,,,,,,,,,,,,,,,,,,,,,,,,,,,,,0.18491879105567932,0.0,0.0,5.838135242462158,0.8765499591827393,0.24330013990402222,0,0.4771736120926805,0.07629682688275352,0.03826497329901608,0.44929815054767663,0,6,0,0,0
1940,code_recurrent,0,,,,,,,,,,,,,,,,,,,,,,,,,,,,,,,,,,0.21947719156742096,0.0,0.0,5.838135242462158,0.9025999903678894,0.27785855531692505,0,0.469362848414452,0.025371075792853453,0.04318930671092064,0.32686955245832605,0,6,0,0,0
1960,code_recurrent,0,,,,,,,,,,,,,,,,,,,,,,,,,,,,,,,,,,0.19333043694496155,0.0,0.0,5.838135242462158,0.8788000345230103,0.25171178579330444,0,0.4701609765225091,0.08477705876326322,0.035538835901146135,0.4710652124550608,0,6,0,0,0
1980,code_recurrent,0,,,,,,,,,,,,,,,,,,,,,,,,,,,,,,,,,,0.15838417410850525,0.0,0.0,5.838135242462158,0.9015499949455261,0.21676552295684814,0,0.4788433857781508,0.03707598247897944,0.03757792884809157,0.2794409194340309,0,6,0,0,0
1999,,,0.125,-0.05303108274263768,1.0538125176976567,2.8685667583385426,,32,8415,0.042696175530828606,1.4654913796053661,4.329670229327114,0.05985364090366874,32,14382,0.75103759765625,0.5375717059284651,1.3383351540906856,3.8126906761171777,0.03125,0.02075889051095703,0.7869854585074822,2.1967641978908286,,32,6174,0.046875,0.0484135925877871,2.0470512605522373,7.745029327918502,,32,3861,0,0.0,,,,,,,,,,,,,,,,
2000,novel_inject,0,,,,,,,,,,,,,,,,,,,,,,,,,,,,,,,,,,0.906005322933197,0.0,0.0,5.838135242462158,0.7915500402450562,0.9643867015838623,0,0.03988437354828656,0.017693061687168665,0.04667405587517553,0.6171801677298925,0,6,0,0,0
2000,,,,-0.05535221383179212,1.0514913866085023,2.861916160295312,,32,8415,0.04227602516654949,1.465071229241087,4.327851498899934,,32,14382,0.75103759765625,0.5375717059284651,1.3377613717580459,3.8105036490661455,,0.02124973219268178,0.787476300189207,2.1978427259956947,,32,6174,,0.04836890302893715,2.0470065709933873,7.744683213708461,,32,3861,0,0.0,,,,,,,,,,,,,,,,
2020,novel_inject,0,,,,,,,,,,,,,,,,,,,,,,,,,,,,,,,,,,1.1694883108139038,0.0,0.0,5.838135242462158,0.7851499915122986,1.2278696298599243,0,0.11846134246076392,0.0990572311649365,0.03869785972619577,0.5331225886586167,0,6,0,0,0
2040,novel_inject,0,,,,,,,,,,,,,,,,,,,,,,,,,,,,,,,,,,1.3483798503875732,0.0,0.0,5.838135242462158,0.8454499840736389,1.4067611694335938,0,0.25695741881277884,0.17879337421618402,0.037023502500313846,0.5442170875413077,0,6,0,0,0
2060,novel_inject,0,,,,,,,,,,,,,,,,,,,,,,,,,,,,,,,,,,1.095782995223999,0.0,0.0,5.838135242462158,0.8221499919891357,1.1541643142700195,0,0.25629923563773843,0.13231456537531422,0.036328003173398356,0.6283198875803796,0,6,0,0,0
2080,novel_inject,0,,,,,,,,,,,,,,,,,,,,,,,,,,,,,,,,,,1.0447299480438232,0.0,0.0,5.838135242462158,0.8012000322341919,1.1031112670898438,0,0.25052761696990433,0.07219359664096762,0.036697653440078574,0.40974349703580615,0,6,0,0,0
2100,novel_inject,0,,,,,,,,,,,,,,,,,,,,,,,,,,,,,,,,,,0.8916330933570862,0.0,0.0,5.838135242462158,0.8032000064849854,0.9500144720077515,0,0.2532843194727793,0.07128801628173928,0.03365519504979371,0.6848808667252934,0,6,0,0,0
2120,novel_inject,0,,,,,,,,,,,,,,,,,,,,,,,,,,,,,,,,,,1.2736406326293945,0.0,0.0,5.838135242462158,0.8076499700546265,1.332021951675415,0,0.25348914635760794,0.1434038028154256,0.032695903028878905,0.5745053440332413,0,6,0,0,0
2140,novel_inject,0,,,,,,,,,,,,,,,,,,,,,,,,,,,,,,,,,,0.9981470108032227,0.0,0.0,5.838135242462158,0.791949987411499,1.0565283298492432,0,0.16267448905762602,0.10375911444758198,0.03361994590211127,0.5214682258783825,0,6,0,0,0
2149,,,0.109375,-0.07746123270271643,1.029382367737578,2.7993363402211737,-0.02443014996007875,32,8415,0.011227735705873654,1.4340229397804112,4.195543706649301,,32,14382,0.75103759765625,0.5375717059284651,1.3201163589162805,3.7438569830583197,0.03125,-0.01348946401128348,0.7527371039852417,2.1228024030399126,,32,6174,0.046875,0.06568535619744131,2.0643230241618915,7.8799615479955945,,32,3861,0,0.0,,,,,,,,,,,,,,,,
2160,math_recurrent,0,,,,,,,,,,,,,,,,,,,,,,,,,,,,,,,,,,1.2021100521087646,0.0,0.0,5.838135242462158,0.8876000046730042,1.2604913711547852,0,0.28016195050278464,0.2981328254266243,0.09095215290370914,1.7511592770379687,0,6,0,0,0
2180,math_recurrent,0,,,,,,,,,,,,,,,,,,,,,,,,,,,,,,,,,,1.18362295627594,0.0,0.0,5.838135242462158,0.8835999965667725,1.2420042753219604,0,0.32475701146202157,0.25357194896787405,0.10584514974542554,1.410249428995072,0,6,0,0,0
2200,math_recurrent,0,,,,,,,,,,,,,,,,,,,,,,,,,,,,,,,,,,1.072001338005066,0.0,0.0,5.838135242462158,0.8609499931335449,1.1303826570510864,0,0.34888831753811106,0.25403942640072535,0.08082133797958256,0.9884667126432297,0,6,0,0,0
2220,math_recurrent,0,,,,,,,,,,,,,,,,,,,,,,,,,,,,,,,,,,0.9870041012763977,0.0,0.0,5.838135242462158,0.8617500066757202,1.045385479927063,0,0.35481156237766304,0.14248391213394435,0.07252440920454406,1.1055024361326582,0,6,0,0,0
2240,math_recurrent,0,,,,,,,,,,,,,,,,,,,,,,,,,,,,,,,,,,0.6965467929840088,0.0,0.0,5.838135242462158,0.8876000046730042,0.7549281716346741,0,0.35576300703427305,0.040906634258655164,0.042199974671183596,0.6191906461994799,0,6,0,0,0
2250,,,,-0.05018036740915588,1.0566632330311385,2.876755892480986,,32,8415,0.020619137365717632,1.4434143414402552,4.235131343515655,,32,14382,0.75103759765625,0.5375717059284651,1.264847447512723,3.542552269725229,,-0.20090063482494003,0.5653259331715852,1.760021338583239,,32,6174,,-0.00465138555653688,1.9939862824079133,7.344753746712441,,32,3861,0,0.0,,,,,,,,,,,,,,,,
2260,math_recurrent,0,,,,,,,,,,,,,,,,,,,,,,,,,,,,,,,,,,0.8336893320083618,0.0,0.0,5.838135242462158,0.8835999965667725,0.8920707106590271,0,0.36182589461780534,0.11528955965851699,0.04499882550259667,0.7978149647040972,0,6,0,0,0
2280,math_recurrent,0,,,,,,,,,,,,,,,,,,,,,,,,,,,,,,,,,,0.880526602268219,0.0,0.0,5.838135242462158,0.8609499931335449,0.9389079809188843,0,0.3698047528008819,0.10941274122784048,0.03825207552207367,0.6329880466300344,0,6,0,0,0
2300,math_recurrent,0,,,,,,,,,,,,,,,,,,,,,,,,,,,,,,,,,,0.7172743082046509,0.0,0.0,5.838135242462158,0.8617500066757202,0.7756556868553162,0,0.3778754834833333,0.11902624124195427,0.04574528886744427,0.7388235381434834,0,6,0,0,0
2320,math_recurrent,0,,,,,,,,,,,,,,,,,,,,,,,,,,,,,,,,,,0.5529208779335022,0.0,0.0,5.838135242462158,0.8876000046730042,0.6113022565841675,0,0.3808889632277685,0.0675535696978581,0.03940188351072489,0.4672291085833595,0,6,0,0,0
2340,math_recurrent,0,,,,,,,,,,,,,,,,,,,,,,,,,,,,,,,,,,0.7096935510635376,0.0,0.0,5.838135242462158,0.8835999965667725,0.7680749297142029,0,0.38640766619166167,0.07582978690542015,0.03197756571222156,0.6260757464974646,0,6,0,0,0
2360,math_recurrent,0,,,,,,,,,,,,,,,,,,,,,,,,,,,,,,,,,,0.8002881407737732,0.0,0.0,5.838135242462158,0.8609499931335449,0.8586695194244385,0,0.39465367386485345,0.11257107368978073,0.034784407377065646,0.528358167007802,0,6,0,0,0
2380,math_recurrent,0,,,,,,,,,,,,,,,,,,,,,,,,,,,,,,,,,,0.6071386933326721,0.0,0.0,5.838135242462158,0.8617500066757202,0.6655200719833374,0,0.39621204315917724,0.08927818001705289,0.039490032011258704,0.586876074425758,0,6,0,0,0
2400,math_recurrent,0,,,,,,,,,,,,,,,,,,,,,,,,,,,,,,,,,,0.4723876118659973,0.0,0.0,5.838135242462158,0.8876000046730042,0.5307689905166626,0,0.39745332230120767,0.06720509540173225,0.038968781548892224,0.4613555244510136,0,6,0,0,0
2420,math_recurrent,0,,,,,,,,,,,,,,,,,,,,,,,,,,,,,,,,,,0.6407720446586609,0.0,0.0,5.838135242462158,0.8835999965667725,0.6991534233093262,0,0.40464843443007,0.09167302205293838,0.038252826239026726,0.5516066170282781,0,6,0,0,0
2440,math_recurrent,0,,,,,,,,,,,,,,,,,,,,,,,,,,,,,,,,,,0.7503921985626221,0.0,0.0,5.838135242462158,0.8609499931335449,0.8087735772132874,0,0.4096525204111949,0.07551396115117573,0.0317305353492321,0.46468146410253314,0,6,0,0,0
2460,math_recurrent,0,,,,,,,,,,,,,,,,,,,,,,,,,,,,,,,,,,0.5427918434143066,0.0,0.0,5.838135242462158,0.8617500066757202,0.6011732220649719,0,0.4098912302883679,0.04329690762720669,0.028234530248427914,0.48840675507746045,0,6,0,0,0
2480,math_recurrent,0,,,,,,,,,,,,,,,,,,,,,,,,,,,,,,,,,,0.43355593085289,0.0,0.0,5.838135242462158,0.8876000046730042,0.4919372797012329,0,0.41160427245417724,0.10569234602423551,0.027023874416149087,0.43789036541231097,0,6,0,0,0
2500,math_recurrent,0,,,,,,,,,,,,,,,,,,,,,,,,,,,,,,,,,,0.5949792265892029,0.0,0.0,5.838135242462158,0.8835999965667725,0.6533606052398682,0,0.41708466553673507,0.08104910867820893,0.027852838942485435,0.5344391692725439,0,6,0,0,0
2500,,,,-0.03630647438307699,1.0705371260572174,2.9169458468983267,,32,8415,0.02733177383458929,1.4501269779091268,4.263655870905704,,32,14382,0.75103759765625,0.5375717059284651,1.265522027519483,3.544942810874267,,-0.22132582644409138,0.5449007415524338,1.7244372089210873,,32,6174,,-0.002114403405296894,1.9965232645591533,7.363410912314274,,32,3861,0,0.0,,,,,,,,,,,,,,,,
2520,math_recurrent,0,,,,,,,,,,,,,,,,,,,,,,,,,,,,,,,,,,0.7180750966072083,0.0,0.0,5.838135242462158,0.8609499931335449,0.7764564752578735,0,0.4190979571004463,0.05245591390744916,0.033521704418614275,0.4559609021695833,0,6,0,0,0
2540,math_recurrent,0,,,,,,,,,,,,,,,,,,,,,,,,,,,,,,,,,,0.5014187693595886,0.0,0.0,5.838135242462158,0.8617500066757202,0.5598001480102539,0,0.42313295947808005,0.11946943438878017,0.032005299165076204,0.46709458107749624,0,6,0,0,0
2560,math_recurrent,0,,,,,,,,,,,,,,,,,,,,,,,,,,,,,,,,,,0.38876357674598694,0.0,0.0,5.838135242462158,0.8876000046730042,0.44714492559432983,0,0.42396515956030106,0.08025165865962793,0.04069488565807068,0.33915488290644824,0,6,0,0,0
2580,math_recurrent,0,,,,,,,,,,,,,,,,,,,,,,,,,,,,,,,,,,0.5464951395988464,0.0,0.0,5.838135242462158,0.8835999965667725,0.6048765182495117,0,0.4271634697885233,0.08453022609631132,0.025443332210656196,0.49690117004608353,0,6,0,0,0
2600,math_recurrent,0,,,,,,,,,,,,,,,,,,,,,,,,,,,,,,,,,,0.6933901309967041,0.0,0.0,5.838135242462158,0.8609499931335449,0.7517715096473694,0,0.4287638232245003,0.060481868214472864,0.03380810758838105,0.43415973814470427,0,6,0,0,0
2620,math_recurrent,0,,,,,,,,,,,,,,,,,,,,,,,,,,,,,,,,,,0.4713793992996216,0.0,0.0,5.838135242462158,0.8617500066757202,0.5297607779502869,0,0.4310859835538689,0.04201732021673316,0.028384805682100472,0.44343929444513625,0,6,0,0,0
2640,math_recurrent,0,,,,,,,,,,,,,,,,,,,,,,,,,,,,,,,,,,0.3594350516796112,0.0,0.0,5.838135242462158,0.8876000046730042,0.4178164005279541,0,0.4311574925599767,0.08840514359014508,0.026831544362126834,0.3988558687151424,0,6,0,0,0
2660,math_recurrent,0,,,,,,,,,,,,,,,,,,,,,,,,,,,,,,,,,,0.5156811475753784,0.0,0.0,5.838135242462158,0.8835999965667725,0.5740625262260437,0,0.4351583049245415,0.10301523351725857,0.02951041494629213,0.4980546929888309,0,6,0,0,0
2680,math_recurrent,0,,,,,,,,,,,,,,,,,,,,,,,,,,,,,,,,,,0.6723388433456421,0.0,0.0,5.838135242462158,0.8609499931335449,0.7307202219963074,0,0.4335005668036677,0.03615227872796822,0.02658131750344875,0.4260067170811078,0,6,0,0,0
2700,math_recurrent,0,,,,,,,,,,,,,,,,,,,,,,,,,,,,,,,,,,0.4487977623939514,0.0,0.0,5.838135242462158,0.8617500066757202,0.5071791410446167,0,0.4348731749363535,0.05954787361302546,0.03196910947989968,0.43642838548809765,0,6,0,0,0
2720,math_recurrent,0,,,,,,,,,,,,,,,,,,,,,,,,,,,,,,,,,,0.33848825097084045,0.0,0.0,5.838135242462158,0.8876000046730042,0.39686959981918335,0,0.4344663727342408,0.11817195421982822,0.026623520113172986,0.32008912359911296,0,6,0,0,0
2740,math_recurrent,0,,,,,,,,,,,,,,,,,,,,,,,,,,,,,,,,,,0.4986967146396637,0.0,0.0,5.838135242462158,0.8835999965667725,0.5570780634880066,0,0.4389655185575839,0.10545137889442101,0.029215433990346297,0.47942508334914846,0,6,0,0,0
2750,,,,-0.029282956228182444,1.077560644212112,2.9375051839337134,,32,8415,0.03147349001518829,1.4542686940897258,4.28135134293075,,32,14382,0.75103759765625,0.5375717059284651,1.2679156924982793,3.553438380049324,,-0.22814360119047616,0.5380829668060491,1.7127203712316192,,32,6174,,0.0031127969207804806,2.0017504648852307,7.4020017092794115,,32,3861,0,0.0,,,,,,,,,,,,,,,,
2760,math_recurrent,0,,,,,,,,,,,,,,,,,,,,,,,,,,,,,,,,,,0.6483708620071411,0.0,0.0,5.838135242462158,0.8609499931335449,0.7067522406578064,0,0.4397742233678202,0.03929949903769219,0.025794110962352346,0.41537314067993847,0,6,0,0,0
2780,math_recurrent,0,,,,,,,,,,,,,,,,,,,,,,,,,,,,,,,,,,0.42749810218811035,0.0,0.0,5.838135242462158,0.8617500066757202,0.48587945103645325,0,0.44253417632772546,0.09874538427642879,0.029103588433344922,0.4310755484633976,0,6,0,0,0
2800,math_recurrent,0,,,,,,,,,,,,,,,,,,,,,,,,,,,,,,,,,,0.3190487325191498,0.0,0.0,5.838135242462158,0.8876000046730042,0.3774300813674927,0,0.4406978049679128,0.1213623352273966,0.027896143582516485,0.283950251524174,0,6,0,0,0
2820,math_recurrent,0,,,,,,,,,,,,,,,,,,,,,,,,,,,,,,,,,,0.4621317684650421,0.0,0.0,5.838135242462158,0.8835999965667725,0.520513117313385,0,0.4443365341342878,0.09561976289842278,0.026015734624501966,0.43330588191747665,0,6,0,0,0
2840,math_recurrent,0,,,,,,,,,,,,,,,,,,,,,,,,,,,,,,,,,,0.6286596655845642,0.0,0.0,5.838135242462158,0.8609499931335449,0.6870410442352295,0,0.4451633356752663,0.04642128723207861,0.03434307166626529,0.41102538687132656,0,6,0,0,0
2860,math_recurrent,0,,,,,,,,,,,,,,,,,,,,,,,,,,,,,,,,,,0.41094306111335754,0.0,0.0,5.838135242462158,0.8617500066757202,0.46932440996170044,0,0.44589589915080446,0.08347732371683898,0.027799340994614695,0.4239864467983208,0,6,0,0,0
2880,math_recurrent,0,,,,,,,,,,,,,,,,,,,,,,,,,,,,,,,,,,0.30036306381225586,0.0,0.0,5.838135242462158,0.8876000046730042,0.35874441266059875,0,0.4441156581142534,0.13210088503547013,0.03380712825021455,0.26846584102937154,0,6,0,0,0
2900,math_recurrent,0,,,,,,,,,,,,,,,,,,,,,,,,,,,,,,,,,,0.4396522343158722,0.0,0.0,5.838135242462158,0.8835999965667725,0.4980335831642151,0,0.44815386550056324,0.09048858335674075,0.029211399015334864,0.43803563471587875,0,6,0,0,0
2920,math_recurrent,0,,,,,,,,,,,,,,,,,,,,,,,,,,,,,,,,,,0.6156525611877441,0.0,0.0,5.838135242462158,0.8609499931335449,0.6740339398384094,0,0.4462735460386896,0.06886927202244156,0.029754253161243267,0.4091073460049099,0,6,0,0,0
2940,math_recurrent,0,,,,,,,,,,,,,,,,,,,,,,,,,,,,,,,,,,0.39506176114082336,0.0,0.0,5.838135242462158,0.8617500066757202,0.45344310998916626,0,0.4488289610534556,0.08823884422807689,0.025359057909291653,0.4112463672719304,0,6,0,0,0
2960,math_recurrent,0,,,,,,,,,,,,,,,,,,,,,,,,,,,,,,,,,,0.2879452109336853,0.0,0.0,5.838135242462158,0.8876000046730042,0.3463265597820282,0,0.44892599891160356,0.1547298756777309,0.026391003785714035,0.26413555169507624,0,6,0,0,0
2980,math_recurrent,0,,,,,,,,,,,,,,,,,,,,,,,,,,,,,,,,,,0.4237902760505676,0.0,0.0,5.838135242462158,0.8835999965667725,0.4821716248989105,0,0.4515793221848944,0.10735492258182992,0.024838006681215666,0.5063452856289962,0,6,0,0,0
3000,math_recurrent,0,,,,,,,,,,,,,,,,,,,,,,,,,,,,,,,,,,0.6042898893356323,0.0,0.0,5.838135242462158,0.8609499931335449,0.6626712679862976,0,0.4526229654055373,0.03284096879152847,0.02839490842473294,0.41875454485416413,0,6,0,0,0
3000,,,,-0.027253843727950366,1.079589756712344,2.9434717638056487,,32,8415,0.0327469273114831,1.4555421313860206,4.286806848294141,,32,14382,0.75103759765625,0.5375717059284651,1.2692978050576367,3.558353027378848,,-0.23159058734287052,0.5346359806536547,1.7068268111744775,,32,6174,,0.008785683514077158,2.0074233514785274,7.444111755366678,,32,3861,0,0.0,,,,,,,,,,,,,,,,
3020,math_recurrent,0,,,,,,,,,,,,,,,,,,,,,,,,,,,,,,,,,,0.37687936425209045,0.0,0.0,5.838135242462158,0.8617500066757202,0.43526071310043335,0,0.45474622920769636,0.1263750315577324,0.03724378320048489,0.4072344592402852,0,6,0,0,0
3040,math_recurrent,0,,,,,,,,,,,,,,,,,,,,,,,,,,,,,,,,,,0.27850496768951416,0.0,0.0,5.838135242462158,0.8876000046730042,0.33688631653785706,0,0.45348036161458677,0.1364349823935689,0.02975906881592458,0.27838302558613204,0,6,0,0,0
3060,math_recurrent,0,,,,,,,,,,,,,,,,,,,,,,,,,,,,,,,,,,0.4157983660697937,0.0,0.0,5.838135242462158,0.8835999965667725,0.4741797149181366,0,0.45614862354652974,0.14030621905944177,0.024078138371456472,0.5917805278821596,0,6,0,0,0
3080,math_recurrent,0,,,,,,,,,,,,,,,,,,,,,,,,,,,,,,,,,,0.5884774327278137,0.0,0.0,5.838135242462158,0.8609499931335449,0.646858811378479,0,0.4548689338210811,0.04889313307856875,0.030392469147161122,0.4123309580816163,0,6,0,0,0
3100,math_recurrent,0,,,,,,,,,,,,,,,,,,,,,,,,,,,,,,,,,,0.36142662167549133,0.0,0.0,5.838135242462158,0.8617500066757202,0.41980797052383423,0,0.45826547769275766,0.1744669267957631,0.03150689665168997,0.4039892784068509,0,6,0,0,0
3120,math_recurrent,0,,,,,,,,,,,,,,,,,,,,,,,,,,,,,,,,,,0.2659229338169098,0.0,0.0,5.838135242462158,0.8876000046730042,0.3243042826652527,0,0.4554943900490314,0.1423737381950819,0.0384887749225729,0.2555438687403997,0,6,0,0,0
3140,math_recurrent,0,,,,,,,,,,,,,,,,,,,,,,,,,,,,,,,,,,0.3985639214515686,0.0,0.0,5.838135242462158,0.8835999965667725,0.4569452702999115,0,0.45751739162184457,0.1027868483839224,0.029039694201792515,0.45642952346612536,0,6,0,0,0
3160,math_recurrent,0,,,,,,,,,,,,,,,,,,,,,,,,,,,,,,,,,,0.5778036713600159,0.0,0.0,5.838135242462158,0.8609499931335449,0.6361850500106812,0,0.455371519342522,0.06960222180350684,0.029329030470745195,0.41624079002510933,0,6,0,0,0
3180,math_recurrent,0,,,,,,,,,,,,,,,,,,,,,,,,,,,,,,,,,,0.3500039577484131,0.0,0.0,5.838135242462158,0.8617500066757202,0.408385306596756,0,0.47653491528438596,0.10073918689782399,0.024380918167945412,0.3882652488256258,0,6,0,0,0
3200,math_recurrent,0,,,,,,,,,,,,,,,,,,,,,,,,,,,,,,,,,,0.2572762370109558,0.0,0.0,5.838135242462158,0.8876000046730042,0.3156575858592987,0,0.49565190103892565,0.14628660403624444,0.0255128420682417,0.2543342296211492,0,6,0,0,0
3220,math_recurrent,0,,,,,,,,,,,,,,,,,,,,,,,,,,,,,,,,,,0.38078323006629944,0.0,0.0,5.838135242462158,0.8835999965667725,0.43916457891464233,0,0.5072796132956394,0.11428492940779376,0.025695773851983843,0.43365054784549606,0,6,0,0,0
3240,math_recurrent,0,,,,,,,,,,,,,,,,,,,,,,,,,,,,,,,,,,0.5599501729011536,0.0,0.0,5.838135242462158,0.8609499931335449,0.6183315515518188,0,0.501277780544257,0.03194633453676943,0.02673175546991092,0.4152872083324288,0,6,0,0,0
3250,,,,-0.02274716808480015,1.0840964323554942,2.9567669724040004,,32,8415,0.037233575728884194,1.4600287798034217,4.306083454797255,,32,14382,0.75103759765625,0.5375717059284651,1.2722867528412622,3.5690046694443844,,-0.23268591087151003,0.5335406571250152,1.7049583071039303,,32,6174,,0.012843474116667641,2.011481142081118,7.474379771195428,,32,3861,0,0.0,,,,,,,,,,,,,,,,
3260,math_recurrent,0,,,,,,,,,,,,,,,,,,,,,,,,,,,,,,,,,,0.33685359358787537,0.0,0.0,5.838135242462158,0.8617500066757202,0.39523494243621826,0,0.5005406621220835,0.1367734062535289,0.028475438309685578,0.40651921825039955,0,6,0,0,0
3280,math_recurrent,0,,,,,,,,,,,,,,,,,,,,,,,,,,,,,,,,,,0.24455466866493225,0.0,0.0,5.838135242462158,0.8876000046730042,0.30293601751327515,0,0.5030611139766173,0.17255020861713483,0.029591659624277365,0.2652221763122176,0,6,0,0,0
3300,math_recurrent,0,,,,,,,,,,,,,,,,,,,,,,,,,,,,,,,,,,0.36514148116111755,0.0,0.0,5.838135242462158,0.8835999965667725,0.42352283000946045,0,0.5029299265833858,0.1257826656385857,0.0289340732744821,0.4354846110656148,0,6,0,0,0
3320,math_recurrent,0,,,,,,,,,,,,,,,,,,,,,,,,,,,,,,,,,,0.5509262084960938,0.0,0.0,5.838135242462158,0.8609499931335449,0.609307587146759,0,0.49507659576807506,0.04696722691629215,0.027487194700728333,0.4301129100223382,0,6,0,0,0
3340,math_recurrent,0,,,,,,,,,,,,,,,,,,,,,,,,,,,,,,,,,,0.3312598764896393,0.0,0.0,5.838135242462158,0.8617500066757202,0.3896412253379822,0,0.4952252984988713,0.14558288001821243,0.02792817000891008,0.42381706658809903,0,6,0,0,0
3360,math_recurrent,0,,,,,,,,,,,,,,,,,,,,,,,,,,,,,,,,,,0.23344208300113678,0.0,0.0,5.838135242462158,0.8876000046730042,0.29182344675064087,0,0.49386572462096684,0.16500125567628338,0.02784284547281762,0.3598583709152918,0,6,0,0,0
3380,math_recurrent,0,,,,,,,,,,,,,,,,,,,,,,,,,,,,,,,,,,0.3606516718864441,0.0,0.0,5.838135242462158,0.8835999965667725,0.419033020734787,0,0.49134091814113806,0.12637662762011,0.025635169280160748,0.5057412509052527,0,6,0,0,0
3400,math_recurrent,0,,,,,,,,,,,,,,,,,,,,,,,,,,,,,,,,,,0.5430386662483215,0.0,0.0,5.838135242462158,0.8609499931335449,0.6014200448989868,0,0.4877027874409997,0.054389098255861815,0.031073854143716516,0.4323155111736722,0,6,0,0,0
3420,math_recurrent,0,,,,,,,,,,,,,,,,,,,,,,,,,,,,,,,,,,0.31846344470977783,0.0,0.0,5.838135242462158,0.8617500066757202,0.3768447935581207,0,0.4851184065668324,0.14000382395793817,0.03840669506702513,0.4025397356895227,0,6,0,0,0
3440,math_recurrent,0,,,,,,,,,,,,,,,,,,,,,,,,,,,,,,,,,,0.23895445466041565,0.0,0.0,5.838135242462158,0.8876000046730042,0.29733580350875854,0,0.47950422968172257,0.10375949299071051,0.0376607022322123,0.3170349805187138,0,6,0,0,0
3460,math_recurrent,0,,,,,,,,,,,,,,,,,,,,,,,,,,,,,,,,,,0.34723588824272156,0.0,0.0,5.838135242462158,0.8835999965667725,0.40561723709106445,0,0.48184926107131154,0.10448110340179742,0.0330292095112363,0.4681187344803696,0,6,0,0,0
3480,math_recurrent,0,,,,,,,,,,,,,,,,,,,,,,,,,,,,,,,,,,0.5334874391555786,0.0,0.0,5.838135242462158,0.8609499931335449,0.5918688178062439,0,0.47961218166949365,0.05056854032695161,0.030178446041804457,0.43948370396854386,0,6,0,0,0
3500,math_recurrent,0,,,,,,,,,,,,,,,,,,,,,,,,,,,,,,,,,,0.30597642064094543,0.0,0.0,5.838135242462158,0.8617500066757202,0.36435776948928833,0,0.48389670462098683,0.19657485368328967,0.03182065308626209,0.39506027718621584,0,6,0,0,0
3500,,,,-0.015140649950794671,1.0917029504894997,2.9793434292574634,,32,8415,0.04003783178137188,1.4628330358559094,4.318175762426974,,32,14382,0.75103759765625,0.5375717059284651,1.274983361655779,3.5786418669310054,,-0.2363364241599727,0.5298901438365525,1.698745680684471,,32,6174,,0.016869648476704358,2.0155073164411546,7.5045335889183065,,32,3861,0,0.0,,,,,,,,,,,,,,,,
3520,math_recurrent,0,,,,,,,,,,,,,,,,,,,,,,,,,,,,,,,,,,0.22799518704414368,0.0,0.0,5.838135242462158,0.8876000046730042,0.2863765358924866,0,0.4778721027374302,0.10082388780678489,0.03554650807516679,0.40043218053049506,0,6,0,0,0
3540,math_recurrent,0,,,,,,,,,,,,,,,,,,,,,,,,,,,,,,,,,,0.32868722081184387,0.0,0.0,5.838135242462158,0.8835999965667725,0.38706856966018677,0,0.4778361202301043,0.12222436724446847,0.03233059293753098,0.4583164675131677,0,6,0,0,0
3560,math_recurrent,0,,,,,,,,,,,,,,,,,,,,,,,,,,,,,,,,,,0.5285629630088806,0.0,0.0,5.838135242462158,0.8609499931335449,0.5869443416595459,0,0.475932994403716,0.04868947920061016,0.03806366225822814,0.446802656317041,0,6,0,0,0
3580,math_recurrent,0,,,,,,,,,,,,,,,,,,,,,,,,,,,,,,,,,,0.2987077832221985,0.0,0.0,5.838135242462158,0.8617500066757202,0.3570891320705414,0,0.47749124172144214,0.11725043929514609,0.02594277663747706,0.376105989799613,0,6,0,0,0
3600,math_recurrent,0,,,,,,,,,,,,,,,,,,,,,,,,,,,,,,,,,,0.22252702713012695,0.0,0.0,5.838135242462158,0.8876000046730042,0.28090837597846985,0,0.47517352879477803,0.13409092746691645,0.03636142223378614,0.3640525246896441,0,6,0,0,0
3620,math_recurrent,0,,,,,,,,,,,,,,,,,,,,,,,,,,,,,,,,,,0.32895272970199585,0.0,0.0,5.838135242462158,0.8835999965667725,0.38733407855033875,0,0.47617387805084804,0.10844799405146789,0.04234413746596565,0.48400317518010977,0,6,0,0,0
3640,math_recurrent,0,,,,,,,,,,,,,,,,,,,,,,,,,,,,,,,,,,0.5201512575149536,0.0,0.0,5.838135242462158,0.8609499931335449,0.5785326361656189,0,0.4700785065596135,0.06042881563605208,0.03559934490966419,0.4469466750938741,0,6,0,0,0
3649,,,0.140625,-0.013768809562769047,1.0930747908775253,2.9834334176677335,0.039262273179868634,32,8415,0.04282646195113693,1.4656216660256745,4.330234363311109,0.031598726245263276,32,14382,0.75103759765625,0.5375717059284651,1.277597457267906,3.5880090169113568,0.046875,-0.23158149978741494,0.5346450682091103,1.7068423221282554,,32,6174,0.0625,0.018410635994864366,2.0170483039593146,7.516106896379407,,32,3861,0,0.0,,,,,,,,,,,,,,,,
3660,medical_recurrent,0,,,,,,,,,,,,,,,,,,,,,,,,,,,,,,,,,,0.33375391364097595,0.0,0.0,5.838135242462158,0.3125999867916107,0.39213526248931885,0,0.13205132728692345,0.3121970959140786,0.1717027744987891,0.2628472265683942,0,6,0,0,0
3680,medical_recurrent,0,,,,,,,,,,,,,,,,,,,,,,,,,,,,,,,,,,1.0550549030303955,0.0,0.0,5.838135242462158,0.6582499742507935,1.113436222076416,0,0.32695924898572465,0.14249489662636602,0.1564979039428253,3.1363356160739113,0,6,0,0,0
3700,medical_recurrent,0,,,,,,,,,,,,,,,,,,,,,,,,,,,,,,,,,,0.7637653350830078,0.0,0.0,5.838135242462158,0.6424499750137329,0.8221467137336731,0,0.34685636589495233,0.17821717584073277,0.13166514646912378,1.7797967482180823,0,6,0,0,0
3720,medical_recurrent,0,,,,,,,,,,,,,,,,,,,,,,,,,,,,,,,,,,0.894553542137146,0.0,0.0,5.838135242462158,0.5934000015258789,0.9529349207878113,0,0.155948848813303,0.10099712631615278,0.1271882755741004,1.5375565465480563,0,6,0,0,0
3740,medical_recurrent,0,,,,,,,,,,,,,,,,,,,,,,,,,,,,,,,,,,0.2324298471212387,0.0,0.0,5.838135242462158,0.3125999867916107,0.2908112108707428,0,0.29377953739249935,0.08224547213675189,0.08349904105185516,0.12967482676345204,0,6,0,0,0
3750,,,,-0.012438565921160105,1.0944050345191343,2.987404751837141,,32,8415,0.06540812021700315,1.4882033242915407,4.429130654550376,,32,14382,0.75103759765625,0.5375717059284651,1.186263828885866,3.2748230231225572,,-0.22648285722747985,0.5397437107690454,1.715567124458265,,32,6174,,-0.37593442200070615,1.622703245963744,5.066768542040946,,32,3861,0,0.0,,,,,,,,,,,,,,,,
3760,medical_recurrent,0,,,,,,,,,,,,,,,,,,,,,,,,,,,,,,,,,,0.46171385049819946,0.0,0.0,5.838135242462158,0.6582499742507935,0.5200952291488647,0,0.3741871006790798,0.138639508785023,0.08500249064749196,1.0720753645140026,0,6,0,0,0
3780,medical_recurrent,0,,,,,,,,,,,,,,,,,,,,,,,,,,,,,,,,,,0.37391629815101624,0.0,0.0,5.838135242462158,0.6424499750137329,0.43229764699935913,0,0.39084412995067996,0.21174365767676914,0.07368463961673634,0.7323070679865186,0,6,0,0,0
3800,medical_recurrent,0,,,,,,,,,,,,,,,,,,,,,,,,,,,,,,,,,,0.5375759601593018,0.0,0.0,5.838135242462158,0.5934000015258789,0.595957338809967,0,0.26310908705685726,0.13201795464348315,0.07437994089273234,1.1154478614292447,0,6,0,0,0
3820,medical_recurrent,0,,,,,,,,,,,,,,,,,,,,,,,,,,,,,,,,,,0.17071564495563507,0.0,0.0,5.838135242462158,0.3125999867916107,0.22909699380397797,0,0.37455275387594966,0.1366385318729694,0.06128532082315475,0.08269895554801066,0,6,0,0,0
3840,medical_recurrent,0,,,,,,,,,,,,,,,,,,,,,,,,,,,,,,,,,,0.31225547194480896,0.0,0.0,5.838135242462158,0.6582499742507935,0.37063682079315186,0,0.4141043715881315,0.21006717604853162,0.05174610076531295,0.6501740334998994,0,6,0,0,0
3860,medical_recurrent,0,,,,,,,,,,,,,,,,,,,,,,,,,,,,,,,,,,0.2652025818824768,0.0,0.0,5.838135242462158,0.6424499750137329,0.3235839307308197,0,0.4274065304186864,0.2029416137541245,0.05490739161355628,0.43848304347622963,0,6,0,0,0
3880,medical_recurrent,0,,,,,,,,,,,,,,,,,,,,,,,,,,,,,,,,,,0.39930564165115356,0.0,0.0,5.838135242462158,0.5934000015258789,0.45768699049949646,0,0.3389683843372483,0.23880959848923208,0.03978002670235814,0.5549282235285593,0,6,0,0,0
3900,medical_recurrent,0,,,,,,,,,,,,,,,,,,,,,,,,,,,,,,,,,,0.15194526314735413,0.0,0.0,5.838135242462158,0.3125999867916107,0.21032661199569702,0,0.42081762694368086,0.14428010594357538,0.0540985507609707,0.06578496358993034,0,6,0,0,0
3920,medical_recurrent,0,,,,,,,,,,,,,,,,,,,,,,,,,,,,,,,,,,0.2398427128791809,0.0,0.0,5.838135242462158,0.6582499742507935,0.2982240617275238,0,0.43802886691747833,0.1981955734242677,0.06178035367841995,0.4183556603297355,0,6,0,0,0
3940,medical_recurrent,0,,,,,,,,,,,,,,,,,,,,,,,,,,,,,,,,,,0.22053532302379608,0.0,0.0,5.838135242462158,0.6424499750137329,0.27891668677330017,0,0.4469593641667752,0.21923825030015515,0.05166325026916133,0.3299561022706921,0,6,0,0,0
3960,medical_recurrent,0,,,,,,,,,,,,,,,,,,,,,,,,,,,,,,,,,,0.33173254132270813,0.0,0.0,5.838135242462158,0.5934000015258789,0.390113890171051,0,0.3760555320891749,0.24867034497271692,0.04773309510940361,0.3891978958651187,0,6,0,0,0
3980,medical_recurrent,0,,,,,,,,,,,,,,,,,,,,,,,,,,,,,,,,,,0.13773374259471893,0.0,0.0,5.838135242462158,0.3125999867916107,0.19611509144306183,0,0.4494508615269636,0.1684094574344012,0.03967697413579103,0.05543145417191443,0,6,0,0,0
4000,medical_recurrent,0,,,,,,,,,,,,,,,,,,,,,,,,,,,,,,,,,,0.20878753066062927,0.0,0.0,5.838135242462158,0.6582499742507935,0.26716887950897217,0,0.4564512329670499,0.244872106301565,0.05002144216781571,0.2630810094376405,0,6,0,0,0
4000,,,,-0.008531492689997311,1.098312107750297,2.999099592395914,,32,8415,0.07682282330180534,1.4996180273763429,4.479977514709959,,32,14382,0.75103759765625,0.5375717059284651,1.173831377192717,3.234360986411813,,-0.22487502720582275,0.5413515407907025,1.7183276834452477,,32,6174,,-0.44259383511092487,1.5560438328535253,4.740031744580899,,32,3861,0,0.0,,,,,,,,,,,,,,,,
4020,medical_recurrent,0,,,,,,,,,,,,,,,,,,,,,,,,,,,,,,,,,,0.19019770622253418,0.0,0.0,5.838135242462158,0.6424499750137329,0.24857905507087708,0,0.45860378471143093,0.21247944776301406,0.05451812588920196,0.27516699205078776,0,6,0,0,0
4040,medical_recurrent,0,,,,,,,,,,,,,,,,,,,,,,,,,,,,,,,,,,0.2901943325996399,0.0,0.0,5.838135242462158,0.5934000015258789,0.3485756814479828,0,0.40948748914983196,0.23207782564090199,0.053319256477028364,0.34740760837282453,0,6,0,0,0
4060,medical_recurrent,0,,,,,,,,,,,,,,,,,,,,,,,,,,,,,,,,,,0.13288350403308868,0.0,0.0,5.838135242462158,0.3125999867916107,0.19126485288143158,0,0.45952538084315764,0.1561009457966845,0.044155045372567,0.054209041713722164,0,6,0,0,0
4080,medical_recurrent,0,,,,,,,,,,,,,,,,,,,,,,,,,,,,,,,,,,0.17740072309970856,0.0,0.0,5.838135242462158,0.6582499742507935,0.23578207194805145,0,0.4633748517116835,0.2632090360026008,0.036684362112086207,0.20177660899621155,0,6,0,0,0
4100,medical_recurrent,0,,,,,,,,,,,,,,,,,,,,,,,,,,,,,,,,,,0.1726876199245453,0.0,0.0,5.838135242462158,0.6424499750137329,0.23106896877288818,0,0.4686250422409726,0.24123494340372936,0.039042628554272506,0.24625978625956035,0,6,0,0,0
4120,medical_recurrent,0,,,,,,,,,,,,,,,,,,,,,,,,,,,,,,,,,,0.25185883045196533,0.0,0.0,5.838135242462158,0.5934000015258789,0.3102401793003082,0,0.43000828613642694,0.26167418307159096,0.05523346085397024,0.29144337087987904,0,6,0,0,0
4140,medical_recurrent,0,,,,,,,,,,,,,,,,,,,,,,,,,,,,,,,,,,0.12776683270931244,0.0,0.0,5.838135242462158,0.3125999867916107,0.18614818155765533,0,0.4688402825645023,0.12875435508820893,0.04997653585548202,0.057015657070137206,0,6,0,0,0
4160,medical_recurrent,0,,,,,,,,,,,,,,,,,,,,,,,,,,,,,,,,,,0.16271671652793884,0.0,0.0,5.838135242462158,0.6582499742507935,0.22109806537628174,0,0.4685833997006465,0.20491212640107342,0.04576345262309862,0.17693944290753394,0,6,0,0,0
4180,medical_recurrent,0,,,,,,,,,,,,,,,,,,,,,,,,,,,,,,,,,,0.15243791043758392,0.0,0.0,5.838135242462158,0.6424499750137329,0.21081925928592682,0,0.472591888997458,0.2282777027784115,0.046336024234603555,0.21320399546788799,0,6,0,0,0
4200,medical_recurrent,0,,,,,,,,,,,,,,,,,,,,,,,,,,,,,,,,,,0.22739143669605255,0.0,0.0,5.838135242462158,0.5934000015258789,0.28577280044555664,0,0.4404019742389747,0.27110343146237675,0.05060774504192291,0.2861253932236679,0,6,0,0,0
4220,medical_recurrent,0,,,,,,,,,,,,,,,,,,,,,,,,,,,,,,,,,,0.11799203604459763,0.0,0.0,5.838135242462158,0.3125999867916107,0.17637339234352112,0,0.47294464141902476,0.14894096602802165,0.05397843104299336,0.04512187113970636,0,6,0,0,0
4240,medical_recurrent,0,,,,,,,,,,,,,,,,,,,,,,,,,,,,,,,,,,0.15157094597816467,0.0,0.0,5.838135242462158,0.6582499742507935,0.20995229482650757,0,0.47529401410418787,0.24401495865978567,0.03176657093747977,0.1642865320342401,0,6,0,0,0
4250,,,,-0.007287173347677145,1.0995564270926173,3.0028337527904703,,32,8415,0.08197324495789027,1.5047684490324278,4.5031108098949915,,32,14382,0.75103759765625,0.5375717059284651,1.1704532739681281,3.223453414957999,,-0.22415551129073275,0.5420710567057925,1.7195644924593527,,32,6174,,-0.46322050492277533,1.5354171630416749,4.643262123338949,,32,3861,0,0.0,,,,,,,,,,,,,,,,
4260,medical_recurrent,0,,,,,,,,,,,,,,,,,,,,,,,,,,,,,,,,,,0.14036822319030762,0.0,0.0,5.838135242462158,0.6424499750137329,0.1987495720386505,0,0.4823020592293347,0.23635673771579085,0.033230733563975684,0.194616004327933,0,6,0,0,0
4280,medical_recurrent,0,,,,,,,,,,,,,,,,,,,,,,,,,,,,,,,,,,0.21083597838878632,0.0,0.0,5.838135242462158,0.5934000015258789,0.2692173421382904,0,0.45260416065288384,0.28695473434553215,0.03740982949911129,0.2517550027441411,0,6,0,0,0
4300,medical_recurrent,0,,,,,,,,,,,,,,,,,,,,,,,,,,,,,,,,,,0.1177106723189354,0.0,0.0,5.838135242462158,0.3125999867916107,0.1760920286178589,0,0.4819806849705094,0.17754405405347434,0.04212624262131396,0.045092011917205084,0,6,0,0,0
4320,medical_recurrent,0,,,,,,,,,,,,,,,,,,,,,,,,,,,,,,,,,,0.1402120739221573,0.0,0.0,5.838135242462158,0.6582499742507935,0.19859342277050018,0,0.4792645329172139,0.22730457403356144,0.039653127065431025,0.1504602604974357,0,6,0,0,0
4340,medical_recurrent,0,,,,,,,,,,,,,,,,,,,,,,,,,,,,,,,,,,0.12815994024276733,0.0,0.0,5.838135242462158,0.6424499750137329,0.18654128909111023,0,0.48192083704936783,0.21637109772668087,0.03978540498378968,0.18083964986283155,0,6,0,0,0
4360,medical_recurrent,0,,,,,,,,,,,,,,,,,,,,,,,,,,,,,,,,,,0.1946680098772049,0.0,0.0,5.838135242462158,0.5934000015258789,0.253049373626709,0,0.4601096615803651,0.2686140680619116,0.03593509446326939,0.24407654417649147,0,6,0,0,0
4380,medical_recurrent,0,,,,,,,,,,,,,,,,,,,,,,,,,,,,,,,,,,0.1106727346777916,0.0,0.0,5.838135242462158,0.3125999867916107,0.1690540909767151,0,0.48561903389580724,0.19417586643248796,0.03356782865695774,0.042296612239073196,0,6,0,0,0
4400,medical_recurrent,0,,,,,,,,,,,,,,,,,,,,,,,,,,,,,,,,,,0.13174383342266083,0.0,0.0,5.838135242462158,0.6582499742507935,0.19012518227100372,0,0.48223636208053466,0.2055812070050576,0.04752773343334122,0.14858720580500268,0,6,0,0,0
4420,medical_recurrent,0,,,,,,,,,,,,,,,,,,,,,,,,,,,,,,,,,,0.1246013268828392,0.0,0.0,5.838135242462158,0.6424499750137329,0.1829826831817627,0,0.48372813652090957,0.22111608167220506,0.041489702987942904,0.21712168469315482,0,6,0,0,0
4440,medical_recurrent,0,,,,,,,,,,,,,,,,,,,,,,,,,,,,,,,,,,0.17533624172210693,0.0,0.0,5.838135242462158,0.5934000015258789,0.23371759057044983,0,0.4622926999733707,0.2887917925462326,0.04253673857994496,0.21186523230539428,0,6,0,0,0
4460,medical_recurrent,0,,,,,,,,,,,,,,,,,,,,,,,,,,,,,,,,,,0.10637927800416946,0.0,0.0,5.838135242462158,0.3125999867916107,0.16476063430309296,0,0.4862057708301779,0.15942655655089766,0.06052675132477094,0.04087394463297512,0,6,0,0,0
4480,medical_recurrent,0,,,,,,,,,,,,,,,,,,,,,,,,,,,,,,,,,,0.12535224854946136,0.0,0.0,5.838135242462158,0.6582499742507935,0.18373359739780426,0,0.48678219921639737,0.2501220832595469,0.03262025887767474,0.13938724207913591,0,6,0,0,0
4500,medical_recurrent,0,,,,,,,,,,,,,,,,,,,,,,,,,,,,,,,,,,0.11776117235422134,0.0,0.0,5.838135242462158,0.6424499750137329,0.17614252865314484,0,0.48871342994065214,0.26080991783029667,0.03751834472641349,0.15669272133696174,0,6,0,0,0
4500,,,,-0.005743807125714762,1.1010997933145796,3.007471803159188,,32,8415,0.08679286642211204,1.5095880704966496,4.524866484354849,,32,14382,0.75103759765625,0.5375717059284651,1.169905682250389,3.221688761764282,,-0.22212361347184895,0.5441029545246763,1.7230620239109466,,32,6174,,-0.47380575729879926,1.524831910665651,4.5943712395948975,,32,3861,0,0.0,,,,,,,,,,,,,,,,
4520,medical_recurrent,0,,,,,,,,,,,,,,,,,,,,,,,,,,,,,,,,,,0.16279612481594086,0.0,0.0,5.838135242462158,0.5934000015258789,0.22117747366428375,0,0.47153469848450236,0.2902665420302323,0.03935315250788653,0.19938765265165811,0,6,0,0,0
4540,medical_recurrent,0,,,,,,,,,,,,,,,,,,,,,,,,,,,,,,,,,,0.10265113413333893,0.0,0.0,5.838135242462158,0.3125999867916107,0.16103248298168182,0,0.49079200295043723,0.198496007011272,0.03587359096854925,0.03889464915153527,0,6,0,0,0
4560,medical_recurrent,0,,,,,,,,,,,,,,,,,,,,,,,,,,,,,,,,,,0.11857812106609344,0.0,0.0,5.838135242462158,0.6582499742507935,0.17695946991443634,0,0.49212735452695283,0.24073350861934678,0.0321505309333877,0.13199636624859912,0,6,0,0,0
4580,medical_recurrent,0,,,,,,,,,,,,,,,,,,,,,,,,,,,,,,,,,,0.11266414821147919,0.0,0.0,5.838135242462158,0.6424499750137329,0.17104549705982208,0,0.4911352304501019,0.20007293495915032,0.05522534465417266,0.1567974252774129,0,6,0,0,0
4600,medical_recurrent,0,,,,,,,,,,,,,,,,,,,,,,,,,,,,,,,,,,0.15332704782485962,0.0,0.0,5.838135242462158,0.5934000015258789,0.21170839667320251,0,0.47449944417809214,0.316752772196196,0.03442494205997459,0.20355387720915058,0,6,0,0,0
4620,medical_recurrent,0,,,,,,,,,,,,,,,,,,,,,,,,,,,,,,,,,,0.10782159864902496,0.0,0.0,5.838135242462158,0.3125999867916107,0.16620294749736786,0,0.4923543865595348,0.15557343360602058,0.03883113505407458,0.0524585855075173,0,6,0,0,0
4640,medical_recurrent,0,,,,,,,,,,,,,,,,,,,,,,,,,,,,,,,,,,0.11096096783876419,0.0,0.0,5.838135242462158,0.6582499742507935,0.16934232413768768,0,0.49296426989905706,0.25137572745942244,0.02930606387126895,0.1203229670191095,0,6,0,0,0
4660,medical_recurrent,0,,,,,,,,,,,,,,,,,,,,,,,,,,,,,,,,,,0.11151248961687088,0.0,0.0,5.838135242462158,0.6424499750137329,0.16989384591579437,0,0.5134339855348088,0.2531861260732902,0.03172093486590754,0.17384334079448194,0,6,0,0,0
4680,medical_recurrent,0,,,,,,,,,,,,,,,,,,,,,,,,,,,,,,,,,,0.14619576930999756,0.0,0.0,5.838135242462158,0.5934000015258789,0.20457711815834045,0,0.5424034759055834,0.32028562351479195,0.030227060464491685,0.21036426938242384,0,6,0,0,0
4700,medical_recurrent,0,,,,,,,,,,,,,,,,,,,,,,,,,,,,,,,,,,0.10346074402332306,0.0,0.0,5.838135242462158,0.3125999867916107,0.16184209287166595,0,0.5756750442111237,0.189262547380557,0.03691527778874077,0.04745575572615342,0,6,0,0,0
4720,medical_recurrent,0,,,,,,,,,,,,,,,,,,,,,,,,,,,,,,,,,,0.10949604958295822,0.0,0.0,5.838135242462158,0.6582499742507935,0.1678774058818817,0,0.5804008992661255,0.2417422958554068,0.03824719821457707,0.12124729652608199,0,6,0,0,0
4740,medical_recurrent,0,,,,,,,,,,,,,,,,,,,,,,,,,,,,,,,,,,0.10517844557762146,0.0,0.0,5.838135242462158,0.6424499750137329,0.16355979442596436,0,0.5718867024042231,0.22621768605313264,0.036250606750596374,0.15759153821106467,0,6,0,0,0
4750,,,,-0.003672622798527536,1.1031709776417669,3.0137072868112713,,32,8415,0.09100634623031412,1.5138015503048516,4.543972140303396,,32,14382,0.75103759765625,0.5375717059284651,1.1697793739627813,3.2212818614715593,,-0.22060697535152451,0.5456195926450007,1.7256772681483488,,32,6174,,-0.48211229270494416,1.516525375259506,4.556365996697344,,32,3861,0,0.0,,,,,,,,,,,,,,,,
4760,medical_recurrent,0,,,,,,,,,,,,,,,,,,,,,,,,,,,,,,,,,,0.13368825614452362,0.0,0.0,5.838135242462158,0.5934000015258789,0.19206960499286652,0,0.5576649373601021,0.25209462539558963,0.044303992420198425,0.2077103961495653,0,6,0,0,0
4780,medical_recurrent,0,,,,,,,,,,,,,,,,,,,,,,,,,,,,,,,,,,0.10026483237743378,0.0,0.0,5.838135242462158,0.3125999867916107,0.15864618122577667,0,0.5676224204483675,0.1546155922717714,0.03515988600159448,0.043309999212977436,0,6,0,0,0
4800,medical_recurrent,0,,,,,,,,,,,,,,,,,,,,,,,,,,,,,,,,,,0.1023748517036438,0.0,0.0,5.838135242462158,0.6582499742507935,0.1607562005519867,0,0.5699046385455426,0.2455687807357338,0.034042428796076114,0.10890692596042914,0,6,0,0,0
4820,medical_recurrent,0,,,,,,,,,,,,,,,,,,,,,,,,,,,,,,,,,,0.09742652624845505,0.0,0.0,5.838135242462158,0.6424499750137329,0.15580788254737854,0,0.5603458212993588,0.20550082889219215,0.041953435818117765,0.15142587716025965,0,6,0,0,0
4840,medical_recurrent,0,,,,,,,,,,,,,,,,,,,,,,,,,,,,,,,,,,0.12909933924674988,0.0,0.0,5.838135242462158,0.5934000015258789,0.18748068809509277,0,0.5403025470045829,0.2262939199478881,0.04957639904663203,0.23730786954244926,0,6,0,0,0
4860,medical_recurrent,0,,,,,,,,,,,,,,,,,,,,,,,,,,,,,,,,,,0.09972628951072693,0.0,0.0,5.838135242462158,0.3125999867916107,0.15810763835906982,0,0.5486019160366863,0.18264539744372346,0.03402756000795062,0.041907192942582897,0,6,0,0,0
4880,medical_recurrent,0,,,,,,,,,,,,,,,,,,,,,,,,,,,,,,,,,,0.09661336988210678,0.0,0.0,5.838135242462158,0.6582499742507935,0.15499472618103027,0,0.5482751024546381,0.27250983714891064,0.02937184712435636,0.10352046679527986,0,6,0,0,0
4900,medical_recurrent,0,,,,,,,,,,,,,,,,,,,,,,,,,,,,,,,,,,0.0903637483716011,0.0,0.0,5.838135242462158,0.6424499750137329,0.1487451046705246,0,0.5393989345330935,0.20097914221696556,0.047299179765913225,0.13957499144451013,0,6,0,0,0
4920,medical_recurrent,0,,,,,,,,,,,,,,,,,,,,,,,,,,,,,,,,,,0.12073001265525818,0.0,0.0,5.838135242462158,0.5934000015258789,0.17911136150360107,0,0.5234996947562613,0.2707115725913484,0.041610446906397265,0.20886516142636538,0,6,0,0,0
4940,medical_recurrent,0,,,,,,,,,,,,,,,,,,,,,,,,,,,,,,,,,,0.09727008640766144,0.0,0.0,5.838135242462158,0.3125999867916107,0.15565143525600433,0,0.5311129099541502,0.18081759357716823,0.039427234550258,0.041597406084220565,0,6,0,0,0
4949,,,0.0625,-0.0027382191631386554,1.1041053812771557,3.0165246219151607,0.050292863579499025,32,8415,0.09483928783863949,1.517634491913177,4.561422341624349,0.08361155213276583,32,14382,0.75103759765625,0.5375717059284651,1.1724308658432425,3.2298343976513957,0.03125,-0.22083012340213237,0.5453964445943928,1.7252922295918824,0.010751376385282563,32,6174,0.03125,-0.47605052237620593,1.5225871455882443,4.584069522277086,,32,3861,0,0.0,,,,,,,,,,,,,,,,
4950,,,,-0.002024778750278511,1.1048188216900159,3.018677500370752,,32,8415,0.09575301578687778,1.5185482198614153,4.565592145444641,,32,14382,0.75103759765625,0.5375717059284651,1.173507139583541,3.2333124549342225,,-0.21985656125359365,0.5463700067429316,1.7269727267032358,,32,6174,,-0.47434615792464907,1.5242915100398011,4.591889109234439,,32,3861,0,0.0,,,,,,,,,,,,,,,,
4960,code_revisit,0,,,,,,,,,,,,,,,,,,,,,,,,,,,,,,,,,,0.359391450881958,0.0,0.0,5.838135242462158,0.9093500375747681,0.4177727997303009,0,0.46096690988723926,0.26653373633910504,0.10896454693246928,0.7795131396088335,0,6,0,0,0
4980,code_revisit,0,,,,,,,,,,,,,,,,,,,,,,,,,,,,,,,,,,0.3032326400279999,0.0,0.0,5.838135242462158,0.9125499725341797,0.3616139888763428,0,0.21723732583350294,0.13220059655889468,0.08357679108157755,0.7774779225743952,0,6,0,0,0
5000,code_revisit,0,,,,,,,,,,,,,,,,,,,,,,,,,,,,,,,,,,0.23514406383037567,0.0,0.0,5.838135242462158,0.9013000130653381,0.29352542757987976,0,0.4042040190554786,0.11457497384149715,0.06889377968119724,1.0568887024644822,0,6,0,0,0
5000,,,,-0.04604416754864826,1.0607994328916461,2.8886793717497743,,32,8415,0.09314969789167882,1.5159449019662163,4.5537219154053385,,32,14382,0.75103759765625,0.5375717059284651,1.1631021585448549,3.199844319752408,,-0.21902625723722335,0.5472003107593019,1.7284072345507802,,32,6174,,-0.4701736794021951,1.528463988562255,4.611088694995109,,32,3861,0,0.0,,,,,,,,,,,,,,,,
5020,code_revisit,0,,,,,,,,,,,,,,,,,,,,,,,,,,,,,,,,,,0.30029943585395813,0.0,0.0,5.838135242462158,0.8962500095367432,0.358680784702301,0,0.3847855743596038,0.05314938979323155,0.07427025360483973,0.7930612714517684,0,6,0,0,0
5040,code_revisit,0,,,,,,,,,,,,,,,,,,,,,,,,,,,,,,,,,,0.2884846031665802,0.0,0.0,5.838135242462158,0.9093500375747681,0.3468659520149231,0,0.3959860803649953,0.07706534254664023,0.05073557361694319,0.49147068778910336,0,6,0,0,0
5050,,,,-0.041606596177770294,1.065237004262524,2.9015265767417318,,32,8415,0.09308382473806254,1.5158790288126,4.553421957261782,,32,14382,0.75103759765625,0.5375717059284651,1.164735781087937,3.2050759296419584,,-0.218221967800327,0.5480046001961982,1.7297979334194213,,32,6174,,-0.4688151768840245,1.5298224910804257,4.617357127475374,,32,3861,0,0.0,,,,,,,,,,,,,,,,
5060,code_revisit,0,,,,,,,,,,,,,,,,,,,,,,,,,,,,,,,,,,0.2569501996040344,0.0,0.0,5.838135242462158,0.9125499725341797,0.3153315484523773,0,0.2481885194399349,0.035062413635647056,0.05952594411145482,0.5522028008268939,0,6,0,0,0
5080,code_revisit,0,,,,,,,,,,,,,,,,,,,,,,,,,,,,,,,,,,0.20340095460414886,0.0,0.0,5.838135242462158,0.9013000130653381,0.26178231835365295,0,0.38023890101025554,0.025385787639866715,0.062436871691828676,0.6952527700199022,0,6,0,0,0
5100,code_revisit,0,,,,,,,,,,,,,,,,,,,,,,,,,,,,,,,,,,0.2795121967792511,0.0,0.0,5.838135242462158,0.8962500095367432,0.337893545627594,0,0.41260572986344696,0.01022221807839482,0.05775223855771834,0.5249937457579469,0,6,0,0,0
5100,,,,-0.050613368867906905,1.0562302315723875,2.875510522626011,,32,8415,0.09394199210601806,1.5167371961805556,4.557331232564369,,32,14382,0.75103759765625,0.5375717059284651,1.163117592055695,3.199893704965496,,-0.21691034957742394,0.5493162184191013,1.7320682564839083,,32,6174,,-0.4684509459137145,1.5301867220507357,4.619039218258366,,32,3861,0,0.0,,,,,,,,,,,,,,,,
5120,code_revisit,0,,,,,,,,,,,,,,,,,,,,,,,,,,,,,,,,,,0.27364298701286316,0.0,0.0,5.838135242462158,0.9093500375747681,0.33202433586120605,0,0.43566403227673395,0.041683498437383344,0.05005176790827324,0.4441105907694215,0,6,0,0,0
5140,code_revisit,0,,,,,,,,,,,,,,,,,,,,,,,,,,,,,,,,,,0.29043182730674744,0.0,0.0,5.838135242462158,0.9125499725341797,0.34881317615509033,0,0.35432903984281655,0.07440421133651398,0.05184807699424998,0.7582320344708269,0,6,0,0,0
5150,,,,-0.05390155721971546,1.052942043220579,2.866070830667885,,32,8415,0.09299594294028579,1.5157911470148233,4.553021811937144,,32,14382,0.75103759765625,0.5375717059284651,1.1620558145757554,3.1964979329874943,,-0.21632228810539278,0.5499042798911324,1.7330871186399026,,32,6174,,-0.4690518797879637,1.5295857881764865,4.616264314975826,,32,3861,0,0.0,,,,,,,,,,,,,,,,
5160,code_revisit,0,,,,,,,,,,,,,,,,,,,,,,,,,,,,,,,,,,0.17242562770843506,0.0,0.0,5.838135242462158,0.9013000130653381,0.23080697655677795,0,0.4245342145698584,0.07071513745800725,0.059297053137468914,0.5247552853018519,0,6,0,0,0
5180,code_revisit,0,,,,,,,,,,,,,,,,,,,,,,,,,,,,,,,,,,0.2595705986022949,0.0,0.0,5.838135242462158,0.8962500095367432,0.3179519474506378,0,0.4465442845838768,-0.00838474124196052,0.06603551580688902,0.44921642292350056,0,6,0,0,0
5200,code_revisit,0,,,,,,,,,,,,,,,,,,,,,,,,,,,,,,,,,,0.2681425213813782,0.0,0.0,5.838135242462158,0.9093500375747681,0.32652387022972107,0,0.48157271313250727,0.04325890028433475,0.03902416304419083,0.42855905211634104,0,6,0,0,0
5200,,,,-0.04547411442086302,1.0613694860194314,2.8903265419034523,,32,8415,0.0964180112564752,1.5192132153310127,4.568629253256937,,32,14382,0.75103759765625,0.5375717059284651,1.1657109647623356,3.2082029918459427,,-0.21605937427635669,0.5501671937201685,1.7335428311142482,,32,6174,,-0.46654370398572054,1.5320939639787297,4.627857249909302,,32,3861,0,0.0,,,,,,,,,,,,,,,,
5220,code_revisit,0,,,,,,,,,,,,,,,,,,,,,,,,,,,,,,,,,,0.24326728284358978,0.0,0.0,5.838135242462158,0.9125499725341797,0.30164864659309387,0,0.4088789589074976,0.05116591705258803,0.057048255573987725,0.5141520458968386,0,6,0,0,0
5240,code_revisit,0,,,,,,,,,,,,,,,,,,,,,,,,,,,,,,,,,,0.1586158573627472,0.0,0.0,5.838135242462158,0.9013000130653381,0.2169972062110901,0,0.5181079356292873,0.05007272873107078,0.03904673734398943,0.40982410937311153,0,6,0,0,0
5250,,,,-0.04622976084373143,1.060613839596563,2.888143301973749,,32,8415,0.09579568352856449,1.518590887603102,4.5657869531069215,,32,14382,0.75103759765625,0.5375717059284651,1.1651493635240002,3.2064017669053113,,-0.21546055454245494,0.5507660134540703,1.7345812216444245,,32,6174,,-0.4680109545221849,1.5306267134422653,4.621072002922619,,32,3861,0,0.0,,,,,,,,,,,,,,,,
5260,code_revisit,0,,,,,,,,,,,,,,,,,,,,,,,,,,,,,,,,,,0.24460619688034058,0.0,0.0,5.838135242462158,0.8962500095367432,0.30298754572868347,0,0.46621140550597795,0.013026859736003513,0.04019363243871975,0.38086899980193095,0,6,0,0,0
5280,code_revisit,0,,,,,,,,,,,,,,,,,,,,,,,,,,,,,,,,,,0.25866231322288513,0.0,0.0,5.838135242462158,0.9093500375747681,0.317043662071228,0,0.4977983638582713,0.04764700208033901,0.03884553252497599,0.3849125522824507,0,6,0,0,0
5300,code_revisit,0,,,,,,,,,,,,,,,,,,,,,,,,,,,,,,,,,,0.22103996574878693,0.0,0.0,5.838135242462158,0.9125499725341797,0.279421329498291,0,0.4482996403573774,0.08864386606105004,0.04053346432361101,0.3898044423333236,0,6,0,0,0
5300,,,,-0.03937020712641104,1.0674733933138834,2.9080227803219376,,32,8415,0.09595369082501137,1.518748894899549,4.566508437757952,,32,14382,0.75103759765625,0.5375717059284651,1.1673462572473747,3.21345363408679,,-0.21558469346630016,0.5506418745302251,1.7343659059630525,,32,6174,,-0.46611680171860836,1.5325208662458418,4.62983331442436,,32,3861,0,0.0,,,,,,,,,,,,,,,,
5320,code_revisit,0,,,,,,,,,,,,,,,,,,,,,,,,,,,,,,,,,,0.14488431811332703,0.0,0.0,5.838135242462158,0.9013000130653381,0.20326566696166992,0,0.4538325962435395,0.03982091026825531,0.04728268294018649,0.37125847783117066,0,6,0,0,0
5340,code_revisit,0,,,,,,,,,,,,,,,,,,,,,,,,,,,,,,,,,,0.2390679121017456,0.0,0.0,5.838135242462158,0.8962500095367432,0.2974492609500885,0,0.46452337082112133,0.029147907611331902,0.04687314483204058,0.3969956278919228,0,6,0,0,0
5350,,,,-0.03969166620246578,1.0671519342378286,2.9070881202413608,,32,8415,0.09736110669749953,1.520156310772037,4.57293993905197,,32,14382,0.75103759765625,0.5375717059284651,1.1678297967177935,3.2150078414852605,,-0.21518705545369188,0.5510395125428333,1.7350556929087013,,32,6174,,-0.4656662386459749,1.5329714293184753,4.631919816363352,,32,3861,0,0.0,,,,,,,,,,,,,,,,
5360,code_revisit,0,,,,,,,,,,,,,,,,,,,,,,,,,,,,,,,,,,0.2518712282180786,0.0,0.0,5.838135242462158,0.9093500375747681,0.3102525770664215,0,0.45531719209766086,-0.008028191260694127,0.047686374588086014,0.39458797989738364,0,6,0,0,0
5380,code_revisit,0,,,,,,,,,,,,,,,,,,,,,,,,,,,,,,,,,,0.21235567331314087,0.0,0.0,5.838135242462158,0.9125499725341797,0.27073702216148376,0,0.45303609622446167,0.08345240836414243,0.03412181675315849,0.3411027806796252,0,6,0,0,0
5399,,,0.109375,-0.03408357979496235,1.072760020645332,2.9234371220725244,,32,8415,0.09547311641993916,1.5182683204944767,4.564314417919335,0.08424538071406551,32,14382,0.75103759765625,0.5375717059284651,1.1684209677268214,3.216909022821219,0.03125,-0.21556100452992766,0.5506655634665976,1.7344069917332825,0.016020495257487277,32,6174,0.03125,-0.46664770166357084,1.5319899663008794,4.627375988527356,0.009402820712635096,32,3861,0,0.0,,,,,,,,,,,,,,,,
5400,mixed_tail,0,,,,,,,,,,,,,,,,,,,,,,,,,,,,,,,,,,0.9895089268684387,0.0,0.0,5.838135242462158,0.6079000234603882,1.047890305519104,0,0.3997417863616186,-0.004996282258486774,0.03347320367197787,1.2992575651359937,0,6,0,0,0
5420,mixed_tail,0,,,,,,,,,,,,,,,,,,,,,,,,,,,,,,,,,,0.4400763511657715,0.0,0.0,5.838135242462158,0.8603500127792358,0.4984577000141144,0,0.4583118529692806,0.05897106678042162,0.06610345174336717,0.8574141423380564,0,6,0,0,0
5440,mixed_tail,0,,,,,,,,,,,,,,,,,,,,,,,,,,,,,,,,,,0.39684605598449707,0.0,0.0,5.838135242462158,0.9178500175476074,0.45522740483283997,0,0.45112018267384923,0.025277201058738034,0.06889159634472831,0.8699159545084786,0,6,0,0,0
5460,mixed_tail,0,,,,,,,,,,,,,,,,,,,,,,,,,,,,,,,,,,0.8834180235862732,0.0,0.0,5.838135242462158,0.6711499691009521,0.9417994022369385,0,0.3827835077389848,0.04591172939918969,0.054129011042061304,0.9655931693693949,0,6,0,0,0
5480,mixed_tail,0,,,,,,,,,,,,,,,,,,,,,,,,,,,,,,,,,,0.6527155041694641,0.0,0.0,5.838135242462158,0.8730499744415283,0.7110968828201294,0,0.48907242387586264,0.013602108540778448,0.05589624494314194,0.8403744587822566,0,6,0,0,0
5500,mixed_tail,0,,,,,,,,,,,,,,,,,,,,,,,,,,,,,,,,,,0.6968638896942139,0.0,0.0,5.838135242462158,0.871749997138977,0.7552452683448792,0,0.4749006358640437,0.06109446213564037,0.05671381342209993,1.181323353165672,0,6,0,0,0
5500,,,,-0.08130738320126807,1.0255362172390263,2.78859034995553,,32,8415,0.06972044795034593,1.4925156520248835,4.448271759202217,,32,14382,0.75103759765625,0.5375717059284651,1.1417928282686662,3.132379151986561,,-0.23198782250763028,0.5342387454888949,1.7061489341921257,,32,6174,,-0.48375696964258985,1.5148806983218603,4.548878405645068,,32,3861,0,0.0,,,,,,,,,,,,,,,,
5520,mixed_tail,0,,,,,,,,,,,,,,,,,,,,,,,,,,,,,,,,,,0.6848713755607605,0.0,0.0,5.838135242462158,0.7684999704360962,0.7432527542114258,0,0.27417983370095617,0.07081587152372647,0.045415485162465345,0.6812081712815496,0,6,0,0,0
5540,mixed_tail,0,,,,,,,,,,,,,,,,,,,,,,,,,,,,,,,,,,0.9979494214057922,0.0,0.0,5.838135242462158,0.6209999918937683,1.0563308000564575,0,0.4643665442310058,0.04441014678325571,0.056187368451898534,1.8597204936875238,0,6,0,0,0
5560,mixed_tail,0,,,,,,,,,,,,,,,,,,,,,,,,,,,,,,,,,,0.9830161929130554,0.0,0.0,5.838135242462158,0.6209499835968018,1.0413975715637207,0,0.44256934968892464,0.0701026993213288,0.06338142468372271,1.288882031327202,0,6,0,0,0
5580,mixed_tail,0,,,,,,,,,,,,,,,,,,,,,,,,,,,,,,,,,,1.2275556325912476,0.0,0.0,5.838135242462158,0.8316999673843384,1.285936951637268,0,0.3757534708498426,0.10509693491206105,0.05232357900471441,0.475705908286193,0,6,0,0,0
5600,mixed_tail,0,,,,,,,,,,,,,,,,,,,,,,,,,,,,,,,,,,0.4282824695110321,0.0,0.0,5.838135242462158,0.8810499906539917,0.486663818359375,0,0.3910698682598621,0.019370028950756284,0.05214910465070889,0.7358645477938274,0,6,0,0,0
5620,mixed_tail,0,,,,,,,,,,,,,,,,,,,,,,,,,,,,,,,,,,1.212052345275879,0.0,0.0,5.838135242462158,0.8086000084877014,1.2704336643218994,0,0.38774167554449424,0.04507813572958445,0.05498790741114625,0.4327500394175923,0,6,0,0,0
5640,mixed_tail,0,,,,,,,,,,,,,,,,,,,,,,,,,,,,,,,,,,0.8580207228660583,0.0,0.0,5.838135242462158,0.6338499784469604,0.9164021015167236,0,0.3989490579214882,0.010006711747597105,0.03672219692832894,0.9962260693548217,0,6,0,0,0
5660,mixed_tail,0,,,,,,,,,,,,,,,,,,,,,,,,,,,,,,,,,,1.190483570098877,0.0,0.0,5.838135242462158,0.8112499713897705,1.2488648891448975,0,0.4482673892711908,0.07241872895558897,0.0700425133641277,0.46122703947245125,0,6,0,0,0
5680,mixed_tail,0,,,,,,,,,,,,,,,,,,,,,,,,,,,,,,,,,,0.7493928074836731,0.0,0.0,5.838135242462158,0.8532999753952026,0.8077741861343384,0,0.45094085774194237,0.028401311160061078,0.045865458072651,0.8410366903931376,0,6,0,0,0
5700,mixed_tail,0,,,,,,,,,,,,,,,,,,,,,,,,,,,,,,,,,,1.2045859098434448,0.0,0.0,5.838135242462158,0.8317999839782715,1.2629672288894653,0,0.44180022392245893,0.08699854724857557,0.04226373651079716,0.9827283379577455,0,6,0,0,0
5720,mixed_tail,0,,,,,,,,,,,,,,,,,,,,,,,,,,,,,,,,,,0.9096480011940002,0.0,0.0,5.838135242462158,0.6233999729156494,0.9680293798446655,0,0.41613986411598386,0.10383473494688847,0.04774382419529415,1.1387947296575895,0,6,0,0,0
5740,mixed_tail,0,,,,,,,,,,,,,,,,,,,,,,,,,,,,,,,,,,0.8541055917739868,0.0,0.0,5.838135242462158,0.8817499876022339,0.9124869704246521,0,0.43520630971402463,0.06280147987334724,0.04738167815708688,1.591020507732081,0,6,0,0,0
5750,,,,-0.10241628863311414,1.0044273118071803,2.73034318969562,,32,8415,0.053335279736063335,1.4761304838106009,4.375979952237392,,32,14382,0.75103759765625,0.5375717059284651,1.1309924437128234,3.098730289984739,,-0.23962517019456586,0.5266013978019594,1.693168114190359,,32,6174,,-0.4818270865328971,1.5168105814315531,4.557665685732564,,32,3861,0,0.0,,,,,,,,,,,,,,,,
5760,mixed_tail,0,,,,,,,,,,,,,,,,,,,,,,,,,,,,,,,,,,1.3576730489730835,0.0,0.0,5.838135242462158,0.8395000100135803,1.416054368019104,0,0.4285479433790978,0.05269767395553312,0.0666548784748311,0.5292780395774614,0,6,0,0,0
5780,mixed_tail,0,,,,,,,,,,,,,,,,,,,,,,,,,,,,,,,,,,0.8641103506088257,0.0,0.0,5.838135242462158,0.8543499708175659,0.922491729259491,0,0.36948526620826305,0.032096322556753876,0.03802296936157203,1.3219781466537999,0,6,0,0,0
5800,mixed_tail,0,,,,,,,,,,,,,,,,,,,,,,,,,,,,,,,,,,0.9448772668838501,0.0,0.0,5.838135242462158,0.7996000051498413,1.0032585859298706,0,0.4624593200628119,0.041235954956001866,0.06210798418651971,0.7687710283885872,0,6,0,0,0
5820,mixed_tail,0,,,,,,,,,,,,,,,,,,,,,,,,,,,,,,,,,,1.2308086156845093,0.0,0.0,5.838135242462158,0.7809500098228455,1.2891899347305298,0,0.444469919025937,0.05959824751438906,0.04007842808607078,0.4181235058203576,0,6,0,0,0
5840,mixed_tail,0,,,,,,,,,,,,,,,,,,,,,,,,,,,,,,,,,,0.4399164617061615,0.0,0.0,5.838135242462158,0.8585500121116638,0.4982978105545044,0,0.4343973798464396,0.007135714995716366,0.04765283207276038,0.6193947972168052,0,6,0,0,0
5860,mixed_tail,0,,,,,,,,,,,,,,,,,,,,,,,,,,,,,,,,,,1.135090708732605,0.0,0.0,5.838135242462158,0.8009999990463257,1.1934720277786255,0,0.43094765543185226,0.03440385801825739,0.04291096963727521,0.32320572654051444,0,6,0,0,0
5880,mixed_tail,0,,,,,,,,,,,,,,,,,,,,,,,,,,,,,,,,,,1.2672462463378906,0.0,0.0,5.838135242462158,0.8327000141143799,1.3256275653839111,0,0.42046192217155476,0.03473542662894553,0.05138712924210325,0.5343411714784683,0,6,0,0,0
5900,mixed_tail,0,,,,,,,,,,,,,,,,,,,,,,,,,,,,,,,,,,0.4654678702354431,0.0,0.0,5.838135242462158,0.8739500045776367,0.5238492488861084,0,0.2904837250148665,0.026666713313066533,0.04561703508158051,0.502459272020866,0,6,0,0,0
5920,mixed_tail,0,,,,,,,,,,,,,,,,,,,,,,,,,,,,,,,,,,0.970283031463623,0.0,0.0,5.838135242462158,0.5762499570846558,1.0286643505096436,0,0.4474608886853441,0.013162865060231914,0.04238833143035808,0.8915611668002038,0,6,0,0,0
5940,mixed_tail,0,,,,,,,,,,,,,,,,,,,,,,,,,,,,,,,,,,0.3407188057899475,0.0,0.0,5.838135242462158,0.8945499658584595,0.3991001546382904,0,0.41678354132077305,0.028261786078344033,0.054575872425699515,0.536802334314774,0,6,0,0,0
5960,mixed_tail,0,,,,,,,,,,,,,,,,,,,,,,,,,,,,,,,,,,1.1863675117492676,0.0,0.0,5.838135242462158,0.7811000347137451,1.244748830795288,0,0.4626402259685563,0.06728087230294477,0.035099348641695484,0.29548493410859794,0,6,0,0,0
5980,mixed_tail,0,,,,,,,,,,,,,,,,,,,,,,,,,,,,,,,,,,1.4020859003067017,0.0,0.0,5.838135242462158,0.8260999917984009,1.4604672193527222,0,0.464065553282309,0.10772565776798208,0.041632883850899007,0.4836568119861777,0,6,0,0,0
5999,mixed_tail,0,,,,,,,,,,,,,,,,,,,,,,,,,,,,,,,,,,0.4242156147956848,0.0,0.0,5.838135242462158,0.8691999912261963,0.4825969636440277,0,0.3815927883146709,0.02806533621748843,0.049873465947097254,0.5759818131251941,0,6,0,0,0
5999,,,0.109375,-0.10572172494708099,1.0011218754932134,2.7213331134869585,,32,8415,0.04751205391287727,1.4703072579874148,4.350571683620151,,32,14382,0.75103759765625,0.5375717059284651,1.1246465342484178,3.079128290149947,0.03125,-0.24122285981915081,0.5250037081773744,1.6904651169119678,,32,6174,0.03125,-0.49648437262878176,1.5021532953356684,4.491349868051632,,32,3861,0,0.0,,,,,,,,,,,,,,,,
0,general_warm,0,,,,,,,,,,,,,,,,,,,,,,,,,,,,,,,,,,1.2294503450393677,0.0,0.0,5.838135242462158,0.7971500158309937,1.2878316640853882,0,0.022727272727272728,0.0,0.0,18.04486782058837,0,6,0,0,0
20,general_warm,0,,,,,,,,,,,,,,,,,,,,,,,,,,,,,,,,,,1.3900734186172485,0.0,0.0,5.838135242462158,0.8483999967575073,1.448454737663269,0,0.27756496662477065,0.2386578765165593,0.04507129986933063,0.6826643838059335,0,6,0,0,0
40,general_warm,0,,,,,,,,,,,,,,,,,,,,,,,,,,,,,,,,,,1.129915714263916,0.0,0.0,5.838135242462158,0.7847999930381775,1.1882970333099365,0,0.27420216097761624,0.18208474173609698,0.039941445856340345,0.497850691444344,0,6,0,0,0
60,general_warm,0,,,,,,,,,,,,,,,,,,,,,,,,,,,,,,,,,,1.1219598054885864,0.0,0.0,5.838135242462158,0.8207000494003296,1.180341124534607,0,0.1638951952171769,0.21191604942682066,0.038891479065493936,0.6120703111565302,0,6,0,0,0
80,general_warm,0,,,,,,,,,,,,,,,,,,,,,,,,,,,,,,,,,,1.0481055974960327,0.0,0.0,5.838135242462158,0.776199996471405,1.1064869165420532,0,0.401746880051296,0.16004894716024864,0.03974309735857541,0.6995653498740423,0,6,0,0,0
100,general_warm,0,,,,,,,,,,,,,,,,,,,,,,,,,,,,,,,,,,1.1633208990097046,0.0,0.0,5.838135242462158,0.797950029373169,1.221702218055725,0,0.2818810339164367,0.13117628818145022,0.036395995593851524,0.5130311333352611,0,6,0,0,0
120,general_warm,0,,,,,,,,,,,,,,,,,,,,,,,,,,,,,,,,,,1.0710161924362183,0.0,0.0,5.838135242462158,0.8001999855041504,1.1293975114822388,0,0.42571516115380476,0.09127090456396607,0.03808967839660389,0.4586723556830769,0,6,0,0,0
140,general_warm,0,,,,,,,,,,,,,,,,,,,,,,,,,,,,,,,,,,0.9736155271530151,0.0,0.0,5.838135242462158,0.8147499561309814,1.0319968461990356,0,0.4497743407324947,0.12641014650164703,0.03656010238808536,0.5574094830760881,0,6,0,0,0
160,general_warm,0,,,,,,,,,,,,,,,,,,,,,,,,,,,,,,,,,,1.101564884185791,0.0,0.0,5.838135242462158,0.8279500007629395,1.1599462032318115,0,0.4496316500846985,0.08065877958766318,0.0328032993149781,0.49182567563321855,0,6,0,0,0
180,general_warm,0,,,,,,,,,,,,,,,,,,,,,,,,,,,,,,,,,,0.920676589012146,0.0,0.0,5.838135242462158,0.8317999839782715,0.9790579676628113,0,0.4346540594056165,0.13802648558547453,0.0326520312725315,0.5075760062961352,0,6,0,0,0
200,general_warm,0,,,,,,,,,,,,,,,,,,,,,,,,,,,,,,,,,,1.3205722570419312,0.0,0.0,5.838135242462158,0.8504500389099121,1.3789535760879517,0,0.33969592173256097,0.06182291372637597,0.03212293065374806,0.8057445356770166,0,6,0,0,0
220,general_warm,0,,,,,,,,,,,,,,,,,,,,,,,,,,,,,,,,,,1.0832140445709229,0.0,0.0,5.838135242462158,0.7897000312805176,1.1415953636169434,0,0.4378888294823507,0.13916301072042966,0.030528780129102488,0.5154590755582802,0,6,0,0,0
240,general_warm,0,,,,,,,,,,,,,,,,,,,,,,,,,,,,,,,,,,1.197847604751587,0.0,0.0,5.838135242462158,0.8349999785423279,1.2562289237976074,0,0.40047073740683453,0.10537678664383877,0.03494304686577784,0.5983553510454912,0,6,0,0,0
250,,,,,1.1051433597231506,3.019657335017595,,32,8415,,1.4221128766915676,4.145870906672725,,32,14382,0.75103759765625,0.5375717059284651,1.3227698551511544,3.7538044854601247,,,0.7669580729601644,2.153206384797607,,32,6174,,,1.9968651112297353,7.365928500108762,,32,3861,0,0.0,,,,,,,,,,,,,,,,
260,general_warm,0,,,,,,,,,,,,,,,,,,,,,,,,,,,,,,,,,,1.1808936595916748,0.0,0.0,5.838135242462158,0.8091000318527222,1.2392749786376953,0,0.40529861208264084,0.10804631217823564,0.03599861465719721,0.5218717807696925,0,6,0,0,0
280,general_warm,0,,,,,,,,,,,,,,,,,,,,,,,,,,,,,,,,,,1.2652153968811035,0.0,0.0,5.838135242462158,0.8410999774932861,1.323596715927124,0,0.3633007139609428,0.09440152776577244,0.03217890950008517,0.552301898338492,0,6,0,0,0
300,general_warm,0,,,,,,,,,,,,,,,,,,,,,,,,,,,,,,,,,,1.4398319721221924,0.0,0.0,5.838135242462158,0.897350013256073,1.498213291168213,0,0.3664309400141827,0.11849770744239711,0.032553533849025526,0.6789801864396958,0,6,0,0,0
320,general_warm,0,,,,,,,,,,,,,,,,,,,,,,,,,,,,,,,,,,1.1250874996185303,0.0,0.0,5.838135242462158,0.8334000110626221,1.1834688186645508,0,0.45210154798312135,0.13457590479603304,0.0343454408947201,0.5555855860549306,0,6,0,0,0
340,general_warm,0,,,,,,,,,,,,,,,,,,,,,,,,,,,,,,,,,,1.1476335525512695,0.0,0.0,5.838135242462158,0.8031499981880188,1.20601487159729,0,0.35756346795321925,0.1126111772443567,0.03376328064394849,0.5371782921609424,0,6,0,0,0
360,general_warm,0,,,,,,,,,,,,,,,,,,,,,,,,,,,,,,,,,,0.9321891069412231,0.0,0.0,5.838135242462158,0.7667999863624573,0.9905704855918884,0,0.37227172248150636,0.05415021204264901,0.03481716394335741,0.41280406016915566,0,6,0,0,0
380,general_warm,0,,,,,,,,,,,,,,,,,,,,,,,,,,,,,,,,,,1.053358554840088,0.0,0.0,5.838135242462158,0.7940499782562256,1.1117398738861084,0,0.41478024683833253,0.04428555388065953,0.0303690942004323,0.5314279236845554,0,6,0,0,0
400,general_warm,0,,,,,,,,,,,,,,,,,,,,,,,,,,,,,,,,,,1.3674951791763306,0.0,0.0,5.838135242462158,0.8150500059127808,1.425876498222351,0,0.38451516377558104,0.09914214647973754,0.031960941787572604,0.837732788825792,0,6,0,0,0
420,general_warm,0,,,,,,,,,,,,,,,,,,,,,,,,,,,,,,,,,,1.168204665184021,0.0,0.0,5.838135242462158,0.833899974822998,1.2265859842300415,0,0.42943693669151717,0.08312929278638746,0.03515189611279066,0.5317646799934289,0,6,0,0,0
440,general_warm,0,,,,,,,,,,,,,,,,,,,,,,,,,,,,,,,,,,1.1268839836120605,0.0,0.0,5.838135242462158,0.8324500322341919,1.185265302658081,0,0.44567838512461927,0.044764709031109566,0.03134158590054583,0.6480138513540464,0,6,0,0,0
460,general_warm,0,,,,,,,,,,,,,,,,,,,,,,,,,,,,,,,,,,1.209242582321167,0.0,0.0,5.838135242462158,0.832550048828125,1.2676239013671875,0,0.4483608740544529,0.049251149984359345,0.0314518818875686,0.5652532918822197,0,6,0,0,0
480,general_warm,0,,,,,,,,,,,,,,,,,,,,,,,,,,,,,,,,,,0.8878970742225647,0.0,0.0,5.838135242462158,0.8111000061035156,0.94627845287323,0,0.4297099698623655,0.0411148379311531,0.032003011709700026,0.5372176144567747,0,6,0,0,0
499,,,0.09375,0.00761913496755251,1.112762494690703,3.042752382225206,,32,8415,-0.016453731973452124,1.4056591447181155,4.078213988737764,,32,14382,0.75103759765625,0.5375717059284651,1.3183823031632005,3.7373705518601708,0.015625,-0.023170288303425934,0.7437877846567384,2.103889521400456,,32,6174,0.015625,0.014454677357509382,2.0113197885872447,7.47317385119713,,32,3861,0,0.0,,,,,,,,,,,,,,,,
500,code_recurrent,0,,,,,,,,,,,,,,,,,,,,,,,,,,,,,,,,,,0.8705843687057495,0.0,0.0,5.838135242462158,0.9025999903678894,0.9289657473564148,0,0.22045317062344097,0.0367544920508018,0.033265445313401636,1.4560716959455657,0,6,0,0,0
500,,,,0.0046566052586991535,1.1097999649818497,3.033751477203544,,32,8415,-0.01602676597428654,1.406086110717281,4.07995561923032,,32,14382,0.75103759765625,0.5375717059284651,1.3180085333130451,3.735973896459127,,-0.022833423472393033,0.7441246494877714,2.1045983671744968,,32,6174,,0.015158296835542817,2.012023408065278,7.4784339722263535,,32,3861,0,0.0,,,,,,,,,,,,,,,,
520,code_recurrent,0,,,,,,,,,,,,,,,,,,,,,,,,,,,,,,,,,,1.0202641487121582,0.0,0.0,5.838135242462158,0.8788000345230103,1.0786454677581787,0,0.15541475907174546,0.15615513899995545,0.08157122903429563,2.2704277191133726,0,6,0,0,0
540,code_recurrent,0,,,,,,,,,,,,,,,,,,,,,,,,,,,,,,,,,,0.8094450831413269,0.0,0.0,5.838135242462158,0.9015499949455261,0.8678264617919922,0,0.39209320376755963,0.14927996062241228,0.06263284660314047,1.4290720145380686,0,6,0,0,0
560,code_recurrent,0,,,,,,,,,,,,,,,,,,,,,,,,,,,,,,,,,,0.8222942352294922,0.0,0.0,5.838135242462158,0.8765499591827393,0.8806756138801575,0,0.4126865126926395,0.04893934260014378,0.05918117552507846,1.0029166652333168,0,6,0,0,0
580,code_recurrent,0,,,,,,,,,,,,,,,,,,,,,,,,,,,,,,,,,,0.6125454306602478,0.0,0.0,5.838135242462158,0.9025999903678894,0.6709268093109131,0,0.42193833244338247,-0.018938651152503944,0.056800413613636344,0.5393316703183311,0,6,0,0,0
600,code_recurrent,0,,,,,,,,,,,,,,,,,,,,,,,,,,,,,,,,,,0.7170510292053223,0.0,0.0,5.838135242462158,0.8788000345230103,0.7754324078559875,0,0.313741049078121,0.011344333748898603,0.03518347415393071,0.8901351705075256,0,6,0,0,0
620,code_recurrent,0,,,,,,,,,,,,,,,,,,,,,,,,,,,,,,,,,,0.5815256237983704,0.0,0.0,5.838135242462158,0.9015499949455261,0.6399070024490356,0,0.4279069934798408,0.12991128451124365,0.030810840815187448,0.6306777046431625,0,6,0,0,0
640,code_recurrent,0,,,,,,,,,,,,,,,,,,,,,,,,,,,,,,,,,,0.6261260509490967,0.0,0.0,5.838135242462158,0.8765499591827393,0.684507429599762,0,0.43226249275077727,0.030940864351578057,0.03874919786679721,0.7432004444182866,0,6,0,0,0
660,code_recurrent,0,,,,,,,,,,,,,,,,,,,,,,,,,,,,,,,,,,0.5151350498199463,0.0,0.0,5.838135242462158,0.9025999903678894,0.5735164284706116,0,0.43634197634373806,0.053383101382808364,0.040015386685078584,0.43556708758549084,0,6,0,0,0
680,code_recurrent,0,,,,,,,,,,,,,,,,,,,,,,,,,,,,,,,,,,0.5853356122970581,0.0,0.0,5.838135242462158,0.8788000345230103,0.6437169909477234,0,0.38048687425021727,0.055729736998078545,0.03420210950342672,0.6001342802885032,0,6,0,0,0
700,code_recurrent,0,,,,,,,,,,,,,,,,,,,,,,,,,,,,,,,,,,0.4999297559261322,0.0,0.0,5.838135242462158,0.9015499949455261,0.5583111047744751,0,0.44333646397356913,0.14886506283073686,0.0320153319387741,0.5480160586654194,0,6,0,0,0
720,code_recurrent,0,,,,,,,,,,,,,,,,,,,,,,,,,,,,,,,,,,0.534247636795044,0.0,0.0,5.838135242462158,0.8765499591827393,0.5926290154457092,0,0.4457962714340996,0.044203920260770246,0.03504124354009354,0.5429521819192266,0,6,0,0,0
740,code_recurrent,0,,,,,,,,,,,,,,,,,,,,,,,,,,,,,,,,,,0.4549691379070282,0.0,0.0,5.838135242462158,0.9025999903678894,0.5133504867553711,0,0.44898630128241424,0.07343210948706005,0.040561535119980806,0.3820912903026929,0,6,0,0,0
750,,,,-0.10232649115813452,1.002816868565016,2.7259496656670863,,32,8415,0.014148893052622125,1.4362617697441897,4.2049473382523255,,32,14382,0.75103759765625,0.5375717059284651,1.30695029211676,3.694888182554752,,0.0060710159366015315,0.7730290888967659,2.1663182961134098,,32,6174,,0.018828330031332996,2.0156934412610683,7.505930498876856,,32,3861,0,0.0,,,,,,,,,,,,,,,,
760,code_recurrent,0,,,,,,,,,,,,,,,,,,,,,,,,,,,,,,,,,,0.5141204595565796,0.0,0.0,5.838135242462158,0.8788000345230103,0.5725018382072449,0,0.4468949832874241,0.08227712295566951,0.031181946984447893,0.5113796902554376,0,6,0,0,0
780,code_recurrent,0,,,,,,,,,,,,,,,,,,,,,,,,,,,,,,,,,,0.4466777741909027,0.0,0.0,5.838135242462158,0.9015499949455261,0.5050591230392456,0,0.5268264820510746,0.11740424114811633,0.03173764304272712,0.5369997564289305,0,6,0,0,0
800,code_recurrent,0,,,,,,,,,,,,,,,,,,,,,,,,,,,,,,,,,,0.4743441045284271,0.0,0.0,5.838135242462158,0.8765499591827393,0.53272545337677,0,0.5237399976490829,0.05982080441650136,0.03215703889653678,0.5015048742649101,0,6,0,0,0
820,code_recurrent,0,,,,,,,,,,,,,,,,,,,,,,,,,,,,,,,,,,0.42021286487579346,0.0,0.0,5.838135242462158,0.9025999903678894,0.47859421372413635,0,0.5284113316467406,0.0670932338232108,0.03776059875870863,0.36092249604444654,0,6,0,0,0
840,code_recurrent,0,,,,,,,,,,,,,,,,,,,,,,,,,,,,,,,,,,0.4627109169960022,0.0,0.0,5.838135242462158,0.8788000345230103,0.5210922956466675,0,0.5004849458883095,0.06273484557251711,0.03691835656377768,0.47610810725461866,0,6,0,0,0
860,code_recurrent,0,,,,,,,,,,,,,,,,,,,,,,,,,,,,,,,,,,0.40312135219573975,0.0,0.0,5.838135242462158,0.9015499949455261,0.46150270104408264,0,0.49912529215840007,0.1159403606309622,0.028844230095781975,0.48233225961762766,0,6,0,0,0
880,code_recurrent,0,,,,,,,,,,,,,,,,,,,,,,,,,,,,,,,,,,0.4320714771747589,0.0,0.0,5.838135242462158,0.8765499591827393,0.4904528260231018,0,0.48732908255140756,0.06691021813562006,0.036583592849857516,0.48329635515572533,0,6,0,0,0
900,code_recurrent,0,,,,,,,,,,,,,,,,,,,,,,,,,,,,,,,,,,0.39177924394607544,0.0,0.0,5.838135242462158,0.9025999903678894,0.45016059279441833,0,0.4922839525224269,0.08945536526984402,0.03649574420488779,0.33355795223088497,0,6,0,0,0
920,code_recurrent,0,,,,,,,,,,,,,,,,,,,,,,,,,,,,,,,,,,0.4221333861351013,0.0,0.0,5.838135242462158,0.8788000345230103,0.4805147349834442,0,0.47837540957676455,0.1158538233638475,0.030143673275227822,0.45069864566718776,0,6,0,0,0
940,code_recurrent,0,,,,,,,,,,,,,,,,,,,,,,,,,,,,,,,,,,0.3704811930656433,0.0,0.0,5.838135242462158,0.9015499949455261,0.4288625419139862,0,0.48695756521260297,0.14086072394275106,0.03296575583517551,0.5168184825470523,0,6,0,0,0
960,code_recurrent,0,,,,,,,,,,,,,,,,,,,,,,,,,,,,,,,,,,0.4022091329097748,0.0,0.0,5.838135242462158,0.8765499591827393,0.4605904817581177,0,0.4779583933822779,0.07143017457149524,0.03386902987203073,0.5197550910924162,0,6,0,0,0
980,code_recurrent,0,,,,,,,,,,,,,,,,,,,,,,,,,,,,,,,,,,0.37754905223846436,0.0,0.0,5.838135242462158,0.9025999903678894,0.43593040108680725,0,0.4792368263759162,0.0847815222992462,0.038531148997652864,0.34262309284910325,0,6,0,0,0
1000,code_recurrent,0,,,,,,,,,,,,,,,,,,,,,,,,,,,,,,,,,,0.3918295204639435,0.0,0.0,5.838135242462158,0.8788000345230103,0.4502108693122864,0,0.47171091377707997,0.09089112639984316,0.02914669868565859,0.5131575169603503,0,6,0,0,0
1000,,,,-0.10935893067276625,0.9957844290503843,2.7068468379912374,,32,8415,0.019549320344549592,1.4416621970361172,4.227717278983937,,32,14382,0.75103759765625,0.5375717059284651,1.3096307376469285,3.704805414430313,,0.00956782423488367,0.776525897195048,2.1739067558700746,,32,6174,,0.027685316076429434,2.0245504273061647,7.57270569754108,,32,3861,0,0.0,,,,,,,,,,,,,,,,
1020,code_recurrent,0,,,,,,,,,,,,,,,,,,,,,,,,,,,,,,,,,,0.34580138325691223,0.0,0.0,5.838135242462158,0.9015499949455261,0.4041827321052551,0,0.47258680529371144,0.162312017288059,0.03016739212907851,0.6140107723928633,0,6,0,0,0
1040,code_recurrent,0,,,,,,,,,,,,,,,,,,,,,,,,,,,,,,,,,,0.3721275329589844,0.0,0.0,5.838135242462158,0.8765499591827393,0.43050888180732727,0,0.45149756660834645,0.0698482913098165,0.03677840837026163,1.0230946691854605,0,6,0,0,0
1060,code_recurrent,0,,,,,,,,,,,,,,,,,,,,,,,,,,,,,,,,,,0.3572578728199005,0.0,0.0,5.838135242462158,0.9025999903678894,0.4156392216682434,0,0.4632038954778854,0.08842571952430132,0.0350997847260996,0.34508282879278773,0,6,0,0,0
1080,code_recurrent,0,,,,,,,,,,,,,,,,,,,,,,,,,,,,,,,,,,0.37615737318992615,0.0,0.0,5.838135242462158,0.8788000345230103,0.43453872203826904,0,0.46187532650414337,0.07981072137980456,0.027855455250080145,0.5096431393590238,0,6,0,0,0
1100,code_recurrent,0,,,,,,,,,,,,,,,,,,,,,,,,,,,,,,,,,,0.3171745836734772,0.0,0.0,5.838135242462158,0.9015499949455261,0.37555593252182007,0,0.4665460887485509,0.14329423013259657,0.04598497859616246,0.5164817449710671,0,6,0,0,0
1120,code_recurrent,0,,,,,,,,,,,,,,,,,,,,,,,,,,,,,,,,,,0.35247886180877686,0.0,0.0,5.838135242462158,0.8765499591827393,0.41086021065711975,0,0.46582742097011104,0.12396271307287472,0.03609681280980271,0.6448509952023862,0,6,0,0,0
1140,code_recurrent,0,,,,,,,,,,,,,,,,,,,,,,,,,,,,,,,,,,0.3447153866291046,0.0,0.0,5.838135242462158,0.9025999903678894,0.4030967354774475,0,0.46503599436895243,0.11359255411246393,0.03227252505187477,0.41779391923475834,0,6,0,0,0
1160,code_recurrent,0,,,,,,,,,,,,,,,,,,,,,,,,,,,,,,,,,,0.338911771774292,0.0,0.0,5.838135242462158,0.8788000345230103,0.3972931206226349,0,0.4645260067247177,0.09017259648369093,0.032210912706980864,0.47659909293528585,0,6,0,0,0
1180,code_recurrent,0,,,,,,,,,,,,,,,,,,,,,,,,,,,,,,,,,,0.28812095522880554,0.0,0.0,5.838135242462158,0.9015499949455261,0.34650230407714844,0,0.4633085870161326,0.15370192172537958,0.042165554801948245,0.43500139244965147,0,6,0,0,0
1200,code_recurrent,0,,,,,,,,,,,,,,,,,,,,,,,,,,,,,,,,,,0.3214991092681885,0.0,0.0,5.838135242462158,0.8765499591827393,0.37988045811653137,0,0.4673801339901424,0.07646957547902795,0.03397353647188062,0.5538667287381869,0,6,0,0,0
1220,code_recurrent,0,,,,,,,,,,,,,,,,,,,,,,,,,,,,,,,,,,0.33172470331192017,0.0,0.0,5.838135242462158,0.9025999903678894,0.39010605216026306,0,0.4661986965334465,0.08008873969499421,0.035540895982246315,0.3665506924428637,0,6,0,0,0
1240,code_recurrent,0,,,,,,,,,,,,,,,,,,,,,,,,,,,,,,,,,,0.32450005412101746,0.0,0.0,5.838135242462158,0.8788000345230103,0.38288140296936035,0,0.4597774137738551,0.08397896711747828,0.037034279548577846,0.6025779276494942,0,6,0,0,0
1250,,,,-0.09585590872535099,1.0092874509977996,2.7436453365943256,,32,8415,0.026597654416653516,1.4487105311082211,4.257620904300774,,32,14382,0.75103759765625,0.5375717059284651,1.3178001926407754,3.7351956222218603,,0.01675010461192472,0.7837081775720891,2.189576568838627,,32,6174,,0.0326294996552563,2.0294946108849916,7.610239254637677,,32,3861,0,0.0,,,,,,,,,,,,,,,,
1260,code_recurrent,0,,,,,,,,,,,,,,,,,,,,,,,,,,,,,,,,,,0.26799577474594116,0.0,0.0,5.838135242462158,0.9015499949455261,0.32637712359428406,0,0.46266015126197724,0.11417922194232233,0.035375548057287695,0.490798942638295,0,6,0,0,0
1280,code_recurrent,0,,,,,,,,,,,,,,,,,,,,,,,,,,,,,,,,,,0.2947413921356201,0.0,0.0,5.838135242462158,0.8765499591827393,0.353122740983963,0,0.462715558011384,0.07890552748618315,0.03779373968700095,0.5661261912849215,0,6,0,0,0
1300,code_recurrent,0,,,,,,,,,,,,,,,,,,,,,,,,,,,,,,,,,,0.3154316246509552,0.0,0.0,5.838135242462158,0.9025999903678894,0.3738129734992981,0,0.47539344021036717,0.07001370715027276,0.032872672384190886,0.3530772602688225,0,6,0,0,0
1320,code_recurrent,0,,,,,,,,,,,,,,,,,,,,,,,,,,,,,,,,,,0.30339229106903076,0.0,0.0,5.838135242462158,0.8788000345230103,0.36177363991737366,0,0.458584206346297,0.06460355706596081,0.03457775623833258,0.5977142441308214,0,6,0,0,0
1340,code_recurrent,0,,,,,,,,,,,,,,,,,,,,,,,,,,,,,,,,,,0.2515099048614502,0.0,0.0,5.838135242462158,0.9015499949455261,0.3098912537097931,0,0.46927941566376735,0.11826585406171423,0.036910561495091,0.3823641482267588,0,6,0,0,0
1360,code_recurrent,0,,,,,,,,,,,,,,,,,,,,,,,,,,,,,,,,,,0.27011406421661377,0.0,0.0,5.838135242462158,0.8765499591827393,0.32849541306495667,0,0.4676083411426486,0.0952099937816716,0.0322020261918032,0.49111695114582304,0,6,0,0,0
1380,code_recurrent,0,,,,,,,,,,,,,,,,,,,,,,,,,,,,,,,,,,0.2964778542518616,0.0,0.0,5.838135242462158,0.9025999903678894,0.35485920310020447,0,0.4682440985579457,0.07546038338581898,0.03561573302787211,0.3384663660907083,0,6,0,0,0
1400,code_recurrent,0,,,,,,,,,,,,,,,,,,,,,,,,,,,,,,,,,,0.28159213066101074,0.0,0.0,5.838135242462158,0.8788000345230103,0.33997347950935364,0,0.4420837846770658,0.0339797559219213,0.041705299735010144,0.6870114842932376,0,6,0,0,0
1420,code_recurrent,0,,,,,,,,,,,,,,,,,,,,,,,,,,,,,,,,,,0.23881326615810394,0.0,0.0,5.838135242462158,0.9015499949455261,0.29719462990760803,0,0.4649716125420082,0.07838951207980115,0.03711427750864199,0.37469529358758813,0,6,0,0,0
1440,code_recurrent,0,,,,,,,,,,,,,,,,,,,,,,,,,,,,,,,,,,0.25100961327552795,0.0,0.0,5.838135242462158,0.8765499591827393,0.30939096212387085,0,0.4674437427839791,0.07594560103565787,0.0523710127816432,0.49274125572234867,0,6,0,0,0
1460,code_recurrent,0,,,,,,,,,,,,,,,,,,,,,,,,,,,,,,,,,,0.2836037576198578,0.0,0.0,5.838135242462158,0.9025999903678894,0.3419851064682007,0,0.4673200014142577,0.02781540345209318,0.04771597557627256,0.31913191530676116,0,6,0,0,0
1480,code_recurrent,0,,,,,,,,,,,,,,,,,,,,,,,,,,,,,,,,,,0.27596259117126465,0.0,0.0,5.838135242462158,0.8788000345230103,0.33434394001960754,0,0.4471184520046417,0.07817556497008939,0.03513026270379741,1.2103846116139303,0,6,0,0,0
1500,code_recurrent,0,,,,,,,,,,,,,,,,,,,,,,,,,,,,,,,,,,0.2229814976453781,0.0,0.0,5.838135242462158,0.9015499949455261,0.2813628613948822,0,0.4647666342230742,0.10756335422463183,0.03931423569659865,0.31127015686342635,0,6,0,0,0
1500,,,,-0.07895133550579314,1.0261920242173574,2.7904197267602098,,32,8415,0.033722717429447435,1.455835594121015,4.2880650509650025,,32,14382,0.75103759765625,0.5375717059284651,1.326172798855543,3.7666002300527603,,0.01991211174760077,0.7868701847077652,2.1965109831294494,,32,6174,,0.03892828114629854,2.035793392376034,7.658325773048723,,32,3861,0,0.0,,,,,,,,,,,,,,,,
1520,code_recurrent,0,,,,,,,,,,,,,,,,,,,,,,,,,,,,,,,,,,0.23662546277046204,0.0,0.0,5.838135242462158,0.8765499591827393,0.29500681161880493,0,0.4739158011569167,0.0874820665506247,0.03095971035904118,0.5145587299314757,0,6,0,0,0
1540,code_recurrent,0,,,,,,,,,,,,,,,,,,,,,,,,,,,,,,,,,,0.26501521468162537,0.0,0.0,5.838135242462158,0.9025999903678894,0.32339656352996826,0,0.4737740614287601,0.08341056207427755,0.041537201368353434,0.3122604224298682,0,6,0,0,0
1560,code_recurrent,0,,,,,,,,,,,,,,,,,,,,,,,,,,,,,,,,,,0.26889950037002563,0.0,0.0,5.838135242462158,0.8788000345230103,0.32728084921836853,0,0.4589445459113434,0.005530817883222231,0.0364137641619891,0.6257121581170294,0,6,0,0,0
1580,code_recurrent,0,,,,,,,,,,,,,,,,,,,,,,,,,,,,,,,,,,0.20555201172828674,0.0,0.0,5.838135242462158,0.9015499949455261,0.26393336057662964,0,0.4689830668710205,0.06790328997054271,0.03922118486555677,0.29017123870906375,0,6,0,0,0
1600,code_recurrent,0,,,,,,,,,,,,,,,,,,,,,,,,,,,,,,,,,,0.2231716364622116,0.0,0.0,5.838135242462158,0.8765499591827393,0.2815530002117157,0,0.4639612138409017,0.05343351436230088,0.04518327172697773,0.5549460268446377,0,6,0,0,0
1620,code_recurrent,0,,,,,,,,,,,,,,,,,,,,,,,,,,,,,,,,,,0.2536941468715668,0.0,0.0,5.838135242462158,0.9025999903678894,0.31207549571990967,0,0.4666868663487567,0.06217383310182153,0.04274164326710715,0.30892516375770646,0,6,0,0,0
1640,code_recurrent,0,,,,,,,,,,,,,,,,,,,,,,,,,,,,,,,,,,0.2416572868824005,0.0,0.0,5.838135242462158,0.8788000345230103,0.3000386357307434,0,0.4730712069864615,0.00942887028421475,0.042052686415494436,0.45790291553924956,0,6,0,0,0
1660,code_recurrent,0,,,,,,,,,,,,,,,,,,,,,,,,,,,,,,,,,,0.1927262246608734,0.0,0.0,5.838135242462158,0.9015499949455261,0.2511075735092163,0,0.4758949702465229,0.09675810664443166,0.035166948088370856,0.2848301977628753,0,6,0,0,0
1680,code_recurrent,0,,,,,,,,,,,,,,,,,,,,,,,,,,,,,,,,,,0.21095380187034607,0.0,0.0,5.838135242462158,0.8765499591827393,0.26933515071868896,0,0.46945721451962175,0.02340454940401417,0.04167788992266334,0.5177944301376267,0,6,0,0,0
1700,code_recurrent,0,,,,,,,,,,,,,,,,,,,,,,,,,,,,,,,,,,0.24144527316093445,0.0,0.0,5.838135242462158,0.9025999903678894,0.29982662200927734,0,0.46555816105766773,0.06766555966792762,0.03908176751556023,0.31180584396989575,0,6,0,0,0
1720,code_recurrent,0,,,,,,,,,,,,,,,,,,,,,,,,,,,,,,,,,,0.2103564590215683,0.0,0.0,5.838135242462158,0.8788000345230103,0.2687378227710724,0,0.46114049368898075,0.03703196199161799,0.040396123930131866,0.3659490662257349,0,6,0,0,0
1740,code_recurrent,0,,,,,,,,,,,,,,,,,,,,,,,,,,,,,,,,,,0.1869513839483261,0.0,0.0,5.838135242462158,0.9015499949455261,0.245332732796669,0,0.46830201115103237,0.05529302514748581,0.03156736634361247,0.2912238408116594,0,6,0,0,0
1750,,,,-0.06223910099965635,1.0429042587234942,2.837445735930451,,32,8415,0.04090767824472419,1.4630205549362918,4.318985578700503,,32,14382,0.75103759765625,0.5375717059284651,1.3336641081410539,3.794922952010827,,0.02231048000720004,0.7892685529673644,2.201785347759354,,32,6174,,0.042597954707329855,2.039463065937065,7.68648095723136,,32,3861,0,0.0,,,,,,,,,,,,,,,,
1760,code_recurrent,0,,,,,,,,,,,,,,,,,,,,,,,,,,,,,,,,,,0.19621941447257996,0.0,0.0,5.838135242462158,0.8765499591827393,0.25460076332092285,0,0.46620920189441095,0.03879045650579168,0.03704424662855527,0.4310315289726806,0,6,0,0,0
1780,code_recurrent,0,,,,,,,,,,,,,,,,,,,,,,,,,,,,,,,,,,0.23821303248405457,0.0,0.0,5.838135242462158,0.9025999903678894,0.29659438133239746,0,0.4622253858283705,0.05379337079336567,0.040549863576297716,0.39005303971824196,0,6,0,0,0
1800,code_recurrent,0,,,,,,,,,,,,,,,,,,,,,,,,,,,,,,,,,,0.19158360362052917,0.0,0.0,5.838135242462158,0.8788000345230103,0.24996495246887207,0,0.45300051256660845,0.0434429692021305,0.04052944056068858,0.37139144020657694,0,6,0,0,0
1820,code_recurrent,0,,,,,,,,,,,,,,,,,,,,,,,,,,,,,,,,,,0.17556729912757874,0.0,0.0,5.838135242462158,0.9015499949455261,0.23394864797592163,0,0.4577126751567308,0.057640067045992636,0.03515537745496702,0.2977136027895742,0,6,0,0,0
1840,code_recurrent,0,,,,,,,,,,,,,,,,,,,,,,,,,,,,,,,,,,0.18081185221672058,0.0,0.0,5.838135242462158,0.8765499591827393,0.23919320106506348,0,0.47063464458551546,0.03860155461422567,0.04120309340531036,0.4795430183174118,0,6,0,0,0
1860,code_recurrent,0,,,,,,,,,,,,,,,,,,,,,,,,,,,,,,,,,,0.23806232213974,0.0,0.0,5.838135242462158,0.9025999903678894,0.2964436709880829,0,0.4669774128759414,0.018708887871720696,0.04287330730419074,0.3813184508373813,0,6,0,0,0
1880,code_recurrent,0,,,,,,,,,,,,,,,,,,,,,,,,,,,,,,,,,,0.18757584691047668,0.0,0.0,5.838135242462158,0.8788000345230103,0.24595719575881958,0,0.45412037591632737,0.02088138199594271,0.042835340654802705,0.40602109821897653,0,6,0,0,0
1900,code_recurrent,0,,,,,,,,,,,,,,,,,,,,,,,,,,,,,,,,,,0.16371414065361023,0.0,0.0,5.838135242462158,0.9015499949455261,0.22209548950195312,0,0.46586587512415006,0.04251730816654994,0.03484402589263424,0.3198825273367148,0,6,0,0,0
1920,code_recurrent,0,,,,,,,,,,,,,,,,,,,,,,,,,,,,,,,,,,0.18413729965686798,0.0,0.0,5.838135242462158,0.8765499591827393,0.24251864850521088,0,0.45102872756788165,0.04536236115382053,0.038532441932087144,0.5144831351758469,0,6,0,0,0
1940,code_recurrent,0,,,,,,,,,,,,,,,,,,,,,,,,,,,,,,,,,,0.22033047676086426,0.0,0.0,5.838135242462158,0.9025999903678894,0.27871182560920715,0,0.4618831819620188,0.009962899877531786,0.04450649794871136,0.3448552474793461,0,6,0,0,0
1960,code_recurrent,0,,,,,,,,,,,,,,,,,,,,,,,,,,,,,,,,,,0.17917530238628387,0.0,0.0,5.838135242462158,0.8788000345230103,0.23755665123462677,0,0.4519326714300678,0.047715599709460675,0.03782274677669482,0.5527760559131228,0,6,0,0,0
1980,code_recurrent,0,,,,,,,,,,,,,,,,,,,,,,,,,,,,,,,,,,0.1623428612947464,0.0,0.0,5.838135242462158,0.9015499949455261,0.2207242101430893,0,0.46541109108134976,0.027337577634690597,0.03775777285105534,0.39742980711753406,0,6,0,0,0
1999,,,0.1875,-0.04835240255844275,1.0567909571647078,2.877123347100756,,32,8415,0.04502915971353083,1.4671420364050984,4.336822930635215,0.061482891686982954,32,14382,0.75103759765625,0.5375717059284651,1.3396179347285586,3.8175846601775993,0.03125,0.020172974265506016,0.7871310472256704,2.19708404525708,,32,6174,0.078125,0.050542586889022356,2.0474076981187577,7.747790439377466,,32,3861,0,0.0,,,,,,,,,,,,,,,,
2000,novel_inject,0,,,,,,,,,,,,,,,,,,,,,,,,,,,,,,,,,,0.9059193730354309,0.0,0.0,5.838135242462158,0.7915500402450562,0.9643007516860962,0,0.03999106299280906,0.0003528393676138616,0.04828818474216239,0.643922376396164,0,6,0,0,0
2000,,,,-0.049592765313985376,1.0555505944091652,2.8735568827699227,,32,8415,0.04514438892800032,1.467257265619568,4.337322688127585,,32,14382,0.75103759765625,0.5375717059284651,1.3393844207968528,3.816693305049952,,0.020630083000694688,0.7875881559608591,2.198088581139683,,32,6174,,0.050276555968084224,2.0471416671978195,7.745729561692392,,32,3861,0,0.0,,,,,,,,,,,,,,,,
2020,novel_inject,0,,,,,,,,,,,,,,,,,,,,,,,,,,,,,,,,,,1.1713929176330566,0.0,0.0,5.838135242462158,0.7851499915122986,1.2297742366790771,0,0.0892544800344677,0.1018809130099336,0.03908634655000198,0.5312621276411745,0,6,0,0,0
2040,novel_inject,0,,,,,,,,,,,,,,,,,,,,,,,,,,,,,,,,,,1.3465214967727661,0.0,0.0,5.838135242462158,0.8454499840736389,1.4049028158187866,0,0.25674689158707265,0.166453718644334,0.03688845335106765,0.5380652235968718,0,6,0,0,0
2060,novel_inject,0,,,,,,,,,,,,,,,,,,,,,,,,,,,,,,,,,,1.093222737312317,0.0,0.0,5.838135242462158,0.8221499919891357,1.1516040563583374,0,0.2559526632382437,0.13135444987398973,0.035758130335884666,0.6090163683843991,0,6,0,0,0
2080,novel_inject,0,,,,,,,,,,,,,,,,,,,,,,,,,,,,,,,,,,1.0445817708969116,0.0,0.0,5.838135242462158,0.8012000322341919,1.1029630899429321,0,0.25043012981927093,0.07510394098686188,0.03629238963762801,0.4077432426313559,0,6,0,0,0
2100,novel_inject,0,,,,,,,,,,,,,,,,,,,,,,,,,,,,,,,,,,0.8953346610069275,0.0,0.0,5.838135242462158,0.8032000064849854,0.9537160396575928,0,0.25260965452900647,0.07775602179961945,0.032809374197607946,0.6161125639246571,0,6,0,0,0
2120,novel_inject,0,,,,,,,,,,,,,,,,,,,,,,,,,,,,,,,,,,1.2735819816589355,0.0,0.0,5.838135242462158,0.8076499700546265,1.331963300704956,0,0.25308226592993904,0.13955002825241536,0.03230087823116235,0.5723035385566099,0,6,0,0,0
2140,novel_inject,0,,,,,,,,,,,,,,,,,,,,,,,,,,,,,,,,,,0.9985266923904419,0.0,0.0,5.838135242462158,0.791949987411499,1.0569080114364624,0,0.16239201133048034,0.1041918862361594,0.032814063870214995,0.5167408550305972,0,6,0,0,0
2149,,,0.125,-0.0770423966224747,1.028100963100676,2.7957515549253333,-0.028689994064031943,32,8415,0.011774183264562366,1.43388705995613,4.19497365563777,,32,14382,0.75103759765625,0.5375717059284651,1.3197531537765308,3.742497441870704,0.03125,-0.014254766179397804,0.7527033067807666,2.1227306594654096,,32,6174,0.0625,0.06745617403881576,2.064321285268551,7.87994784559485,,32,3861,0,0.0,,,,,,,,,,,,,,,,
2160,math_recurrent,0,,,,,,,,,,,,,,,,,,,,,,,,,,,,,,,,,,1.2066304683685303,0.0,0.0,5.838135242462158,0.8876000046730042,1.2650117874145508,0,0.2794786184643593,0.2957799042841153,0.08935277043353942,1.759881469560048,0,6,0,0,0
2180,math_recurrent,0,,,,,,,,,,,,,,,,,,,,,,,,,,,,,,,,,,1.1797236204147339,0.0,0.0,5.838135242462158,0.8835999965667725,1.2381049394607544,0,0.3245347191887253,0.24968012448932445,0.1053075339970371,1.388808648075376,0,6,0,0,0
2200,math_recurrent,0,,,,,,,,,,,,,,,,,,,,,,,,,,,,,,,,,,1.0717108249664307,0.0,0.0,5.838135242462158,0.8609499931335449,1.1300921440124512,0,0.3493622396053797,0.2551222131587565,0.07995079511273949,0.9714532437778655,0,6,0,0,0
2220,math_recurrent,0,,,,,,,,,,,,,,,,,,,,,,,,,,,,,,,,,,0.9955815672874451,0.0,0.0,5.838135242462158,0.8617500066757202,1.0539629459381104,0,0.35586988009093795,0.14984356097245058,0.07259792320962463,1.1485481029938138,0,6,0,0,0
2240,math_recurrent,0,,,,,,,,,,,,,,,,,,,,,,,,,,,,,,,,,,0.6965882182121277,0.0,0.0,5.838135242462158,0.8876000046730042,0.754969596862793,0,0.35623045808844284,0.0392498890661435,0.042073437215257734,0.6024219287529825,0,6,0,0,0
2250,,,,-0.05391264726771383,1.0512307124554368,2.861170229950687,,32,8415,0.020547636857269458,1.442660513548837,4.231939986403222,,32,14382,0.75103759765625,0.5375717059284651,1.2624110825331025,3.5339318249757996,,-0.20324684046679498,0.5637112324933694,1.7571817241148258,,32,6174,,-0.0048232395949681095,1.9920418716347672,7.3304864036840565,,32,3861,0,0.0,,,,,,,,,,,,,,,,
2260,math_recurrent,0,,,,,,,,,,,,,,,,,,,,,,,,,,,,,,,,,,0.8334975242614746,0.0,0.0,5.838135242462158,0.8835999965667725,0.8918789029121399,0,0.3620718839211094,0.11786892894555681,0.04384245508690438,0.8190655243065622,0,6,0,0,0
2280,math_recurrent,0,,,,,,,,,,,,,,,,,,,,,,,,,,,,,,,,,,0.8813515305519104,0.0,0.0,5.838135242462158,0.8609499931335449,0.9397329092025757,0,0.36989578198194184,0.10808302187693439,0.03783227775748523,0.6395196326904827,0,6,0,0,0
2300,math_recurrent,0,,,,,,,,,,,,,,,,,,,,,,,,,,,,,,,,,,0.7101064920425415,0.0,0.0,5.838135242462158,0.8617500066757202,0.7684878706932068,0,0.37754580153645323,0.11055676853616855,0.044754669022938565,0.7162910909643249,0,6,0,0,0
2320,math_recurrent,0,,,,,,,,,,,,,,,,,,,,,,,,,,,,,,,,,,0.5609056353569031,0.0,0.0,5.838135242462158,0.8876000046730042,0.6192870140075684,0,0.38097041511426716,0.061503906195866875,0.040326897359438355,0.4603019944495625,0,6,0,0,0
2340,math_recurrent,0,,,,,,,,,,,,,,,,,,,,,,,,,,,,,,,,,,0.7056958675384521,0.0,0.0,5.838135242462158,0.8835999965667725,0.7640772461891174,0,0.3858968578926509,0.08552089027528252,0.03136611861575927,0.6796728790042892,0,6,0,0,0
2360,math_recurrent,0,,,,,,,,,,,,,,,,,,,,,,,,,,,,,,,,,,0.8029112815856934,0.0,0.0,5.838135242462158,0.8609499931335449,0.8612926602363586,0,0.395042342993389,0.12402543873758987,0.03466875462659768,0.5165188501515086,0,6,0,0,0
2380,math_recurrent,0,,,,,,,,,,,,,,,,,,,,,,,,,,,,,,,,,,0.6046638488769531,0.0,0.0,5.838135242462158,0.8617500066757202,0.6630452275276184,0,0.3963865853895549,0.08755825564730912,0.04680320026412133,0.5897068492713429,0,6,0,0,0
2400,math_recurrent,0,,,,,,,,,,,,,,,,,,,,,,,,,,,,,,,,,,0.48088884353637695,0.0,0.0,5.838135242462158,0.8876000046730042,0.5392702221870422,0,0.3974881939317367,0.058983195222806116,0.03966097764537803,0.5480161899375536,0,6,0,0,0
2420,math_recurrent,0,,,,,,,,,,,,,,,,,,,,,,,,,,,,,,,,,,0.6334246397018433,0.0,0.0,5.838135242462158,0.8835999965667725,0.6918060183525085,0,0.4042887489382424,0.09255531301356054,0.038030745112706744,0.5375187565646474,0,6,0,0,0
2440,math_recurrent,0,,,,,,,,,,,,,,,,,,,,,,,,,,,,,,,,,,0.7544392347335815,0.0,0.0,5.838135242462158,0.8609499931335449,0.8128206133842468,0,0.4096421981559192,0.08049743347718115,0.03264912883825009,0.4513556839336479,0,6,0,0,0
2460,math_recurrent,0,,,,,,,,,,,,,,,,,,,,,,,,,,,,,,,,,,0.5388955473899841,0.0,0.0,5.838135242462158,0.8617500066757202,0.5972769260406494,0,0.4097756724579577,0.04261601833111074,0.027546151065164143,0.4934917067014982,0,6,0,0,0
2480,math_recurrent,0,,,,,,,,,,,,,,,,,,,,,,,,,,,,,,,,,,0.43855929374694824,0.0,0.0,5.838135242462158,0.8876000046730042,0.49694064259529114,0,0.41174781422746565,0.10738635758337166,0.028045684764427797,0.3856936981398908,0,6,0,0,0
2500,math_recurrent,0,,,,,,,,,,,,,,,,,,,,,,,,,,,,,,,,,,0.5924643278121948,0.0,0.0,5.838135242462158,0.8835999965667725,0.6508457064628601,0,0.4172059825282637,0.07197854725486,0.027144738841831446,0.5153819421927134,0,6,0,0,0
2500,,,,-0.04039852076602424,1.0647448389571263,2.9000988973839124,,32,8415,0.027685304126360277,1.4497981808179279,4.262254223698867,,32,14382,0.75103759765625,0.5375717059284651,1.264691434675119,3.5419996292038975,,-0.22116970189536012,0.5457883710648043,1.7259685498110957,,32,6174,,0.0015692366308821537,1.9984343478606175,7.377496458990157,,32,3861,0,0.0,,,,,,,,,,,,,,,,
2520,math_recurrent,0,,,,,,,,,,,,,,,,,,,,,,,,,,,,,,,,,,0.7207753658294678,0.0,0.0,5.838135242462158,0.8609499931335449,0.7791567444801331,0,0.4188767838871957,0.051343688473155326,0.03409205703212628,0.452122935025938,0,6,0,0,0
2540,math_recurrent,0,,,,,,,,,,,,,,,,,,,,,,,,,,,,,,,,,,0.4993191361427307,0.0,0.0,5.838135242462158,0.8617500066757202,0.557700514793396,0,0.42357856028913565,0.136228296074218,0.032646553768288525,0.4891981867807252,0,6,0,0,0
2560,math_recurrent,0,,,,,,,,,,,,,,,,,,,,,,,,,,,,,,,,,,0.3982391059398651,0.0,0.0,5.838135242462158,0.8876000046730042,0.456620454788208,0,0.424556455550205,0.07283490636785116,0.03843770286748333,0.33626836981210445,0,6,0,0,0
2580,math_recurrent,0,,,,,,,,,,,,,,,,,,,,,,,,,,,,,,,,,,0.5438520908355713,0.0,0.0,5.838135242462158,0.8835999965667725,0.6022334694862366,0,0.42761635677503634,0.07576702969631047,0.026736355091016444,0.4997328022997531,0,6,0,0,0
2600,math_recurrent,0,,,,,,,,,,,,,,,,,,,,,,,,,,,,,,,,,,0.6970704197883606,0.0,0.0,5.838135242462158,0.8609499931335449,0.7554517984390259,0,0.42901785483688154,0.0586833779317593,0.03357087403373231,0.4363066326176363,0,6,0,0,0
2620,math_recurrent,0,,,,,,,,,,,,,,,,,,,,,,,,,,,,,,,,,,0.4702240228652954,0.0,0.0,5.838135242462158,0.8617500066757202,0.5286054015159607,0,0.43094651319261906,0.04437384437811228,0.02791767487938087,0.44788717561297947,0,6,0,0,0
2640,math_recurrent,0,,,,,,,,,,,,,,,,,,,,,,,,,,,,,,,,,,0.36812955141067505,0.0,0.0,5.838135242462158,0.8876000046730042,0.42651090025901794,0,0.4317038699843252,0.1055536111400995,0.026913511680646075,0.3246577349624463,0,6,0,0,0
2660,math_recurrent,0,,,,,,,,,,,,,,,,,,,,,,,,,,,,,,,,,,0.5128615498542786,0.0,0.0,5.838135242462158,0.8835999965667725,0.5712429285049438,0,0.4355958041545104,0.10683292290195823,0.029588434528855102,0.4532767732228552,0,6,0,0,0
2680,math_recurrent,0,,,,,,,,,,,,,,,,,,,,,,,,,,,,,,,,,,0.6750975251197815,0.0,0.0,5.838135242462158,0.8609499931335449,0.7334789037704468,0,0.43409482541579086,0.03792778994621975,0.026071640668022967,0.4179687760770321,0,6,0,0,0
2700,math_recurrent,0,,,,,,,,,,,,,,,,,,,,,,,,,,,,,,,,,,0.44264766573905945,0.0,0.0,5.838135242462158,0.8617500066757202,0.5010290145874023,0,0.4355942824846598,0.06884175302652043,0.03230672566116684,0.4374339372156158,0,6,0,0,0
2720,math_recurrent,0,,,,,,,,,,,,,,,,,,,,,,,,,,,,,,,,,,0.34329953789711,0.0,0.0,5.838135242462158,0.8876000046730042,0.4016808867454529,0,0.43524750028539355,0.1327368266481374,0.02626518650379564,0.30296919256567006,0,6,0,0,0
2740,math_recurrent,0,,,,,,,,,,,,,,,,,,,,,,,,,,,,,,,,,,0.48938700556755066,0.0,0.0,5.838135242462158,0.8835999965667725,0.5477683544158936,0,0.4383347732442579,0.10085985758009233,0.02942430030421487,0.4703569733552517,0,6,0,0,0
2750,,,,-0.035829257795092495,1.069314101928058,2.9133805324213484,,32,8415,0.03184542167238136,1.453958298363949,4.280022635996501,,32,14382,0.75103759765625,0.5375717059284651,1.2669996946242992,3.5501849283527824,,-0.22762469856106504,0.5393333743990993,1.7148633092823737,,32,6174,,0.008527892576354557,2.00539300380609,7.429012953486263,,32,3861,0,0.0,,,,,,,,,,,,,,,,
2760,math_recurrent,0,,,,,,,,,,,,,,,,,,,,,,,,,,,,,,,,,,0.6518367528915405,0.0,0.0,5.838135242462158,0.8609499931335449,0.7102181315422058,0,0.43912590894033526,0.044544882918541716,0.02533004517622647,0.4124001789187628,0,6,0,0,0
2780,math_recurrent,0,,,,,,,,,,,,,,,,,,,,,,,,,,,,,,,,,,0.42030149698257446,0.0,0.0,5.838135242462158,0.8617500066757202,0.47868284583091736,0,0.44242792709471385,0.09003526663790191,0.02805347887666098,0.4207021841808917,0,6,0,0,0
2800,math_recurrent,0,,,,,,,,,,,,,,,,,,,,,,,,,,,,,,,,,,0.3257545828819275,0.0,0.0,5.838135242462158,0.8876000046730042,0.3841359317302704,0,0.4412836678589553,0.13578768365550786,0.028528811104063474,0.28627360573127153,0,6,0,0,0
2820,math_recurrent,0,,,,,,,,,,,,,,,,,,,,,,,,,,,,,,,,,,0.46602752804756165,0.0,0.0,5.838135242462158,0.8835999965667725,0.5244088768959045,0,0.4441027525939871,0.09680488745964665,0.026434530859576567,0.4562894861967791,0,6,0,0,0
2840,math_recurrent,0,,,,,,,,,,,,,,,,,,,,,,,,,,,,,,,,,,0.6361382603645325,0.0,0.0,5.838135242462158,0.8609499931335449,0.6945196390151978,0,0.4452697155626096,0.051206564313490945,0.034278417601885776,0.4144736608224256,0,6,0,0,0
2860,math_recurrent,0,,,,,,,,,,,,,,,,,,,,,,,,,,,,,,,,,,0.4013311266899109,0.0,0.0,5.838135242462158,0.8617500066757202,0.4597124755382538,0,0.4461714560579007,0.0936956848599948,0.027643933031885396,0.4152843627783041,0,6,0,0,0
2880,math_recurrent,0,,,,,,,,,,,,,,,,,,,,,,,,,,,,,,,,,,0.3114878535270691,0.0,0.0,5.838135242462158,0.8876000046730042,0.369869202375412,0,0.4445502743034061,0.12707065911880427,0.03128002718874505,0.28789463612650124,0,6,0,0,0
2900,math_recurrent,0,,,,,,,,,,,,,,,,,,,,,,,,,,,,,,,,,,0.44789379835128784,0.0,0.0,5.838135242462158,0.8835999965667725,0.5062751770019531,0,0.4488027281901398,0.09972619529331236,0.029439132328751304,0.45503184529287477,0,6,0,0,0
2920,math_recurrent,0,,,,,,,,,,,,,,,,,,,,,,,,,,,,,,,,,,0.6196123361587524,0.0,0.0,5.838135242462158,0.8609499931335449,0.6779937148094177,0,0.44672341598080606,0.06881436082143669,0.0303027560483546,0.40974578825490815,0,6,0,0,0
2940,math_recurrent,0,,,,,,,,,,,,,,,,,,,,,,,,,,,,,,,,,,0.38778433203697205,0.0,0.0,5.838135242462158,0.8617500066757202,0.44616568088531494,0,0.4485675972259128,0.09564901989818152,0.02521671191493552,0.40251013779687506,0,6,0,0,0
2960,math_recurrent,0,,,,,,,,,,,,,,,,,,,,,,,,,,,,,,,,,,0.29818806052207947,0.0,0.0,5.838135242462158,0.8876000046730042,0.35656940937042236,0,0.4490380619023262,0.1542906077146264,0.026431535610130858,0.2775553355791739,0,6,0,0,0
2980,math_recurrent,0,,,,,,,,,,,,,,,,,,,,,,,,,,,,,,,,,,0.4157865345478058,0.0,0.0,5.838135242462158,0.8835999965667725,0.4741678833961487,0,0.45185784357094755,0.11487555530038662,0.024357222822598286,0.411075893647614,0,6,0,0,0
3000,math_recurrent,0,,,,,,,,,,,,,,,,,,,,,,,,,,,,,,,,,,0.6093499660491943,0.0,0.0,5.838135242462158,0.8609499931335449,0.6677313446998596,0,0.45280344754692997,0.027618363932041184,0.027716878798627664,0.40986119265121124,0,6,0,0,0
3000,,,,-0.032686596404068124,1.0724567633190825,2.9225507027607946,,32,8415,0.033253983386350994,1.4553668600779186,4.2860555598918335,,32,14382,0.75103759765625,0.5375717059284651,1.268195335014261,3.554432211450587,,-0.2314335681259111,0.5355245048342533,1.7083440420166276,,32,6174,,0.01256810059605451,2.00943321182579,7.459088425870901,,32,3861,0,0.0,,,,,,,,,,,,,,,,
3020,math_recurrent,0,,,,,,,,,,,,,,,,,,,,,,,,,,,,,,,,,,0.3718145489692688,0.0,0.0,5.838135242462158,0.8617500066757202,0.4301958978176117,0,0.45434102133871485,0.11485607608587348,0.0377902181368203,0.4021803403775843,0,6,0,0,0
3040,math_recurrent,0,,,,,,,,,,,,,,,,,,,,,,,,,,,,,,,,,,0.28582048416137695,0.0,0.0,5.838135242462158,0.8876000046730042,0.34420183300971985,0,0.45381151812097803,0.1404481169509901,0.03173909321176036,0.3343768529475681,0,6,0,0,0
3060,math_recurrent,0,,,,,,,,,,,,,,,,,,,,,,,,,,,,,,,,,,0.40389618277549744,0.0,0.0,5.838135242462158,0.8835999965667725,0.46227753162384033,0,0.4558407927016627,0.14237013162346557,0.02452481924334452,0.41482203069423873,0,6,0,0,0
3080,math_recurrent,0,,,,,,,,,,,,,,,,,,,,,,,,,,,,,,,,,,0.5938987731933594,0.0,0.0,5.838135242462158,0.8609499931335449,0.6522801518440247,0,0.4552278620582234,0.04486008321068117,0.029825205602017898,0.40803330237903296,0,6,0,0,0
3100,math_recurrent,0,,,,,,,,,,,,,,,,,,,,,,,,,,,,,,,,,,0.3577759861946106,0.0,0.0,5.838135242462158,0.8617500066757202,0.4161573350429535,0,0.45884288054625494,0.18065296251942137,0.031434890882866016,0.40314081266285884,0,6,0,0,0
3120,math_recurrent,0,,,,,,,,,,,,,,,,,,,,,,,,,,,,,,,,,,0.2718115448951721,0.0,0.0,5.838135242462158,0.8876000046730042,0.330192893743515,0,0.45485692367896297,0.11581162789869788,0.039069758394053064,0.267613118863295,0,6,0,0,0
3140,math_recurrent,0,,,,,,,,,,,,,,,,,,,,,,,,,,,,,,,,,,0.38631346821784973,0.0,0.0,5.838135242462158,0.8835999965667725,0.4446948170661926,0,0.4567477299507338,0.1007424094048994,0.030035053555750185,0.40986533721997626,0,6,0,0,0
3160,math_recurrent,0,,,,,,,,,,,,,,,,,,,,,,,,,,,,,,,,,,0.5802496671676636,0.0,0.0,5.838135242462158,0.8609499931335449,0.6386310458183289,0,0.4558446461021971,0.06372131989337504,0.028993644506212262,0.417168480039589,0,6,0,0,0
3180,math_recurrent,0,,,,,,,,,,,,,,,,,,,,,,,,,,,,,,,,,,0.3408035635948181,0.0,0.0,5.838135242462158,0.8617500066757202,0.399184912443161,0,0.47625353883242566,0.10845817918639764,0.02431187997128637,0.3719494480225775,0,6,0,0,0
3200,math_recurrent,0,,,,,,,,,,,,,,,,,,,,,,,,,,,,,,,,,,0.2640608549118042,0.0,0.0,5.838135242462158,0.8876000046730042,0.3224422037601471,0,0.4946560831323808,0.15642133618738235,0.025189927238823163,0.2730335961140337,0,6,0,0,0
3220,math_recurrent,0,,,,,,,,,,,,,,,,,,,,,,,,,,,,,,,,,,0.37000906467437744,0.0,0.0,5.838135242462158,0.8835999965667725,0.42839041352272034,0,0.5060392627102883,0.11333446555155595,0.025056508682402116,0.4669747922273855,0,6,0,0,0
3240,math_recurrent,0,,,,,,,,,,,,,,,,,,,,,,,,,,,,,,,,,,0.5640266537666321,0.0,0.0,5.838135242462158,0.8609499931335449,0.6224080324172974,0,0.5010124804105229,0.02749872060875142,0.025825620918638176,0.41101297940763215,0,6,0,0,0
3250,,,,-0.02940097566311084,1.0757423840600397,2.9321688881684165,,32,8415,0.03608699581616781,1.4581998725077354,4.298215224675883,,32,14382,0.75103759765625,0.5375717059284651,1.270299347252559,3.5619186533445726,,-0.23262667246609403,0.5343314004940704,1.706307024754281,,32,6174,,0.016058620718654826,2.01292373194839,7.485170016795716,,32,3861,0,0.0,,,,,,,,,,,,,,,,
3260,math_recurrent,0,,,,,,,,,,,,,,,,,,,,,,,,,,,,,,,,,,0.33055153489112854,0.0,0.0,5.838135242462158,0.8617500066757202,0.38893288373947144,0,0.5012750602348726,0.1506875704009352,0.02736215811917588,0.3817307547326126,0,6,0,0,0
3280,math_recurrent,0,,,,,,,,,,,,,,,,,,,,,,,,,,,,,,,,,,0.25356900691986084,0.0,0.0,5.838135242462158,0.8876000046730042,0.31195035576820374,0,0.5033484305446334,0.16939597504097037,0.030402581390022995,0.27094403533708483,0,6,0,0,0
3300,math_recurrent,0,,,,,,,,,,,,,,,,,,,,,,,,,,,,,,,,,,0.3679003417491913,0.0,0.0,5.838135242462158,0.8835999965667725,0.4262816905975342,0,0.5001774405671445,0.12234517577702977,0.029351330474610367,0.6100349588763146,0,6,0,0,0
3320,math_recurrent,0,,,,,,,,,,,,,,,,,,,,,,,,,,,,,,,,,,0.5544384717941284,0.0,0.0,5.838135242462158,0.8609499931335449,0.6128198504447937,0,0.49301703845894157,0.0391016471673668,0.02787844482957134,0.41665121808884636,0,6,0,0,0
3340,math_recurrent,0,,,,,,,,,,,,,,,,,,,,,,,,,,,,,,,,,,0.3249933421611786,0.0,0.0,5.838135242462158,0.8617500066757202,0.3833746910095215,0,0.4950250112104512,0.15232829496796643,0.028647240084255975,0.3894413547265151,0,6,0,0,0
3360,math_recurrent,0,,,,,,,,,,,,,,,,,,,,,,,,,,,,,,,,,,0.24182595312595367,0.0,0.0,5.838135242462158,0.8876000046730042,0.30020731687545776,0,0.49555907195755317,0.162447781917373,0.02863286664812929,0.2660566132160879,0,6,0,0,0
3380,math_recurrent,0,,,,,,,,,,,,,,,,,,,,,,,,,,,,,,,,,,0.3580906391143799,0.0,0.0,5.838135242462158,0.8835999965667725,0.4164719879627228,0,0.4934312116445045,0.13117605305160396,0.025185925764815202,0.4793988692145499,0,6,0,0,0
3400,math_recurrent,0,,,,,,,,,,,,,,,,,,,,,,,,,,,,,,,,,,0.5480957627296448,0.0,0.0,5.838135242462158,0.8609499931335449,0.6064771413803101,0,0.4902289824731433,0.04670084087410942,0.032366435185429594,0.4241334067923682,0,6,0,0,0
3420,math_recurrent,0,,,,,,,,,,,,,,,,,,,,,,,,,,,,,,,,,,0.3131931722164154,0.0,0.0,5.838135242462158,0.8617500066757202,0.3715745210647583,0,0.4876936735979073,0.13001515112617718,0.03430018014171057,0.3898252652869338,0,6,0,0,0
3440,math_recurrent,0,,,,,,,,,,,,,,,,,,,,,,,,,,,,,,,,,,0.2472328096628189,0.0,0.0,5.838135242462158,0.8876000046730042,0.305614173412323,0,0.48489213843292334,0.1393446932779625,0.03093206214437646,0.3326761765257707,0,6,0,0,0
3460,math_recurrent,0,,,,,,,,,,,,,,,,,,,,,,,,,,,,,,,,,,0.34267276525497437,0.0,0.0,5.838135242462158,0.8835999965667725,0.40105411410331726,0,0.4837002530054879,0.1024813358152252,0.03360007604258874,0.5175707417584601,0,6,0,0,0
3480,math_recurrent,0,,,,,,,,,,,,,,,,,,,,,,,,,,,,,,,,,,0.5408191084861755,0.0,0.0,5.838135242462158,0.8609499931335449,0.5992004871368408,0,0.47887108316919214,0.0433287790302919,0.029560218063286608,0.45636348959708967,0,6,0,0,0
3500,math_recurrent,0,,,,,,,,,,,,,,,,,,,,,,,,,,,,,,,,,,0.3035096228122711,0.0,0.0,5.838135242462158,0.8617500066757202,0.361890971660614,0,0.4835931258543195,0.18453139800112695,0.03179065962691629,0.3950319084737982,0,6,0,0,0
3500,,,,-0.02567737781073598,1.0794659819124146,2.943107458723345,,32,8415,0.038945174320005105,1.4610580510115727,4.3105178642306665,,32,14382,0.75103759765625,0.5375717059284651,1.2724607860040316,3.569625848666271,,-0.23404457084870778,0.5329135021114566,1.703889369183646,,32,6174,,0.019540497750946795,2.016405608980682,7.511277884175408,,32,3861,0,0.0,,,,,,,,,,,,,,,,
3520,math_recurrent,0,,,,,,,,,,,,,,,,,,,,,,,,,,,,,,,,,,0.2382129281759262,0.0,0.0,5.838135242462158,0.8876000046730042,0.2965942919254303,0,0.47883381702591155,0.11654203280964534,0.03453293416264748,0.298619623210222,0,6,0,0,0
3540,math_recurrent,0,,,,,,,,,,,,,,,,,,,,,,,,,,,,,,,,,,0.32614758610725403,0.0,0.0,5.838135242462158,0.8835999965667725,0.3845289349555969,0,0.4756330769802552,0.10815440948187773,0.03386942599013093,0.7059489063800327,0,6,0,0,0
3560,math_recurrent,0,,,,,,,,,,,,,,,,,,,,,,,,,,,,,,,,,,0.5345989465713501,0.0,0.0,5.838135242462158,0.8609499931335449,0.5929803252220154,0,0.47466708653124406,0.0358543503659478,0.03693778616124912,0.4205063100490305,0,6,0,0,0
3580,math_recurrent,0,,,,,,,,,,,,,,,,,,,,,,,,,,,,,,,,,,0.2973996102809906,0.0,0.0,5.838135242462158,0.8617500066757202,0.3557809591293335,0,0.47748825401976314,0.12596736269188114,0.024802284415013025,0.38352355562032214,0,6,0,0,0
3600,math_recurrent,0,,,,,,,,,,,,,,,,,,,,,,,,,,,,,,,,,,0.2311737835407257,0.0,0.0,5.838135242462158,0.8876000046730042,0.2895551323890686,0,0.47355091521773535,0.12714800276444294,0.03842549826802006,0.31816957107493804,0,6,0,0,0
3620,math_recurrent,0,,,,,,,,,,,,,,,,,,,,,,,,,,,,,,,,,,0.33200517296791077,0.0,0.0,5.838135242462158,0.8835999965667725,0.39038652181625366,0,0.47223505635937524,0.09936518893144759,0.04299079851129107,0.6964984244297421,0,6,0,0,0
3640,math_recurrent,0,,,,,,,,,,,,,,,,,,,,,,,,,,,,,,,,,,0.52798992395401,0.0,0.0,5.838135242462158,0.8609499931335449,0.5863713026046753,0,0.46601252626953127,0.04517998690010115,0.03510686685109422,0.42392442059658825,0,6,0,0,0
3649,,,0.171875,-0.024873875183359262,1.0802694845397913,2.9454732036129183,0.02347852737508349,32,8415,0.04096885769212388,1.4630817343836915,4.319249819934519,0.029194674427561518,32,14382,0.75103759765625,0.5375717059284651,1.2750044419966209,3.5787173067164564,0.046875,-0.2299915730161578,0.5369664999440066,1.710809242747523,,32,6174,0.046875,0.022834937889259166,2.0197000491189945,7.53606414553641,,32,3861,0,0.0,,,,,,,,,,,,,,,,
3660,medical_recurrent,0,,,,,,,,,,,,,,,,,,,,,,,,,,,,,,,,,,0.3329898416996002,0.0,0.0,5.838135242462158,0.3125999867916107,0.3913711905479431,0,0.13187063934333185,0.31877167519581107,0.17231312916274108,0.26020826513450296,0,6,0,0,0
3680,medical_recurrent,0,,,,,,,,,,,,,,,,,,,,,,,,,,,,,,,,,,1.0706804990768433,0.0,0.0,5.838135242462158,0.6582499742507935,1.1290618181228638,0,0.32745406176017317,0.1401441333457894,0.15871342104223984,2.964120782556988,0,6,0,0,0
3700,medical_recurrent,0,,,,,,,,,,,,,,,,,,,,,,,,,,,,,,,,,,0.7695291638374329,0.0,0.0,5.838135242462158,0.6424499750137329,0.8279105424880981,0,0.34853143370287015,0.19153561744938738,0.13246733147710088,1.7934480060187599,0,6,0,0,0
3720,medical_recurrent,0,,,,,,,,,,,,,,,,,,,,,,,,,,,,,,,,,,0.8974847793579102,0.0,0.0,5.838135242462158,0.5934000015258789,0.9558661580085754,0,0.1581641766416706,0.10104069398325269,0.13272856042262107,1.5324970614342461,0,6,0,0,0
3740,medical_recurrent,0,,,,,,,,,,,,,,,,,,,,,,,,,,,,,,,,,,0.23169615864753723,0.0,0.0,5.838135242462158,0.3125999867916107,0.2900775074958801,0,0.2957130399559239,0.09205320071695107,0.08363445682953748,0.13270371266241585,0,6,0,0,0
3750,,,,-0.022273396737364504,1.082869962985786,2.953142811194636,,32,8415,0.06287028504054537,1.484983161732113,4.4148910730341235,,32,14382,0.75103759765625,0.5375717059284651,1.184427260679229,3.2688141068572096,,-0.22403778827495469,0.5429202846852097,1.7210254149791013,,32,6174,,-0.3699294779159281,1.6269356333138072,5.088258513987358,,32,3861,0,0.0,,,,,,,,,,,,,,,,
3760,medical_recurrent,0,,,,,,,,,,,,,,,,,,,,,,,,,,,,,,,,,,0.47239696979522705,0.0,0.0,5.838135242462158,0.6582499742507935,0.5307783484458923,0,0.37550225895860706,0.12993412994962586,0.08770867588796785,1.2501287529629372,0,6,0,0,0
3780,medical_recurrent,0,,,,,,,,,,,,,,,,,,,,,,,,,,,,,,,,,,0.36860018968582153,0.0,0.0,5.838135242462158,0.6424499750137329,0.42698153853416443,0,0.39156308745377405,0.21017830714117736,0.07480429572659353,0.7231817329331997,0,6,0,0,0
3800,medical_recurrent,0,,,,,,,,,,,,,,,,,,,,,,,,,,,,,,,,,,0.5360236167907715,0.0,0.0,5.838135242462158,0.5934000015258789,0.5944049954414368,0,0.2634213337459956,0.13318646848451213,0.07403026444039175,0.8522070891090802,0,6,0,0,0
3820,medical_recurrent,0,,,,,,,,,,,,,,,,,,,,,,,,,,,,,,,,,,0.17008282244205475,0.0,0.0,5.838135242462158,0.3125999867916107,0.22846417129039764,0,0.37643115340342576,0.1491893427051504,0.0648484718926724,0.08216949595463655,0,6,0,0,0
3840,medical_recurrent,0,,,,,,,,,,,,,,,,,,,,,,,,,,,,,,,,,,0.3175700902938843,0.0,0.0,5.838135242462158,0.6582499742507935,0.3759514391422272,0,0.4151178177171079,0.2056031601012884,0.05215613117648495,0.8955145426685849,0,6,0,0,0
3860,medical_recurrent,0,,,,,,,,,,,,,,,,,,,,,,,,,,,,,,,,,,0.2625482976436615,0.0,0.0,5.838135242462158,0.6424499750137329,0.3209296464920044,0,0.427587081339579,0.19794040306338243,0.05835760546375125,0.43530093955378685,0,6,0,0,0
3880,medical_recurrent,0,,,,,,,,,,,,,,,,,,,,,,,,,,,,,,,,,,0.4046035408973694,0.0,0.0,5.838135242462158,0.5934000015258789,0.4629848897457123,0,0.33977781966504816,0.23029756386573094,0.03935847365637384,0.5624152673024033,0,6,0,0,0
3900,medical_recurrent,0,,,,,,,,,,,,,,,,,,,,,,,,,,,,,,,,,,0.15132202208042145,0.0,0.0,5.838135242462158,0.3125999867916107,0.20970337092876434,0,0.4185722282700715,0.14879086808650754,0.05509147855881897,0.06558942021358581,0,6,0,0,0
3920,medical_recurrent,0,,,,,,,,,,,,,,,,,,,,,,,,,,,,,,,,,,0.25144511461257935,0.0,0.0,5.838135242462158,0.6582499742507935,0.30982646346092224,0,0.43819640414219396,0.1998542265708758,0.05713335298859174,0.38944998806904235,0,6,0,0,0
3940,medical_recurrent,0,,,,,,,,,,,,,,,,,,,,,,,,,,,,,,,,,,0.22045433521270752,0.0,0.0,5.838135242462158,0.6424499750137329,0.2788356840610504,0,0.4474513852113403,0.21704075162831163,0.051222974283709415,0.3325997732579708,0,6,0,0,0
3960,medical_recurrent,0,,,,,,,,,,,,,,,,,,,,,,,,,,,,,,,,,,0.3288928270339966,0.0,0.0,5.838135242462158,0.5934000015258789,0.3872741758823395,0,0.3768924097183665,0.2470786832439314,0.04906145422497676,0.3863935712370134,0,6,0,0,0
3980,medical_recurrent,0,,,,,,,,,,,,,,,,,,,,,,,,,,,,,,,,,,0.13644227385520935,0.0,0.0,5.838135242462158,0.3125999867916107,0.19482362270355225,0,0.44941379219089217,0.17761153979310101,0.040745117958812485,0.055513329744812046,0,6,0,0,0
4000,medical_recurrent,0,,,,,,,,,,,,,,,,,,,,,,,,,,,,,,,,,,0.21376362442970276,0.0,0.0,5.838135242462158,0.6582499742507935,0.27214497327804565,0,0.4568706469329423,0.24397501814278907,0.05103477946083461,0.27455152254255993,0,6,0,0,0
4000,,,,-0.01829115561056338,1.0868522041125872,2.964926384894368,,32,8415,0.07526041327158084,1.4973732899631484,4.46993242009025,,32,14382,0.75103759765625,0.5375717059284651,1.1719073338766024,3.228143918645782,,-0.22207077861720403,0.5448872943429603,1.7244140202086273,,32,6174,,-0.4383485641420213,1.558516547087714,4.751766991522892,,32,3861,0,0.0,,,,,,,,,,,,,,,,
4020,medical_recurrent,0,,,,,,,,,,,,,,,,,,,,,,,,,,,,,,,,,,0.19306381046772003,0.0,0.0,5.838135242462158,0.6424499750137329,0.2514451742172241,0,0.4597256982676452,0.21760838151177658,0.055041147594059266,0.2825725854684909,0,6,0,0,0
4040,medical_recurrent,0,,,,,,,,,,,,,,,,,,,,,,,,,,,,,,,,,,0.28374770283699036,0.0,0.0,5.838135242462158,0.5934000015258789,0.34212905168533325,0,0.4102670692464415,0.23731679471477815,0.05286154455416614,0.3389655292270675,0,6,0,0,0
4060,medical_recurrent,0,,,,,,,,,,,,,,,,,,,,,,,,,,,,,,,,,,0.13350015878677368,0.0,0.0,5.838135242462158,0.3125999867916107,0.19188150763511658,0,0.4588979419138918,0.1541955038888513,0.04653994503711897,0.05457321882454885,0,6,0,0,0
4080,medical_recurrent,0,,,,,,,,,,,,,,,,,,,,,,,,,,,,,,,,,,0.18355923891067505,0.0,0.0,5.838135242462158,0.6582499742507935,0.24194058775901794,0,0.463463939648312,0.25380975379708354,0.03619494627022909,0.21772987963779578,0,6,0,0,0
4100,medical_recurrent,0,,,,,,,,,,,,,,,,,,,,,,,,,,,,,,,,,,0.17324115335941315,0.0,0.0,5.838135242462158,0.6424499750137329,0.23162250220775604,0,0.4687792706869818,0.24488476259700423,0.04018446762439987,0.24909683798277188,0,6,0,0,0
4120,medical_recurrent,0,,,,,,,,,,,,,,,,,,,,,,,,,,,,,,,,,,0.25207024812698364,0.0,0.0,5.838135242462158,0.5934000015258789,0.31045159697532654,0,0.43029265190737476,0.25743312681359903,0.05613518408130086,0.2956401906316243,0,6,0,0,0
4140,medical_recurrent,0,,,,,,,,,,,,,,,,,,,,,,,,,,,,,,,,,,0.12679217755794525,0.0,0.0,5.838135242462158,0.3125999867916107,0.18517352640628815,0,0.469890053636706,0.14039598895968602,0.05024042503376092,0.05735988012766318,0,6,0,0,0
4160,medical_recurrent,0,,,,,,,,,,,,,,,,,,,,,,,,,,,,,,,,,,0.16480980813503265,0.0,0.0,5.838135242462158,0.6582499742507935,0.22319115698337555,0,0.4696304269464906,0.20507320567984216,0.04648232606963979,0.18373109131223625,0,6,0,0,0
4180,medical_recurrent,0,,,,,,,,,,,,,,,,,,,,,,,,,,,,,,,,,,0.152970552444458,0.0,0.0,5.838135242462158,0.6424499750137329,0.2113519012928009,0,0.4733643665918637,0.224297618329209,0.05040715064202982,0.20941172314600814,0,6,0,0,0
4200,medical_recurrent,0,,,,,,,,,,,,,,,,,,,,,,,,,,,,,,,,,,0.2311180979013443,0.0,0.0,5.838135242462158,0.5934000015258789,0.2894994616508484,0,0.44216174221014554,0.285010458727941,0.04826680468099694,0.27557563769911964,0,6,0,0,0
4220,medical_recurrent,0,,,,,,,,,,,,,,,,,,,,,,,,,,,,,,,,,,0.1167541965842247,0.0,0.0,5.838135242462158,0.3125999867916107,0.1751355528831482,0,0.47484149933570247,0.15231281782949477,0.055012048823788524,0.044610155018283026,0,6,0,0,0
4240,medical_recurrent,0,,,,,,,,,,,,,,,,,,,,,,,,,,,,,,,,,,0.15470625460147858,0.0,0.0,5.838135242462158,0.6582499742507935,0.21308760344982147,0,0.47636319243607606,0.2388893649102621,0.03150150416093687,0.17334324281721836,0,6,0,0,0
4250,,,,-0.014894300745274425,1.0902490589778762,2.9750149344788275,,32,8415,0.08085545537336158,1.5029683320649292,4.4950119753313,,32,14382,0.75103759765625,0.5375717059284651,1.1696854906691851,3.220979451116665,,-0.22128679468904378,0.5456712782711206,1.7257664631634642,,32,6174,,-0.45701181786692047,1.5398532933628148,4.663905994830777,,32,3861,0,0.0,,,,,,,,,,,,,,,,
4260,medical_recurrent,0,,,,,,,,,,,,,,,,,,,,,,,,,,,,,,,,,,0.13751445710659027,0.0,0.0,5.838135242462158,0.6424499750137329,0.19589580595493317,0,0.48365733257215826,0.23379599959922157,0.033284628526529386,0.18894061325857092,0,6,0,0,0
4280,medical_recurrent,0,,,,,,,,,,,,,,,,,,,,,,,,,,,,,,,,,,0.21304596960544586,0.0,0.0,5.838135242462158,0.5934000015258789,0.27142733335494995,0,0.4548028116356466,0.2963166469791239,0.03653819448506785,0.26234611579704853,0,6,0,0,0
4300,medical_recurrent,0,,,,,,,,,,,,,,,,,,,,,,,,,,,,,,,,,,0.1168898195028305,0.0,0.0,5.838135242462158,0.3125999867916107,0.1752711683511734,0,0.4839293077205844,0.18649864338970343,0.04203093775976745,0.04463474913130677,0,6,0,0,0
4320,medical_recurrent,0,,,,,,,,,,,,,,,,,,,,,,,,,,,,,,,,,,0.14114506542682648,0.0,0.0,5.838135242462158,0.6582499742507935,0.19952641427516937,0,0.48012801569251,0.22222080836737795,0.039353253237075274,0.15373718050855495,0,6,0,0,0
4340,medical_recurrent,0,,,,,,,,,,,,,,,,,,,,,,,,,,,,,,,,,,0.12843498587608337,0.0,0.0,5.838135242462158,0.6424499750137329,0.18681633472442627,0,0.4822789063265324,0.22230461150008654,0.039591904258030275,0.1789440711753236,0,6,0,0,0
4360,medical_recurrent,0,,,,,,,,,,,,,,,,,,,,,,,,,,,,,,,,,,0.1956702619791031,0.0,0.0,5.838135242462158,0.5934000015258789,0.2540516257286072,0,0.46200278630644653,0.28416777158937684,0.03673634234342783,0.24809201297660669,0,6,0,0,0
4380,medical_recurrent,0,,,,,,,,,,,,,,,,,,,,,,,,,,,,,,,,,,0.11110568791627884,0.0,0.0,5.838135242462158,0.3125999867916107,0.16948704421520233,0,0.4872378312730472,0.19165693853366456,0.03477189124576629,0.04255458886794273,0,6,0,0,0
4400,medical_recurrent,0,,,,,,,,,,,,,,,,,,,,,,,,,,,,,,,,,,0.13349629938602448,0.0,0.0,5.838135242462158,0.6582499742507935,0.19187764823436737,0,0.48234950222139633,0.20646232231852732,0.0481236318821117,0.14902690996135037,0,6,0,0,0
4420,medical_recurrent,0,,,,,,,,,,,,,,,,,,,,,,,,,,,,,,,,,,0.1256224364042282,0.0,0.0,5.838135242462158,0.6424499750137329,0.1840037852525711,0,0.4838189620564525,0.21831444419305107,0.041170122002857544,0.21212130376980418,0,6,0,0,0
4440,medical_recurrent,0,,,,,,,,,,,,,,,,,,,,,,,,,,,,,,,,,,0.17861716449260712,0.0,0.0,5.838135242462158,0.5934000015258789,0.23699851334095,0,0.4669276588981989,0.28675145610967384,0.04461678052912393,0.21983733850693893,0,6,0,0,0
4460,medical_recurrent,0,,,,,,,,,,,,,,,,,,,,,,,,,,,,,,,,,,0.10630286484956741,0.0,0.0,5.838135242462158,0.3125999867916107,0.1646842211484909,0,0.4875231603738367,0.1692225438143526,0.059402192092781504,0.0405394242884266,0,6,0,0,0
4480,medical_recurrent,0,,,,,,,,,,,,,,,,,,,,,,,,,,,,,,,,,,0.12776407599449158,0.0,0.0,5.838135242462158,0.6582499742507935,0.18614542484283447,0,0.48778732928031504,0.25255602062679827,0.03406038517058487,0.14307632935898645,0,6,0,0,0
4500,medical_recurrent,0,,,,,,,,,,,,,,,,,,,,,,,,,,,,,,,,,,0.11608611047267914,0.0,0.0,5.838135242462158,0.6424499750137329,0.17446745932102203,0,0.4887279414421291,0.2557421603788888,0.03651434478630859,0.15699113133466905,0,6,0,0,0
4500,,,,-0.01215381860308029,1.0929895411200703,2.9831790915332688,,32,8415,0.08688221659452777,1.5089950932860954,4.522184137012847,,32,14382,0.75103759765625,0.5375717059284651,1.1694247610324657,3.220139755785981,,-0.21949303679223742,0.547465036167927,1.7288648484305553,,32,6174,,-0.46861573767396525,1.52824937355577,4.610099192349786,,32,3861,0,0.0,,,,,,,,,,,,,,,,
4520,medical_recurrent,0,,,,,,,,,,,,,,,,,,,,,,,,,,,,,,,,,,0.16424228250980377,0.0,0.0,5.838135242462158,0.5934000015258789,0.22262363135814667,0,0.47562767528167715,0.31833070834233823,0.03987114769037044,0.2052040120409358,0,6,0,0,0
4540,medical_recurrent,0,,,,,,,,,,,,,,,,,,,,,,,,,,,,,,,,,,0.10338786989450455,0.0,0.0,5.838135242462158,0.3125999867916107,0.16176922619342804,0,0.49176526548592825,0.1952054664642284,0.036163389973253725,0.039598131269246106,0,6,0,0,0
4560,medical_recurrent,0,,,,,,,,,,,,,,,,,,,,,,,,,,,,,,,,,,0.12087475508451462,0.0,0.0,5.838135242462158,0.6582499742507935,0.1792561113834381,0,0.4926837326856607,0.25001523926454994,0.032172910404938554,0.13420541319582197,0,6,0,0,0
4580,medical_recurrent,0,,,,,,,,,,,,,,,,,,,,,,,,,,,,,,,,,,0.10927381366491318,0.0,0.0,5.838135242462158,0.6424499750137329,0.16765516996383667,0,0.491922843642318,0.19743651464315398,0.05558027917933133,0.15586988694433654,0,6,0,0,0
4600,medical_recurrent,0,,,,,,,,,,,,,,,,,,,,,,,,,,,,,,,,,,0.15716804563999176,0.0,0.0,5.838135242462158,0.5934000015258789,0.21554939448833466,0,0.4776932377254406,0.2953377708992256,0.037488575950117106,0.19240689196934305,0,6,0,0,0
4620,medical_recurrent,0,,,,,,,,,,,,,,,,,,,,,,,,,,,,,,,,,,0.10679352283477783,0.0,0.0,5.838135242462158,0.3125999867916107,0.16517487168312073,0,0.4922167152161963,0.15910389260222604,0.040996712339775906,0.051409366598264096,0,6,0,0,0
4640,medical_recurrent,0,,,,,,,,,,,,,,,,,,,,,,,,,,,,,,,,,,0.114104263484478,0.0,0.0,5.838135242462158,0.6582499742507935,0.1724856197834015,0,0.4933776603097744,0.24926202910553133,0.029077859310108044,0.1249199667383754,0,6,0,0,0
4660,medical_recurrent,0,,,,,,,,,,,,,,,,,,,,,,,,,,,,,,,,,,0.11014424264431,0.0,0.0,5.838135242462158,0.6424499750137329,0.1685255914926529,0,0.5139926284180737,0.23402825139263378,0.03407862490663926,0.17752007057387678,0,6,0,0,0
4680,medical_recurrent,0,,,,,,,,,,,,,,,,,,,,,,,,,,,,,,,,,,0.14774569869041443,0.0,0.0,5.838135242462158,0.5934000015258789,0.20612704753875732,0,0.5438761250267367,0.3499342853402985,0.024580764309281394,0.1840209788154988,0,6,0,0,0
4700,medical_recurrent,0,,,,,,,,,,,,,,,,,,,,,,,,,,,,,,,,,,0.102537602186203,0.0,0.0,5.838135242462158,0.3125999867916107,0.1609189510345459,0,0.575904005740288,0.19639298911871655,0.03745522347411939,0.043815228511534986,0,6,0,0,0
4720,medical_recurrent,0,,,,,,,,,,,,,,,,,,,,,,,,,,,,,,,,,,0.10868154466152191,0.0,0.0,5.838135242462158,0.6582499742507935,0.1670628935098648,0,0.5810829984350399,0.23775154297306603,0.039287159126251935,0.11493658053260002,0,6,0,0,0
4740,medical_recurrent,0,,,,,,,,,,,,,,,,,,,,,,,,,,,,,,,,,,0.09885038435459137,0.0,0.0,5.838135242462158,0.6424499750137329,0.15723173320293427,0,0.57357695354281,0.21563151904514857,0.036124893661499735,0.1718439075327109,0,6,0,0,0
4750,,,,-0.011188998933498562,1.093954360789652,2.986058710331713,,32,8415,0.09065162765848811,1.5127645043500557,4.539262274972091,,32,14382,0.75103759765625,0.5375717059284651,1.169504765295788,3.2203973910007573,,-0.21817541539495267,0.5487826575652117,1.7311443391709578,,32,6174,,-0.4743475727515034,1.522517538478232,4.583750449550538,,32,3861,0,0.0,,,,,,,,,,,,,,,,
4760,medical_recurrent,0,,,,,,,,,,,,,,,,,,,,,,,,,,,,,,,,,,0.140855073928833,0.0,0.0,5.838135242462158,0.5934000015258789,0.1992364227771759,0,0.5643624849183712,0.27323490080224083,0.04376534704000704,0.17908025414993367,0,6,0,0,0
4780,medical_recurrent,0,,,,,,,,,,,,,,,,,,,,,,,,,,,,,,,,,,0.09977895766496658,0.0,0.0,5.838135242462158,0.3125999867916107,0.15816031396389008,0,0.5713516843816947,0.16658755747734436,0.0358618456500745,0.04146382273544395,0,6,0,0,0
4800,medical_recurrent,0,,,,,,,,,,,,,,,,,,,,,,,,,,,,,,,,,,0.1045679822564125,0.0,0.0,5.838135242462158,0.6582499742507935,0.162949338555336,0,0.569567912020051,0.24568577662492835,0.03441186217472903,0.10960946020093702,0,6,0,0,0
4820,medical_recurrent,0,,,,,,,,,,,,,,,,,,,,,,,,,,,,,,,,,,0.0918811559677124,0.0,0.0,5.838135242462158,0.6424499750137329,0.1502625048160553,0,0.5589887331319238,0.1792299068318763,0.04329919794958735,0.1872826937911293,0,6,0,0,0
4840,medical_recurrent,0,,,,,,,,,,,,,,,,,,,,,,,,,,,,,,,,,,0.13319681584835052,0.0,0.0,5.838135242462158,0.5934000015258789,0.19157816469669342,0,0.544687358161432,0.27704459912326584,0.04658454749141894,0.1681413396158152,0,6,0,0,0
4860,medical_recurrent,0,,,,,,,,,,,,,,,,,,,,,,,,,,,,,,,,,,0.09950312972068787,0.0,0.0,5.838135242462158,0.3125999867916107,0.15788447856903076,0,0.5529092025421365,0.1984461520707035,0.033433417856161086,0.04116653969274863,0,6,0,0,0
4880,medical_recurrent,0,,,,,,,,,,,,,,,,,,,,,,,,,,,,,,,,,,0.0999470129609108,0.0,0.0,5.838135242462158,0.6582499742507935,0.1583283692598343,0,0.5497514999502064,0.24621998684597202,0.031121763665347347,0.1025421236774751,0,6,0,0,0
4900,medical_recurrent,0,,,,,,,,,,,,,,,,,,,,,,,,,,,,,,,,,,0.09208209812641144,0.0,0.0,5.838135242462158,0.6424499750137329,0.15046344697475433,0,0.5395067775760019,0.17808955448812672,0.04563238001650288,0.23487336923264795,0,6,0,0,0
4920,medical_recurrent,0,,,,,,,,,,,,,,,,,,,,,,,,,,,,,,,,,,0.12949839234352112,0.0,0.0,5.838135242462158,0.5934000015258789,0.187879741191864,0,0.5250915259739044,0.30599687028942363,0.038945134604970615,0.18057751543524247,0,6,0,0,0
4940,medical_recurrent,0,,,,,,,,,,,,,,,,,,,,,,,,,,,,,,,,,,0.09764285385608673,0.0,0.0,5.838135242462158,0.3125999867916107,0.15602420270442963,0,0.5337325967786009,0.19054064702192722,0.03915400196399007,0.04135388909351258,0,6,0,0,0
4949,,,0.15625,-0.007793250171754362,1.0973501095513962,2.9962158512889743,0.04055915238668839,32,8415,0.09487042926379319,1.5169833059553608,4.558452974357876,0.08309624599923082,32,14382,0.75103759765625,0.5375717059284651,1.172141391560607,3.2288995789656156,0.046875,-0.21762913146913343,0.549328941491031,1.7320902938531137,0.012362441547024372,32,6174,0.015625,-0.47196190198509536,1.52490320924464,4.59469882341362,,32,3861,0,0.0,,,,,,,,,,,,,,,,
4950,,,,-0.00849860696231608,1.0966447527608345,2.9941031952680066,,32,8415,0.09488367858640578,1.5169965552779734,4.558513371172055,,32,14382,0.75103759765625,0.5375717059284651,1.1721269417277667,3.2288529222435334,,-0.21747763102055373,0.5494804419396107,1.7323527261884195,,32,6174,,-0.47147909429708745,1.5253860169326479,4.596917714935485,,32,3861,0,0.0,,,,,,,,,,,,,,,,
4960,code_revisit,0,,,,,,,,,,,,,,,,,,,,,,,,,,,,,,,,,,0.3557567894458771,0.0,0.0,5.838135242462158,0.9093500375747681,0.41413813829421997,0,0.4503273556933044,0.2873746772695865,0.10754537403820053,0.8016168153356938,0,6,0,0,0
4980,code_revisit,0,,,,,,,,,,,,,,,,,,,,,,,,,,,,,,,,,,0.31115761399269104,0.0,0.0,5.838135242462158,0.9125499725341797,0.36953896284103394,0,0.20405877076258291,0.07914848587409194,0.10184766617973172,0.9918915053563458,0,6,0,0,0
5000,code_revisit,0,,,,,,,,,,,,,,,,,,,,,,,,,,,,,,,,,,0.21521258354187012,0.0,0.0,5.838135242462158,0.9013000130653381,0.273593932390213,0,0.4052963594905907,0.09696159636327398,0.06946396703077924,0.8758906615277132,0,6,0,0,0
5000,,,,-0.04429310046698598,1.0608502592561646,2.8888261965517534,,32,8415,0.09372970587420482,1.5158425825657724,4.553256005145402,,32,14382,0.75103759765625,0.5375717059284651,1.164255142184512,3.20353581561075,,-0.21505516603381503,0.5519029069263494,1.736554377133718,,32,6174,,-0.4684402912399739,1.5284248199897614,4.610908088770351,,32,3861,0,0.0,,,,,,,,,,,,,,,,
5020,code_revisit,0,,,,,,,,,,,,,,,,,,,,,,,,,,,,,,,,,,0.2887761890888214,0.0,0.0,5.838135242462158,0.8962500095367432,0.3471575379371643,0,0.38545309506150777,0.03787442370126622,0.07844770677860767,0.7918477737004794,0,6,0,0,0
5040,code_revisit,0,,,,,,,,,,,,,,,,,,,,,,,,,,,,,,,,,,0.28628405928611755,0.0,0.0,5.838135242462158,0.9093500375747681,0.34466540813446045,0,0.40046729696630173,0.043029902232644544,0.05208497182392175,0.5075922616240051,0,6,0,0,0
5050,,,,-0.0429752016662488,1.0621681580569018,2.892635886973539,,32,8415,0.09249844403214524,1.5146113207237129,4.547653204734138,,32,14382,0.75103759765625,0.5375717059284651,1.1644269315206504,3.2040861961752114,,-0.21582744265977416,0.5511306303003902,1.735213794495497,,32,6174,,-0.46706749422813876,1.5297976170015966,4.617242276398617,,32,3861,0,0.0,,,,,,,,,,,,,,,,
5060,code_revisit,0,,,,,,,,,,,,,,,,,,,,,,,,,,,,,,,,,,0.2632615864276886,0.0,0.0,5.838135242462158,0.9125499725341797,0.3216429352760315,0,0.26765777804923646,0.036638827559987215,0.06302567160289203,0.6144322917574928,0,6,0,0,0
5080,code_revisit,0,,,,,,,,,,,,,,,,,,,,,,,,,,,,,,,,,,0.17778639495372772,0.0,0.0,5.838135242462158,0.9013000130653381,0.23616774380207062,0,0.3943920692695689,-0.012766295293528986,0.06881581979049814,0.5146226790216234,0,6,0,0,0
5100,code_revisit,0,,,,,,,,,,,,,,,,,,,,,,,,,,,,,,,,,,0.2760668396949768,0.0,0.0,5.838135242462158,0.8962500095367432,0.3344481885433197,0,0.4170431637351259,0.009811742183436374,0.05709616572980488,0.8162960665330053,0,6,0,0,0
5100,,,,-0.04735435989026282,1.0577889998328878,2.879996272375308,,32,8415,0.09350618190815774,1.5156190585997253,4.5522383570433105,,32,14382,0.75103759765625,0.5375717059284651,1.1642477596832246,3.203512165590765,,-0.21467437842998993,0.5522836945301745,1.7372157614293775,,32,6174,,-0.46556582545962444,1.5312992857701109,4.624181053490257,,32,3861,0,0.0,,,,,,,,,,,,,,,,
5120,code_revisit,0,,,,,,,,,,,,,,,,,,,,,,,,,,,,,,,,,,0.2700778543949127,0.0,0.0,5.838135242462158,0.9093500375747681,0.3284592032432556,0,0.44578672900408567,0.01894999742009012,0.05743544042583496,0.48302823159666286,0,6,0,0,0
5140,code_revisit,0,,,,,,,,,,,,,,,,,,,,,,,,,,,,,,,,,,0.2738156318664551,0.0,0.0,5.838135242462158,0.9125499725341797,0.332196980714798,0,0.3515205572222481,0.08192185489211365,0.04931811599341768,0.6286796346188537,0,6,0,0,0
5150,,,,-0.05157715133875507,1.0535662083843955,2.8678602906386113,,32,8415,0.09217277041994776,1.5142856471115154,4.546172395231309,,32,14382,0.75103759765625,0.5375717059284651,1.162749223825252,3.1987151828621694,,-0.21496973757532223,0.5519883353848422,1.7367027346341315,,32,6174,,-0.465708406809481,1.5311567044202543,4.623521778514944,,32,3861,0,0.0,,,,,,,,,,,,,,,,
5160,code_revisit,0,,,,,,,,,,,,,,,,,,,,,,,,,,,,,,,,,,0.15851810574531555,0.0,0.0,5.838135242462158,0.9013000130653381,0.21689945459365845,0,0.4355699128251522,0.06985271358072558,0.058361826242790335,0.4033499296222414,0,6,0,0,0
5180,code_revisit,0,,,,,,,,,,,,,,,,,,,,,,,,,,,,,,,,,,0.2591482400894165,0.0,0.0,5.838135242462158,0.8962500095367432,0.3175295889377594,0,0.4467712488366753,-0.022682190423178587,0.07898306021954686,0.5235089591926052,0,6,0,0,0
5200,code_revisit,0,,,,,,,,,,,,,,,,,,,,,,,,,,,,,,,,,,0.26603788137435913,0.0,0.0,5.838135242462158,0.9093500375747681,0.324419230222702,0,0.47932419232441437,0.025755351525731385,0.039926968160868874,0.507332238608173,0,6,0,0,0
5200,,,,-0.04241443255510058,1.06272892716805,2.894258442725807,,32,8415,0.09406940119105034,1.516182277882618,4.554802987623224,,32,14382,0.75103759765625,0.5375717059284651,1.166207224864121,3.209795490103216,,-0.21369810756217478,0.5532599653979896,1.738912582712193,,32,6174,,-0.4642073822219086,1.5326577290078267,4.630467009562945,,32,3861,0,0.0,,,,,,,,,,,,,,,,
5220,code_revisit,0,,,,,,,,,,,,,,,,,,,,,,,,,,,,,,,,,,0.24641434848308563,0.0,0.0,5.838135242462158,0.9125499725341797,0.3047957122325897,0,0.4102222042632483,0.05376779766395755,0.056274057827919485,0.5139702628174472,0,6,0,0,0
5240,code_revisit,0,,,,,,,,,,,,,,,,,,,,,,,,,,,,,,,,,,0.1493055522441864,0.0,0.0,5.838135242462158,0.9013000130653381,0.2076869010925293,0,0.5009997211285733,0.0494078512212062,0.03866380092554859,0.37196925896855576,0,6,0,0,0
5250,,,,-0.044591030363376305,1.0605523293597743,2.8879656570589116,,32,8415,0.09338028363633799,1.5154931603279056,4.551665274177076,,32,14382,0.75103759765625,0.5375717059284651,1.1657123874017887,3.2082075559653394,,-0.21325779980658566,0.5537002731535787,1.7396784079956857,,32,6174,,-0.4637613244638392,1.533103786765896,4.632532926020823,,32,3861,0,0.0,,,,,,,,,,,,,,,,
5260,code_revisit,0,,,,,,,,,,,,,,,,,,,,,,,,,,,,,,,,,,0.23862361907958984,0.0,0.0,5.838135242462158,0.8962500095367432,0.29700496792793274,0,0.4612863298020134,0.036911229891951995,0.03983556023384962,0.40798281108930945,0,6,0,0,0
5280,code_revisit,0,,,,,,,,,,,,,,,,,,,,,,,,,,,,,,,,,,0.25518929958343506,0.0,0.0,5.838135242462158,0.9093500375747681,0.31357064843177795,0,0.5054538943735809,0.05495199396266669,0.03970052097953619,0.3839868790869202,0,6,0,0,0
5300,code_revisit,0,,,,,,,,,,,,,,,,,,,,,,,,,,,,,,,,,,0.2257297784090042,0.0,0.0,5.838135242462158,0.9125499725341797,0.2841111421585083,0,0.44932408105237304,0.07677069489519843,0.04568612848275474,0.38185392353861103,0,6,0,0,0
5300,,,,-0.03753298727161325,1.0676103724515373,2.9084211460579388,,32,8415,0.0939233955231582,1.5160362722147258,4.554138009117396,,32,14382,0.75103759765625,0.5375717059284651,1.167813060322373,3.214954034293016,,-0.21377109963800445,0.5531869733221599,1.7387856605053085,,32,6174,,-0.46244648792866583,1.5344186233010695,4.638627955668093,,32,3861,0,0.0,,,,,,,,,,,,,,,,
5320,code_revisit,0,,,,,,,,,,,,,,,,,,,,,,,,,,,,,,,,,,0.13833729922771454,0.0,0.0,5.838135242462158,0.9013000130653381,0.19671864807605743,0,0.4662019551195335,0.0605654757153908,0.041830031302506246,0.3274978251447753,0,6,0,0,0
5340,code_revisit,0,,,,,,,,,,,,,,,,,,,,,,,,,,,,,,,,,,0.2321704924106598,0.0,0.0,5.838135242462158,0.8962500095367432,0.2905518412590027,0,0.44311659506777146,0.013390665986142787,0.0522575607900286,0.34031448301578326,0,6,0,0,0
5350,,,,-0.03999269318878107,1.0651506665343695,2.901276076342889,,32,8415,0.09484189356704564,1.5169547702586132,4.558322897582086,,32,14382,0.75103759765625,0.5375717059284651,1.1673487064388706,3.213461504459741,,-0.21287385614937016,0.5540842168107942,1.740346474727816,,32,6174,,-0.46365993907803005,1.5332051721517053,4.633002620968501,,32,3861,0,0.0,,,,,,,,,,,,,,,,
5360,code_revisit,0,,,,,,,,,,,,,,,,,,,,,,,,,,,,,,,,,,0.24935604631900787,0.0,0.0,5.838135242462158,0.9093500375747681,0.30773741006851196,0,0.4610986273385222,0.03616308657469095,0.044363751280165856,0.3504137980086463,0,6,0,0,0
5380,code_revisit,0,,,,,,,,,,,,,,,,,,,,,,,,,,,,,,,,,,0.20958422124385834,0.0,0.0,5.838135242462158,0.9125499725341797,0.2679655849933624,0,0.45758468732839125,0.07632605748325919,0.03505107534103214,0.32184764212440875,0,6,0,0,0
5399,,,0.140625,-0.02997439424692705,1.0751689654762235,2.930488010006498,,32,8415,0.09514084785343657,1.5172537245450042,4.559685831468386,0.0833666645888742,32,14382,0.75103759765625,0.5375717059284651,1.1704247383588657,3.2233614330632605,0.03125,-0.21234810263507375,0.5546099703250906,1.7412617085756212,0.017643470381084048,32,6174,0.0,-0.4621988181405907,1.5346662930891446,4.639776945950048,0.009763083844504639,32,3861,0,0.0,,,,,,,,,,,,,,,,
5400,mixed_tail,0,,,,,,,,,,,,,,,,,,,,,,,,,,,,,,,,,,0.9841101169586182,0.0,0.0,5.838135242462158,0.6079000234603882,1.0424914360046387,0,0.4005039118303389,-0.005099297677848621,0.037919697424189915,1.2613170852027242,0,6,0,0,0
5420,mixed_tail,0,,,,,,,,,,,,,,,,,,,,,,,,,,,,,,,,,,0.4431098699569702,0.0,0.0,5.838135242462158,0.8603500127792358,0.5014912486076355,0,0.45409776008380526,0.0502939594423099,0.0663538927567147,0.8432716018268985,0,6,0,0,0
5440,mixed_tail,0,,,,,,,,,,,,,,,,,,,,,,,,,,,,,,,,,,0.3982594609260559,0.0,0.0,5.838135242462158,0.9178500175476074,0.4566408097743988,0,0.4483756769793451,0.021296279255433807,0.06419065204995965,0.8171686176269773,0,6,0,0,0
5460,mixed_tail,0,,,,,,,,,,,,,,,,,,,,,,,,,,,,,,,,,,0.8711274266242981,0.0,0.0,5.838135242462158,0.6711499691009521,0.9295088052749634,0,0.3827334933566834,0.05195883014156217,0.05124948091272797,0.8974596219639929,0,6,0,0,0
5480,mixed_tail,0,,,,,,,,,,,,,,,,,,,,,,,,,,,,,,,,,,0.643252432346344,0.0,0.0,5.838135242462158,0.8730499744415283,0.7016338109970093,0,0.4941118260775642,-0.0014946036733038323,0.05672878164295403,0.7628861339792373,0,6,0,0,0
5500,mixed_tail,0,,,,,,,,,,,,,,,,,,,,,,,,,,,,,,,,,,0.6974296569824219,0.0,0.0,5.838135242462158,0.871749997138977,0.7558110356330872,0,0.482678542724826,0.06907885304618892,0.055583476332858914,1.089441732045204,0,6,0,0,0
5500,,,,-0.08591588202219813,1.0192274777009525,2.771053236464911,,32,8415,0.06978203480805001,1.4918949114996176,4.445511393477954,,32,14382,0.75103759765625,0.5375717059284651,1.1424429432363263,3.1344162206503206,,-0.22863642745393364,0.5383216455062307,1.7131292098921986,,32,6174,,-0.47653737299123056,1.5203277382385048,4.573723933757224,,32,3861,0,0.0,,,,,,,,,,,,,,,,
5520,mixed_tail,0,,,,,,,,,,,,,,,,,,,,,,,,,,,,,,,,,,0.6875923871994019,0.0,0.0,5.838135242462158,0.7684999704360962,0.7459737658500671,0,0.2978881458732078,0.06534435765934177,0.044289172448158734,0.6790808808472422,0,6,0,0,0
5540,mixed_tail,0,,,,,,,,,,,,,,,,,,,,,,,,,,,,,,,,,,1.006801962852478,0.0,0.0,5.838135242462158,0.6209999918937683,1.0651832818984985,0,0.4638445177184584,0.042293386039091274,0.05222549767100385,1.8303404630176605,0,6,0,0,0
5560,mixed_tail,0,,,,,,,,,,,,,,,,,,,,,,,,,,,,,,,,,,0.9827324748039246,0.0,0.0,5.838135242462158,0.6209499835968018,1.0411138534545898,0,0.4442351380519915,0.07277946119471121,0.06734624965086816,1.251869728167852,0,6,0,0,0
5580,mixed_tail,0,,,,,,,,,,,,,,,,,,,,,,,,,,,,,,,,,,1.2222472429275513,0.0,0.0,5.838135242462158,0.8316999673843384,1.2806285619735718,0,0.37537814891680166,0.09916759968369401,0.05182745020895723,0.4682046109485248,0,6,0,0,0
5600,mixed_tail,0,,,,,,,,,,,,,,,,,,,,,,,,,,,,,,,,,,0.42410245537757874,0.0,0.0,5.838135242462158,0.8810499906539917,0.48248380422592163,0,0.3909066192075846,0.02362592270635235,0.05036722180537052,0.6708206444742187,0,6,0,0,0
5620,mixed_tail,0,,,,,,,,,,,,,,,,,,,,,,,,,,,,,,,,,,1.2112340927124023,0.0,0.0,5.838135242462158,0.8086000084877014,1.2696154117584229,0,0.3875281165216155,0.03796873488110058,0.05371210561060007,0.424037246134073,0,6,0,0,0
5640,mixed_tail,0,,,,,,,,,,,,,,,,,,,,,,,,,,,,,,,,,,0.8585959076881409,0.0,0.0,5.838135242462158,0.6338499784469604,0.9169772863388062,0,0.3989352834740952,0.012621531061345845,0.03646474504577262,1.178542697358699,0,6,0,0,0
5660,mixed_tail,0,,,,,,,,,,,,,,,,,,,,,,,,,,,,,,,,,,1.1896549463272095,0.0,0.0,5.838135242462158,0.8112499713897705,1.24803626537323,0,0.44863517685700127,0.07009829338390514,0.06898628557840038,0.45143202047735925,0,6,0,0,0
5680,mixed_tail,0,,,,,,,,,,,,,,,,,,,,,,,,,,,,,,,,,,0.7423032522201538,0.0,0.0,5.838135242462158,0.8532999753952026,0.8006846308708191,0,0.4537605522312992,0.022858115979553468,0.046604908715992696,0.8980709510426673,0,6,0,0,0
5700,mixed_tail,0,,,,,,,,,,,,,,,,,,,,,,,,,,,,,,,,,,1.1939606666564941,0.0,0.0,5.838135242462158,0.8317999839782715,1.2523419857025146,0,0.4417303290842259,0.08293820012477227,0.04244598539487,0.9540764137392952,0,6,0,0,0
5720,mixed_tail,0,,,,,,,,,,,,,,,,,,,,,,,,,,,,,,,,,,0.8977652192115784,0.0,0.0,5.838135242462158,0.6233999729156494,0.9561465978622437,0,0.4159156643303402,0.10433130478486419,0.047950368596329576,1.0477575534392918,0,6,0,0,0
5740,mixed_tail,0,,,,,,,,,,,,,,,,,,,,,,,,,,,,,,,,,,0.8475135564804077,0.0,0.0,5.838135242462158,0.8817499876022339,0.905894935131073,0,0.44741275880740655,0.06582007158015456,0.04661188320596776,1.623918164012924,0,6,0,0,0
5750,,,,-0.10538466437119354,0.999758695351957,2.7176259735527486,,32,8415,0.05246878592000859,1.4745816626115762,4.36920758766559,,32,14382,0.75103759765625,0.5375717059284651,1.1307947759147576,3.0981178313251894,,-0.23721935542841577,0.5297387175317486,1.6984884653783165,,32,6174,,-0.47776508306598653,1.5191000281637488,4.5681121723174964,,32,3861,0,0.0,,,,,,,,,,,,,,,,
5760,mixed_tail,0,,,,,,,,,,,,,,,,,,,,,,,,,,,,,,,,,,1.3498135805130005,0.0,0.0,5.838135242462158,0.8395000100135803,1.408194899559021,0,0.4290570013450116,0.05198022925365616,0.07358814804179091,0.5287374598166299,0,6,0,0,0
5780,mixed_tail,0,,,,,,,,,,,,,,,,,,,,,,,,,,,,,,,,,,0.87541663646698,0.0,0.0,5.838135242462158,0.8543499708175659,0.9337980151176453,0,0.3755529574658047,0.03867599588504943,0.037836437663506896,1.3383346388027781,0,6,0,0,0
5800,mixed_tail,0,,,,,,,,,,,,,,,,,,,,,,,,,,,,,,,,,,0.9449882507324219,0.0,0.0,5.838135242462158,0.7996000051498413,1.0033695697784424,0,0.46056629126710236,0.046226760836101936,0.061587188732884234,1.2980301267925707,0,6,0,0,0
5820,mixed_tail,0,,,,,,,,,,,,,,,,,,,,,,,,,,,,,,,,,,1.2355889081954956,0.0,0.0,5.838135242462158,0.7809500098228455,1.2939702272415161,0,0.44597708911411693,0.05616755466534024,0.0402000798267268,0.4157360023035417,0,6,0,0,0
5840,mixed_tail,0,,,,,,,,,,,,,,,,,,,,,,,,,,,,,,,,,,0.4414043128490448,0.0,0.0,5.838135242462158,0.8585500121116638,0.4997856616973877,0,0.43184568392234113,0.00682678196296495,0.04545865424332164,0.612027383075347,0,6,0,0,0
5860,mixed_tail,0,,,,,,,,,,,,,,,,,,,,,,,,,,,,,,,,,,1.1347635984420776,0.0,0.0,5.838135242462158,0.8009999990463257,1.1931449174880981,0,0.43157500168736196,0.02881601879614339,0.04405165613880233,0.3174612919962595,0,6,0,0,0
5880,mixed_tail,0,,,,,,,,,,,,,,,,,,,,,,,,,,,,,,,,,,1.261412262916565,0.0,0.0,5.838135242462158,0.8327000141143799,1.3197935819625854,0,0.42121199378896296,0.032500415587232316,0.051605855877555555,0.530181673795931,0,6,0,0,0
5900,mixed_tail,0,,,,,,,,,,,,,,,,,,,,,,,,,,,,,,,,,,0.4517965614795685,0.0,0.0,5.838135242462158,0.8739500045776367,0.5101779103279114,0,0.28623966223475883,0.019610545914474642,0.04428208112598412,0.5044647669567476,0,6,0,0,0
5920,mixed_tail,0,,,,,,,,,,,,,,,,,,,,,,,,,,,,,,,,,,0.9677391648292542,0.0,0.0,5.838135242462158,0.5762499570846558,1.0261205434799194,0,0.44862509235089576,0.009268675104457154,0.05051173866977767,0.8524087718791432,0,6,0,0,0
5940,mixed_tail,0,,,,,,,,,,,,,,,,,,,,,,,,,,,,,,,,,,0.34863099455833435,0.0,0.0,5.838135242462158,0.8945499658584595,0.40701234340667725,0,0.40343430334019664,0.02561361307380139,0.054752006321140224,0.7727826032137114,0,6,0,0,0
5960,mixed_tail,0,,,,,,,,,,,,,,,,,,,,,,,,,,,,,,,,,,1.1836034059524536,0.0,0.0,5.838135242462158,0.7811000347137451,1.2419847249984741,0,0.46331371618842354,0.06261457465422739,0.034290946137514856,0.28859837865900423,0,6,0,0,0
5980,mixed_tail,0,,,,,,,,,,,,,,,,,,,,,,,,,,,,,,,,,,1.3981877565383911,0.0,0.0,5.838135242462158,0.8260999917984009,1.4565690755844116,0,0.4646378678556937,0.09895898786739313,0.042031840607523914,0.466347784182382,0,6,0,0,0
5999,mixed_tail,0,,,,,,,,,,,,,,,,,,,,,,,,,,,,,,,,,,0.4267866611480713,0.0,0.0,5.838135242462158,0.8691999912261963,0.4851680099964142,0,0.3808911668216752,0.03012368744280788,0.048620019421454455,0.6244202038834965,0,6,0,0,0
5999,,,0.140625,-0.10775854390643569,0.9973848158167149,2.7111823081384196,,32,8415,0.04681807289765416,1.4689309495892218,4.344588073865747,,32,14382,0.75103759765625,0.5375717059284651,1.1237863192670163,3.076480716769507,0.015625,-0.24095741274444116,0.5260006602157232,1.692151269923214,,32,6174,0.03125,-0.4940362597833301,1.5028288514464052,4.494385052003552,,32,3861,0,0.0,,,,,,,,,,,,,,,,
