step,phase,consolidation/count,eval/code/exact_match,eval/code/forgetting_delta,eval/code/loss,eval/code/ppl,eval/code/retention_delta,eval/code/samples,eval/code/tokens,eval/general/forgetting_delta,eval/general/loss,eval/general/ppl,eval/general/retention_delta,eval/general/samples,eval/general/tokens,eval/lora/sparsity_max,eval/lora/sparsity_mean,eval/macro_loss,eval/macro_ppl,eval/math/exact_match,eval/math/forgetting_delta,eval/math/loss,eval/math/ppl,eval/math/retention_delta,eval/math/samples,eval/math/tokens,eval/medical/exact_match,eval/medical/forgetting_delta,eval/medical/loss,eval/medical/ppl,eval/medical/retention_delta,eval/medical/samples,eval/medical/tokens,eval/retrieval/buffer_size,eval/retrieval/hit_rate,loss/ce,loss/kd,loss/kd_row_hit_frac,loss/reg,loss/teacher_conf_mean,loss/total,retrieval/buffer_size,signals/repetition_mean,signals/stability_C_mean,signals/stability_adam_mean,signals/surprise_mean,write/coords_opened,write/f_count,write/p_count,write/r_count,write/replay_count
0,general_warm,0,,,,,,,,,,,,,,,,,,,,,,,,,,,,,,,,,,1.2278996706008911,0.0,0.0,5.840904712677002,0.7789499759674072,1.286308765411377,0,0.022727272727272728,0.0,0.0,17.57381719369737,0,6,0,0,0
20,general_warm,0,,,,,,,,,,,,,,,,,,,,,,,,,,,,,,,,,,1.283340334892273,0.0,0.0,5.840904712677002,0.8402999639511108,1.3417494297027588,0,0.061331667056775944,0.2174500160118831,0.04760318859702065,0.8109372253692338,0,6,0,0,0
40,general_warm,0,,,,,,,,,,,,,,,,,,,,,,,,,,,,,,,,,,1.039769172668457,0.0,0.0,5.840904712677002,0.7899500131607056,1.0981782674789429,0,0.3832087482523284,0.19885121708336687,0.03899942869763999,0.45367579339515596,0,6,0,0,0
60,general_warm,0,,,,,,,,,,,,,,,,,,,,,,,,,,,,,,,,,,1.161329984664917,0.0,0.0,5.840904712677002,0.8260500431060791,1.2197390794754028,0,0.33400684828815647,0.19793838997637586,0.03853802734778987,0.6142042403892864,0,6,0,0,0
80,general_warm,0,,,,,,,,,,,,,,,,,,,,,,,,,,,,,,,,,,1.0931581258773804,0.0,0.0,5.840904712677002,0.8059999942779541,1.1515672206878662,0,0.3261597520933523,0.16123056714423,0.039140192790341276,0.43661286556531514,0,6,0,0,0
100,general_warm,0,,,,,,,,,,,,,,,,,,,,,,,,,,,,,,,,,,1.1540013551712036,0.0,0.0,5.840904712677002,0.8016999959945679,1.2124104499816895,0,0.37817286812814166,0.18423983697097615,0.037885630031722406,0.4994220941904045,0,6,0,0,0
120,general_warm,0,,,,,,,,,,,,,,,,,,,,,,,,,,,,,,,,,,1.2085727453231812,0.0,0.0,5.840904712677002,0.8324999809265137,1.266981840133667,0,0.4477024695942456,0.16054225750018045,0.037428089056814474,0.5815834821216644,0,6,0,0,0
140,general_warm,0,,,,,,,,,,,,,,,,,,,,,,,,,,,,,,,,,,1.2995672225952148,0.0,0.0,5.840904712677002,0.8324500322341919,1.3579763174057007,0,0.378203015847049,0.09731804435328481,0.037885317697174965,1.215840431196349,0,6,0,0,0
160,general_warm,0,,,,,,,,,,,,,,,,,,,,,,,,,,,,,,,,,,1.1635957956314087,0.0,0.0,5.840904712677002,0.8214000463485718,1.2220048904418945,0,0.4453878818751066,0.16538926280710647,0.03965670155095202,0.5673385528581483,0,6,0,0,0
180,general_warm,0,,,,,,,,,,,,,,,,,,,,,,,,,,,,,,,,,,1.2468518018722534,0.0,0.0,5.840904712677002,0.8349000215530396,1.3052608966827393,0,0.38231401207510735,0.1501302980302301,0.0382290525731468,0.5681104413573704,0,6,0,0,0
200,general_warm,0,,,,,,,,,,,,,,,,,,,,,,,,,,,,,,,,,,1.0530049800872803,0.0,0.0,5.840904712677002,0.7782000303268433,1.1114140748977661,0,0.4569532605099712,0.16494137279888882,0.034750897106197144,0.47090501320504,0,6,0,0,0
220,general_warm,0,,,,,,,,,,,,,,,,,,,,,,,,,,,,,,,,,,1.2941752672195435,0.0,0.0,5.840904712677002,0.857699990272522,1.3525843620300293,0,0.438261510343206,0.14856488297560386,0.032734021885941426,0.5925996257199182,0,6,0,0,0
240,general_warm,0,,,,,,,,,,,,,,,,,,,,,,,,,,,,,,,,,,1.0429320335388184,0.0,0.0,5.840904712677002,0.8436499834060669,1.1013411283493042,0,0.40283082185007235,0.07904329674784094,0.036754723540729,0.4975957862559765,0,6,0,0,0
250,,,,,1.1129812457061423,3.0434180602047602,,32,8415,,1.4254220584025388,4.159613071973669,,32,14382,0.751068115234375,0.5375912984212239,1.3175599785224619,3.7342984832557766,,,0.7604896439137411,2.139323470803028,,32,6174,,,1.971346966067425,7.180341654120759,,32,3861,0,0.0,,,,,,,,,,,,,,,,
260,general_warm,0,,,,,,,,,,,,,,,,,,,,,,,,,,,,,,,,,,1.0249173641204834,0.0,0.0,5.840904712677002,0.7975000143051147,1.0833264589309692,0,0.4411842141613101,0.0889208397981877,0.035550079160621244,0.5299449363752963,0,6,0,0,0
280,general_warm,0,,,,,,,,,,,,,,,,,,,,,,,,,,,,,,,,,,1.0234441757202148,0.0,0.0,5.840904712677002,0.8166000247001648,1.0818532705307007,0,0.4560669829526605,0.11210411527593221,0.03644018059685117,0.5427034372729914,0,6,0,0,0
300,general_warm,0,,,,,,,,,,,,,,,,,,,,,,,,,,,,,,,,,,1.0116260051727295,0.0,0.0,5.840904712677002,0.8094000220298767,1.0700350999832153,0,0.3979853295108165,0.12627718196017668,0.031321792033988806,0.5716713773825812,0,6,0,0,0
320,general_warm,0,,,,,,,,,,,,,,,,,,,,,,,,,,,,,,,,,,1.139229416847229,0.0,0.0,5.840904712677002,0.8196499943733215,1.1976385116577148,0,0.4201557647030741,0.09262114148753296,0.03454450197473523,0.556869411397548,0,6,0,0,0
340,general_warm,0,,,,,,,,,,,,,,,,,,,,,,,,,,,,,,,,,,1.161321759223938,0.0,0.0,5.840904712677002,0.8153499960899353,1.2197308540344238,0,0.4568277084971482,0.09516583283714551,0.03561407535129951,0.500193016751418,0,6,0,0,0
360,general_warm,0,,,,,,,,,,,,,,,,,,,,,,,,,,,,,,,,,,1.3673460483551025,0.0,0.0,5.840904712677002,0.8234000205993652,1.4257551431655884,0,0.4368646885450543,0.15128169177790238,0.03475769263736549,0.611508479690741,0,6,0,0,0
380,general_warm,0,,,,,,,,,,,,,,,,,,,,,,,,,,,,,,,,,,1.0677331686019897,0.0,0.0,5.840904712677002,0.7907500267028809,1.1261422634124756,0,0.3309126259965237,0.0781530305186087,0.03712191333669046,0.512099992436549,0,6,0,0,0
400,general_warm,0,,,,,,,,,,,,,,,,,,,,,,,,,,,,,,,,,,1.245947241783142,0.0,0.0,5.840904712677002,0.8598499894142151,1.304356336593628,0,0.45565633323678256,0.1247086065788088,0.036637398714406626,0.6342198324345407,0,6,0,0,0
420,general_warm,0,,,,,,,,,,,,,,,,,,,,,,,,,,,,,,,,,,1.0703953504562378,0.0,0.0,5.840904712677002,0.8220999836921692,1.1288044452667236,0,0.4311329894878016,0.06404106223635608,0.034109928829979805,0.556859440167272,0,6,0,0,0
440,general_warm,0,,,,,,,,,,,,,,,,,,,,,,,,,,,,,,,,,,1.0300440788269043,0.0,0.0,5.840904712677002,0.8135499954223633,1.0884531736373901,0,0.3805135311925674,0.04685423666835829,0.03335266329407219,0.5183673602721048,0,6,0,0,0
460,general_warm,0,,,,,,,,,,,,,,,,,,,,,,,,,,,,,,,,,,1.1880394220352173,0.0,0.0,5.840904712677002,0.8706499934196472,1.2464485168457031,0,0.43574503851409846,0.055678894096802524,0.031001558151125673,0.558940702747731,0,6,0,0,0
480,general_warm,0,,,,,,,,,,,,,,,,,,,,,,,,,,,,,,,,,,1.1336345672607422,0.0,0.0,5.840904712677002,0.7969000339508057,1.192043662071228,0,0.42003935912732293,0.10802823023238618,0.032183868990885836,0.5498126225339042,0,6,0,0,0
499,,,0.15625,0.0008389233267880325,1.1138201690329304,3.045972325875355,,32,8415,-0.013085857715481986,1.4123362006870568,4.105535564131336,,32,14382,0.751068115234375,0.5375912984212239,1.320784157855244,3.7463579617617553,0.125,-0.0026423778972619605,0.7578472660164791,2.1336780317251844,,32,6174,0.046875,0.02778602961708443,1.9991329956845094,7.382652531766786,,32,3861,0,0.0,,,,,,,,,,,,,,,,
500,code_recurrent,0,,,,,,,,,,,,,,,,,,,,,,,,,,,,,,,,,,1.1274499893188477,0.0,0.0,5.840904712677002,0.8467999696731567,1.1858590841293335,0,0.22975575204715518,0.07874344284937251,0.03354097795894458,2.8244863230794195,0,6,0,0,0
500,,,,-0.0024400136475044576,1.1105412320586379,3.036001130986883,,32,8415,-0.013345369591764022,1.4120766888107747,4.104470267128536,,32,14382,0.751068115234375,0.5375912984212239,1.3192135986590272,3.7404787028831494,,-0.0038867971446856497,0.7566028467690554,2.1310244931143956,,32,6174,,0.0262866609302157,1.9976336269976407,7.371591508083098,,32,3861,0,0.0,,,,,,,,,,,,,,,,
520,code_recurrent,0,,,,,,,,,,,,,,,,,,,,,,,,,,,,,,,,,,1.21345055103302,0.0,0.0,5.840904712677002,0.9101499915122986,1.2718596458435059,0,0.3280070808167999,0.1975826431132321,0.09850523052219716,2.1614246448354115,0,6,0,0,0
540,code_recurrent,0,,,,,,,,,,,,,,,,,,,,,,,,,,,,,,,,,,0.8724701404571533,0.0,0.0,5.840904712677002,0.8571000099182129,0.9308791756629944,0,0.36835302259164227,0.120384687792726,0.06773564727858655,1.5019968740523808,0,6,0,0,0
560,code_recurrent,0,,,,,,,,,,,,,,,,,,,,,,,,,,,,,,,,,,1.095529317855835,0.0,0.0,5.840904712677002,0.8988499641418457,1.1539384126663208,0,0.38700014015488626,0.20574508249826198,0.057470595227584007,1.8949301801148863,0,6,0,0,0
580,code_recurrent,0,,,,,,,,,,,,,,,,,,,,,,,,,,,,,,,,,,0.7492700815200806,0.0,0.0,5.840904712677002,0.8467999696731567,0.8076791167259216,0,0.3987137520865362,0.021854917248544683,0.05318813199428694,0.7374498562443824,0,6,0,0,0
600,code_recurrent,0,,,,,,,,,,,,,,,,,,,,,,,,,,,,,,,,,,0.867480993270874,0.0,0.0,5.840904712677002,0.9101499915122986,0.9258900284767151,0,0.40300067889890123,0.055436013692607436,0.039555999851002104,0.8261893964594319,0,6,0,0,0
620,code_recurrent,0,,,,,,,,,,,,,,,,,,,,,,,,,,,,,,,,,,0.6672128438949585,0.0,0.0,5.840904712677002,0.8571000099182129,0.7256218791007996,0,0.4064873074287259,0.06673836130149928,0.036186553359711694,0.7320239442090193,0,6,0,0,0
640,code_recurrent,0,,,,,,,,,,,,,,,,,,,,,,,,,,,,,,,,,,0.8417853116989136,0.0,0.0,5.840904712677002,0.8988499641418457,0.9001943469047546,0,0.41183675562870353,0.07391188271659692,0.03818989594481768,0.9023168648164424,0,6,0,0,0
660,code_recurrent,0,,,,,,,,,,,,,,,,,,,,,,,,,,,,,,,,,,0.6260907649993896,0.0,0.0,5.840904712677002,0.8467999696731567,0.6844998002052307,0,0.4189727455356428,0.04382718674813597,0.04819794662060246,0.588498909682745,0,6,0,0,0
680,code_recurrent,0,,,,,,,,,,,,,,,,,,,,,,,,,,,,,,,,,,0.7408545017242432,0.0,0.0,5.840904712677002,0.9101499915122986,0.7992635369300842,0,0.42284601026102253,0.03993991716145372,0.03446835242803135,0.766962935870129,0,6,0,0,0
700,code_recurrent,0,,,,,,,,,,,,,,,,,,,,,,,,,,,,,,,,,,0.5684785842895508,0.0,0.0,5.840904712677002,0.8571000099182129,0.6268876194953918,0,0.42615474151467314,0.055596900064431666,0.037670761620300634,0.6378579501476552,0,6,0,0,0
720,code_recurrent,0,,,,,,,,,,,,,,,,,,,,,,,,,,,,,,,,,,0.7300146818161011,0.0,0.0,5.840904712677002,0.8988499641418457,0.7884237170219421,0,0.42865474377037466,0.045443051033154394,0.03918027387384976,0.7941135637225613,0,6,0,0,0
740,code_recurrent,0,,,,,,,,,,,,,,,,,,,,,,,,,,,,,,,,,,0.5579726696014404,0.0,0.0,5.840904712677002,0.8467999696731567,0.6163817048072815,0,0.4311828973755529,0.06625416032953321,0.03525243070464404,0.5593495275293078,0,6,0,0,0
750,,,,-0.13224105789628826,0.9807401878098541,2.6664291700381737,,32,8415,0.010279496709754365,1.4357015551122931,4.2025923249451305,,32,14382,0.751068115234375,0.5375912984212239,1.3029932647722378,3.680296298264056,,0.020096690206030332,0.7805863341197714,2.182751712173763,,32,6174,,0.043598015979607885,2.014944982047033,7.500314717888733,,32,3861,0,0.0,,,,,,,,,,,,,,,,
760,code_recurrent,0,,,,,,,,,,,,,,,,,,,,,,,,,,,,,,,,,,0.6641789674758911,0.0,0.0,5.840904712677002,0.9101499915122986,0.7225880026817322,0,0.43618190850465505,0.062464460551772,0.037558801504709416,0.8184185694725741,0,6,0,0,0
780,code_recurrent,0,,,,,,,,,,,,,,,,,,,,,,,,,,,,,,,,,,0.510715901851654,0.0,0.0,5.840904712677002,0.8571000099182129,0.5691249370574951,0,0.43855568710037274,0.08312830202963337,0.030520566642313958,0.6157519716119009,0,6,0,0,0
800,code_recurrent,0,,,,,,,,,,,,,,,,,,,,,,,,,,,,,,,,,,0.6591932773590088,0.0,0.0,5.840904712677002,0.8988499641418457,0.7176023125648499,0,0.44088940856683895,0.09317716500455779,0.03189763133488004,0.8157598004218132,0,6,0,0,0
820,code_recurrent,0,,,,,,,,,,,,,,,,,,,,,,,,,,,,,,,,,,0.49919506907463074,0.0,0.0,5.840904712677002,0.8467999696731567,0.5576041340827942,0,0.4418961839901815,0.0982608399935998,0.03382973251938228,0.5426208100621662,0,6,0,0,0
840,code_recurrent,0,,,,,,,,,,,,,,,,,,,,,,,,,,,,,,,,,,0.6123285889625549,0.0,0.0,5.840904712677002,0.9101499915122986,0.670737624168396,0,0.44684814895328634,0.08749017395478274,0.031960833969245116,0.6339604369822949,0,6,0,0,0
860,code_recurrent,0,,,,,,,,,,,,,,,,,,,,,,,,,,,,,,,,,,0.4589417576789856,0.0,0.0,5.840904712677002,0.8571000099182129,0.5173507928848267,0,0.4476348182168053,0.10295062643542353,0.031108988424585687,0.5720589461307677,0,6,0,0,0
880,code_recurrent,0,,,,,,,,,,,,,,,,,,,,,,,,,,,,,,,,,,0.5992477536201477,0.0,0.0,5.840904712677002,0.8988499641418457,0.6576567888259888,0,0.44803491822979913,0.07133763057728564,0.029752607268857815,1.047458803056488,0,6,0,0,0
900,code_recurrent,0,,,,,,,,,,,,,,,,,,,,,,,,,,,,,,,,,,0.4598556458950043,0.0,0.0,5.840904712677002,0.8467999696731567,0.5182647109031677,0,0.45043872627985176,0.0691256914911459,0.037564205421903536,0.5032098985203202,0,6,0,0,0
920,code_recurrent,0,,,,,,,,,,,,,,,,,,,,,,,,,,,,,,,,,,0.5514818429946899,0.0,0.0,5.840904712677002,0.9101499915122986,0.609890878200531,0,0.45149857054289083,0.12254070107259654,0.029833146887609647,0.5000063841068555,0,6,0,0,0
940,code_recurrent,0,,,,,,,,,,,,,,,,,,,,,,,,,,,,,,,,,,0.4176725149154663,0.0,0.0,5.840904712677002,0.8571000099182129,0.4760815501213074,0,0.4311379777874097,0.08935248201097627,0.03352670527344185,0.5953174522590069,0,6,0,0,0
960,code_recurrent,0,,,,,,,,,,,,,,,,,,,,,,,,,,,,,,,,,,0.5603605508804321,0.0,0.0,5.840904712677002,0.8988499641418457,0.6187695860862732,0,0.4955519514205614,0.11633397520719362,0.03447225581455444,0.850986020799194,0,6,0,0,0
980,code_recurrent,0,,,,,,,,,,,,,,,,,,,,,,,,,,,,,,,,,,0.42183834314346313,0.0,0.0,5.840904712677002,0.8467999696731567,0.4802473783493042,0,0.513464530434799,0.11890142470864314,0.03059216648828061,0.48488307768508554,0,6,0,0,0
1000,code_recurrent,0,,,,,,,,,,,,,,,,,,,,,,,,,,,,,,,,,,0.5174127221107483,0.0,0.0,5.840904712677002,0.9101499915122986,0.5758217573165894,0,0.49419569838910976,0.10208839623789702,0.03163688961039519,0.59438688383689,0,6,0,0,0
1000,,,,-0.13090238610832594,0.9820788595978164,2.6700010337859075,,32,8415,0.018169548958767878,1.4435916073613067,4.235882154518674,,32,14382,0.751068115234375,0.5375912984212239,1.3122713768901122,3.714601397131929,,0.029872717577776986,0.7903623614915181,2.2041949969482557,,32,6174,,0.06170571304238304,2.033052679109808,7.637365234538868,,32,3861,0,0.0,,,,,,,,,,,,,,,,
1020,code_recurrent,0,,,,,,,,,,,,,,,,,,,,,,,,,,,,,,,,,,0.3843252658843994,0.0,0.0,5.840904712677002,0.8571000099182129,0.4427343010902405,0,0.4944541125857431,0.12142043122522798,0.026791825200918884,0.5640378616986766,0,6,0,0,0
1040,code_recurrent,0,,,,,,,,,,,,,,,,,,,,,,,,,,,,,,,,,,0.5044338703155518,0.0,0.0,5.840904712677002,0.8988499641418457,0.5628429055213928,0,0.47935344620057485,0.10201762530778069,0.03664587075038562,0.6978735797048088,0,6,0,0,0
1060,code_recurrent,0,,,,,,,,,,,,,,,,,,,,,,,,,,,,,,,,,,0.3962940573692322,0.0,0.0,5.840904712677002,0.8467999696731567,0.45470309257507324,0,0.48571747128179105,0.13729393449778268,0.03504778093673171,0.5392401641737374,0,6,0,0,0
1080,code_recurrent,0,,,,,,,,,,,,,,,,,,,,,,,,,,,,,,,,,,0.4804508090019226,0.0,0.0,5.840904712677002,0.9101499915122986,0.5388598442077637,0,0.4925536388993562,0.1202454213052988,0.03329121143084079,0.48379629403352736,0,6,0,0,0
1100,code_recurrent,0,,,,,,,,,,,,,,,,,,,,,,,,,,,,,,,,,,0.35808730125427246,0.0,0.0,5.840904712677002,0.8571000099182129,0.4164963364601135,0,0.4816122289178063,0.11217956607392157,0.033983703349376955,0.6562590234986846,0,6,0,0,0
1120,code_recurrent,0,,,,,,,,,,,,,,,,,,,,,,,,,,,,,,,,,,0.4712797999382019,0.0,0.0,5.840904712677002,0.8988499641418457,0.529688835144043,0,0.4663090653081399,0.09647496370390789,0.04317381920825158,0.6807457054477363,0,6,0,0,0
1140,code_recurrent,0,,,,,,,,,,,,,,,,,,,,,,,,,,,,,,,,,,0.372830331325531,0.0,0.0,5.840904712677002,0.8467999696731567,0.43123936653137207,0,0.46846239082978836,0.15548222586013644,0.03240996984587539,0.5520401778438735,0,6,0,0,0
1160,code_recurrent,0,,,,,,,,,,,,,,,,,,,,,,,,,,,,,,,,,,0.44712090492248535,0.0,0.0,5.840904712677002,0.9101499915122986,0.5055299401283264,0,0.4655125752754889,0.13131320569040586,0.034945291433749456,0.48995566689778886,0,6,0,0,0
1180,code_recurrent,0,,,,,,,,,,,,,,,,,,,,,,,,,,,,,,,,,,0.3494536876678467,0.0,0.0,5.840904712677002,0.8571000099182129,0.40786272287368774,0,0.43990939337535423,0.10696446867742841,0.041398086140139234,0.7101242676081638,0,6,0,0,0
1200,code_recurrent,0,,,,,,,,,,,,,,,,,,,,,,,,,,,,,,,,,,0.43492645025253296,0.0,0.0,5.840904712677002,0.8988499641418457,0.493335485458374,0,0.4342427488280645,0.12708336056675762,0.04396367336638153,0.7291324712690852,0,6,0,0,0
1220,code_recurrent,0,,,,,,,,,,,,,,,,,,,,,,,,,,,,,,,,,,0.34483978152275085,0.0,0.0,5.840904712677002,0.8467999696731567,0.4032488167285919,0,0.449942896528251,0.13556088065420877,0.038071652307426415,0.6178658276441551,0,6,0,0,0
1240,code_recurrent,0,,,,,,,,,,,,,,,,,,,,,,,,,,,,,,,,,,0.4255034923553467,0.0,0.0,5.840904712677002,0.9101499915122986,0.48391252756118774,0,0.44917291706309415,0.13041213565572565,0.03457455748381714,0.5956179290655114,0,6,0,0,0
1250,,,,-0.11857470978744244,0.9944065359186999,2.703119660740313,,32,8415,0.025451074503937132,1.450873132906476,4.266838406225418,,32,14382,0.751068115234375,0.5375912984212239,1.3195298491994465,3.7416618183649573,,0.03219302974165861,0.7926826736553997,2.209315355529122,,32,6174,,0.06881008824978552,2.0401570543172105,7.691817137109135,,32,3861,0,0.0,,,,,,,,,,,,,,,,
1260,code_recurrent,0,,,,,,,,,,,,,,,,,,,,,,,,,,,,,,,,,,0.32620716094970703,0.0,0.0,5.840904712677002,0.8571000099182129,0.3846161961555481,0,0.44665206491319953,0.12875932619707392,0.03401571830941571,0.5783694267627739,0,6,0,0,0
1280,code_recurrent,0,,,,,,,,,,,,,,,,,,,,,,,,,,,,,,,,,,0.4152069091796875,0.0,0.0,5.840904712677002,0.8988499641418457,0.47361594438552856,0,0.44780278631812337,0.1267111892396185,0.04228880357825094,0.9624758585755314,0,6,0,0,0
1300,code_recurrent,0,,,,,,,,,,,,,,,,,,,,,,,,,,,,,,,,,,0.3184029161930084,0.0,0.0,5.840904712677002,0.8467999696731567,0.3768119513988495,0,0.449499884552225,0.14910227166754858,0.03229201703834983,0.5685834032912103,0,6,0,0,0
1320,code_recurrent,0,,,,,,,,,,,,,,,,,,,,,,,,,,,,,,,,,,0.4043617248535156,0.0,0.0,5.840904712677002,0.9101499915122986,0.4627707600593567,0,0.43303765940418043,0.12944818703441083,0.038178353548227316,0.6215280115959191,0,6,0,0,0
1340,code_recurrent,0,,,,,,,,,,,,,,,,,,,,,,,,,,,,,,,,,,0.2991754710674286,0.0,0.0,5.840904712677002,0.8571000099182129,0.35758450627326965,0,0.4136834479320562,0.09307173255365342,0.05284642872607542,0.5567641918443972,0,6,0,0,0
1360,code_recurrent,0,,,,,,,,,,,,,,,,,,,,,,,,,,,,,,,,,,0.399578332901001,0.0,0.0,5.840904712677002,0.8988499641418457,0.45798736810684204,0,0.44479278895496543,0.12553549071890302,0.03650224412318378,0.6651883587182041,0,6,0,0,0
1380,code_recurrent,0,,,,,,,,,,,,,,,,,,,,,,,,,,,,,,,,,,0.29088306427001953,0.0,0.0,5.840904712677002,0.8467999696731567,0.3492920994758606,0,0.45257488555697944,0.10455632624923185,0.03598915759902743,0.6377105780418902,0,6,0,0,0
1400,code_recurrent,0,,,,,,,,,,,,,,,,,,,,,,,,,,,,,,,,,,0.3759712874889374,0.0,0.0,5.840904712677002,0.9101499915122986,0.43438032269477844,0,0.47273646721839235,0.11362830929491403,0.03438572789512811,0.5337995539700228,0,6,0,0,0
1420,code_recurrent,0,,,,,,,,,,,,,,,,,,,,,,,,,,,,,,,,,,0.2833375334739685,0.0,0.0,5.840904712677002,0.8571000099182129,0.34174656867980957,0,0.4592879316333139,0.09536748695037593,0.03649256929518684,0.5758781127749927,0,6,0,0,0
1440,code_recurrent,0,,,,,,,,,,,,,,,,,,,,,,,,,,,,,,,,,,0.36364269256591797,0.0,0.0,5.840904712677002,0.8988499641418457,0.42205172777175903,0,0.45132772567307633,0.11418713381239545,0.036937991279872164,0.7727151153402196,0,6,0,0,0
1460,code_recurrent,0,,,,,,,,,,,,,,,,,,,,,,,,,,,,,,,,,,0.2797662019729614,0.0,0.0,5.840904712677002,0.8467999696731567,0.3381752371788025,0,0.467336360319302,0.09726370276933137,0.0411068265636762,0.5880862991488168,0,6,0,0,0
1480,code_recurrent,0,,,,,,,,,,,,,,,,,,,,,,,,,,,,,,,,,,0.34458285570144653,0.0,0.0,5.840904712677002,0.9101499915122986,0.4029918909072876,0,0.4648185077943597,0.10972983719797672,0.045582883992040205,0.47513693579369126,0,6,0,0,0
1500,code_recurrent,0,,,,,,,,,,,,,,,,,,,,,,,,,,,,,,,,,,0.255156546831131,0.0,0.0,5.840904712677002,0.8571000099182129,0.31356558203697205,0,0.4681121826742447,0.14734316593967378,0.034007129206928235,0.5050108249343577,0,6,0,0,0
1500,,,,-0.09722626222008701,1.0157549834860553,2.7614474577899313,,32,8415,0.03576656761164121,1.46118862601418,4.311080746860427,,32,14382,0.751068115234375,0.5375912984212239,1.33255424713923,3.79071345143383,,0.039136480659507145,0.7996261245732482,2.2247090089549006,,32,6174,,0.08230028841601134,2.0536472544834363,7.796284347431446,,32,3861,0,0.0,,,,,,,,,,,,,,,,
1520,code_recurrent,0,,,,,,,,,,,,,,,,,,,,,,,,,,,,,,,,,,0.362048864364624,0.0,0.0,5.840904712677002,0.8988499641418457,0.4204578995704651,0,0.46200592538869867,0.09395704738355042,0.041448606408038546,0.7926031913194391,0,6,0,0,0
1540,code_recurrent,0,,,,,,,,,,,,,,,,,,,,,,,,,,,,,,,,,,0.2525833249092102,0.0,0.0,5.840904712677002,0.8467999696731567,0.31099236011505127,0,0.4677356395951504,0.15462618600369232,0.039667658433170314,0.5634067849625671,0,6,0,0,0
1560,code_recurrent,0,,,,,,,,,,,,,,,,,,,,,,,,,,,,,,,,,,0.3197453022003174,0.0,0.0,5.840904712677002,0.9101499915122986,0.37815433740615845,0,0.4692460269539314,0.11678700986833844,0.039882521207133925,0.46389386916444414,0,6,0,0,0
1580,code_recurrent,0,,,,,,,,,,,,,,,,,,,,,,,,,,,,,,,,,,0.23767423629760742,0.0,0.0,5.840904712677002,0.8571000099182129,0.2960832715034485,0,0.47693903962607553,0.12337540632038976,0.03002709330370029,0.48856257676841724,0,6,0,0,0
1600,code_recurrent,0,,,,,,,,,,,,,,,,,,,,,,,,,,,,,,,,,,0.32487714290618896,0.0,0.0,5.840904712677002,0.8988499641418457,0.38328617811203003,0,0.4939668718117859,0.11920219055277162,0.03461579636685432,0.9931229839012736,0,6,0,0,0
1620,code_recurrent,0,,,,,,,,,,,,,,,,,,,,,,,,,,,,,,,,,,0.24773184955120087,0.0,0.0,5.840904712677002,0.8467999696731567,0.3061408996582031,0,0.4918898483669745,0.06406938571100389,0.05161037682777359,0.9753493217603555,0,6,0,0,0
1640,code_recurrent,0,,,,,,,,,,,,,,,,,,,,,,,,,,,,,,,,,,0.30240967869758606,0.0,0.0,5.840904712677002,0.9101499915122986,0.3608187139034271,0,0.4897337676558777,0.099791614467644,0.04491025058197833,0.7007547747816831,0,6,0,0,0
1660,code_recurrent,0,,,,,,,,,,,,,,,,,,,,,,,,,,,,,,,,,,0.24056917428970337,0.0,0.0,5.840904712677002,0.8571000099182129,0.29897820949554443,0,0.4609340484178491,0.09154652085687433,0.036250363294005626,0.9772732184105922,0,6,0,0,0
1680,code_recurrent,0,,,,,,,,,,,,,,,,,,,,,,,,,,,,,,,,,,0.32858040928840637,0.0,0.0,5.840904712677002,0.8988499641418457,0.38698944449424744,0,0.47995182317009083,0.08869847208344643,0.04575967067216952,0.7352298618072555,0,6,0,0,0
1700,code_recurrent,0,,,,,,,,,,,,,,,,,,,,,,,,,,,,,,,,,,0.26316097378730774,0.0,0.0,5.840904712677002,0.8467999696731567,0.3215700089931488,0,0.4527490487221385,0.06565022571053955,0.03906718445941806,1.0400783016449875,0,6,0,0,0
1720,code_recurrent,0,,,,,,,,,,,,,,,,,,,,,,,,,,,,,,,,,,0.3111984133720398,0.0,0.0,5.840904712677002,0.9101499915122986,0.36960744857788086,0,0.4750345490963896,0.130305720351836,0.03721012180996319,0.695460420917897,0,6,0,0,0
1740,code_recurrent,0,,,,,,,,,,,,,,,,,,,,,,,,,,,,,,,,,,0.23765268921852112,0.0,0.0,5.840904712677002,0.8571000099182129,0.2960617244243622,0,0.4717018825412107,0.07389912169310264,0.041755528230634,0.9200417089852548,0,6,0,0,0
1750,,,,-0.08081748812806366,1.0321637575780787,2.8071332239381137,,32,8415,0.048856855914185315,1.474278914316724,4.367885017731568,,32,14382,0.751068115234375,0.5375912984212239,1.3424231626030414,3.82830889000106,,0.04178856891994154,0.8022782128336826,2.2306169643471665,,32,6174,,0.08962479961625491,2.06097176568368,7.853597960322217,,32,3861,0,0.0,,,,,,,,,,,,,,,,
1760,code_recurrent,0,,,,,,,,,,,,,,,,,,,,,,,,,,,,,,,,,,0.29912108182907104,0.0,0.0,5.840904712677002,0.8988499641418457,0.3575301170349121,0,0.4672577700223414,0.13074976043675893,0.03707448187624179,0.7032863411638471,0,6,0,0,0
1780,code_recurrent,0,,,,,,,,,,,,,,,,,,,,,,,,,,,,,,,,,,0.23133017122745514,0.0,0.0,5.840904712677002,0.8467999696731567,0.2897392213344574,0,0.4850023692587096,0.09223216804925219,0.039617976904033674,0.6744107741744273,0,6,0,0,0
1800,code_recurrent,0,,,,,,,,,,,,,,,,,,,,,,,,,,,,,,,,,,0.28248295187950134,0.0,0.0,5.840904712677002,0.9101499915122986,0.3408919870853424,0,0.47810450390458986,0.14859500192272077,0.03600024534758949,0.7105568279822668,0,6,0,0,0
1820,code_recurrent,0,,,,,,,,,,,,,,,,,,,,,,,,,,,,,,,,,,0.2263864427804947,0.0,0.0,5.840904712677002,0.8571000099182129,0.28479549288749695,0,0.4650110724615773,0.07705309758395222,0.04091684467913139,0.6352289857549799,0,6,0,0,0
1840,code_recurrent,0,,,,,,,,,,,,,,,,,,,,,,,,,,,,,,,,,,0.28991490602493286,0.0,0.0,5.840904712677002,0.8988499641418457,0.3483239412307739,0,0.4668829111413319,0.08217954405284088,0.042929352725309046,0.7566161582039462,0,6,0,0,0
1860,code_recurrent,0,,,,,,,,,,,,,,,,,,,,,,,,,,,,,,,,,,0.1977056860923767,0.0,0.0,5.840904712677002,0.8467999696731567,0.2561147212982178,0,0.47219677335202687,0.11428192990466154,0.038485788668520635,0.49062386466751967,0,6,0,0,0
1880,code_recurrent,0,,,,,,,,,,,,,,,,,,,,,,,,,,,,,,,,,,0.26776552200317383,0.0,0.0,5.840904712677002,0.9101499915122986,0.3261745572090149,0,0.4619484452259689,0.09170804950658099,0.04186235516376439,0.4826650625893048,0,6,0,0,0
1900,code_recurrent,0,,,,,,,,,,,,,,,,,,,,,,,,,,,,,,,,,,0.20846867561340332,0.0,0.0,5.840904712677002,0.8571000099182129,0.2668777108192444,0,0.4382439534742587,0.016999434675588936,0.045955255382236035,0.4365797755796285,0,6,0,0,0
1920,code_recurrent,0,,,,,,,,,,,,,,,,,,,,,,,,,,,,,,,,,,0.25185132026672363,0.0,0.0,5.840904712677002,0.8988499641418457,0.3102603554725647,0,0.4462332253892486,0.06697018714372202,0.043144477882407724,0.7224819496628784,0,6,0,0,0
1940,code_recurrent,0,,,,,,,,,,,,,,,,,,,,,,,,,,,,,,,,,,0.18563079833984375,0.0,0.0,5.840904712677002,0.8467999696731567,0.244039848446846,0,0.46858519304884233,-0.03785406646056799,0.05371186503223956,0.47409024380502246,0,6,0,0,0
1960,code_recurrent,0,,,,,,,,,,,,,,,,,,,,,,,,,,,,,,,,,,0.2440439760684967,0.0,0.0,5.840904712677002,0.9101499915122986,0.30245301127433777,0,0.4468933862793702,0.10703730607929174,0.04212236331908831,0.43116883397811934,0,6,0,0,0
1980,code_recurrent,0,,,,,,,,,,,,,,,,,,,,,,,,,,,,,,,,,,0.18682228028774261,0.0,0.0,5.840904712677002,0.8571000099182129,0.24523133039474487,0,0.44259357420808654,0.10272610544260326,0.03125801161670732,0.43567383460818776,0,6,0,0,0
1999,,,0.046875,-0.07171768306340054,1.0412635626427418,2.832794166781255,,32,8415,0.05463949348578079,1.4800615518883196,4.393216083342507,0.06772535120126277,32,14382,0.751068115234375,0.5375912984212239,1.3482911147402374,3.8508392622582774,0.046875,0.04309488833433306,0.8035845322480741,2.2335327666637075,,32,6174,0.015625,0.0969078461143893,2.0682548121818143,7.911004874305254,,32,3861,0,0.0,,,,,,,,,,,,,,,,
2000,novel_inject,0,,,,,,,,,,,,,,,,,,,,,,,,,,,,,,,,,,1.2466588020324707,0.0,0.0,5.840904712677002,0.8203999996185303,1.3050678968429565,0,0.043107348147870705,-0.003964663792950367,0.045593360628164,0.9190061106568291,0,6,0,0,0
2000,,,,-0.07137746011934598,1.0416037855867963,2.833758112321475,,32,8415,0.05333440550145152,1.4787564639039903,4.387486289575349,,32,14382,0.751068115234375,0.5375912984212239,1.3477755638711297,3.848854470404371,,0.04231175211667626,0.8028013960304173,2.231784290997482,,32,6174,,0.09659364389589009,2.067940609963315,7.908519609481496,,32,3861,0,0.0,,,,,,,,,,,,,,,,
2020,novel_inject,0,,,,,,,,,,,,,,,,,,,,,,,,,,,,,,,,,,1.0942707061767578,0.0,0.0,5.840904712677002,0.805649995803833,1.1526798009872437,0,0.215295850727395,0.08149281428320267,0.040995675940362235,0.7318271175026894,0,6,0,0,0
2040,novel_inject,0,,,,,,,,,,,,,,,,,,,,,,,,,,,,,,,,,,1.1266189813613892,0.0,0.0,5.840904712677002,0.838450014591217,1.185028076171875,0,0.25805947008636465,0.16032131244927378,0.03825384437047418,0.6336202916053553,0,6,0,0,0
2060,novel_inject,0,,,,,,,,,,,,,,,,,,,,,,,,,,,,,,,,,,1.26625394821167,0.0,0.0,5.840904712677002,0.8425999879837036,1.3246630430221558,0,0.2549388723992833,0.08764497907915418,0.0347167376584063,0.7870582301228766,0,6,0,0,0
2080,novel_inject,0,,,,,,,,,,,,,,,,,,,,,,,,,,,,,,,,,,1.1475498676300049,0.0,0.0,5.840904712677002,0.7991999983787537,1.2059589624404907,0,0.24834004476219182,0.14119816857523151,0.03280238726486762,0.6229769754386137,0,6,0,0,0
2100,novel_inject,0,,,,,,,,,,,,,,,,,,,,,,,,,,,,,,,,,,0.9324519634246826,0.0,0.0,5.840904712677002,0.784000039100647,0.9908609986305237,0,0.2534697522645939,0.05590936164246939,0.03636799856340365,0.4213113344023152,0,6,0,0,0
2120,novel_inject,0,,,,,,,,,,,,,,,,,,,,,,,,,,,,,,,,,,1.1330320835113525,0.0,0.0,5.840904712677002,0.8192499876022339,1.1914411783218384,0,0.25363899803743395,0.1392735946657402,0.032609260269248534,0.5905748166025632,0,6,0,0,0
2140,novel_inject,0,,,,,,,,,,,,,,,,,,,,,,,,,,,,,,,,,,1.0763362646102905,0.0,0.0,5.840904712677002,0.7951500415802002,1.1347453594207764,0,0.2559154995719595,0.09206430823542178,0.03298368223735856,0.5048661739225425,0,6,0,0,0
2149,,,0.046875,-0.10000471091312946,1.0129765347930129,2.7537855667245448,-0.02828702784972892,32,8415,0.006656244092550612,1.4320783024950894,4.1873928237491755,,32,14382,0.751068115234375,0.5375912984212239,1.3216695107788898,3.749676279460608,0.03125,0.021538272582098283,0.7820279164958394,2.1859005977169925,,32,6174,0.03125,0.08824832326419263,2.0595952893316176,7.842795105094275,,32,3861,0,0.0,,,,,,,,,,,,,,,,
2160,math_recurrent,0,,,,,,,,,,,,,,,,,,,,,,,,,,,,,,,,,,0.5507413744926453,0.0,0.0,5.840904712677002,0.8722000122070312,0.6091504096984863,0,0.1207612854504825,0.1321986924657332,0.09522903614810534,1.217631276566831,0,6,0,0,0
2180,math_recurrent,0,,,,,,,,,,,,,,,,,,,,,,,,,,,,,,,,,,0.5372653007507324,0.0,0.0,5.840904712677002,0.9068000316619873,0.5956743359565735,0,0.25165674696243523,0.16158052287729724,0.09439358663641743,0.9249427360674691,0,6,0,0,0
2200,math_recurrent,0,,,,,,,,,,,,,,,,,,,,,,,,,,,,,,,,,,0.4133685827255249,0.0,0.0,5.840904712677002,0.8489999771118164,0.47177761793136597,0,0.34474647220700716,0.04772922868349789,0.10038620262805906,0.5957564466765949,0,6,0,0,0
2220,math_recurrent,0,,,,,,,,,,,,,,,,,,,,,,,,,,,,,,,,,,0.4068552851676941,0.0,0.0,5.840904712677002,0.9018000364303589,0.46526432037353516,0,0.35731321275435995,0.03634433561403837,0.07281865347472448,0.5861893108203298,0,6,0,0,0
2240,math_recurrent,0,,,,,,,,,,,,,,,,,,,,,,,,,,,,,,,,,,0.31020721793174744,0.0,0.0,5.840904712677002,0.8722000122070312,0.3686162531375885,0,0.33065675438298264,0.019323733949152353,0.04937324788243998,0.4492563583902896,0,6,0,0,0
2250,,,,-0.08626126557393787,1.0267199801322044,2.7918933343255445,,32,8415,0.026749321390236114,1.4521713797927749,4.2723814132178894,,32,14382,0.751068115234375,0.5375912984212239,1.2625119319209672,3.53428823780881,,-0.18487452441216445,0.5756151195015766,1.778224010835154,,32,6174,,0.024194282189887728,1.9955412482573127,7.356183472074117,,32,3861,0,0.0,,,,,,,,,,,,,,,,
2260,math_recurrent,0,,,,,,,,,,,,,,,,,,,,,,,,,,,,,,,,,,0.28295227885246277,0.0,0.0,5.840904712677002,0.9068000316619873,0.34136131405830383,0,0.36376567446156965,0.042755861849790175,0.04150109061350425,0.3720612004162773,0,6,0,0,0
2280,math_recurrent,0,,,,,,,,,,,,,,,,,,,,,,,,,,,,,,,,,,0.3277818262577057,0.0,0.0,5.840904712677002,0.8489999771118164,0.38619086146354675,0,0.3704575137106682,-0.02909866710251663,0.04777105500744212,0.36457298479028166,0,6,0,0,0
2300,math_recurrent,0,,,,,,,,,,,,,,,,,,,,,,,,,,,,,,,,,,0.3205413818359375,0.0,0.0,5.840904712677002,0.9018000364303589,0.37895041704177856,0,0.37752832671681585,-0.03436902639805339,0.04272486058817733,0.40354167576583605,0,6,0,0,0
2320,math_recurrent,0,,,,,,,,,,,,,,,,,,,,,,,,,,,,,,,,,,0.2664331793785095,0.0,0.0,5.840904712677002,0.8722000122070312,0.3248422145843506,0,0.379972364116139,-0.038226172400754876,0.040412734851004585,0.3683020692909994,0,6,0,0,0
2340,math_recurrent,0,,,,,,,,,,,,,,,,,,,,,,,,,,,,,,,,,,0.22808827459812164,0.0,0.0,5.840904712677002,0.9068000316619873,0.2864973247051239,0,0.3868496855332242,0.0533409146363348,0.03226595121243643,0.25262150603627404,0,6,0,0,0
2360,math_recurrent,0,,,,,,,,,,,,,,,,,,,,,,,,,,,,,,,,,,0.28746750950813293,0.0,0.0,5.840904712677002,0.8489999771118164,0.345876544713974,0,0.39153611187884824,0.002751011709083936,0.0359235400999231,0.3396720845666197,0,6,0,0,0
2380,math_recurrent,0,,,,,,,,,,,,,,,,,,,,,,,,,,,,,,,,,,0.2797836661338806,0.0,0.0,5.840904712677002,0.9018000364303589,0.3381927013397217,0,0.3951506640493411,0.02524654679707185,0.03267642400996198,0.3428404817387225,0,6,0,0,0
2400,math_recurrent,0,,,,,,,,,,,,,,,,,,,,,,,,,,,,,,,,,,0.23767167329788208,0.0,0.0,5.840904712677002,0.8722000122070312,0.29608070850372314,0,0.3968016487738596,0.004637466514915494,0.0289262672945384,0.35792117263116535,0,6,0,0,0
2420,math_recurrent,0,,,,,,,,,,,,,,,,,,,,,,,,,,,,,,,,,,0.20360128581523895,0.0,0.0,5.840904712677002,0.9068000316619873,0.2620103359222412,0,0.4018565909292494,0.03975680240546353,0.03389423734523238,0.22301954269290916,0,6,0,0,0
2440,math_recurrent,0,,,,,,,,,,,,,,,,,,,,,,,,,,,,,,,,,,0.2611255645751953,0.0,0.0,5.840904712677002,0.8489999771118164,0.3195345997810364,0,0.4048345679237976,-0.007401498889001752,0.0377557640030448,0.30986903109957303,0,6,0,0,0
2460,math_recurrent,0,,,,,,,,,,,,,,,,,,,,,,,,,,,,,,,,,,0.25710177421569824,0.0,0.0,5.840904712677002,0.9018000364303589,0.3155108094215393,0,0.4090464429411586,0.0204400279908441,0.027797171324934988,0.3120888087721098,0,6,0,0,0
2480,math_recurrent,0,,,,,,,,,,,,,,,,,,,,,,,,,,,,,,,,,,0.2201329469680786,0.0,0.0,5.840904712677002,0.8722000122070312,0.2785419821739197,0,0.41404680046117315,0.008833918028228385,0.03228479000991062,0.3171861776106414,0,6,0,0,0
2500,math_recurrent,0,,,,,,,,,,,,,,,,,,,,,,,,,,,,,,,,,,0.18681976199150085,0.0,0.0,5.840904712677002,0.9068000316619873,0.2452288120985031,0,0.41737932443459075,0.05798069622168051,0.03933906978557981,0.2056634080906709,0,6,0,0,0
2500,,,,-0.07512883023711381,1.0378524154690285,2.82314755133198,,32,8415,0.028146577468254552,1.4535686358707933,4.278355196595791,,32,14382,0.751068115234375,0.5375912984212239,1.2625485324463042,3.534417596982298,,-0.21345505190776082,0.5470345920059803,1.7281208287906966,,32,6174,,0.04039152037198934,2.0117384864394143,7.476303508182124,,32,3861,0,0.0,,,,,,,,,,,,,,,,
2520,math_recurrent,0,,,,,,,,,,,,,,,,,,,,,,,,,,,,,,,,,,0.24410799145698547,0.0,0.0,5.840904712677002,0.8489999771118164,0.30251702666282654,0,0.41792370252654715,0.053575777099467814,0.031444802936462186,0.2804056803917601,0,6,0,0,0
2540,math_recurrent,0,,,,,,,,,,,,,,,,,,,,,,,,,,,,,,,,,,0.2415604591369629,0.0,0.0,5.840904712677002,0.9018000364303589,0.29996949434280396,0,0.4196813843230674,0.06795634832815267,0.029221780131024028,0.29314469920382613,0,6,0,0,0
2560,math_recurrent,0,,,,,,,,,,,,,,,,,,,,,,,,,,,,,,,,,,0.20644037425518036,0.0,0.0,5.840904712677002,0.8722000122070312,0.2648494243621826,0,0.4233165803766741,-0.023169542768820457,0.037004460256901524,0.29208862679227005,0,6,0,0,0
2580,math_recurrent,0,,,,,,,,,,,,,,,,,,,,,,,,,,,,,,,,,,0.17219844460487366,0.0,0.0,5.840904712677002,0.9068000316619873,0.23060749471187592,0,0.4250420898337004,0.07186512821187664,0.030454712061004505,0.1794369423288911,0,6,0,0,0
2600,math_recurrent,0,,,,,,,,,,,,,,,,,,,,,,,,,,,,,,,,,,0.228981152176857,0.0,0.0,5.840904712677002,0.8489999771118164,0.28739020228385925,0,0.42663041744594626,0.038313881701989363,0.02932383492219424,0.28164025128242515,0,6,0,0,0
2620,math_recurrent,0,,,,,,,,,,,,,,,,,,,,,,,,,,,,,,,,,,0.22658708691596985,0.0,0.0,5.840904712677002,0.9018000364303589,0.2849961221218109,0,0.4302063906886368,0.09530171362400454,0.030186679025018027,0.27819546677526974,0,6,0,0,0
2640,math_recurrent,0,,,,,,,,,,,,,,,,,,,,,,,,,,,,,,,,,,0.19386984407901764,0.0,0.0,5.840904712677002,0.8722000122070312,0.2522788941860199,0,0.43229298150095063,0.020605302929262898,0.03186393508111082,0.2765055408080419,0,6,0,0,0
2660,math_recurrent,0,,,,,,,,,,,,,,,,,,,,,,,,,,,,,,,,,,0.16142788529396057,0.0,0.0,5.840904712677002,0.9068000316619873,0.21983693540096283,0,0.4323498261966005,0.09852270025502159,0.028123010114012727,0.1700481262885862,0,6,0,0,0
2680,math_recurrent,0,,,,,,,,,,,,,,,,,,,,,,,,,,,,,,,,,,0.2181859016418457,0.0,0.0,5.840904712677002,0.8489999771118164,0.27659493684768677,0,0.4329884834966375,-0.049428658127518635,0.03418991979034174,0.2777024930136071,0,6,0,0,0
2700,math_recurrent,0,,,,,,,,,,,,,,,,,,,,,,,,,,,,,,,,,,0.21813878417015076,0.0,0.0,5.840904712677002,0.9018000364303589,0.2765478193759918,0,0.43593412520581337,0.07461871549146183,0.026671452070808125,0.2734175669591105,0,6,0,0,0
2720,math_recurrent,0,,,,,,,,,,,,,,,,,,,,,,,,,,,,,,,,,,0.18609079718589783,0.0,0.0,5.840904712677002,0.8722000122070312,0.24449984729290009,0,0.43767109964640527,0.06201893828152346,0.028180922604801633,0.26352322815902646,0,6,0,0,0
2740,math_recurrent,0,,,,,,,,,,,,,,,,,,,,,,,,,,,,,,,,,,0.15669609606266022,0.0,0.0,5.840904712677002,0.9068000316619873,0.21510514616966248,0,0.43625245962566844,0.05519115151089084,0.03418903242101863,0.16439654365300188,0,6,0,0,0
2750,,,,-0.06764184744387802,1.0453393982622643,2.8443637319553665,,32,8415,0.03092990281634589,1.4563519612188847,4.290279838443325,,32,14382,0.751068115234375,0.5375912984212239,1.2683727482483105,3.555062870706425,,-0.2112761245099788,0.5492135194037623,1.7318903839132926,,32,6174,,0.05123914804090579,2.022586114108331,7.5578451319769435,,32,3861,0,0.0,,,,,,,,,,,,,,,,
2760,math_recurrent,0,,,,,,,,,,,,,,,,,,,,,,,,,,,,,,,,,,0.2067582756280899,0.0,0.0,5.840904712677002,0.8489999771118164,0.26516732573509216,0,0.4363418347850466,0.05265935428490463,0.03080434167225446,0.2523118379451926,0,6,0,0,0
2780,math_recurrent,0,,,,,,,,,,,,,,,,,,,,,,,,,,,,,,,,,,0.20727309584617615,0.0,0.0,5.840904712677002,0.9018000364303589,0.2656821310520172,0,0.43904516323772597,0.024330570626521615,0.029867503194818422,0.26744699569212066,0,6,0,0,0
2800,math_recurrent,0,,,,,,,,,,,,,,,,,,,,,,,,,,,,,,,,,,0.18016478419303894,0.0,0.0,5.840904712677002,0.8722000122070312,0.2385738343000412,0,0.4389324197392521,0.041834041297469024,0.036529724282168205,0.2545386185721746,0,6,0,0,0
2820,math_recurrent,0,,,,,,,,,,,,,,,,,,,,,,,,,,,,,,,,,,0.14767120778560638,0.0,0.0,5.840904712677002,0.9068000316619873,0.20608025789260864,0,0.441886539329284,0.08555635428638197,0.03359877130992356,0.1531511885128797,0,6,0,0,0
2840,math_recurrent,0,,,,,,,,,,,,,,,,,,,,,,,,,,,,,,,,,,0.1951557993888855,0.0,0.0,5.840904712677002,0.8489999771118164,0.25356483459472656,0,0.44057474949768877,0.01750981211911754,0.03129064056297971,0.25023481519449325,0,6,0,0,0
2860,math_recurrent,0,,,,,,,,,,,,,,,,,,,,,,,,,,,,,,,,,,0.19924962520599365,0.0,0.0,5.840904712677002,0.9018000364303589,0.2576586604118347,0,0.44628583239869357,0.12078395793962825,0.02810908727761772,0.25652254618822584,0,6,0,0,0
2880,math_recurrent,0,,,,,,,,,,,,,,,,,,,,,,,,,,,,,,,,,,0.1733299195766449,0.0,0.0,5.840904712677002,0.8722000122070312,0.23173896968364716,0,0.44528960671803486,0.05081946191993276,0.03296815258125582,0.24893958926319132,0,6,0,0,0
2900,math_recurrent,0,,,,,,,,,,,,,,,,,,,,,,,,,,,,,,,,,,0.1406843215227127,0.0,0.0,5.840904712677002,0.9068000316619873,0.19909337162971497,0,0.44484135997620106,0.08280164094009836,0.027964840943200724,0.1442609177872775,0,6,0,0,0
2920,math_recurrent,0,,,,,,,,,,,,,,,,,,,,,,,,,,,,,,,,,,0.18593841791152954,0.0,0.0,5.840904712677002,0.8489999771118164,0.2443474680185318,0,0.44607658557770563,0.03790708149816575,0.028148670648298568,0.23618162940182383,0,6,0,0,0
2940,math_recurrent,0,,,,,,,,,,,,,,,,,,,,,,,,,,,,,,,,,,0.19194060564041138,0.0,0.0,5.840904712677002,0.9018000364303589,0.25034964084625244,0,0.4507063863232755,0.1640981928711491,0.028970582415867186,0.25540701560084783,0,6,0,0,0
2960,math_recurrent,0,,,,,,,,,,,,,,,,,,,,,,,,,,,,,,,,,,0.16503611207008362,0.0,0.0,5.840904712677002,0.8722000122070312,0.22344516217708588,0,0.4495289443293388,0.09004652756266296,0.027822216889924475,0.23991851201133121,0,6,0,0,0
2980,math_recurrent,0,,,,,,,,,,,,,,,,,,,,,,,,,,,,,,,,,,0.13415169715881348,0.0,0.0,5.840904712677002,0.9068000316619873,0.19256074726581573,0,0.44997249503970327,0.13428994786227122,0.02450038005657021,0.13665742990930402,0,6,0,0,0
3000,math_recurrent,0,,,,,,,,,,,,,,,,,,,,,,,,,,,,,,,,,,0.17753048241138458,0.0,0.0,5.840904712677002,0.8489999771118164,0.23593953251838684,0,0.4518945277934961,-0.03345899856919589,0.03746322620926158,0.22683545524284005,0,6,0,0,0
3000,,,,-0.06232341872887881,1.0506578269772635,2.859531576500566,,32,8415,0.03399270314564218,1.459414761548181,4.30344025251769,,32,14382,0.751068115234375,0.5375912984212239,1.2727393849996844,3.5706204813879707,,-0.21158739490960077,0.5489022490041403,1.7313513815934762,,32,6174,,0.06063573640172781,2.031982702469153,7.629197802401767,,32,3861,0,0.0,,,,,,,,,,,,,,,,
3020,math_recurrent,0,,,,,,,,,,,,,,,,,,,,,,,,,,,,,,,,,,0.18711434304714203,0.0,0.0,5.840904712677002,0.9018000364303589,0.2455233931541443,0,0.45161492507253,-0.036324041500587816,0.041288882186488504,0.25743794105947015,0,6,0,0,0
3040,math_recurrent,0,,,,,,,,,,,,,,,,,,,,,,,,,,,,,,,,,,0.16205337643623352,0.0,0.0,5.840904712677002,0.8722000122070312,0.22046242654323578,0,0.45433275310838644,0.1051637631691327,0.029535244175395558,0.23989099730693159,0,6,0,0,0
3060,math_recurrent,0,,,,,,,,,,,,,,,,,,,,,,,,,,,,,,,,,,0.13241015374660492,0.0,0.0,5.840904712677002,0.9068000316619873,0.19081920385360718,0,0.45349104738149393,0.09103822139357882,0.026031642458919025,0.14235779516812827,0,6,0,0,0
3080,math_recurrent,0,,,,,,,,,,,,,,,,,,,,,,,,,,,,,,,,,,0.17041143774986267,0.0,0.0,5.840904712677002,0.8489999771118164,0.22882048785686493,0,0.450366737122561,-0.0057216495957358605,0.03902881650313262,0.2152973426358094,0,6,0,0,0
3100,math_recurrent,0,,,,,,,,,,,,,,,,,,,,,,,,,,,,,,,,,,0.18224090337753296,0.0,0.0,5.840904712677002,0.9018000364303589,0.24064995348453522,0,0.45092874871924665,0.05877214218448249,0.031187080605221646,0.256074937977015,0,6,0,0,0
3120,math_recurrent,0,,,,,,,,,,,,,,,,,,,,,,,,,,,,,,,,,,0.15638130903244019,0.0,0.0,5.840904712677002,0.8722000122070312,0.21479035913944244,0,0.4525067002848215,0.06419443589402363,0.032294321829630504,0.23289741019289645,0,6,0,0,0
3140,math_recurrent,0,,,,,,,,,,,,,,,,,,,,,,,,,,,,,,,,,,0.12866206467151642,0.0,0.0,5.840904712677002,0.9068000316619873,0.18707111477851868,0,0.45479507024299987,0.12045880498356253,0.028520334259207757,0.13604707706956162,0,6,0,0,0
3160,math_recurrent,0,,,,,,,,,,,,,,,,,,,,,,,,,,,,,,,,,,0.1643816977739334,0.0,0.0,5.840904712677002,0.8489999771118164,0.22279074788093567,0,0.4587794572986542,0.04197780747199431,0.03875257790399095,0.21185349379740062,0,6,0,0,0
3180,math_recurrent,0,,,,,,,,,,,,,,,,,,,,,,,,,,,,,,,,,,0.1751244068145752,0.0,0.0,5.840904712677002,0.9018000364303589,0.23353345692157745,0,0.4744016081394434,0.13506728442111385,0.03324149181061085,0.2527910480423579,0,6,0,0,0
3200,math_recurrent,0,,,,,,,,,,,,,,,,,,,,,,,,,,,,,,,,,,0.15227392315864563,0.0,0.0,5.840904712677002,0.8722000122070312,0.2106829732656479,0,0.504993394184606,0.048216108532090275,0.033102327761875966,0.23238521838590268,0,6,0,0,0
3220,math_recurrent,0,,,,,,,,,,,,,,,,,,,,,,,,,,,,,,,,,,0.1263369768857956,0.0,0.0,5.840904712677002,0.9068000316619873,0.18474602699279785,0,0.5098185558447385,0.11316837318424534,0.02604517477327987,0.13353155159820168,0,6,0,0,0
3240,math_recurrent,0,,,,,,,,,,,,,,,,,,,,,,,,,,,,,,,,,,0.15868300199508667,0.0,0.0,5.840904712677002,0.8489999771118164,0.21709205210208893,0,0.5074105236708101,0.0147013380275374,0.043543869832028,0.19877047931391095,0,6,0,0,0
3250,,,,-0.057540685026970184,1.0554405606791721,2.8732407119828087,,32,8415,0.03573922019494846,1.4611612785974872,4.31096285155092,,32,14382,0.751068115234375,0.5375912984212239,1.275446347220891,3.5802991100683217,,-0.2129107575065926,0.5475788864071485,1.7290616913122228,,32,6174,,0.06625769713233098,2.037604663199756,7.672209645010371,,32,3861,0,0.0,,,,,,,,,,,,,,,,
3260,math_recurrent,0,,,,,,,,,,,,,,,,,,,,,,,,,,,,,,,,,,0.16885340213775635,0.0,0.0,5.840904712677002,0.9018000364303589,0.2272624522447586,0,0.5018870669564061,0.05306539100794388,0.03215348968829309,0.24347988694078393,0,6,0,0,0
3280,math_recurrent,0,,,,,,,,,,,,,,,,,,,,,,,,,,,,,,,,,,0.1493741273880005,0.0,0.0,5.840904712677002,0.8722000122070312,0.20778317749500275,0,0.5060483433934116,0.045385642239125445,0.03544777964670507,0.2344585037479798,0,6,0,0,0
3300,math_recurrent,0,,,,,,,,,,,,,,,,,,,,,,,,,,,,,,,,,,0.12327749282121658,0.0,0.0,5.840904712677002,0.9068000316619873,0.18168653547763824,0,0.5027136809663427,0.10668701177928597,0.0299700487146361,0.12994648122657387,0,6,0,0,0
3320,math_recurrent,0,,,,,,,,,,,,,,,,,,,,,,,,,,,,,,,,,,0.15635037422180176,0.0,0.0,5.840904712677002,0.8489999771118164,0.21475942432880402,0,0.4966376694111779,0.06460825141402893,0.03435043560281869,0.20893039454425139,0,6,0,0,0
3340,math_recurrent,0,,,,,,,,,,,,,,,,,,,,,,,,,,,,,,,,,,0.16413554549217224,0.0,0.0,5.840904712677002,0.9018000364303589,0.2225445955991745,0,0.48998374313517934,0.039877453299206014,0.029627561285382225,0.24499207931378533,0,6,0,0,0
3360,math_recurrent,0,,,,,,,,,,,,,,,,,,,,,,,,,,,,,,,,,,0.1469869613647461,0.0,0.0,5.840904712677002,0.8722000122070312,0.20539601147174835,0,0.49222287664732944,0.07410710737791046,0.033754348032738246,0.22142309085244224,0,6,0,0,0
3380,math_recurrent,0,,,,,,,,,,,,,,,,,,,,,,,,,,,,,,,,,,0.11844976991415024,0.0,0.0,5.840904712677002,0.9068000316619873,0.1768588125705719,0,0.490523387022266,0.1134244950496525,0.02850524134165238,0.12474411815582287,0,6,0,0,0
3400,math_recurrent,0,,,,,,,,,,,,,,,,,,,,,,,,,,,,,,,,,,0.15089057385921478,0.0,0.0,5.840904712677002,0.8489999771118164,0.20929962396621704,0,0.48623604979265533,0.0692154414687788,0.029353453184936255,0.19883679126699766,0,6,0,0,0
3420,math_recurrent,0,,,,,,,,,,,,,,,,,,,,,,,,,,,,,,,,,,0.16139070689678192,0.0,0.0,5.840904712677002,0.9018000364303589,0.21979975700378418,0,0.4847769599187787,0.11938158882133264,0.03264334010152471,0.24300926901281827,0,6,0,0,0
3440,math_recurrent,0,,,,,,,,,,,,,,,,,,,,,,,,,,,,,,,,,,0.1452254056930542,0.0,0.0,5.840904712677002,0.8722000122070312,0.20363445580005646,0,0.4867630114576241,0.039549445504755046,0.040177060786398155,0.2511376788218816,0,6,0,0,0
3460,math_recurrent,0,,,,,,,,,,,,,,,,,,,,,,,,,,,,,,,,,,0.11533281952142715,0.0,0.0,5.840904712677002,0.9068000316619873,0.17374186217784882,0,0.48457530227691664,0.13905080505147843,0.04430176069856518,0.12103093840950539,0,6,0,0,0
3480,math_recurrent,0,,,,,,,,,,,,,,,,,,,,,,,,,,,,,,,,,,0.14681802690029144,0.0,0.0,5.840904712677002,0.8489999771118164,0.2052270770072937,0,0.480953498257256,0.07377497738135778,0.02933621509739804,0.19286180994222088,0,6,0,0,0
3500,math_recurrent,0,,,,,,,,,,,,,,,,,,,,,,,,,,,,,,,,,,0.15579041838645935,0.0,0.0,5.840904712677002,0.9018000364303589,0.2141994684934616,0,0.4802787699437192,0.06514086812135897,0.02866779763975905,0.22891062955179858,0,6,0,0,0
3500,,,,-0.05613369593220807,1.0568475497739342,2.877286175625436,,32,8415,0.03905055778544786,1.4644726161879866,4.325261565762043,,32,14382,0.751068115234375,0.5375912984212239,1.2762109513120066,3.5830376682382696,,-0.21685309575374045,0.5436365481600006,1.7222585642001902,,32,6174,,0.06854012505867968,2.0398870911261047,7.689740909874473,,32,3861,0,0.0,,,,,,,,,,,,,,,,
3520,math_recurrent,0,,,,,,,,,,,,,,,,,,,,,,,,,,,,,,,,,,0.1402629166841507,0.0,0.0,5.840904712677002,0.8722000122070312,0.19867196679115295,0,0.4820253893540528,0.0854434983172853,0.03341702807192055,0.22826643460799775,0,6,0,0,0
3540,math_recurrent,0,,,,,,,,,,,,,,,,,,,,,,,,,,,,,,,,,,0.11289411038160324,0.0,0.0,5.840904712677002,0.9068000316619873,0.1713031530380249,0,0.48009927224544235,0.10308127137666036,0.028771932658902,0.12950089088685454,0,6,0,0,0
3560,math_recurrent,0,,,,,,,,,,,,,,,,,,,,,,,,,,,,,,,,,,0.1412094533443451,0.0,0.0,5.840904712677002,0.8489999771118164,0.19961850345134735,0,0.471519440286399,0.020594102257746272,0.03710219417255194,0.18674509708607007,0,6,0,0,0
3580,math_recurrent,0,,,,,,,,,,,,,,,,,,,,,,,,,,,,,,,,,,0.15551786124706268,0.0,0.0,5.840904712677002,0.9018000364303589,0.21392691135406494,0,0.47336312208203385,0.1846573107510007,0.02989725462486228,0.2579617247044567,0,6,0,0,0
3600,math_recurrent,0,,,,,,,,,,,,,,,,,,,,,,,,,,,,,,,,,,0.1405038684606552,0.0,0.0,5.840904712677002,0.8722000122070312,0.19891291856765747,0,0.47598331385224635,0.07344242990698799,0.03389383400199077,0.2265749604101219,0,6,0,0,0
3620,math_recurrent,0,,,,,,,,,,,,,,,,,,,,,,,,,,,,,,,,,,0.10932629555463791,0.0,0.0,5.840904712677002,0.9068000316619873,0.16773533821105957,0,0.4734833051584352,0.08372584394653261,0.031453153477715594,0.11645283892395951,0,6,0,0,0
3640,math_recurrent,0,,,,,,,,,,,,,,,,,,,,,,,,,,,,,,,,,,0.14127397537231445,0.0,0.0,5.840904712677002,0.8489999771118164,0.1996830254793167,0,0.4681920957458206,0.06958972599490412,0.03193334383032625,0.19454828772753002,0,6,0,0,0
3649,,,0.140625,-0.05353928110957917,1.0594419645965631,2.88476074139794,0.018178401953821366,32,8415,0.040729224043617895,1.4661512824461567,4.332528333943092,0.034072979951067284,32,14382,0.751068115234375,0.5375912984212239,1.2790218088900103,3.5931232447394343,0.03125,-0.21388743369371555,0.5466022102200255,1.727373782336677,,32,6174,0.0,0.07254481222987086,2.043891778297296,7.720597661225369,,32,3861,0,0.0,,,,,,,,,,,,,,,,
3660,medical_recurrent,0,,,,,,,,,,,,,,,,,,,,,,,,,,,,,,,,,,1.1605231761932373,0.0,0.0,5.840904712677002,0.6237499713897705,1.2189322710037231,0,0.09229923507875634,0.37399826045813306,0.16563879812047594,2.6100700889787976,0,6,0,0,0
3680,medical_recurrent,0,,,,,,,,,,,,,,,,,,,,,,,,,,,,,,,,,,1.078175663948059,0.0,0.0,5.840904712677002,0.5874999761581421,1.136584758758545,0,0.13086479890827385,0.20444285836336867,0.14872949391839999,1.514029891954528,0,6,0,0,0
3700,medical_recurrent,0,,,,,,,,,,,,,,,,,,,,,,,,,,,,,,,,,,1.081675410270691,0.0,0.0,5.840904712677002,0.624750018119812,1.1400845050811768,0,0.21862206149506416,0.3309837540811194,0.1353048577756872,1.3223638924341352,0,6,0,0,0
3720,medical_recurrent,0,,,,,,,,,,,,,,,,,,,,,,,,,,,,,,,,,,0.9734801054000854,0.0,0.0,5.840904712677002,0.6500500440597534,1.0318892002105713,0,0.2484849324908441,0.19272699446550437,0.11608874589677841,1.3543833243941505,0,6,0,0,0
3740,medical_recurrent,0,,,,,,,,,,,,,,,,,,,,,,,,,,,,,,,,,,0.535709023475647,0.0,0.0,5.840904712677002,0.6237499713897705,0.594118058681488,0,0.19979011101707517,0.1267421793995059,0.08261950677112928,0.8532182781232728,0,6,0,0,0
3750,,,,-0.05491592670152823,1.058065319004614,2.880792180517141,,32,8415,0.058464117133721905,1.4838861755362607,4.410050653892708,,32,14382,0.751068115234375,0.5375912984212239,1.1784300388227054,3.24926897029184,,-0.20905734236123763,0.5514323015525034,1.735737337578545,,32,6174,,-0.35101060686998187,1.6203363591974431,5.0547902558464335,,32,3861,0,0.0,,,,,,,,,,,,,,,,
3760,medical_recurrent,0,,,,,,,,,,,,,,,,,,,,,,,,,,,,,,,,,,0.6416391134262085,0.0,0.0,5.840904712677002,0.5874999761581421,0.7000481486320496,0,0.20983075895554437,0.1329793819958078,0.06251079771549456,0.7314690264207976,0,6,0,0,0
3780,medical_recurrent,0,,,,,,,,,,,,,,,,,,,,,,,,,,,,,,,,,,0.6258391737937927,0.0,0.0,5.840904712677002,0.624750018119812,0.6842482089996338,0,0.3220143468607502,0.16648707454026276,0.0545075329360626,0.6440027355674713,0,6,0,0,0
3800,medical_recurrent,0,,,,,,,,,,,,,,,,,,,,,,,,,,,,,,,,,,0.546795666217804,0.0,0.0,5.840904712677002,0.6500500440597534,0.605204701423645,0,0.3420581632357532,0.1276747412879818,0.05684923170548346,0.660571037836018,0,6,0,0,0
3820,medical_recurrent,0,,,,,,,,,,,,,,,,,,,,,,,,,,,,,,,,,,0.37670978903770447,0.0,0.0,5.840904712677002,0.6237499713897705,0.43511882424354553,0,0.26928549432026067,0.18078023996037831,0.052717238578886265,0.488197694021085,0,6,0,0,0
3840,medical_recurrent,0,,,,,,,,,,,,,,,,,,,,,,,,,,,,,,,,,,0.500938892364502,0.0,0.0,5.840904712677002,0.5874999761581421,0.559347927570343,0,0.2785166701371118,0.13220707877605622,0.05499178821753178,0.5381912640872456,0,6,0,0,0
3860,medical_recurrent,0,,,,,,,,,,,,,,,,,,,,,,,,,,,,,,,,,,0.45256298780441284,0.0,0.0,5.840904712677002,0.624750018119812,0.5109720230102539,0,0.3803681750437322,0.20590235527405248,0.04796045914085375,0.3994487828442029,0,6,0,0,0
3880,medical_recurrent,0,,,,,,,,,,,,,,,,,,,,,,,,,,,,,,,,,,0.39961034059524536,0.0,0.0,5.840904712677002,0.6500500440597534,0.4580193758010864,0,0.4037933747236893,0.15322273500662828,0.04787079894560433,0.46481611444836574,0,6,0,0,0
3900,medical_recurrent,0,,,,,,,,,,,,,,,,,,,,,,,,,,,,,,,,,,0.2989598512649536,0.0,0.0,5.840904712677002,0.6237499713897705,0.3573688864707947,0,0.31970443203211557,0.24019875018192188,0.045652893791714354,0.3239479578144494,0,6,0,0,0
3920,medical_recurrent,0,,,,,,,,,,,,,,,,,,,,,,,,,,,,,,,,,,0.43692103028297424,0.0,0.0,5.840904712677002,0.5874999761581421,0.4953300654888153,0,0.3258712466919956,0.17317677511268162,0.05416139030592546,0.4380370961295234,0,6,0,0,0
3940,medical_recurrent,0,,,,,,,,,,,,,,,,,,,,,,,,,,,,,,,,,,0.38180726766586304,0.0,0.0,5.840904712677002,0.624750018119812,0.4402163028717041,0,0.417242481339643,0.22056163470136067,0.040248275956227667,0.3720288486471252,0,6,0,0,0
3960,medical_recurrent,0,,,,,,,,,,,,,,,,,,,,,,,,,,,,,,,,,,0.3166635036468506,0.0,0.0,5.840904712677002,0.6500500440597534,0.37507253885269165,0,0.43061318355817424,0.2145328933339832,0.03632028252403769,0.3138747858386191,0,6,0,0,0
3980,medical_recurrent,0,,,,,,,,,,,,,,,,,,,,,,,,,,,,,,,,,,0.2704915404319763,0.0,0.0,5.840904712677002,0.6237499713897705,0.3289005756378174,0,0.37497779131897074,0.19305952962271736,0.03571816695972331,0.28680010755502044,0,6,0,0,0
4000,medical_recurrent,0,,,,,,,,,,,,,,,,,,,,,,,,,,,,,,,,,,0.37682971358299255,0.0,0.0,5.840904712677002,0.5874999761581421,0.4352387487888336,0,0.35851688957676614,0.18366072510252707,0.04240834788522786,0.3680224480373519,0,6,0,0,0
4000,,,,-0.05138367750923756,1.0615975681969048,2.890985849059987,,32,8415,0.06987129161560457,1.4952933500181433,4.460644891197668,,32,14382,0.751068115234375,0.5375912984212239,1.1638429790200144,3.2022157082199145,,-0.20677677126119232,0.5537128726525488,1.7397003272100808,,32,6174,,-0.4265788408549638,1.5447681252124612,4.686884730613817,,32,3861,0,0.0,,,,,,,,,,,,,,,,
4020,medical_recurrent,0,,,,,,,,,,,,,,,,,,,,,,,,,,,,,,,,,,0.33165276050567627,0.0,0.0,5.840904712677002,0.624750018119812,0.39006179571151733,0,0.43917773447414593,0.23298524882245278,0.02918205708634877,0.31046872014209387,0,6,0,0,0
4040,medical_recurrent,0,,,,,,,,,,,,,,,,,,,,,,,,,,,,,,,,,,0.2681652009487152,0.0,0.0,5.840904712677002,0.6500500440597534,0.3265742361545563,0,0.4478143335575576,0.22699326707515866,0.03832805395895054,0.25460647183159985,0,6,0,0,0
4060,medical_recurrent,0,,,,,,,,,,,,,,,,,,,,,,,,,,,,,,,,,,0.23937200009822845,0.0,0.0,5.840904712677002,0.6237499713897705,0.2977810502052307,0,0.3974309151543299,0.24507435787070012,0.03595274755849488,0.24590511809857118,0,6,0,0,0
4080,medical_recurrent,0,,,,,,,,,,,,,,,,,,,,,,,,,,,,,,,,,,0.3437853455543518,0.0,0.0,5.840904712677002,0.5874999761581421,0.40219438076019287,0,0.38327184533113606,0.1801124887507675,0.04456288327004702,0.3366593241041142,0,6,0,0,0
4100,medical_recurrent,0,,,,,,,,,,,,,,,,,,,,,,,,,,,,,,,,,,0.29029932618141174,0.0,0.0,5.840904712677002,0.624750018119812,0.3487083613872528,0,0.45343726850395527,0.25902381549323245,0.0389111681678702,0.2588550341152956,0,6,0,0,0
4120,medical_recurrent,0,,,,,,,,,,,,,,,,,,,,,,,,,,,,,,,,,,0.24755674600601196,0.0,0.0,5.840904712677002,0.6500500440597534,0.305965781211853,0,0.45937217012369286,0.20580359793218253,0.03499684484291171,0.717335194390681,0,6,0,0,0
4140,medical_recurrent,0,,,,,,,,,,,,,,,,,,,,,,,,,,,,,,,,,,0.22523461282253265,0.0,0.0,5.840904712677002,0.6237499713897705,0.2836436629295349,0,0.4168546427232241,0.23540004272945225,0.022691186969094567,0.24761686630783572,0,6,0,0,0
4160,medical_recurrent,0,,,,,,,,,,,,,,,,,,,,,,,,,,,,,,,,,,0.3225952088832855,0.0,0.0,5.840904712677002,0.5874999761581421,0.3810042440891266,0,0.40676487683411183,0.24636279383308388,0.02583475856642638,0.32093859326153523,0,6,0,0,0
4180,medical_recurrent,0,,,,,,,,,,,,,,,,,,,,,,,,,,,,,,,,,,0.26887407898902893,0.0,0.0,5.840904712677002,0.624750018119812,0.32728311419487,0,0.46354458140370264,0.2346016496656895,0.03416089042355972,0.24716972826373956,0,6,0,0,0
4200,medical_recurrent,0,,,,,,,,,,,,,,,,,,,,,,,,,,,,,,,,,,0.21830235421657562,0.0,0.0,5.840904712677002,0.6500500440597534,0.2767114043235779,0,0.4673610939175915,0.2459801140440894,0.032586016971617934,0.21263725904836542,0,6,0,0,0
4220,medical_recurrent,0,,,,,,,,,,,,,,,,,,,,,,,,,,,,,,,,,,0.21173140406608582,0.0,0.0,5.840904712677002,0.6237499713897705,0.2701404392719269,0,0.43400920583021824,0.27148000575003345,0.024472447457383313,0.22362422062054513,0,6,0,0,0
4240,medical_recurrent,0,,,,,,,,,,,,,,,,,,,,,,,,,,,,,,,,,,0.3046332597732544,0.0,0.0,5.840904712677002,0.5874999761581421,0.36304229497909546,0,0.4213735461509628,0.16642826774997438,0.042703076892547195,0.32860231847162286,0,6,0,0,0
4250,,,,-0.04928647254948393,1.0636947731566584,2.897055201034191,,32,8415,0.0772524714188092,1.502674529821348,4.493691524713199,,32,14382,0.751068115234375,0.5375912984212239,1.1611176471603715,3.193500489055389,,-0.20379507190245894,0.5566945720112821,1.7448953316820008,,32,6174,,-0.44994025241522784,1.5214067136521972,4.578661532725684,,32,3861,0,0.0,,,,,,,,,,,,,,,,
4260,medical_recurrent,0,,,,,,,,,,,,,,,,,,,,,,,,,,,,,,,,,,0.24751253426074982,0.0,0.0,5.840904712677002,0.624750018119812,0.3059215843677521,0,0.4675646207290004,0.2616124374991549,0.031698368374435675,0.22770282250075113,0,6,0,0,0
4280,medical_recurrent,0,,,,,,,,,,,,,,,,,,,,,,,,,,,,,,,,,,0.19878371059894562,0.0,0.0,5.840904712677002,0.6500500440597534,0.2571927607059479,0,0.4706095886185698,0.24476659544078366,0.03404076218841568,0.19095247937809853,0,6,0,0,0
4300,medical_recurrent,0,,,,,,,,,,,,,,,,,,,,,,,,,,,,,,,,,,0.1953822672367096,0.0,0.0,5.840904712677002,0.6237499713897705,0.25379130244255066,0,0.4426034925235313,0.2375878562285964,0.03843769520181157,0.20434361517961536,0,6,0,0,0
4320,medical_recurrent,0,,,,,,,,,,,,,,,,,,,,,,,,,,,,,,,,,,0.28194865584373474,0.0,0.0,5.840904712677002,0.5874999761581421,0.3403576910495758,0,0.44870496834818735,0.22535928741230496,0.034838056419458655,0.31052889308877407,0,6,0,0,0
4340,medical_recurrent,0,,,,,,,,,,,,,,,,,,,,,,,,,,,,,,,,,,0.22988493740558624,0.0,0.0,5.840904712677002,0.624750018119812,0.2882939875125885,0,0.4754194889380226,0.2635608627128282,0.03666245375745116,0.21615538772136444,0,6,0,0,0
4360,medical_recurrent,0,,,,,,,,,,,,,,,,,,,,,,,,,,,,,,,,,,0.19126006960868835,0.0,0.0,5.840904712677002,0.6500500440597534,0.2496691197156906,0,0.4737601043000669,0.21425904083922173,0.05834340656856223,0.19643653995460933,0,6,0,0,0
4380,medical_recurrent,0,,,,,,,,,,,,,,,,,,,,,,,,,,,,,,,,,,0.18864871561527252,0.0,0.0,5.840904712677002,0.6237499713897705,0.24705776572227478,0,0.45248584694653765,0.23306419073820248,0.03370230855080225,0.2002440836753637,0,6,0,0,0
4400,medical_recurrent,0,,,,,,,,,,,,,,,,,,,,,,,,,,,,,,,,,,0.26745519042015076,0.0,0.0,5.840904712677002,0.5874999761581421,0.3258642256259918,0,0.4542727210100986,0.20203507681123614,0.03930298930093173,0.3221931382008488,0,6,0,0,0
4420,medical_recurrent,0,,,,,,,,,,,,,,,,,,,,,,,,,,,,,,,,,,0.22453711926937103,0.0,0.0,5.840904712677002,0.624750018119812,0.2829461693763733,0,0.4774697539434331,0.26123162500360714,0.03328587189464578,0.224099761028848,0,6,0,0,0
4440,medical_recurrent,0,,,,,,,,,,,,,,,,,,,,,,,,,,,,,,,,,,0.1761719435453415,0.0,0.0,5.840904712677002,0.6500500440597534,0.23458099365234375,0,0.47838069653084647,0.2819807219784707,0.027390964155543655,0.1720982688257382,0,6,0,0,0
4460,medical_recurrent,0,,,,,,,,,,,,,,,,,,,,,,,,,,,,,,,,,,0.1829548478126526,0.0,0.0,5.840904712677002,0.6237499713897705,0.24136389791965485,0,0.45789973161862213,0.2103249289253394,0.035390322475827164,0.20859384854279814,0,6,0,0,0
4480,medical_recurrent,0,,,,,,,,,,,,,,,,,,,,,,,,,,,,,,,,,,0.24349379539489746,0.0,0.0,5.840904712677002,0.5874999761581421,0.3019028306007385,0,0.46154756378887996,0.21046018227934837,0.028431046081499923,0.28967574320970074,0,6,0,0,0
4500,medical_recurrent,0,,,,,,,,,,,,,,,,,,,,,,,,,,,,,,,,,,0.20474915206432343,0.0,0.0,5.840904712677002,0.624750018119812,0.2631582021713257,0,0.47716586925333754,0.23973801090012006,0.04109280826671729,0.19405537211587506,0,6,0,0,0
4500,,,,-0.047745652178958764,1.0652355935271836,2.901522483458536,,32,8415,0.08515343886889859,1.5105754972714374,4.5293366652988105,,32,14382,0.751068115234375,0.5375912984212239,1.158723949135483,3.1858653549905647,,-0.20200362729145782,0.5584860166222833,1.7480240166168528,,32,6174,,-0.4707482769463971,1.500598689121028,4.4843730121715275,,32,3861,0,0.0,,,,,,,,,,,,,,,,
4520,medical_recurrent,0,,,,,,,,,,,,,,,,,,,,,,,,,,,,,,,,,,0.1655861884355545,0.0,0.0,5.840904712677002,0.6500500440597534,0.22399523854255676,0,0.4793540168320415,0.23715517151036433,0.029719621478210365,0.15808017566090538,0,6,0,0,0
4540,medical_recurrent,0,,,,,,,,,,,,,,,,,,,,,,,,,,,,,,,,,,0.1755320131778717,0.0,0.0,5.840904712677002,0.6237499713897705,0.23394106328487396,0,0.46331385420874627,0.19077340137612606,0.04078144409752909,0.19432989219647076,0,6,0,0,0
4560,medical_recurrent,0,,,,,,,,,,,,,,,,,,,,,,,,,,,,,,,,,,0.22911188006401062,0.0,0.0,5.840904712677002,0.5874999761581421,0.2875209152698517,0,0.46380161438379386,0.1764518692528197,0.04688618044472403,0.2843240039216147,0,6,0,0,0
4580,medical_recurrent,0,,,,,,,,,,,,,,,,,,,,,,,,,,,,,,,,,,0.19591055810451508,0.0,0.0,5.840904712677002,0.624750018119812,0.25431960821151733,0,0.4773625754152665,0.21372437954414636,0.035570437608966755,0.21735204863879415,0,6,0,0,0
4600,medical_recurrent,0,,,,,,,,,,,,,,,,,,,,,,,,,,,,,,,,,,0.16286712884902954,0.0,0.0,5.840904712677002,0.6500500440597534,0.2212761789560318,0,0.480970566759484,0.24463120066294713,0.0352164091128442,0.1682108157476972,0,6,0,0,0
4620,medical_recurrent,0,,,,,,,,,,,,,,,,,,,,,,,,,,,,,,,,,,0.16587212681770325,0.0,0.0,5.840904712677002,0.6237499713897705,0.2242811769247055,0,0.4692441083512223,0.1752233422594145,0.03165642792684218,0.18280844273903066,0,6,0,0,0
4640,medical_recurrent,0,,,,,,,,,,,,,,,,,,,,,,,,,,,,,,,,,,0.21741889417171478,0.0,0.0,5.840904712677002,0.5874999761581421,0.27582794427871704,0,0.46947806344234744,0.23345645414831648,0.03468903134769154,0.2817612742561669,0,6,0,0,0
4660,medical_recurrent,0,,,,,,,,,,,,,,,,,,,,,,,,,,,,,,,,,,0.18968908488750458,0.0,0.0,5.840904712677002,0.624750018119812,0.24809813499450684,0,0.5142013102276142,0.23959992563218943,0.030584107283946303,0.19303448989632585,0,6,0,0,0
4680,medical_recurrent,0,,,,,,,,,,,,,,,,,,,,,,,,,,,,,,,,,,0.1543385535478592,0.0,0.0,5.840904712677002,0.6500500440597534,0.21274760365486145,0,0.5420418255575019,0.23187252213912352,0.03668156122966182,0.1561600458852592,0,6,0,0,0
4700,medical_recurrent,0,,,,,,,,,,,,,,,,,,,,,,,,,,,,,,,,,,0.16110368072986603,0.0,0.0,5.840904712677002,0.6237499713897705,0.2195127308368683,0,0.5296558085425448,0.23173825379594096,0.03153182032725049,0.1806546610499185,0,6,0,0,0
4720,medical_recurrent,0,,,,,,,,,,,,,,,,,,,,,,,,,,,,,,,,,,0.21068572998046875,0.0,0.0,5.840904712677002,0.5874999761581421,0.2690947651863098,0,0.542251834534485,0.21166377669266825,0.040981926609362875,0.28998209848290396,0,6,0,0,0
4740,medical_recurrent,0,,,,,,,,,,,,,,,,,,,,,,,,,,,,,,,,,,0.17643097043037415,0.0,0.0,5.840904712677002,0.624750018119812,0.2348400205373764,0,0.5536896157462581,0.25418532415226636,0.031937397317221713,0.17522413387066788,0,6,0,0,0
4750,,,,-0.04406539182611957,1.0689158538800227,2.9122205153137335,,32,8415,0.08802860977752136,1.5134506681800601,4.542378021394083,,32,14382,0.751068115234375,0.5375912984212239,1.16014692074299,3.190401977913365,,-0.20095250828195865,0.5595371356317824,1.7498623638813995,,32,6174,,-0.4726629407873304,1.4986840252800946,4.47579515978825,,32,3861,0,0.0,,,,,,,,,,,,,,,,
4760,medical_recurrent,0,,,,,,,,,,,,,,,,,,,,,,,,,,,,,,,,,,0.15316684544086456,0.0,0.0,5.840904712677002,0.6500500440597534,0.21157589554786682,0,0.5544062936433757,0.251540847621592,0.03151545628225283,0.17664277035861262,0,6,0,0,0
4780,medical_recurrent,0,,,,,,,,,,,,,,,,,,,,,,,,,,,,,,,,,,0.15623541176319122,0.0,0.0,5.840904712677002,0.6237499713897705,0.21464446187019348,0,0.5304837914517851,0.2037444517980995,0.020783580084966998,0.18023851204013067,0,6,0,0,0
4800,medical_recurrent,0,,,,,,,,,,,,,,,,,,,,,,,,,,,,,,,,,,0.19910648465156555,0.0,0.0,5.840904712677002,0.5874999761581421,0.2575155198574066,0,0.5382850534305924,0.23266168547395086,0.033067890929265153,0.28435992341311206,0,6,0,0,0
4820,medical_recurrent,0,,,,,,,,,,,,,,,,,,,,,,,,,,,,,,,,,,0.16732139885425568,0.0,0.0,5.840904712677002,0.624750018119812,0.22573044896125793,0,0.5432767737260472,0.26676021854966947,0.029634788063990454,0.17208492920275717,0,6,0,0,0
4840,medical_recurrent,0,,,,,,,,,,,,,,,,,,,,,,,,,,,,,,,,,,0.14003793895244598,0.0,0.0,5.840904712677002,0.6500500440597534,0.19844698905944824,0,0.5436079115424417,0.27593271943208364,0.03024198914035445,0.13564019293361712,0,6,0,0,0
4860,medical_recurrent,0,,,,,,,,,,,,,,,,,,,,,,,,,,,,,,,,,,0.15344436466693878,0.0,0.0,5.840904712677002,0.6237499713897705,0.21185341477394104,0,0.5208932484285137,0.22509887802880257,0.0385555337323615,0.1824499184236167,0,6,0,0,0
4880,medical_recurrent,0,,,,,,,,,,,,,,,,,,,,,,,,,,,,,,,,,,0.19138631224632263,0.0,0.0,5.840904712677002,0.5874999761581421,0.2497953623533249,0,0.5184099388688174,0.18783355086426518,0.03165872240261663,0.3287686979841618,0,6,0,0,0
4900,medical_recurrent,0,,,,,,,,,,,,,,,,,,,,,,,,,,,,,,,,,,0.1612458974123001,0.0,0.0,5.840904712677002,0.624750018119812,0.21965494751930237,0,0.5232766514178884,0.2062946961502478,0.042145692258481936,0.20897923732797305,0,6,0,0,0
4920,medical_recurrent,0,,,,,,,,,,,,,,,,,,,,,,,,,,,,,,,,,,0.13486818969249725,0.0,0.0,5.840904712677002,0.6500500440597534,0.1932772397994995,0,0.5247816576061172,0.24591878351930063,0.03269493487693133,0.1317636849210849,0,6,0,0,0
4940,medical_recurrent,0,,,,,,,,,,,,,,,,,,,,,,,,,,,,,,,,,,0.1497943103313446,0.0,0.0,5.840904712677002,0.6237499713897705,0.20820336043834686,0,0.500067894320191,0.20260260573455266,0.030060017248615623,0.17587609977003127,0,6,0,0,0
4949,,,0.046875,-0.04285536894682118,1.0701258767593211,2.915746501598648,0.028862314116579357,32,8415,0.0927831474455918,1.5182052058481306,4.564026351919724,0.08612690335304118,32,14382,0.751068115234375,0.5375912984212239,1.1593895870826552,3.18798669380891,0.046875,-0.19949011374801962,0.5609995301657215,1.752423225075804,0.01439731994569593,32,6174,0.015625,-0.4831192305099776,1.4882277355574474,4.429238776556212,,32,3861,0,0.0,,,,,,,,,,,,,,,,
4950,,,,-0.04313320402438903,1.0698480416817533,2.91493651746942,,32,8415,0.09313621091305535,1.5185582693155941,4.565638027384249,,32,14382,0.751068115234375,0.5375912984212239,1.1589659489680775,3.186636427169047,,-0.19969342833859738,0.5607962155751437,1.7520669680826282,,32,6174,,-0.48468569676760587,1.4866612692998191,4.422305954899013,,32,3861,0,0.0,,,,,,,,,,,,,,,,
4960,code_revisit,0,,,,,,,,,,,,,,,,,,,,,,,,,,,,,,,,,,0.3319757282733917,0.0,0.0,5.840904712677002,0.853950023651123,0.3903847634792328,0,0.371158662607363,0.370025860012642,0.0863241998360507,1.6625409508271822,0,6,0,0,0
4980,code_revisit,0,,,,,,,,,,,,,,,,,,,,,,,,,,,,,,,,,,0.3107023239135742,0.0,0.0,5.840904712677002,0.8731499910354614,0.3691113591194153,0,0.4085803435195844,0.14250050074354345,0.09395757372609324,1.7801565019857315,0,6,0,0,0
5000,code_revisit,0,,,,,,,,,,,,,,,,,,,,,,,,,,,,,,,,,,0.20895962417125702,0.0,0.0,5.840904712677002,0.8532500267028809,0.2673686742782593,0,0.4213631750443115,0.08964683326277216,0.0768074022073831,1.4483136323945864,0,6,0,0,0
5000,,,,-0.05709675671582559,1.0558844889903167,2.8745165080396333,,32,8415,0.08238124091475019,1.507803299317289,4.516797835550867,,32,14382,0.751068115234375,0.5375912984212239,1.1546565784143676,3.1729335765208933,,-0.1992573245350968,0.5612323193786443,1.7528312177853855,,32,6174,,-0.47764076009620426,1.4937062059712207,4.45357082048276,,32,3861,0,0.0,,,,,,,,,,,,,,,,
5020,code_revisit,0,,,,,,,,,,,,,,,,,,,,,,,,,,,,,,,,,,0.2849574089050293,0.0,0.0,5.840904712677002,0.8864499926567078,0.34336644411087036,0,0.39965996468595283,0.166306356849548,0.06794571136641833,1.119915663924009,0,6,0,0,0
5040,code_revisit,0,,,,,,,,,,,,,,,,,,,,,,,,,,,,,,,,,,0.2045806497335434,0.0,0.0,5.840904712677002,0.853950023651123,0.26298969984054565,0,0.3931348461800865,0.07836372303427197,0.06998013472775855,1.1566618990626127,0,6,0,0,0
5050,,,,-0.06115891654365346,1.0518223291624889,2.8628634468787704,,32,8415,0.08067559221161869,1.5060976506141575,4.509100331665268,,32,14382,0.751068115234375,0.5375912984212239,1.1537857420352697,3.1701716732914433,,-0.19771823815091516,0.5627714057628259,1.755531053553738,,32,6174,,-0.47689538346581806,1.494451582601607,4.456891645573075,,32,3861,0,0.0,,,,,,,,,,,,,,,,
5060,code_revisit,0,,,,,,,,,,,,,,,,,,,,,,,,,,,,,,,,,,0.2595820724964142,0.0,0.0,5.840904712677002,0.8731499910354614,0.31799110770225525,0,0.39102003249292444,0.06819403832819912,0.05307520519247249,1.1103637922850866,0,6,0,0,0
5080,code_revisit,0,,,,,,,,,,,,,,,,,,,,,,,,,,,,,,,,,,0.16123351454734802,0.0,0.0,5.840904712677002,0.8532500267028809,0.21964256465435028,0,0.3823444078754057,0.08759052271592996,0.054816010624672916,2.3304406716296127,0,6,0,0,0
5100,code_revisit,0,,,,,,,,,,,,,,,,,,,,,,,,,,,,,,,,,,0.26026150584220886,0.0,0.0,5.840904712677002,0.8864499926567078,0.3186705410480499,0,0.39783968197433417,0.09640546757769439,0.06022560599126986,1.3290496191039445,0,6,0,0,0
5100,,,,-0.06020528121286395,1.0527759644932784,2.8655948767959747,,32,8415,0.08111165704091916,1.506533715443458,4.511067020502446,,32,14382,0.751068115234375,0.5375912984212239,1.1540611374974357,3.1710448444127186,,-0.19760547041082055,0.5628841735029205,1.7557290319858938,,32,6174,,-0.47729626951733883,1.4940506965500862,4.455105297964068,,32,3861,0,0.0,,,,,,,,,,,,,,,,
5120,code_revisit,0,,,,,,,,,,,,,,,,,,,,,,,,,,,,,,,,,,0.1965881586074829,0.0,0.0,5.840904712677002,0.853950023651123,0.254997193813324,0,0.3838406088382875,0.09035661493336582,0.06653971348460468,1.2389807753678823,0,6,0,0,0
5140,code_revisit,0,,,,,,,,,,,,,,,,,,,,,,,,,,,,,,,,,,0.2421702891588211,0.0,0.0,5.840904712677002,0.8731499910354614,0.30057933926582336,0,0.364928289508995,0.009678744718257803,0.07468881913283397,1.3410204439350064,0,6,0,0,0
5150,,,,-0.06439058844418444,1.0485906572619579,2.8536265448797082,,32,8415,0.08044388608862207,1.5058659444911608,4.508055666541542,,32,14382,0.751068115234375,0.5375912984212239,1.1532290562025116,3.168407374759073,,-0.19842362720525342,0.5620660167084877,1.7542931578143917,,32,6174,,-0.47495335971898456,1.4963936063484404,4.465555444914943,,32,3861,0,0.0,,,,,,,,,,,,,,,,
5160,code_revisit,0,,,,,,,,,,,,,,,,,,,,,,,,,,,,,,,,,,0.13329800963401794,0.0,0.0,5.840904712677002,0.8532500267028809,0.1917070597410202,0,0.3889680092223003,0.08267765637512119,0.05229040698946587,1.025228342922434,0,6,0,0,0
5180,code_revisit,0,,,,,,,,,,,,,,,,,,,,,,,,,,,,,,,,,,0.23661434650421143,0.0,0.0,5.840904712677002,0.8864499926567078,0.2950233817100525,0,0.40747037769346545,0.027746129350686845,0.07684042150716461,0.7525031640889152,0,6,0,0,0
5200,code_revisit,0,,,,,,,,,,,,,,,,,,,,,,,,,,,,,,,,,,0.17969758808612823,0.0,0.0,5.840904712677002,0.853950023651123,0.2381066381931305,0,0.41896507314804926,0.10373221715105631,0.04948095773006716,0.6751817910266774,0,6,0,0,0
5200,,,,-0.06401440444193773,1.0489668412642046,2.854700235474229,,32,8415,0.07963409869433136,1.5050561570968701,4.504406577582545,,32,14382,0.751068115234375,0.5375912984212239,1.1530168496136857,3.1677350891723024,,-0.19845657422776586,0.5620330696859752,1.7542353600303653,,32,6174,,-0.47533563565973225,1.4960113304076927,4.463848696751442,,32,3861,0,0.0,,,,,,,,,,,,,,,,
5220,code_revisit,0,,,,,,,,,,,,,,,,,,,,,,,,,,,,,,,,,,0.22928515076637268,0.0,0.0,5.840904712677002,0.8731499910354614,0.28769418597221375,0,0.4603437225739458,0.027607291030497954,0.052208815070076124,1.0287047282984807,0,6,0,0,0
5240,code_revisit,0,,,,,,,,,,,,,,,,,,,,,,,,,,,,,,,,,,0.11194601655006409,0.0,0.0,5.840904712677002,0.8532500267028809,0.17035506665706635,0,0.4519869193669438,0.03407185826134602,0.07012224401317774,0.560356657011878,0,6,0,0,0
5250,,,,-0.06746186445103608,1.0455193812551062,2.8448757151253243,,32,8415,0.07959182138751997,1.5050138797900587,4.504216147429126,,32,14382,0.751068115234375,0.5375912984212239,1.1519687353323889,3.164416680125717,,-0.1988319592217932,0.5616576846919479,1.7535769699828212,,32,6174,,-0.4756629704749822,1.4956839955924428,4.462387762783307,,32,3861,0,0.0,,,,,,,,,,,,,,,,
5260,code_revisit,0,,,,,,,,,,,,,,,,,,,,,,,,,,,,,,,,,,0.20823487639427185,0.0,0.0,5.840904712677002,0.8864499926567078,0.2666439116001129,0,0.427446704172017,0.05787428869267127,0.056183026603142186,0.5663547160843062,0,6,0,0,0
5280,code_revisit,0,,,,,,,,,,,,,,,,,,,,,,,,,,,,,,,,,,0.15911607444286346,0.0,0.0,5.840904712677002,0.853950023651123,0.21752512454986572,0,0.429006517373477,0.09746391231393707,0.0523795257137704,0.44832809219462055,0,6,0,0,0
5300,code_revisit,0,,,,,,,,,,,,,,,,,,,,,,,,,,,,,,,,,,0.20068317651748657,0.0,0.0,5.840904712677002,0.8731499910354614,0.25909221172332764,0,0.4256775969908463,0.08349614171103374,0.04708574485063316,0.7773394420979515,0,6,0,0,0
5300,,,,-0.06039987927877122,1.052581366427371,2.865037291829514,,32,8415,0.08091882465114808,1.5063408830536869,4.510197224533578,,32,14382,0.751068115234375,0.5375912984212239,1.1547942301514058,3.173370366400961,,-0.19715404108885926,0.5633356028248818,1.7565217984779078,,32,6174,,-0.4744278977677414,1.4969190682996836,4.467902540993251,,32,3861,0,0.0,,,,,,,,,,,,,,,,
5320,code_revisit,0,,,,,,,,,,,,,,,,,,,,,,,,,,,,,,,,,,0.0941254198551178,0.0,0.0,5.840904712677002,0.8532500267028809,0.15253446996212006,0,0.399267712901389,0.03449121735736428,0.05575750076714608,0.4444777380142893,0,6,0,0,0
5340,code_revisit,0,,,,,,,,,,,,,,,,,,,,,,,,,,,,,,,,,,0.18559280037879944,0.0,0.0,5.840904712677002,0.8864499926567078,0.2440018504858017,0,0.46224107434208833,0.1092695051587985,0.05304772673869535,0.44257327820218745,0,6,0,0,0
5350,,,,-0.07439594778785086,1.0385852979182915,2.82521734498911,,32,8415,0.0779950530882787,1.5034171114908175,4.4970296969470605,,32,14382,0.751068115234375,0.5375912984212239,1.1503587147790963,3.1593260033782866,,-0.19814845246715684,0.5623411914465842,1.7547759613992662,,32,6174,,-0.4742557078067331,1.497091258260692,4.468671935196651,,32,3861,0,0.0,,,,,,,,,,,,,,,,
5360,code_revisit,0,,,,,,,,,,,,,,,,,,,,,,,,,,,,,,,,,,0.14991506934165955,0.0,0.0,5.840904712677002,0.853950023651123,0.2083241194486618,0,0.4722179391726291,0.17432202964222857,0.041336740116544424,0.35861869988342127,0,6,0,0,0
5380,code_revisit,0,,,,,,,,,,,,,,,,,,,,,,,,,,,,,,,,,,0.18699660897254944,0.0,0.0,5.840904712677002,0.8731499910354614,0.2454056590795517,0,0.4948411059345406,-0.05974697827228478,0.0804948496565755,0.5759753675155697,0,6,0,0,0
5399,,,0.125,-0.06409353980406074,1.0488877059020816,2.8544743366757515,,32,8415,0.08111497573735837,1.5065370341398971,4.511081991389346,0.07445873164480776,32,14382,0.751068115234375,0.5375912984212239,1.1536630248718147,3.169782662685659,0.015625,-0.19858950660342256,0.5619001373103185,1.7540021808553696,0.015297927090292984,32,6174,0.0,-0.4740197439324636,1.4973272221349614,4.469726504754585,0.009099486577514027,32,3861,0,0.0,,,,,,,,,,,,,,,,
5400,mixed_tail,0,,,,,,,,,,,,,,,,,,,,,,,,,,,,,,,,,,0.41022083163261414,0.0,0.0,5.840904712677002,0.8862999677658081,0.4686298668384552,0,0.2583378169036445,0.019586205343200293,0.06153432516573322,0.8232375354520859,0,6,0,0,0
5420,mixed_tail,0,,,,,,,,,,,,,,,,,,,,,,,,,,,,,,,,,,1.0785207748413086,0.0,0.0,5.840904712677002,0.7821500301361084,1.1369298696517944,0,0.4416868968894722,0.14115239611627267,0.054080018411493964,0.48783219429472136,0,6,0,0,0
5440,mixed_tail,0,,,,,,,,,,,,,,,,,,,,,,,,,,,,,,,,,,0.8740240335464478,0.0,0.0,5.840904712677002,0.8551000356674194,0.9324330687522888,0,0.43968120126595645,0.10739159245609439,0.06159410159443579,2.5020829890928575,0,6,0,0,0
5460,mixed_tail,0,,,,,,,,,,,,,,,,,,,,,,,,,,,,,,,,,,1.1367113590240479,0.0,0.0,5.840904712677002,0.7953000068664551,1.1951204538345337,0,0.44232071075503804,0.0715930694776554,0.06567138259757369,0.48866303512264814,0,6,0,0,0
5480,mixed_tail,0,,,,,,,,,,,,,,,,,,,,,,,,,,,,,,,,,,0.8792316317558289,0.0,0.0,5.840904712677002,0.8328999876976013,0.9376406669616699,0,0.4313329442318672,0.0934515160801571,0.05240935185953738,1.5972261990346606,0,6,0,0,0
5500,mixed_tail,0,,,,,,,,,,,,,,,,,,,,,,,,,,,,,,,,,,0.4560631513595581,0.0,0.0,5.840904712677002,0.3343999981880188,0.5144721865653992,0,0.44090787793793673,0.07328398268769629,0.07041779690909954,0.4559159847597281,0,6,0,0,0
5500,,,,-0.10403594698710461,1.0089452987190377,2.7427067526687665,,32,8415,0.057611084833146364,1.4830331432356851,4.406290342299409,,32,14382,0.751068115234375,0.5375912984212239,1.1334895555570912,3.10647783531179,,-0.20952414415938436,0.5509654997543567,1.7349272813508143,,32,6174,,-0.48033268554813957,1.4910142805192854,4.44159826168687,,32,3861,0,0.0,,,,,,,,,,,,,,,,
5520,mixed_tail,0,,,,,,,,,,,,,,,,,,,,,,,,,,,,,,,,,,0.912077009677887,0.0,0.0,5.840904712677002,0.6294500231742859,0.970486044883728,0,0.24271979714750636,0.015622198951729973,0.04701864679181387,0.9739664490260775,0,6,0,0,0
5540,mixed_tail,0,,,,,,,,,,,,,,,,,,,,,,,,,,,,,,,,,,0.3442904055118561,0.0,0.0,5.840904712677002,0.8891000151634216,0.40269944071769714,0,0.4044061942698597,0.008108054186387952,0.06151598879239626,0.5954359454176729,0,6,0,0,0
5560,mixed_tail,0,,,,,,,,,,,,,,,,,,,,,,,,,,,,,,,,,,1.0343480110168457,0.0,0.0,5.840904712677002,0.796049952507019,1.0927571058273315,0,0.40615422769144466,0.07857654627878219,0.05725726749866255,0.4342812744634492,0,6,0,0,0
5580,mixed_tail,0,,,,,,,,,,,,,,,,,,,,,,,,,,,,,,,,,,0.4057602286338806,0.0,0.0,5.840904712677002,0.9056999683380127,0.4641692638397217,0,0.4324582545519688,0.0007830928370822221,0.06942872914766508,0.6674212698662092,0,6,0,0,0
5600,mixed_tail,0,,,,,,,,,,,,,,,,,,,,,,,,,,,,,,,,,,1.0505808591842651,0.0,0.0,5.840904712677002,0.6389000415802002,1.108989953994751,0,0.30413391807477064,0.02772151336830575,0.04107141335391336,2.786280126514889,0,6,0,0,0
5620,mixed_tail,0,,,,,,,,,,,,,,,,,,,,,,,,,,,,,,,,,,0.9726803302764893,0.0,0.0,5.840904712677002,0.7738000154495239,1.031089425086975,0,0.4601188544271064,0.07124760991843816,0.0465096824551149,0.7464593742101912,0,6,0,0,0
5640,mixed_tail,0,,,,,,,,,,,,,,,,,,,,,,,,,,,,,,,,,,0.9112741947174072,0.0,0.0,5.840904712677002,0.8064000010490417,0.9696832299232483,0,0.4726392559638514,0.11066308450452718,0.05814689055587801,1.0641932730400374,0,6,0,0,0
5660,mixed_tail,0,,,,,,,,,,,,,,,,,,,,,,,,,,,,,,,,,,1.0195741653442383,0.0,0.0,5.840904712677002,0.8125499486923218,1.0779832601547241,0,0.4133697253145111,0.033651726309991706,0.04484565193572688,0.3716526166314171,0,6,0,0,0
5680,mixed_tail,0,,,,,,,,,,,,,,,,,,,,,,,,,,,,,,,,,,1.1656736135482788,0.0,0.0,5.840904712677002,0.8077000379562378,1.2240827083587646,0,0.45013590773124273,0.05197987881131537,0.045630562530150486,0.49701053474157575,0,6,0,0,0
5700,mixed_tail,0,,,,,,,,,,,,,,,,,,,,,,,,,,,,,,,,,,0.5264130234718323,0.0,0.0,5.840904712677002,0.8340499997138977,0.5848220586776733,0,0.4154825222169109,0.026289874573454393,0.04607206743269686,0.5839009775883621,0,6,0,0,0
5720,mixed_tail,0,,,,,,,,,,,,,,,,,,,,,,,,,,,,,,,,,,1.2529454231262207,0.0,0.0,5.840904712677002,0.8477500081062317,1.3113545179367065,0,0.3815075766803906,0.05662639014190063,0.05541637795459893,0.5310814582521007,0,6,0,0,0
5740,mixed_tail,0,,,,,,,,,,,,,,,,,,,,,,,,,,,,,,,,,,0.8542782664299011,0.0,0.0,5.840904712677002,0.6450999975204468,0.9126873016357422,0,0.36192019605560805,0.016281949106736908,0.0437695752297129,1.2384150772340714,0,6,0,0,0
5750,,,,-0.11891138957358516,0.9940698561325572,2.7022097281775626,,32,8415,0.04700665294237161,1.4724287113449104,4.359811015465991,,32,14382,0.751068115234375,0.5375912984212239,1.1210434861323115,3.0680540053358785,,-0.21988940447482008,0.540600239438921,1.7170371863706722,,32,6174,,-0.49427182845456774,1.4770751376128572,4.3801156914512065,,32,3861,0,0.0,,,,,,,,,,,,,,,,
5760,mixed_tail,0,,,,,,,,,,,,,,,,,,,,,,,,,,,,,,,,,,1.2532299757003784,0.0,0.0,5.840904712677002,0.866599977016449,1.3116390705108643,0,0.4032931243571988,0.051791840037497296,0.04821845734610208,0.4356914511393933,0,6,0,0,0
5780,mixed_tail,0,,,,,,,,,,,,,,,,,,,,,,,,,,,,,,,,,,0.8298705220222473,0.0,0.0,5.840904712677002,0.8416000008583069,0.8882795572280884,0,0.46489750617635794,0.05638480047803439,0.05297833876536479,0.9236263051156014,0,6,0,0,0
5800,mixed_tail,0,,,,,,,,,,,,,,,,,,,,,,,,,,,,,,,,,,0.8372287750244141,0.0,0.0,5.840904712677002,0.7038500308990479,0.8956378102302551,0,0.20615271294195006,0.029471746205152676,0.05167314824869945,2.0414472531704675,0,6,0,0,0
5820,mixed_tail,0,,,,,,,,,,,,,,,,,,,,,,,,,,,,,,,,,,1.1124414205551147,0.0,0.0,5.840904712677002,0.826449990272522,1.1708505153656006,0,0.4868572522026909,0.06316387591817017,0.03434805057144591,0.3986104679781766,0,6,0,0,0
5840,mixed_tail,0,,,,,,,,,,,,,,,,,,,,,,,,,,,,,,,,,,0.7958762645721436,0.0,0.0,5.840904712677002,0.6465499997138977,0.8542852997779846,0,0.4309463027318962,0.018135095388840585,0.04752383945539357,0.6227148824149654,0,6,0,0,0
5860,mixed_tail,0,,,,,,,,,,,,,,,,,,,,,,,,,,,,,,,,,,0.8756617307662964,0.0,0.0,5.840904712677002,0.8545500040054321,0.9340707659721375,0,0.45536259848772076,0.07791499632834789,0.04292671263868374,1.3846606716513634,0,6,0,0,0
5880,mixed_tail,0,,,,,,,,,,,,,,,,,,,,,,,,,,,,,,,,,,1.0774075984954834,0.0,0.0,5.840904712677002,0.777999997138977,1.1358166933059692,0,0.44240858073863387,0.05863881920023622,0.053199253591989716,0.38148715427470586,0,6,0,0,0
5900,mixed_tail,0,,,,,,,,,,,,,,,,,,,,,,,,,,,,,,,,,,0.5625593662261963,0.0,0.0,5.840904712677002,0.8579000234603882,0.6209684014320374,0,0.41541227523381535,0.036244842589699795,0.04327169995429734,0.9025556521756309,0,6,0,0,0
5920,mixed_tail,0,,,,,,,,,,,,,,,,,,,,,,,,,,,,,,,,,,0.26960429549217224,0.0,0.0,5.840904712677002,0.9255000352859497,0.3280133306980133,0,0.39006410550196524,0.02366672485160442,0.052052444753251846,0.37710178222448104,0,6,0,0,0
5940,mixed_tail,0,,,,,,,,,,,,,,,,,,,,,,,,,,,,,,,,,,0.38025954365730286,0.0,0.0,5.840904712677002,0.3206000030040741,0.4386685788631439,0,0.2723597247166072,0.03829010083739247,0.03887655197361868,0.28211762578123145,0,6,0,0,0
5960,mixed_tail,0,,,,,,,,,,,,,,,,,,,,,,,,,,,,,,,,,,0.8305749893188477,0.0,0.0,5.840904712677002,0.6498500108718872,0.8889840245246887,0,0.42324980783287103,0.04235138218583805,0.05729003454750729,1.2442546487327608,0,6,0,0,0
5980,mixed_tail,0,,,,,,,,,,,,,,,,,,,,,,,,,,,,,,,,,,0.930600643157959,0.0,0.0,5.840904712677002,0.6042500138282776,0.9890096783638,0,0.2949007694645052,0.011634572419487605,0.040015769708487726,1.2313397132215047,0,6,0,0,0
5999,mixed_tail,0,,,,,,,,,,,,,,,,,,,,,,,,,,,,,,,,,,0.6892695426940918,0.0,0.0,5.840904712677002,0.8126000165939331,0.7476785778999329,0,0.4916292882444068,0.03951656842608437,0.06758812650860775,1.9533958932000492,0,6,0,0,0
5999,,,0.109375,-0.12587947562133284,0.9871017700848095,2.6834459480116184,,32,8415,0.03943446560805164,1.4648565240105904,4.326922386292545,,32,14382,0.751068115234375,0.5375912984212239,1.1114226346054117,3.0386782497520772,0.078125,-0.22661867873893415,0.5338709651748069,1.705521561575948,,32,6174,0.0,-0.5114856869159847,1.4598612791514403,4.305362243414464,,32,3861,0,0.0,,,,,,,,,,,,,,,,
0,general_warm,0,,,,,,,,,,,,,,,,,,,,,,,,,,,,,,,,,,1.2278996706008911,0.0,0.0,5.840904712677002,0.7789499759674072,1.286308765411377,0,0.022727272727272728,0.0,0.0,17.57301242370454,0,6,0,0,0
20,general_warm,0,,,,,,,,,,,,,,,,,,,,,,,,,,,,,,,,,,1.2828649282455444,0.0,0.0,5.840904712677002,0.8402999639511108,1.3412740230560303,0,0.061744872270661964,0.21956666775180825,0.04795357679268197,0.8206549772194454,0,6,0,0,0
40,general_warm,0,,,,,,,,,,,,,,,,,,,,,,,,,,,,,,,,,,1.0398451089859009,0.0,0.0,5.840904712677002,0.7899500131607056,1.0982542037963867,0,0.3841322805682185,0.2043069142798361,0.03904823328974465,0.45382421045076277,0,6,0,0,0
60,general_warm,0,,,,,,,,,,,,,,,,,,,,,,,,,,,,,,,,,,1.162258267402649,0.0,0.0,5.840904712677002,0.8260500431060791,1.2206673622131348,0,0.3349500992579252,0.2012697348171579,0.03878027202768458,0.6174256189474984,0,6,0,0,0
80,general_warm,0,,,,,,,,,,,,,,,,,,,,,,,,,,,,,,,,,,1.0942462682724,0.0,0.0,5.840904712677002,0.8059999942779541,1.1526553630828857,0,0.3270060799849703,0.1659834002410727,0.03952423342843614,0.4385086145192858,0,6,0,0,0
100,general_warm,0,,,,,,,,,,,,,,,,,,,,,,,,,,,,,,,,,,1.1552866697311401,0.0,0.0,5.840904712677002,0.8016999959945679,1.213695764541626,0,0.37894909695685536,0.18633445019284928,0.03812445268507988,0.4978311760321496,0,6,0,0,0
120,general_warm,0,,,,,,,,,,,,,,,,,,,,,,,,,,,,,,,,,,1.2109442949295044,0.0,0.0,5.840904712677002,0.8324999809265137,1.2693533897399902,0,0.4485676176453821,0.1614741130220604,0.037590189060078015,0.5826722364103983,0,6,0,0,0
140,general_warm,0,,,,,,,,,,,,,,,,,,,,,,,,,,,,,,,,,,1.2991801500320435,0.0,0.0,5.840904712677002,0.8324500322341919,1.3575892448425293,0,0.3787968485856883,0.09895386863042534,0.038007539234286736,1.184811820491912,0,6,0,0,0
160,general_warm,0,,,,,,,,,,,,,,,,,,,,,,,,,,,,,,,,,,1.164308786392212,0.0,0.0,5.840904712677002,0.8214000463485718,1.2227178812026978,0,0.4461248000828492,0.16934270406324817,0.039563052937211025,0.5633537095690531,0,6,0,0,0
180,general_warm,0,,,,,,,,,,,,,,,,,,,,,,,,,,,,,,,,,,1.2484134435653687,0.0,0.0,5.840904712677002,0.8349000215530396,1.3068225383758545,0,0.3829663702826695,0.1561610727595897,0.03859068499582391,0.5732551206435476,0,6,0,0,0
200,general_warm,0,,,,,,,,,,,,,,,,,,,,,,,,,,,,,,,,,,1.0531562566757202,0.0,0.0,5.840904712677002,0.7782000303268433,1.111565351486206,0,0.45750828181618125,0.16564842300223453,0.03495901877740546,0.4744407417518752,0,6,0,0,0
220,general_warm,0,,,,,,,,,,,,,,,,,,,,,,,,,,,,,,,,,,1.2928755283355713,0.0,0.0,5.840904712677002,0.857699990272522,1.3512846231460571,0,0.43866932868578207,0.14943567401080923,0.03268174029339756,0.5865936499975977,0,6,0,0,0
240,general_warm,0,,,,,,,,,,,,,,,,,,,,,,,,,,,,,,,,,,1.0426534414291382,0.0,0.0,5.840904712677002,0.8436499834060669,1.101062536239624,0,0.40332607200136933,0.08034217174073481,0.03643647164387244,0.4962522704449911,0,6,0,0,0
250,,,,,1.1135298948236965,3.045088286980166,,32,8415,,1.4260850083328989,4.16237160145249,,32,14382,0.751068115234375,0.5375912984212239,1.317917133657785,3.735632445337425,,,0.7601093555446732,2.1385100656434712,,32,6174,,,1.9719442759298715,7.184631824159385,,32,3861,0,0.0,,,,,,,,,,,,,,,,
260,general_warm,0,,,,,,,,,,,,,,,,,,,,,,,,,,,,,,,,,,1.0251476764678955,0.0,0.0,5.840904712677002,0.7975000143051147,1.0835567712783813,0,0.44163606318439746,0.09268098232236557,0.03562666576518308,0.5613215551726402,0,6,0,0,0
280,general_warm,0,,,,,,,,,,,,,,,,,,,,,,,,,,,,,,,,,,1.0248149633407593,0.0,0.0,5.840904712677002,0.8166000247001648,1.0832240581512451,0,0.45651847949148483,0.1140002222631925,0.0365469971449957,0.5567689485966213,0,6,0,0,0
300,general_warm,0,,,,,,,,,,,,,,,,,,,,,,,,,,,,,,,,,,1.0091817378997803,0.0,0.0,5.840904712677002,0.8094000220298767,1.0675908327102661,0,0.3984305843496268,0.1301791295242895,0.03140399113208765,0.5675750437946546,0,6,0,0,0
320,general_warm,0,,,,,,,,,,,,,,,,,,,,,,,,,,,,,,,,,,1.136287808418274,0.0,0.0,5.840904712677002,0.8196499943733215,1.1946969032287598,0,0.4207770384135379,0.09359365897918386,0.03433115187411507,0.5494689874232762,0,6,0,0,0
340,general_warm,0,,,,,,,,,,,,,,,,,,,,,,,,,,,,,,,,,,1.1592254638671875,0.0,0.0,5.840904712677002,0.8153499960899353,1.2176345586776733,0,0.45709681476605774,0.09353872845739326,0.035482690450809304,0.4980379593632524,0,6,0,0,0
360,general_warm,0,,,,,,,,,,,,,,,,,,,,,,,,,,,,,,,,,,1.3693486452102661,0.0,0.0,5.840904712677002,0.8234000205993652,1.427757740020752,0,0.437108699813968,0.15153036389632948,0.034981806820169804,0.6123537441567769,0,6,0,0,0
380,general_warm,0,,,,,,,,,,,,,,,,,,,,,,,,,,,,,,,,,,1.0681440830230713,0.0,0.0,5.840904712677002,0.7907500267028809,1.1265531778335571,0,0.3311960122961657,0.08257755748594978,0.03718671156093478,0.514460346563941,0,6,0,0,0
400,general_warm,0,,,,,,,,,,,,,,,,,,,,,,,,,,,,,,,,,,1.247443437576294,0.0,0.0,5.840904712677002,0.8598499894142151,1.3058525323867798,0,0.45611958554221965,0.1300049092221473,0.03674686147225281,0.6353644296999962,0,6,0,0,0
420,general_warm,0,,,,,,,,,,,,,,,,,,,,,,,,,,,,,,,,,,1.0714895725250244,0.0,0.0,5.840904712677002,0.8220999836921692,1.1298986673355103,0,0.43137593552053116,0.06510223174908399,0.03428151345412646,0.5606263879509199,0,6,0,0,0
440,general_warm,0,,,,,,,,,,,,,,,,,,,,,,,,,,,,,,,,,,1.0295013189315796,0.0,0.0,5.840904712677002,0.8135499954223633,1.0879104137420654,0,0.3807106150016066,0.04664444464184011,0.03349811047729519,0.5216149575535267,0,6,0,0,0
460,general_warm,0,,,,,,,,,,,,,,,,,,,,,,,,,,,,,,,,,,1.1857001781463623,0.0,0.0,5.840904712677002,0.8706499934196472,1.2441092729568481,0,0.43586159500681493,0.05511224876473924,0.03097871238262289,0.5573358222842216,0,6,0,0,0
480,general_warm,0,,,,,,,,,,,,,,,,,,,,,,,,,,,,,,,,,,1.1349408626556396,0.0,0.0,5.840904712677002,0.7969000339508057,1.1933499574661255,0,0.42006461210724444,0.10612988190093477,0.032256617663162096,0.5525306297200067,0,6,0,0,0
499,,,0.125,0.0011316636029412575,1.1146615584266377,3.0485362531632276,,32,8415,-0.013553403478523629,1.4125316048543752,4.106337881275145,,32,14382,0.751068115234375,0.5375912984212239,1.3209016902573016,3.7467983060888255,0.125,-0.0028997556577038397,0.7572095998869693,2.1323178912169287,,32,6174,0.03125,0.027259721931352843,1.9992039978612244,7.383176734776029,,32,3861,0,0.0,,,,,,,,,,,,,,,,
500,code_recurrent,0,,,,,,,,,,,,,,,,,,,,,,,,,,,,,,,,,,1.1259305477142334,0.0,0.0,5.840904712677002,0.8467999696731567,1.1843396425247192,0,0.23318222176953657,0.08007722358784772,0.033462119840883785,2.859054806166225,0,6,0,0,0
500,,,,-0.0021713320300893457,1.1113585627936071,3.0384835623681776,,32,8415,-0.013643076184097325,1.4124419321488015,4.1059696713567675,,32,14382,0.751068115234375,0.5375912984212239,1.319822368916399,3.7427564883194644,,-0.0020435878208704406,0.7580657677238027,2.1341442949557963,,32,6174,,0.02547893706951343,1.997423212999385,7.370040585214037,,32,3861,0,0.0,,,,,,,,,,,,,,,,
520,code_recurrent,0,,,,,,,,,,,,,,,,,,,,,,,,,,,,,,,,,,1.220041036605835,0.0,0.0,5.840904712677002,0.9101499915122986,1.2784501314163208,0,0.3285476343983107,0.20025290532170661,0.09326937632664802,2.258435294788981,0,6,0,0,0
540,code_recurrent,0,,,,,,,,,,,,,,,,,,,,,,,,,,,,,,,,,,0.8731265664100647,0.0,0.0,5.840904712677002,0.8571000099182129,0.9315356016159058,0,0.36886128943379015,0.1290510464979369,0.06933678535315843,1.2887598849951274,0,6,0,0,0
560,code_recurrent,0,,,,,,,,,,,,,,,,,,,,,,,,,,,,,,,,,,1.097791314125061,0.0,0.0,5.840904712677002,0.8988499641418457,1.1562004089355469,0,0.3871734629932875,0.1996486079879105,0.05810916380631546,1.9211065181309268,0,6,0,0,0
580,code_recurrent,0,,,,,,,,,,,,,,,,,,,,,,,,,,,,,,,,,,0.7530421614646912,0.0,0.0,5.840904712677002,0.8467999696731567,0.8114511966705322,0,0.39855514329027325,0.02483445856133975,0.05341917008294591,0.7422489934379147,0,6,0,0,0
600,code_recurrent,0,,,,,,,,,,,,,,,,,,,,,,,,,,,,,,,,,,0.8673246502876282,0.0,0.0,5.840904712677002,0.9101499915122986,0.9257336854934692,0,0.40288652140296133,0.055074651555124934,0.04058778775515892,0.8075295259791707,0,6,0,0,0
620,code_recurrent,0,,,,,,,,,,,,,,,,,,,,,,,,,,,,,,,,,,0.6652745008468628,0.0,0.0,5.840904712677002,0.8571000099182129,0.7236835360527039,0,0.40640072440103,0.055699740607191676,0.03625779491923158,0.7678699209221771,0,6,0,0,0
640,code_recurrent,0,,,,,,,,,,,,,,,,,,,,,,,,,,,,,,,,,,0.8456539511680603,0.0,0.0,5.840904712677002,0.8988499641418457,0.9040629863739014,0,0.4117916742033983,0.06641130199672521,0.03840831784782783,0.9549021417068111,0,6,0,0,0
660,code_recurrent,0,,,,,,,,,,,,,,,,,,,,,,,,,,,,,,,,,,0.6270297765731812,0.0,0.0,5.840904712677002,0.8467999696731567,0.6854388117790222,0,0.41926362491549957,0.04089604480707619,0.04402897188898235,0.5896125675844294,0,6,0,0,0
680,code_recurrent,0,,,,,,,,,,,,,,,,,,,,,,,,,,,,,,,,,,0.733276903629303,0.0,0.0,5.840904712677002,0.9101499915122986,0.791685938835144,0,0.4228822886890059,0.04941208308030452,0.034568856794032314,0.6892919849072184,0,6,0,0,0
700,code_recurrent,0,,,,,,,,,,,,,,,,,,,,,,,,,,,,,,,,,,0.565089225769043,0.0,0.0,5.840904712677002,0.8571000099182129,0.623498260974884,0,0.42603459600103477,0.05416107196236096,0.03791708769128909,0.6224813455035763,0,6,0,0,0
720,code_recurrent,0,,,,,,,,,,,,,,,,,,,,,,,,,,,,,,,,,,0.7300379276275635,0.0,0.0,5.840904712677002,0.8988499641418457,0.7884469628334045,0,0.4287417050019909,0.046286793916286637,0.03962040335043437,0.795243586647132,0,6,0,0,0
740,code_recurrent,0,,,,,,,,,,,,,,,,,,,,,,,,,,,,,,,,,,0.5591531991958618,0.0,0.0,5.840904712677002,0.8467999696731567,0.6175622344017029,0,0.4314513151186296,0.0611050660570202,0.031165046658041696,0.5634968202975061,0,6,0,0,0
750,,,,-0.13358954680653035,0.9799403480171661,2.664297306571864,,32,8415,0.01084983718526189,1.4369348455181608,4.207778539136005,,32,14382,0.751068115234375,0.5375912984212239,1.3028242462864799,3.6796743127215907,,0.019330115236431245,0.7794394707811044,2.18024982919082,,32,6174,,0.043038044899617045,2.0149823208294886,7.50059477573681,,32,3861,0,0.0,,,,,,,,,,,,,,,,
760,code_recurrent,0,,,,,,,,,,,,,,,,,,,,,,,,,,,,,,,,,,0.6696312427520752,0.0,0.0,5.840904712677002,0.9101499915122986,0.7280402779579163,0,0.43576327012427507,0.06285295937933759,0.03771154281742398,0.7581926675897742,0,6,0,0,0
780,code_recurrent,0,,,,,,,,,,,,,,,,,,,,,,,,,,,,,,,,,,0.5044184327125549,0.0,0.0,5.840904712677002,0.8571000099182129,0.562827467918396,0,0.438067240966885,0.07502610047439313,0.0318659982060097,0.598770487710597,0,6,0,0,0
800,code_recurrent,0,,,,,,,,,,,,,,,,,,,,,,,,,,,,,,,,,,0.6544768214225769,0.0,0.0,5.840904712677002,0.8988499641418457,0.712885856628418,0,0.4402764612105047,0.08050429873713126,0.03154095208701042,1.0099652842515046,0,6,0,0,0
820,code_recurrent,0,,,,,,,,,,,,,,,,,,,,,,,,,,,,,,,,,,0.49829044938087463,0.0,0.0,5.840904712677002,0.8467999696731567,0.5566995143890381,0,0.44231341759183845,0.09867960472391653,0.03512789551759996,0.5328265969124105,0,6,0,0,0
840,code_recurrent,0,,,,,,,,,,,,,,,,,,,,,,,,,,,,,,,,,,0.6133627891540527,0.0,0.0,5.840904712677002,0.9101499915122986,0.6717718243598938,0,0.4474154213867171,0.08214358301068257,0.03272261949152582,0.6692391715352498,0,6,0,0,0
860,code_recurrent,0,,,,,,,,,,,,,,,,,,,,,,,,,,,,,,,,,,0.4546128511428833,0.0,0.0,5.840904712677002,0.8571000099182129,0.5130218863487244,0,0.4479138955528926,0.1005379365940046,0.031145320695987532,0.6513607477857953,0,6,0,0,0
880,code_recurrent,0,,,,,,,,,,,,,,,,,,,,,,,,,,,,,,,,,,0.6091894507408142,0.0,0.0,5.840904712677002,0.8988499641418457,0.6675984859466553,0,0.44774099668812023,0.07745098829868116,0.03117049821238551,1.4442982685826127,0,6,0,0,0
900,code_recurrent,0,,,,,,,,,,,,,,,,,,,,,,,,,,,,,,,,,,0.46014508605003357,0.0,0.0,5.840904712677002,0.8467999696731567,0.518554151058197,0,0.44929718439323135,0.05285988411924336,0.039008725430106826,0.5176832079296074,0,6,0,0,0
920,code_recurrent,0,,,,,,,,,,,,,,,,,,,,,,,,,,,,,,,,,,0.5581122636795044,0.0,0.0,5.840904712677002,0.9101499915122986,0.6165212988853455,0,0.45055036044725877,0.11266599074172388,0.029924911854138214,0.5288365657958719,0,6,0,0,0
940,code_recurrent,0,,,,,,,,,,,,,,,,,,,,,,,,,,,,,,,,,,0.4230157732963562,0.0,0.0,5.840904712677002,0.8571000099182129,0.48142480850219727,0,0.4271824924446855,0.08158119820810887,0.03321595699082883,0.63032340447581,0,6,0,0,0
960,code_recurrent,0,,,,,,,,,,,,,,,,,,,,,,,,,,,,,,,,,,0.5699911713600159,0.0,0.0,5.840904712677002,0.8988499641418457,0.6284002065658569,0,0.4967658873771157,0.1161468876401029,0.03497618064653897,0.7816789804469971,0,6,0,0,0
980,code_recurrent,0,,,,,,,,,,,,,,,,,,,,,,,,,,,,,,,,,,0.42416977882385254,0.0,0.0,5.840904712677002,0.8467999696731567,0.4825788140296936,0,0.5118659731468318,0.10469231146894994,0.03046617724799684,0.5721236552570074,0,6,0,0,0
1000,code_recurrent,0,,,,,,,,,,,,,,,,,,,,,,,,,,,,,,,,,,0.5123122930526733,0.0,0.0,5.840904712677002,0.9101499915122986,0.5707213282585144,0,0.4909192180490324,0.12696190490221074,0.031965380850883705,0.5039763936920771,0,6,0,0,0
1000,,,,-0.13116546830320663,0.9823644265204898,2.6707636066422706,,32,8415,0.019577355266131136,1.44566236359903,4.244662721982215,,32,14382,0.751068115234375,0.5375912984212239,1.3135635410085866,3.7194043742207765,,0.03109880106944196,0.7912081566141151,2.206060082955066,,32,6174,,0.0630749413708398,2.0350192173007113,7.65239918252187,,32,3861,0,0.0,,,,,,,,,,,,,,,,
1020,code_recurrent,0,,,,,,,,,,,,,,,,,,,,,,,,,,,,,,,,,,0.38311997056007385,0.0,0.0,5.840904712677002,0.8571000099182129,0.4415290057659149,0,0.4922583495977052,0.11621795069160205,0.026512793610463777,0.5574010787088246,0,6,0,0,0
1040,code_recurrent,0,,,,,,,,,,,,,,,,,,,,,,,,,,,,,,,,,,0.5151031017303467,0.0,0.0,5.840904712677002,0.8988499641418457,0.5735121369361877,0,0.4800452878097657,0.09200667385552411,0.03652094262726013,0.610487762874081,0,6,0,0,0
1060,code_recurrent,0,,,,,,,,,,,,,,,,,,,,,,,,,,,,,,,,,,0.3965556025505066,0.0,0.0,5.840904712677002,0.8467999696731567,0.45496463775634766,0,0.4835977913901427,0.118211144623014,0.03549247054043152,0.5485954232750431,0,6,0,0,0
1080,code_recurrent,0,,,,,,,,,,,,,,,,,,,,,,,,,,,,,,,,,,0.480110764503479,0.0,0.0,5.840904712677002,0.9101499915122986,0.5385197997093201,0,0.48677915699707547,0.11963796570697534,0.032422048869794086,0.46973621069438876,0,6,0,0,0
1100,code_recurrent,0,,,,,,,,,,,,,,,,,,,,,,,,,,,,,,,,,,0.35489675402641296,0.0,0.0,5.840904712677002,0.8571000099182129,0.41330578923225403,0,0.4770395390259538,0.09370290186156385,0.032569876755218184,0.6578305180347155,0,6,0,0,0
1120,code_recurrent,0,,,,,,,,,,,,,,,,,,,,,,,,,,,,,,,,,,0.4767930209636688,0.0,0.0,5.840904712677002,0.8988499641418457,0.5352020859718323,0,0.4644128370816733,0.10135949165019806,0.049967690476674646,0.5814482200003805,0,6,0,0,0
1140,code_recurrent,0,,,,,,,,,,,,,,,,,,,,,,,,,,,,,,,,,,0.3677369952201843,0.0,0.0,5.840904712677002,0.8467999696731567,0.4261460304260254,0,0.4683975357852033,0.14724212280582702,0.033920530624510274,0.5420215935401973,0,6,0,0,0
1160,code_recurrent,0,,,,,,,,,,,,,,,,,,,,,,,,,,,,,,,,,,0.45157623291015625,0.0,0.0,5.840904712677002,0.9101499915122986,0.5099852681159973,0,0.4608539138725333,0.11778754544294705,0.03604782861213953,0.5125785139108461,0,6,0,0,0
1180,code_recurrent,0,,,,,,,,,,,,,,,,,,,,,,,,,,,,,,,,,,0.3448299765586853,0.0,0.0,5.840904712677002,0.8571000099182129,0.40323901176452637,0,0.451026485705656,0.10446504814483758,0.039356505304634096,0.6082008845039777,0,6,0,0,0
1200,code_recurrent,0,,,,,,,,,,,,,,,,,,,,,,,,,,,,,,,,,,0.4390774369239807,0.0,0.0,5.840904712677002,0.8988499641418457,0.4974864721298218,0,0.4503857689289399,0.12013424730892959,0.03528490946110752,0.6662150520062636,0,6,0,0,0
1220,code_recurrent,0,,,,,,,,,,,,,,,,,,,,,,,,,,,,,,,,,,0.3455686569213867,0.0,0.0,5.840904712677002,0.8467999696731567,0.4039776921272278,0,0.46455512606971544,0.13696019335683168,0.03850024042222353,0.5724640145779603,0,6,0,0,0
1240,code_recurrent,0,,,,,,,,,,,,,,,,,,,,,,,,,,,,,,,,,,0.41861969232559204,0.0,0.0,5.840904712677002,0.9101499915122986,0.4770287275314331,0,0.4540541539302917,0.14447580312844366,0.03693454751286596,0.4863963874914344,0,6,0,0,0
1250,,,,-0.11669502280966837,0.9968348720140281,2.709691720137489,,32,8415,0.024833525359390096,1.450918533692289,4.267032128439535,,32,14382,0.751068115234375,0.5375912984212239,1.321457818919776,3.7488825875299585,,0.034118667172505224,0.7942280227171784,2.212732158337496,,32,6174,,0.0719055713257375,2.043849847255609,7.72027393531012,,32,3861,0,0.0,,,,,,,,,,,,,,,,
1260,code_recurrent,0,,,,,,,,,,,,,,,,,,,,,,,,,,,,,,,,,,0.3166326582431793,0.0,0.0,5.840904712677002,0.8571000099182129,0.3750416934490204,0,0.45008691913912485,0.1179280650851849,0.03461431984287051,0.5525989192050128,0,6,0,0,0
1280,code_recurrent,0,,,,,,,,,,,,,,,,,,,,,,,,,,,,,,,,,,0.419093519449234,0.0,0.0,5.840904712677002,0.8988499641418457,0.4775025546550751,0,0.45135941855295864,0.12188898544367735,0.04134921471381353,0.7951206933115682,0,6,0,0,0
1300,code_recurrent,0,,,,,,,,,,,,,,,,,,,,,,,,,,,,,,,,,,0.3174247741699219,0.0,0.0,5.840904712677002,0.8467999696731567,0.37583380937576294,0,0.45586574410767783,0.15319243285089865,0.03306814768602924,0.5466912851742809,0,6,0,0,0
1320,code_recurrent,0,,,,,,,,,,,,,,,,,,,,,,,,,,,,,,,,,,0.3921147584915161,0.0,0.0,5.840904712677002,0.9101499915122986,0.4505237936973572,0,0.4324776001921901,0.12397212451989097,0.04062681954487094,0.49479580018965025,0,6,0,0,0
1340,code_recurrent,0,,,,,,,,,,,,,,,,,,,,,,,,,,,,,,,,,,0.2957729697227478,0.0,0.0,5.840904712677002,0.8571000099182129,0.35418200492858887,0,0.431300788093496,0.09302827411530805,0.03558168487386808,0.5691281665353075,0,6,0,0,0
1360,code_recurrent,0,,,,,,,,,,,,,,,,,,,,,,,,,,,,,,,,,,0.4010067582130432,0.0,0.0,5.840904712677002,0.8988499641418457,0.4594157934188843,0,0.4550434830327569,0.10078042455799212,0.03653008828737906,0.7905772353685092,0,6,0,0,0
1380,code_recurrent,0,,,,,,,,,,,,,,,,,,,,,,,,,,,,,,,,,,0.2942821681499481,0.0,0.0,5.840904712677002,0.8467999696731567,0.3526912033557892,0,0.45767179268847247,0.08499472019112934,0.03597240356565823,0.705824675600207,0,6,0,0,0
1400,code_recurrent,0,,,,,,,,,,,,,,,,,,,,,,,,,,,,,,,,,,0.3669688105583191,0.0,0.0,5.840904712677002,0.9101499915122986,0.42537784576416016,0,0.48872964354600235,0.14641251458254242,0.03519360337642923,0.4533487444950475,0,6,0,0,0
1420,code_recurrent,0,,,,,,,,,,,,,,,,,,,,,,,,,,,,,,,,,,0.2774122953414917,0.0,0.0,5.840904712677002,0.8571000099182129,0.33582133054733276,0,0.46834349308023276,0.11113370198290795,0.03448120116788362,0.598377709954031,0,6,0,0,0
1440,code_recurrent,0,,,,,,,,,,,,,,,,,,,,,,,,,,,,,,,,,,0.3704617917537689,0.0,0.0,5.840904712677002,0.8988499641418457,0.42887082695961,0,0.45844891488376277,0.10837270368938334,0.04191238586199544,0.7533537651811327,0,6,0,0,0
1460,code_recurrent,0,,,,,,,,,,,,,,,,,,,,,,,,,,,,,,,,,,0.28526994585990906,0.0,0.0,5.840904712677002,0.8467999696731567,0.3436789810657501,0,0.4724240372572508,0.11781116517210778,0.04068464500504354,0.6152198974102262,0,6,0,0,0
1480,code_recurrent,0,,,,,,,,,,,,,,,,,,,,,,,,,,,,,,,,,,0.34404221177101135,0.0,0.0,5.840904712677002,0.9101499915122986,0.4024512469768524,0,0.4680384172432759,0.1224449299666698,0.04592847721946854,0.44821729396307275,0,6,0,0,0
1500,code_recurrent,0,,,,,,,,,,,,,,,,,,,,,,,,,,,,,,,,,,0.25993677973747253,0.0,0.0,5.840904712677002,0.8571000099182129,0.3183458149433136,0,0.4708049699264333,0.1290722339347537,0.034355487932436285,0.589371805975125,0,6,0,0,0
1500,,,,-0.09737426975406627,1.0161556250696302,2.762554030127024,,32,8415,0.035334313766231196,1.46141932209913,4.312075411038786,,32,14382,0.751068115234375,0.5375912984212239,1.3332313237766515,3.7932809240407304,,0.040889375450003373,0.8009987309946766,2.2277647555153126,,32,6174,,0.08240734101329794,2.0543516169431695,7.801777691876869,,32,3861,0,0.0,,,,,,,,,,,,,,,,
1520,code_recurrent,0,,,,,,,,,,,,,,,,,,,,,,,,,,,,,,,,,,0.35120707750320435,0.0,0.0,5.840904712677002,0.8988499641418457,0.4096161127090454,0,0.4612107506174303,0.06909399515799512,0.04168191411059409,0.8642805619608788,0,6,0,0,0
1540,code_recurrent,0,,,,,,,,,,,,,,,,,,,,,,,,,,,,,,,,,,0.2583138644695282,0.0,0.0,5.840904712677002,0.8467999696731567,0.31672289967536926,0,0.45904798581432854,0.1314290429623465,0.03999769564363219,0.5325327223846836,0,6,0,0,0
1560,code_recurrent,0,,,,,,,,,,,,,,,,,,,,,,,,,,,,,,,,,,0.329181432723999,0.0,0.0,5.840904712677002,0.9101499915122986,0.3875904679298401,0,0.46694073870110797,0.10645285387831141,0.03959047330972103,0.5228305078569859,0,6,0,0,0
1580,code_recurrent,0,,,,,,,,,,,,,,,,,,,,,,,,,,,,,,,,,,0.25498196482658386,0.0,0.0,5.840904712677002,0.8571000099182129,0.3133910000324249,0,0.46613030140167344,0.0801921566474318,0.030748008300239844,0.9436598943339455,0,6,0,0,0
1600,code_recurrent,0,,,,,,,,,,,,,,,,,,,,,,,,,,,,,,,,,,0.3269001245498657,0.0,0.0,5.840904712677002,0.8988499641418457,0.3853091597557068,0,0.4798782260229519,0.11096019866194443,0.033385077212005856,0.8314145054254267,0,6,0,0,0
1620,code_recurrent,0,,,,,,,,,,,,,,,,,,,,,,,,,,,,,,,,,,0.23743662238121033,0.0,0.0,5.840904712677002,0.8467999696731567,0.2958456575870514,0,0.47854727325754903,0.08375909484207764,0.05135596223648579,0.5132205916479939,0,6,0,0,0
1640,code_recurrent,0,,,,,,,,,,,,,,,,,,,,,,,,,,,,,,,,,,0.3202475905418396,0.0,0.0,5.840904712677002,0.9101499915122986,0.37865662574768066,0,0.4743517639895929,0.09162144390783007,0.045682549903110145,0.7981610244465253,0,6,0,0,0
1660,code_recurrent,0,,,,,,,,,,,,,,,,,,,,,,,,,,,,,,,,,,0.24709303677082062,0.0,0.0,5.840904712677002,0.8571000099182129,0.3055020868778229,0,0.46456733488928476,0.06983217696272602,0.035519716119955455,0.78429494235842,0,6,0,0,0
1680,code_recurrent,0,,,,,,,,,,,,,,,,,,,,,,,,,,,,,,,,,,0.31147873401641846,0.0,0.0,5.840904712677002,0.8988499641418457,0.3698877692222595,0,0.4822959733558578,0.08550062233449093,0.043769663001691536,0.9098727048980811,0,6,0,0,0
1700,code_recurrent,0,,,,,,,,,,,,,,,,,,,,,,,,,,,,,,,,,,0.23387540876865387,0.0,0.0,5.840904712677002,0.8467999696731567,0.29228445887565613,0,0.456036057404292,0.067093934015637,0.041969189256991425,0.5655115734490137,0,6,0,0,0
1720,code_recurrent,0,,,,,,,,,,,,,,,,,,,,,,,,,,,,,,,,,,0.3171183168888092,0.0,0.0,5.840904712677002,0.9101499915122986,0.37552735209465027,0,0.4748570717176146,0.10691405298296429,0.04009323654888523,0.7756930261732095,0,6,0,0,0
1740,code_recurrent,0,,,,,,,,,,,,,,,,,,,,,,,,,,,,,,,,,,0.22536547482013702,0.0,0.0,5.840904712677002,0.8571000099182129,0.2837745249271393,0,0.48096446561359224,0.07274700229962557,0.04090837127129947,0.5690203582542755,0,6,0,0,0
1750,,,,-0.08122267742916289,1.0323072173945336,2.8075359636429758,,32,8415,0.04664701149603223,1.472732019828931,4.361133583698653,,32,14382,0.751068115234375,0.5375912984212239,1.341657176909499,3.8253775829738057,,0.043746745582533664,0.8038561011272068,2.2341394070222496,,32,6174,,0.085789093357453,2.0577333692873245,7.828206033741724,,32,3861,0,0.0,,,,,,,,,,,,,,,,
1760,code_recurrent,0,,,,,,,,,,,,,,,,,,,,,,,,,,,,,,,,,,0.2928943634033203,0.0,0.0,5.840904712677002,0.8988499641418457,0.3513033986091614,0,0.4735011458936501,0.11753996525658295,0.03770396838940326,0.8030373344937015,0,6,0,0,0
1780,code_recurrent,0,,,,,,,,,,,,,,,,,,,,,,,,,,,,,,,,,,0.2148762345314026,0.0,0.0,5.840904712677002,0.8467999696731567,0.27328526973724365,0,0.47599475721240386,0.12938742069776968,0.03791261956406137,0.6392777694537053,0,6,0,0,0
1800,code_recurrent,0,,,,,,,,,,,,,,,,,,,,,,,,,,,,,,,,,,0.2911396026611328,0.0,0.0,5.840904712677002,0.9101499915122986,0.3495486378669739,0,0.47738132597600186,0.20696902261780842,0.03623844346563731,0.5490633473509834,0,6,0,0,0
1820,code_recurrent,0,,,,,,,,,,,,,,,,,,,,,,,,,,,,,,,,,,0.20891472697257996,0.0,0.0,5.840904712677002,0.8571000099182129,0.267323762178421,0,0.4729952785150319,0.09553788873017766,0.03921211501287799,0.4253345733360639,0,6,0,0,0
1840,code_recurrent,0,,,,,,,,,,,,,,,,,,,,,,,,,,,,,,,,,,0.26548847556114197,0.0,0.0,5.840904712677002,0.8988499641418457,0.32389751076698303,0,0.46321970866639584,0.05224673885303283,0.0417968886387017,0.6758847158579598,0,6,0,0,0
1860,code_recurrent,0,,,,,,,,,,,,,,,,,,,,,,,,,,,,,,,,,,0.2022550404071808,0.0,0.0,5.840904712677002,0.8467999696731567,0.26066407561302185,0,0.46509989959307463,0.10810689241251177,0.033586640336683814,0.9000758243281216,0,6,0,0,0
1880,code_recurrent,0,,,,,,,,,,,,,,,,,,,,,,,,,,,,,,,,,,0.2603124976158142,0.0,0.0,5.840904712677002,0.9101499915122986,0.3187215328216553,0,0.45353483454439786,0.06261936061075955,0.04276807263922242,0.4959918672721537,0,6,0,0,0
1900,code_recurrent,0,,,,,,,,,,,,,,,,,,,,,,,,,,,,,,,,,,0.19765925407409668,0.0,0.0,5.840904712677002,0.8571000099182129,0.25606828927993774,0,0.4340437096100874,0.025061079147105505,0.0458016550892757,0.4096044574642465,0,6,0,0,0
1920,code_recurrent,0,,,,,,,,,,,,,,,,,,,,,,,,,,,,,,,,,,0.2562028765678406,0.0,0.0,5.840904712677002,0.8988499641418457,0.31461191177368164,0,0.4374485874096865,0.06347506161962103,0.042331913245900986,1.020302943500971,0,6,0,0,0
1940,code_recurrent,0,,,,,,,,,,,,,,,,,,,,,,,,,,,,,,,,,,0.20525291562080383,0.0,0.0,5.840904712677002,0.8467999696731567,0.2636619508266449,0,0.46280911805616093,-0.03314306072674559,0.05242514549015415,0.6933485455042313,0,6,0,0,0
1960,code_recurrent,0,,,,,,,,,,,,,,,,,,,,,,,,,,,,,,,,,,0.24824824929237366,0.0,0.0,5.840904712677002,0.9101499915122986,0.3066572844982147,0,0.44631167337905897,0.08474237099705663,0.04508735851074258,0.586684962101872,0,6,0,0,0
1980,code_recurrent,0,,,,,,,,,,,,,,,,,,,,,,,,,,,,,,,,,,0.1847660094499588,0.0,0.0,5.840904712677002,0.8571000099182129,0.24317505955696106,0,0.4298223989409165,0.08271226295203503,0.03274062253342616,0.618261614938577,0,6,0,0,0
1999,,,0.0625,-0.07256595205849847,1.040963942765198,2.831945532480099,,32,8415,0.046969239096070536,1.4730542474289694,4.36253908774071,0.060522642574594165,32,14382,0.751068115234375,0.5375912984212239,1.3464084959515632,3.8435964198058334,0.0625,0.046593439011346716,0.8067027945560199,2.2405083779441086,,32,6174,0.015625,0.09296872312619398,2.0649129990560655,7.884611899136292,,32,3861,0,0.0,,,,,,,,,,,,,,,,
2000,novel_inject,0,,,,,,,,,,,,,,,,,,,,,,,,,,,,,,,,,,1.2368617057800293,0.0,0.0,5.840904712677002,0.8203999996185303,1.2952708005905151,0,0.04201562447393302,0.032701312907322845,0.050678588672437595,0.7395094825398355,0,6,0,0,0
2000,,,,-0.07534502814797794,1.0381848666757185,2.824086266171879,,32,8415,0.04634265053539144,1.4724276588682903,4.359806426869244,,32,14382,0.751068115234375,0.5375912984212239,1.345456775179809,3.839940129414601,,0.046457093550543394,0.8065664490952166,2.2402029156215577,,32,6174,,0.09270385015013938,2.064648126080011,7.882523755076207,,32,3861,0,0.0,,,,,,,,,,,,,,,,
2020,novel_inject,0,,,,,,,,,,,,,,,,,,,,,,,,,,,,,,,,,,1.0941874980926514,0.0,0.0,5.840904712677002,0.805649995803833,1.1525965929031372,0,0.21450843247121634,0.08344306982637915,0.04121873916112005,0.7230808615921036,0,6,0,0,0
2040,novel_inject,0,,,,,,,,,,,,,,,,,,,,,,,,,,,,,,,,,,1.1304057836532593,0.0,0.0,5.840904712677002,0.838450014591217,1.1888148784637451,0,0.257347907766844,0.157746194811937,0.037913709757701745,0.6375426582400762,0,6,0,0,0
2060,novel_inject,0,,,,,,,,,,,,,,,,,,,,,,,,,,,,,,,,,,1.2683446407318115,0.0,0.0,5.840904712677002,0.8425999879837036,1.3267537355422974,0,0.2545147224506485,0.08996864586411643,0.034442938869405124,0.7587965784564851,0,6,0,0,0
2080,novel_inject,0,,,,,,,,,,,,,,,,,,,,,,,,,,,,,,,,,,1.1481086015701294,0.0,0.0,5.840904712677002,0.7991999983787537,1.2065176963806152,0,0.24815414190828516,0.1410891564280194,0.03250720522381247,0.6223717762246018,0,6,0,0,0
2100,novel_inject,0,,,,,,,,,,,,,,,,,,,,,,,,,,,,,,,,,,0.9335880875587463,0.0,0.0,5.840904712677002,0.784000039100647,0.9919971227645874,0,0.2533136205349042,0.05563311900810471,0.035465605442397415,0.41579320862416236,0,6,0,0,0
2120,novel_inject,0,,,,,,,,,,,,,,,,,,,,,,,,,,,,,,,,,,1.1358426809310913,0.0,0.0,5.840904712677002,0.8192499876022339,1.1942517757415771,0,0.25341978242713664,0.1395530141016934,0.032161558298246254,0.5827858902868771,0,6,0,0,0
2140,novel_inject,0,,,,,,,,,,,,,,,,,,,,,,,,,,,,,,,,,,1.0784841775894165,0.0,0.0,5.840904712677002,0.7951500415802002,1.1368932723999023,0,0.2557255531495232,0.09117271786089987,0.032535627398580784,0.4938640884936802,0,6,0,0,0
2149,,,0.046875,-0.09794695214437565,1.0155829426793208,2.7609724170059096,-0.02538100008587718,32,8415,0.007133627116903796,1.4332186354498027,4.192170569373087,,32,14382,0.751068115234375,0.5375912984212239,1.3237477973967553,3.7574772850484077,0.03125,0.02573679981781596,0.7858461553624891,2.1942628427028454,,32,6174,0.03125,0.0883991801655375,2.060343456095409,7.848665019290679,,32,3861,0,0.0,,,,,,,,,,,,,,,,
2160,math_recurrent,0,,,,,,,,,,,,,,,,,,,,,,,,,,,,,,,,,,0.5695357918739319,0.0,0.0,5.840904712677002,0.8722000122070312,0.627944827079773,0,0.1206561192940724,0.12995467230211943,0.0953147723058623,1.2848424163839174,0,6,0,0,0
2180,math_recurrent,0,,,,,,,,,,,,,,,,,,,,,,,,,,,,,,,,,,0.5466368794441223,0.0,0.0,5.840904712677002,0.9068000316619873,0.6050459146499634,0,0.2527150686430711,0.18613465798885695,0.09481462499215489,0.9190591741175879,0,6,0,0,0
2200,math_recurrent,0,,,,,,,,,,,,,,,,,,,,,,,,,,,,,,,,,,0.41055259108543396,0.0,0.0,5.840904712677002,0.8489999771118164,0.468961626291275,0,0.34539976745983964,0.039452240255611414,0.10179745019783103,0.5815707376078955,0,6,0,0,0
2220,math_recurrent,0,,,,,,,,,,,,,,,,,,,,,,,,,,,,,,,,,,0.4116065204143524,0.0,0.0,5.840904712677002,0.9018000364303589,0.4700155556201935,0,0.3580674733994883,0.040973274521612826,0.07285034956913146,0.6041467846622542,0,6,0,0,0
2240,math_recurrent,0,,,,,,,,,,,,,,,,,,,,,,,,,,,,,,,,,,0.3117263913154602,0.0,0.0,5.840904712677002,0.8722000122070312,0.37013542652130127,0,0.33066832538206287,0.015699871799110303,0.04755032260473522,0.44889665794751005,0,6,0,0,0
2250,,,,-0.08701427910771309,1.0265156157159834,2.791322828971606,,32,8415,0.02672122705465152,1.4528062353875504,4.2750946196170885,,32,14382,0.751068115234375,0.5375912984212239,1.2621871185071403,3.5331404400009925,,-0.18649644175122615,0.573612913793447,1.774667202489532,,32,6174,,0.023869433201708645,1.9958137091315802,7.358188017321865,,32,3861,0,0.0,,,,,,,,,,,,,,,,
2260,math_recurrent,0,,,,,,,,,,,,,,,,,,,,,,,,,,,,,,,,,,0.28442302346229553,0.0,0.0,5.840904712677002,0.9068000316619873,0.3428320586681366,0,0.36353176016100247,0.033494779420185035,0.04040637497775375,0.3740174013352583,0,6,0,0,0
2280,math_recurrent,0,,,,,,,,,,,,,,,,,,,,,,,,,,,,,,,,,,0.32007819414138794,0.0,0.0,5.840904712677002,0.8489999771118164,0.378487229347229,0,0.37124013085759566,-0.018156760924154827,0.049215700403447186,0.365254177578858,0,6,0,0,0
2300,math_recurrent,0,,,,,,,,,,,,,,,,,,,,,,,,,,,,,,,,,,0.32044169306755066,0.0,0.0,5.840904712677002,0.9018000364303589,0.3788507282733917,0,0.37805034223060024,-0.028503406293956295,0.04394591086292787,0.4264265928240049,0,6,0,0,0
2320,math_recurrent,0,,,,,,,,,,,,,,,,,,,,,,,,,,,,,,,,,,0.26937922835350037,0.0,0.0,5.840904712677002,0.8722000122070312,0.32778826355934143,0,0.3812103474760887,-0.041260687879652584,0.04105551817883102,0.3665934098854898,0,6,0,0,0
2340,math_recurrent,0,,,,,,,,,,,,,,,,,,,,,,,,,,,,,,,,,,0.23060110211372375,0.0,0.0,5.840904712677002,0.9068000316619873,0.2890101373195648,0,0.3875621023840135,0.045572195725981146,0.03185370626548926,0.2634764902471077,0,6,0,0,0
2360,math_recurrent,0,,,,,,,,,,,,,,,,,,,,,,,,,,,,,,,,,,0.28276026248931885,0.0,0.0,5.840904712677002,0.8489999771118164,0.3411692976951599,0,0.39198324221841974,0.01254530981948067,0.03703103029272623,0.33958095668090715,0,6,0,0,0
2380,math_recurrent,0,,,,,,,,,,,,,,,,,,,,,,,,,,,,,,,,,,0.28081321716308594,0.0,0.0,5.840904712677002,0.9018000364303589,0.339222252368927,0,0.395238886683162,0.015671247874187038,0.031763752881762766,0.3419820883444377,0,6,0,0,0
2400,math_recurrent,0,,,,,,,,,,,,,,,,,,,,,,,,,,,,,,,,,,0.2413734495639801,0.0,0.0,5.840904712677002,0.8722000122070312,0.29978248476982117,0,0.39795347773178674,-0.0013900919127211506,0.029402808673561567,0.3413557787085809,0,6,0,0,0
2420,math_recurrent,0,,,,,,,,,,,,,,,,,,,,,,,,,,,,,,,,,,0.20257678627967834,0.0,0.0,5.840904712677002,0.9068000316619873,0.2609858214855194,0,0.40295190482777377,0.04501115970197134,0.033037314986780524,0.21755597513346445,0,6,0,0,0
2440,math_recurrent,0,,,,,,,,,,,,,,,,,,,,,,,,,,,,,,,,,,0.2588810920715332,0.0,0.0,5.840904712677002,0.8489999771118164,0.31729012727737427,0,0.405456541519812,-0.002756734091755269,0.03696039708789497,0.29653782299941495,0,6,0,0,0
2460,math_recurrent,0,,,,,,,,,,,,,,,,,,,,,,,,,,,,,,,,,,0.2532537877559662,0.0,0.0,5.840904712677002,0.9018000364303589,0.31166282296180725,0,0.40870113033562744,0.02172969383536838,0.027466412107386286,0.3085961624802578,0,6,0,0,0
2480,math_recurrent,0,,,,,,,,,,,,,,,,,,,,,,,,,,,,,,,,,,0.22194455564022064,0.0,0.0,5.840904712677002,0.8722000122070312,0.2803536057472229,0,0.4142451481648025,0.0055029348358013,0.03189390758791613,0.3069973262588656,0,6,0,0,0
2500,math_recurrent,0,,,,,,,,,,,,,,,,,,,,,,,,,,,,,,,,,,0.18673108518123627,0.0,0.0,5.840904712677002,0.9068000316619873,0.24514013528823853,0,0.41714704299133903,0.04388998096276607,0.03440519366709013,0.21055318176273313,0,6,0,0,0
2500,,,,-0.07434026544744321,1.0391896293762533,2.826925228718219,,32,8415,0.028635036960262816,1.4547200452931617,4.283284172171304,,32,14382,0.751068115234375,0.5375912984212239,1.2631261300571692,3.5364596578300755,,-0.21307777130453176,0.5470315842401414,1.728115631015719,,32,6174,,0.03961898538924924,2.0115632613191208,7.474993586769472,,32,3861,0,0.0,,,,,,,,,,,,,,,,
2520,math_recurrent,0,,,,,,,,,,,,,,,,,,,,,,,,,,,,,,,,,,0.2377902865409851,0.0,0.0,5.840904712677002,0.8489999771118164,0.29619932174682617,0,0.41839116233873547,0.055170859756929404,0.031009328155408775,0.273559257317157,0,6,0,0,0
2540,math_recurrent,0,,,,,,,,,,,,,,,,,,,,,,,,,,,,,,,,,,0.24267470836639404,0.0,0.0,5.840904712677002,0.9018000364303589,0.3010837435722351,0,0.41981840214925137,0.07244864687007586,0.02883180216146958,0.2912150567722699,0,6,0,0,0
2560,math_recurrent,0,,,,,,,,,,,,,,,,,,,,,,,,,,,,,,,,,,0.2091381549835205,0.0,0.0,5.840904712677002,0.8722000122070312,0.2675471901893616,0,0.423406183012888,-0.017341874153186967,0.03609873967333919,0.2854903567818895,0,6,0,0,0
2580,math_recurrent,0,,,,,,,,,,,,,,,,,,,,,,,,,,,,,,,,,,0.17415575683116913,0.0,0.0,5.840904712677002,0.9068000316619873,0.2325648069381714,0,0.4251235124294906,0.0673085527586019,0.034427328775119455,0.1842069655449854,0,6,0,0,0
2600,math_recurrent,0,,,,,,,,,,,,,,,,,,,,,,,,,,,,,,,,,,0.22434291243553162,0.0,0.0,5.840904712677002,0.8489999771118164,0.2827519476413727,0,0.4267175336020447,0.054081269851719425,0.029180912483513118,0.26217371673574524,0,6,0,0,0
2620,math_recurrent,0,,,,,,,,,,,,,,,,,,,,,,,,,,,,,,,,,,0.22771631181240082,0.0,0.0,5.840904712677002,0.9018000364303589,0.2861253619194031,0,0.42912245348887673,0.08159676691450711,0.028874203343949623,0.2775464239101561,0,6,0,0,0
2640,math_recurrent,0,,,,,,,,,,,,,,,,,,,,,,,,,,,,,,,,,,0.19788704812526703,0.0,0.0,5.840904712677002,0.8722000122070312,0.2562960982322693,0,0.4318177410865327,0.026157331494947096,0.032041428665379214,0.27272544039620294,0,6,0,0,0
2660,math_recurrent,0,,,,,,,,,,,,,,,,,,,,,,,,,,,,,,,,,,0.16463741660118103,0.0,0.0,5.840904712677002,0.9068000316619873,0.2230464667081833,0,0.43195938333003153,0.09184374212886073,0.02695105747275409,0.1765965706979235,0,6,0,0,0
2680,math_recurrent,0,,,,,,,,,,,,,,,,,,,,,,,,,,,,,,,,,,0.21403768658638,0.0,0.0,5.840904712677002,0.8489999771118164,0.27244672179222107,0,0.4328893537395268,-0.044914701182278804,0.033354295841935604,0.26089616764395956,0,6,0,0,0
2700,math_recurrent,0,,,,,,,,,,,,,,,,,,,,,,,,,,,,,,,,,,0.21963199973106384,0.0,0.0,5.840904712677002,0.9018000364303589,0.2780410349369049,0,0.4356310482100975,0.08751317343973954,0.026274997208799635,0.2767336020571372,0,6,0,0,0
2720,math_recurrent,0,,,,,,,,,,,,,,,,,,,,,,,,,,,,,,,,,,0.18853124976158142,0.0,0.0,5.840904712677002,0.8722000122070312,0.24694029986858368,0,0.43885140623520824,0.06726773279037193,0.027835900189414148,0.2615300086637338,0,6,0,0,0
2740,math_recurrent,0,,,,,,,,,,,,,,,,,,,,,,,,,,,,,,,,,,0.15882132947444916,0.0,0.0,5.840904712677002,0.9068000316619873,0.21723037958145142,0,0.43690707492420927,0.04505457717875418,0.033390393397135155,0.17023187506766546,0,6,0,0,0
2750,,,,-0.06677525339562895,1.0467546414280675,2.8483920481391856,,32,8415,0.03067538171629458,1.4567603900491934,4.292032470307765,,32,14382,0.751068115234375,0.5375912984212239,1.2687442136508456,3.5563836988725246,,-0.21227967781583423,0.547829677728839,1.7294953793593975,,32,6174,,0.051687869467410774,2.0236321453972823,7.565755010731139,,32,3861,0,0.0,,,,,,,,,,,,,,,,
2760,math_recurrent,0,,,,,,,,,,,,,,,,,,,,,,,,,,,,,,,,,,0.205634206533432,0.0,0.0,5.840904712677002,0.8489999771118164,0.26404324173927307,0,0.4370939352911936,0.05449877432900913,0.029987033262907987,0.25382344641146204,0,6,0,0,0
2780,math_recurrent,0,,,,,,,,,,,,,,,,,,,,,,,,,,,,,,,,,,0.20747114717960358,0.0,0.0,5.840904712677002,0.9018000364303589,0.26588019728660583,0,0.43950509845634517,0.01579124289232173,0.029542475456874523,0.2637493394433506,0,6,0,0,0
2800,math_recurrent,0,,,,,,,,,,,,,,,,,,,,,,,,,,,,,,,,,,0.1833820343017578,0.0,0.0,5.840904712677002,0.8722000122070312,0.24179108440876007,0,0.4394262411476865,0.05575091300540537,0.03481888751395874,0.25508283704874063,0,6,0,0,0
2820,math_recurrent,0,,,,,,,,,,,,,,,,,,,,,,,,,,,,,,,,,,0.1505502462387085,0.0,0.0,5.840904712677002,0.9068000316619873,0.20895929634571075,0,0.44212919799982336,0.04614984142868447,0.032700638081287106,0.16588296116817564,0,6,0,0,0
2840,math_recurrent,0,,,,,,,,,,,,,,,,,,,,,,,,,,,,,,,,,,0.19383825361728668,0.0,0.0,5.840904712677002,0.8489999771118164,0.25224730372428894,0,0.4408256514822394,0.020073248085931743,0.03105634324444783,0.2511785552083027,0,6,0,0,0
2860,math_recurrent,0,,,,,,,,,,,,,,,,,,,,,,,,,,,,,,,,,,0.19840236008167267,0.0,0.0,5.840904712677002,0.9018000364303589,0.2568114101886749,0,0.44596205817133105,0.10956149253096166,0.02797496180523128,0.25507308755602154,0,6,0,0,0
2880,math_recurrent,0,,,,,,,,,,,,,,,,,,,,,,,,,,,,,,,,,,0.1786545366048813,0.0,0.0,5.840904712677002,0.8722000122070312,0.23706358671188354,0,0.44528204033597446,0.0588555862757078,0.033545282543710774,0.24951353294272272,0,6,0,0,0
2900,math_recurrent,0,,,,,,,,,,,,,,,,,,,,,,,,,,,,,,,,,,0.1435246467590332,0.0,0.0,5.840904712677002,0.9068000316619873,0.20193369686603546,0,0.445061697301154,0.0747752918437722,0.027634400764243706,0.14739364971894592,0,6,0,0,0
2920,math_recurrent,0,,,,,,,,,,,,,,,,,,,,,,,,,,,,,,,,,,0.18596521019935608,0.0,0.0,5.840904712677002,0.8489999771118164,0.24437426030635834,0,0.4453747075499179,0.042914625186572915,0.02759197482484437,0.24150012256134126,0,6,0,0,0
2940,math_recurrent,0,,,,,,,,,,,,,,,,,,,,,,,,,,,,,,,,,,0.19274525344371796,0.0,0.0,5.840904712677002,0.9018000364303589,0.2511543035507202,0,0.45055249739971787,0.16385710655179406,0.02841421044505541,0.25816966907254285,0,6,0,0,0
2960,math_recurrent,0,,,,,,,,,,,,,,,,,,,,,,,,,,,,,,,,,,0.16893477737903595,0.0,0.0,5.840904712677002,0.8722000122070312,0.2273438274860382,0,0.44983234686972745,0.08949990716895886,0.02812032324764582,0.2418686020823698,0,6,0,0,0
2980,math_recurrent,0,,,,,,,,,,,,,,,,,,,,,,,,,,,,,,,,,,0.13765627145767212,0.0,0.0,5.840904712677002,0.9068000316619873,0.19606532156467438,0,0.4501471387708619,0.12575887078336173,0.024180750990109075,0.15057191904042924,0,6,0,0,0
3000,math_recurrent,0,,,,,,,,,,,,,,,,,,,,,,,,,,,,,,,,,,0.17888720333576202,0.0,0.0,5.840904712677002,0.8489999771118164,0.23729625344276428,0,0.4520491014675052,-0.03565789526744213,0.03362627647861484,0.23442416301677152,0,6,0,0,0
3000,,,,-0.06332420308322195,1.0502056917404745,2.858238973751764,,32,8415,0.03438923219997214,1.460474240532871,4.308002073176943,,32,14382,0.751068115234375,0.5375912984212239,1.2720343187279066,3.568103844619333,,-0.21356220943548543,0.5465471461091878,1.7272786686539674,,32,6174,,0.058965920599221455,2.030910196529093,7.621019828687398,,32,3861,0,0.0,,,,,,,,,,,,,,,,
3020,math_recurrent,0,,,,,,,,,,,,,,,,,,,,,,,,,,,,,,,,,,0.1880621612071991,0.0,0.0,5.840904712677002,0.9018000364303589,0.24647121131420135,0,0.4525262856504591,-0.039614499371964484,0.039906512027872466,0.2576646924432781,0,6,0,0,0
3040,math_recurrent,0,,,,,,,,,,,,,,,,,,,,,,,,,,,,,,,,,,0.16636641323566437,0.0,0.0,5.840904712677002,0.8722000122070312,0.22477546334266663,0,0.4552840314735338,0.10717127735759797,0.029026255218519103,0.2437688927742697,0,6,0,0,0
3060,math_recurrent,0,,,,,,,,,,,,,,,,,,,,,,,,,,,,,,,,,,0.1342160552740097,0.0,0.0,5.840904712677002,0.9068000316619873,0.19262510538101196,0,0.45325319228373406,0.08734343380118455,0.02748291795289824,0.14010992172868952,0,6,0,0,0
3080,math_recurrent,0,,,,,,,,,,,,,,,,,,,,,,,,,,,,,,,,,,0.1706230491399765,0.0,0.0,5.840904712677002,0.8489999771118164,0.22903209924697876,0,0.4504714080631868,-0.010590704394936827,0.03734493625779001,0.21416766722760502,0,6,0,0,0
3100,math_recurrent,0,,,,,,,,,,,,,,,,,,,,,,,,,,,,,,,,,,0.18133653700351715,0.0,0.0,5.840904712677002,0.9018000364303589,0.2397455871105194,0,0.45163871638979863,0.08072833750494672,0.030293961075533716,0.255302146485164,0,6,0,0,0
3120,math_recurrent,0,,,,,,,,,,,,,,,,,,,,,,,,,,,,,,,,,,0.1603042632341385,0.0,0.0,5.840904712677002,0.8722000122070312,0.21871331334114075,0,0.453268343072273,0.06805128282368449,0.031163705946759334,0.23289183234529837,0,6,0,0,0
3140,math_recurrent,0,,,,,,,,,,,,,,,,,,,,,,,,,,,,,,,,,,0.13171115517616272,0.0,0.0,5.840904712677002,0.9068000316619873,0.19012020528316498,0,0.454500186737082,0.11633234978944529,0.030072255295124795,0.14212544126702206,0,6,0,0,0
3160,math_recurrent,0,,,,,,,,,,,,,,,,,,,,,,,,,,,,,,,,,,0.16690506041049957,0.0,0.0,5.840904712677002,0.8489999771118164,0.22531411051750183,0,0.45787078653459534,0.03004244962773685,0.033266554059579026,0.21738660600450305,0,6,0,0,0
3180,math_recurrent,0,,,,,,,,,,,,,,,,,,,,,,,,,,,,,,,,,,0.17744144797325134,0.0,0.0,5.840904712677002,0.9018000364303589,0.2358504980802536,0,0.4737551419931521,0.13659525161658945,0.031585380733604465,0.25894471778283046,0,6,0,0,0
3200,math_recurrent,0,,,,,,,,,,,,,,,,,,,,,,,,,,,,,,,,,,0.1562577784061432,0.0,0.0,5.840904712677002,0.8722000122070312,0.21466682851314545,0,0.5115593265769943,0.05380634847720752,0.0315069113296294,0.23210833986836765,0,6,0,0,0
3220,math_recurrent,0,,,,,,,,,,,,,,,,,,,,,,,,,,,,,,,,,,0.12824855744838715,0.0,0.0,5.840904712677002,0.9068000316619873,0.1866576075553894,0,0.5151921740337659,0.11764081783517863,0.025144348330500107,0.13768790487850469,0,6,0,0,0
3240,math_recurrent,0,,,,,,,,,,,,,,,,,,,,,,,,,,,,,,,,,,0.1577783226966858,0.0,0.0,5.840904712677002,0.8489999771118164,0.21618737280368805,0,0.5115987498499339,0.01569243268542258,0.04011346328013118,0.19568523168563842,0,6,0,0,0
3250,,,,-0.057982528060940286,1.0555473667627562,2.8735476079593365,,32,8415,0.03618109062108865,1.4622660989539875,4.315728323075666,,32,14382,0.751068115234375,0.5375912984212239,1.2749836688060214,3.578642966111891,,-0.21462301656502436,0.5454863389796488,1.725447330647501,,32,6174,,0.06469059459782134,2.036634870527693,7.664772799000351,,32,3861,0,0.0,,,,,,,,,,,,,,,,
3260,math_recurrent,0,,,,,,,,,,,,,,,,,,,,,,,,,,,,,,,,,,0.17036738991737366,0.0,0.0,5.840904712677002,0.9018000364303589,0.22877644002437592,0,0.5057529276959355,0.046103660437178666,0.0327877080326693,0.2519827852823905,0,6,0,0,0
3280,math_recurrent,0,,,,,,,,,,,,,,,,,,,,,,,,,,,,,,,,,,0.1521577686071396,0.0,0.0,5.840904712677002,0.8722000122070312,0.21056681871414185,0,0.5087648892892587,0.04363395078897676,0.03505568579282789,0.22899942033820683,0,6,0,0,0
3300,math_recurrent,0,,,,,,,,,,,,,,,,,,,,,,,,,,,,,,,,,,0.12437814474105835,0.0,0.0,5.840904712677002,0.9068000316619873,0.1827871948480606,0,0.5045134555015756,0.10609644811068263,0.02901953586436335,0.135372522946388,0,6,0,0,0
3320,math_recurrent,0,,,,,,,,,,,,,,,,,,,,,,,,,,,,,,,,,,0.15626883506774902,0.0,0.0,5.840904712677002,0.8489999771118164,0.21467788517475128,0,0.49797215710690695,0.05346884746021325,0.03342465663417464,0.20213126315483973,0,6,0,0,0
3340,math_recurrent,0,,,,,,,,,,,,,,,,,,,,,,,,,,,,,,,,,,0.16521859169006348,0.0,0.0,5.840904712677002,0.9018000364303589,0.22362764179706573,0,0.49224938746915164,0.07288404589469012,0.02987576851636053,0.2498582364725215,0,6,0,0,0
3360,math_recurrent,0,,,,,,,,,,,,,,,,,,,,,,,,,,,,,,,,,,0.15157470107078552,0.0,0.0,5.840904712677002,0.8722000122070312,0.20998375117778778,0,0.498367327533328,0.07433763122077965,0.034221206867091715,0.22648280439750543,0,6,0,0,0
3380,math_recurrent,0,,,,,,,,,,,,,,,,,,,,,,,,,,,,,,,,,,0.11998246610164642,0.0,0.0,5.840904712677002,0.9068000316619873,0.17839151620864868,0,0.49527744499970255,0.11458603808049313,0.030394239487895183,0.12917041986116343,0,6,0,0,0
3400,math_recurrent,0,,,,,,,,,,,,,,,,,,,,,,,,,,,,,,,,,,0.1500820517539978,0.0,0.0,5.840904712677002,0.8489999771118164,0.20849110186100006,0,0.48816132662277945,0.06921823126737893,0.029487403079364743,0.18976465931960515,0,6,0,0,0
3420,math_recurrent,0,,,,,,,,,,,,,,,,,,,,,,,,,,,,,,,,,,0.16160458326339722,0.0,0.0,5.840904712677002,0.9018000364303589,0.22001363337039948,0,0.48685491863954583,0.11800048132759652,0.02654142909875465,0.2464797685721091,0,6,0,0,0
3440,math_recurrent,0,,,,,,,,,,,,,,,,,,,,,,,,,,,,,,,,,,0.14925234019756317,0.0,0.0,5.840904712677002,0.8722000122070312,0.20766139030456543,0,0.48453951035196774,0.02302935584365124,0.045326031964745314,0.23566853157466366,0,6,0,0,0
3460,math_recurrent,0,,,,,,,,,,,,,,,,,,,,,,,,,,,,,,,,,,0.11798395216464996,0.0,0.0,5.840904712677002,0.9068000316619873,0.17639300227165222,0,0.4826812554988393,0.14091957357179904,0.03117687143459325,0.12776901996324933,0,6,0,0,0
3480,math_recurrent,0,,,,,,,,,,,,,,,,,,,,,,,,,,,,,,,,,,0.14837324619293213,0.0,0.0,5.840904712677002,0.8489999771118164,0.2067822962999344,0,0.4772151727804972,0.07543822170555359,0.028922116165862433,0.19538514894388972,0,6,0,0,0
3500,math_recurrent,0,,,,,,,,,,,,,,,,,,,,,,,,,,,,,,,,,,0.15582160651683807,0.0,0.0,5.840904712677002,0.9018000364303589,0.21423065662384033,0,0.47817261318955395,0.06803425237220447,0.029193111257775434,0.236739265670379,0,6,0,0,0
3500,,,,-0.05653058039030001,1.0569993144333965,2.877722879119296,,32,8415,0.03911051500193374,1.4651955233348326,4.328389458711776,,32,14382,0.751068115234375,0.5375912984212239,1.2760143615429083,3.582333348923654,,-0.21748997348776744,0.5426193820569057,1.7205076318134207,,32,6174,,0.06729895041662637,2.039243226346498,7.684791350132891,,32,3861,0,0.0,,,,,,,,,,,,,,,,
3520,math_recurrent,0,,,,,,,,,,,,,,,,,,,,,,,,,,,,,,,,,,0.14509983360767365,0.0,0.0,5.840904712677002,0.8722000122070312,0.2035088837146759,0,0.4768909284732395,0.07679612429222159,0.03305331896768794,0.2331409507268478,0,6,0,0,0
3540,math_recurrent,0,,,,,,,,,,,,,,,,,,,,,,,,,,,,,,,,,,0.11365775763988495,0.0,0.0,5.840904712677002,0.9068000316619873,0.1720668077468872,0,0.4761015838382123,0.11158944872607078,0.026846350011016644,0.12310257046113884,0,6,0,0,0
3560,math_recurrent,0,,,,,,,,,,,,,,,,,,,,,,,,,,,,,,,,,,0.14425431191921234,0.0,0.0,5.840904712677002,0.8489999771118164,0.2026633620262146,0,0.4714122333438039,0.0046908937989168665,0.03550801185432762,0.19526832031588706,0,6,0,0,0
3580,math_recurrent,0,,,,,,,,,,,,,,,,,,,,,,,,,,,,,,,,,,0.15566766262054443,0.0,0.0,5.840904712677002,0.9018000364303589,0.2140767127275467,0,0.4729572899627457,0.19501126767136157,0.02866387375822616,0.26285134772696195,0,6,0,0,0
3600,math_recurrent,0,,,,,,,,,,,,,,,,,,,,,,,,,,,,,,,,,,0.14357209205627441,0.0,0.0,5.840904712677002,0.8722000122070312,0.20198114216327667,0,0.47521013646951415,0.0665063754464167,0.03513295385055244,0.22660124339163304,0,6,0,0,0
3620,math_recurrent,0,,,,,,,,,,,,,,,,,,,,,,,,,,,,,,,,,,0.11278796941041946,0.0,0.0,5.840904712677002,0.9068000316619873,0.17119701206684113,0,0.47359326344086533,0.08478729256603401,0.03168753220492767,0.12438100662141564,0,6,0,0,0
3640,math_recurrent,0,,,,,,,,,,,,,,,,,,,,,,,,,,,,,,,,,,0.14386224746704102,0.0,0.0,5.840904712677002,0.8489999771118164,0.20227129757404327,0,0.46876935548399346,0.049772049649618566,0.031173938873504836,0.20098057212455878,0,6,0,0,0
3649,,,0.078125,-0.05384976618784343,1.059680128635853,2.885447869489849,0.018716185870655044,32,8415,0.040941043451123704,1.4670260517840226,4.336319955040213,0.03380741633421991,32,14382,0.751068115234375,0.5375912984212239,1.278147705574161,3.5899838560718638,0.046875,-0.21717996353233437,0.5429293920123388,1.721041088991927,,32,6174,0.015625,0.07101097393455813,2.0429552498644297,7.713370486752341,,32,3861,0,0.0,,,,,,,,,,,,,,,,
3660,medical_recurrent,0,,,,,,,,,,,,,,,,,,,,,,,,,,,,,,,,,,1.1617846488952637,0.0,0.0,5.840904712677002,0.6237499713897705,1.2201937437057495,0,0.09213560990670924,0.37726704011272105,0.167407453574595,2.7285263002391846,0,6,0,0,0
3680,medical_recurrent,0,,,,,,,,,,,,,,,,,,,,,,,,,,,,,,,,,,1.079759955406189,0.0,0.0,5.840904712677002,0.5874999761581421,1.1381690502166748,0,0.1312048314024242,0.19553419106107736,0.15304518161075456,1.4633323442841333,0,6,0,0,0
3700,medical_recurrent,0,,,,,,,,,,,,,,,,,,,,,,,,,,,,,,,,,,1.0800377130508423,0.0,0.0,5.840904712677002,0.624750018119812,1.1384468078613281,0,0.1893049912133733,0.32998362911998164,0.13819807958863084,1.3755472690340071,0,6,0,0,0
3720,medical_recurrent,0,,,,,,,,,,,,,,,,,,,,,,,,,,,,,,,,,,0.979059636592865,0.0,0.0,5.840904712677002,0.6500500440597534,1.037468671798706,0,0.24856710518491104,0.1928986744190167,0.11417674501500433,1.2269835898327448,0,6,0,0,0
3740,medical_recurrent,0,,,,,,,,,,,,,,,,,,,,,,,,,,,,,,,,,,0.5301591157913208,0.0,0.0,5.840904712677002,0.6237499713897705,0.5885681509971619,0,0.198870401369305,0.12625515436021878,0.09372761821344731,0.7845812996701589,0,6,0,0,0
3750,,,,-0.05347384329856464,1.0600560515251318,2.88653277929825,,32,8415,0.05969033727326245,1.4857753456061613,4.41838986420786,,32,14382,0.751068115234375,0.5375912984212239,1.178437060549074,3.24929178584955,,-0.21051058755324115,0.549598767991432,1.7325577207747322,,32,6174,,-0.3536261988563012,1.6183180770735703,5.044598551360248,,32,3861,0,0.0,,,,,,,,,,,,,,,,
3760,medical_recurrent,0,,,,,,,,,,,,,,,,,,,,,,,,,,,,,,,,,,0.6429178714752197,0.0,0.0,5.840904712677002,0.5874999761581421,0.7013269066810608,0,0.20929869963689077,0.1338605096264343,0.06477753098994966,0.7150822760566833,0,6,0,0,0
3780,medical_recurrent,0,,,,,,,,,,,,,,,,,,,,,,,,,,,,,,,,,,0.6180140972137451,0.0,0.0,5.840904712677002,0.624750018119812,0.6764231324195862,0,0.3217480042132485,0.16702640167204663,0.05281099881237698,0.6150139409753066,0,6,0,0,0
3800,medical_recurrent,0,,,,,,,,,,,,,,,,,,,,,,,,,,,,,,,,,,0.5448144674301147,0.0,0.0,5.840904712677002,0.6500500440597534,0.6032235026359558,0,0.3412562949860627,0.1253576794489553,0.055272240913103496,0.5652347117898956,0,6,0,0,0
3820,medical_recurrent,0,,,,,,,,,,,,,,,,,,,,,,,,,,,,,,,,,,0.3736265301704407,0.0,0.0,5.840904712677002,0.6237499713897705,0.43203556537628174,0,0.26733995573351066,0.18459123250587645,0.05286888642207025,0.5399735498522955,0,6,0,0,0
3840,medical_recurrent,0,,,,,,,,,,,,,,,,,,,,,,,,,,,,,,,,,,0.4955790042877197,0.0,0.0,5.840904712677002,0.5874999761581421,0.5539880394935608,0,0.2778295926279296,0.14351214257268502,0.054284193451028494,0.5126697564881945,0,6,0,0,0
3860,medical_recurrent,0,,,,,,,,,,,,,,,,,,,,,,,,,,,,,,,,,,0.45549649000167847,0.0,0.0,5.840904712677002,0.624750018119812,0.5139055252075195,0,0.3792483471711877,0.20966852333263628,0.044452993317492424,0.4052833884717926,0,6,0,0,0
3880,medical_recurrent,0,,,,,,,,,,,,,,,,,,,,,,,,,,,,,,,,,,0.4041699767112732,0.0,0.0,5.840904712677002,0.6500500440597534,0.46257901191711426,0,0.4026493800447236,0.1581731516344007,0.046813299341334234,0.4561600064119649,0,6,0,0,0
3900,medical_recurrent,0,,,,,,,,,,,,,,,,,,,,,,,,,,,,,,,,,,0.3082374334335327,0.0,0.0,5.840904712677002,0.6237499713897705,0.3666464686393738,0,0.31850659199216474,0.20664329999791725,0.04542739641379624,0.3753660469064637,0,6,0,0,0
3920,medical_recurrent,0,,,,,,,,,,,,,,,,,,,,,,,,,,,,,,,,,,0.44472789764404297,0.0,0.0,5.840904712677002,0.5874999761581421,0.503136932849884,0,0.32367687356925307,0.15132458677232666,0.057255647699570374,0.5423750338928094,0,6,0,0,0
3940,medical_recurrent,0,,,,,,,,,,,,,,,,,,,,,,,,,,,,,,,,,,0.3831910192966461,0.0,0.0,5.840904712677002,0.624750018119812,0.4416000545024872,0,0.4147197517827516,0.2154913200772301,0.040142957436009534,0.35021951148907343,0,6,0,0,0
3960,medical_recurrent,0,,,,,,,,,,,,,,,,,,,,,,,,,,,,,,,,,,0.33323174715042114,0.0,0.0,5.840904712677002,0.6500500440597534,0.3916407823562622,0,0.42944751183725816,0.19759108764784677,0.03642282923387866,0.37714619622344064,0,6,0,0,0
3980,medical_recurrent,0,,,,,,,,,,,,,,,,,,,,,,,,,,,,,,,,,,0.275336354970932,0.0,0.0,5.840904712677002,0.6237499713897705,0.33374539017677307,0,0.3731185857166711,0.19204063035015548,0.035774143527276696,0.3911872582657943,0,6,0,0,0
4000,medical_recurrent,0,,,,,,,,,,,,,,,,,,,,,,,,,,,,,,,,,,0.379729300737381,0.0,0.0,5.840904712677002,0.5874999761581421,0.43813833594322205,0,0.3565637202952897,0.1694549460579375,0.04218418795378908,0.39794452126537055,0,6,0,0,0
4000,,,,-0.05085423832767,1.0626756564960265,2.894104267740092,,32,8415,0.07045713914582885,1.4965421474787277,4.466218812835582,,32,14382,0.751068115234375,0.5375912984212239,1.1634033378623425,3.2008081918225777,,-0.20876247997920327,0.5513468755654699,1.7355890668364289,,32,6174,,-0.4288956040207259,1.5430486719091456,4.678832775645601,,32,3861,0,0.0,,,,,,,,,,,,,,,,
4020,medical_recurrent,0,,,,,,,,,,,,,,,,,,,,,,,,,,,,,,,,,,0.3347077965736389,0.0,0.0,5.840904712677002,0.624750018119812,0.39311683177948,0,0.43785823766979975,0.22708609879815153,0.028507488113014946,0.33541184674416274,0,6,0,0,0
4040,medical_recurrent,0,,,,,,,,,,,,,,,,,,,,,,,,,,,,,,,,,,0.28303414583206177,0.0,0.0,5.840904712677002,0.6500500440597534,0.34144318103790283,0,0.447524669236142,0.19366366836558363,0.03716700596380092,0.3723391164035078,0,6,0,0,0
4060,medical_recurrent,0,,,,,,,,,,,,,,,,,,,,,,,,,,,,,,,,,,0.2463250756263733,0.0,0.0,5.840904712677002,0.6237499713897705,0.30473411083221436,0,0.39596898468202496,0.21365984574367758,0.033993744544891846,0.25429260027668776,0,6,0,0,0
4080,medical_recurrent,0,,,,,,,,,,,,,,,,,,,,,,,,,,,,,,,,,,0.34080037474632263,0.0,0.0,5.840904712677002,0.5874999761581421,0.3992094099521637,0,0.3821927617948753,0.1779877362402788,0.04171059889245837,0.3257570407161164,0,6,0,0,0
4100,medical_recurrent,0,,,,,,,,,,,,,,,,,,,,,,,,,,,,,,,,,,0.2992231845855713,0.0,0.0,5.840904712677002,0.624750018119812,0.35763221979141235,0,0.45185345094819435,0.2542840632876115,0.03840406157578977,0.27502879840395755,0,6,0,0,0
4120,medical_recurrent,0,,,,,,,,,,,,,,,,,,,,,,,,,,,,,,,,,,0.2508535087108612,0.0,0.0,5.840904712677002,0.6500500440597534,0.30926254391670227,0,0.45945335754612765,0.20425243848668678,0.03395065120938751,0.25814171702497535,0,6,0,0,0
4140,medical_recurrent,0,,,,,,,,,,,,,,,,,,,,,,,,,,,,,,,,,,0.2278902381658554,0.0,0.0,5.840904712677002,0.6237499713897705,0.28629928827285767,0,0.41648263563468735,0.2282830627102937,0.022325235274842096,0.23976532067098313,0,6,0,0,0
4160,medical_recurrent,0,,,,,,,,,,,,,,,,,,,,,,,,,,,,,,,,,,0.3180150091648102,0.0,0.0,5.840904712677002,0.5874999761581421,0.37642404437065125,0,0.4066569465344076,0.24746570400228457,0.024121914243709946,0.3081889840227271,0,6,0,0,0
4180,medical_recurrent,0,,,,,,,,,,,,,,,,,,,,,,,,,,,,,,,,,,0.2682383954524994,0.0,0.0,5.840904712677002,0.624750018119812,0.32664743065834045,0,0.4642180099562169,0.23951422218565963,0.032526156894626124,0.24604410154242365,0,6,0,0,0
4200,medical_recurrent,0,,,,,,,,,,,,,,,,,,,,,,,,,,,,,,,,,,0.21661733090877533,0.0,0.0,5.840904712677002,0.6500500440597534,0.2750263810157776,0,0.4678645122494244,0.23689543673702115,0.03142721253402886,0.20176047348077336,0,6,0,0,0
4220,medical_recurrent,0,,,,,,,,,,,,,,,,,,,,,,,,,,,,,,,,,,0.21306078135967255,0.0,0.0,5.840904712677002,0.6237499713897705,0.2714698314666748,0,0.4327481927842131,0.25767360657586585,0.024519257458104265,0.22301187792585955,0,6,0,0,0
4240,medical_recurrent,0,,,,,,,,,,,,,,,,,,,,,,,,,,,,,,,,,,0.30046704411506653,0.0,0.0,5.840904712677002,0.5874999761581421,0.3588760793209076,0,0.4201213179989175,0.15757336361899174,0.04221078169694732,0.3158635604949224,0,6,0,0,0
4250,,,,-0.04756175611816693,1.0659681387055295,2.903648758464824,,32,8415,0.0765829774604323,1.5026679857933312,4.493662117966182,,32,14382,0.751068115234375,0.5375912984212239,1.1596064313209333,3.1886780653124243,,-0.2061460672322314,0.5539632883124418,1.740136029966655,,32,6174,,-0.4561179634574408,1.5158263124724307,4.553181923847846,,32,3861,0,0.0,,,,,,,,,,,,,,,,
4260,medical_recurrent,0,,,,,,,,,,,,,,,,,,,,,,,,,,,,,,,,,,0.25040796399116516,0.0,0.0,5.840904712677002,0.624750018119812,0.3088169991970062,0,0.4671515130157503,0.26777585891873706,0.03131357953913273,0.22922647150736006,0,6,0,0,0
4280,medical_recurrent,0,,,,,,,,,,,,,,,,,,,,,,,,,,,,,,,,,,0.2017345279455185,0.0,0.0,5.840904712677002,0.6500500440597534,0.26014357805252075,0,0.4709227694269694,0.23098891885352454,0.04060382157386768,0.1839409310281986,0,6,0,0,0
4300,medical_recurrent,0,,,,,,,,,,,,,,,,,,,,,,,,,,,,,,,,,,0.19982634484767914,0.0,0.0,5.840904712677002,0.6237499713897705,0.2582353949546814,0,0.4417725882998626,0.22209071190029914,0.03908653986965498,0.21111868517029855,0,6,0,0,0
4320,medical_recurrent,0,,,,,,,,,,,,,,,,,,,,,,,,,,,,,,,,,,0.27948734164237976,0.0,0.0,5.840904712677002,0.5874999761581421,0.3378963768482208,0,0.447468552549756,0.22944053119447613,0.03383632571037327,0.2931155175739337,0,6,0,0,0
4340,medical_recurrent,0,,,,,,,,,,,,,,,,,,,,,,,,,,,,,,,,,,0.23147262632846832,0.0,0.0,5.840904712677002,0.624750018119812,0.2898816764354706,0,0.4749855985078234,0.25752482957406236,0.03635359737016852,0.21394081135827397,0,6,0,0,0
4360,medical_recurrent,0,,,,,,,,,,,,,,,,,,,,,,,,,,,,,,,,,,0.1947733759880066,0.0,0.0,5.840904712677002,0.6500500440597534,0.25318241119384766,0,0.4737532680833641,0.21295612806508352,0.05845115790143609,0.1954074856219074,0,6,0,0,0
4380,medical_recurrent,0,,,,,,,,,,,,,,,,,,,,,,,,,,,,,,,,,,0.1925543248653412,0.0,0.0,5.840904712677002,0.6237499713897705,0.25096336007118225,0,0.45171399933337886,0.21426913173802728,0.033774353446261514,0.208089113992358,0,6,0,0,0
4400,medical_recurrent,0,,,,,,,,,,,,,,,,,,,,,,,,,,,,,,,,,,0.2741457223892212,0.0,0.0,5.840904712677002,0.5874999761581421,0.33255475759506226,0,0.45459810923170085,0.18912816362301652,0.03847018267131514,0.3195828264549611,0,6,0,0,0
4420,medical_recurrent,0,,,,,,,,,,,,,,,,,,,,,,,,,,,,,,,,,,0.2270313799381256,0.0,0.0,5.840904712677002,0.624750018119812,0.2854404151439667,0,0.4774821640121702,0.25589739253544913,0.03298150477265673,0.23240341955707186,0,6,0,0,0
4440,medical_recurrent,0,,,,,,,,,,,,,,,,,,,,,,,,,,,,,,,,,,0.1806761771440506,0.0,0.0,5.840904712677002,0.6500500440597534,0.23908522725105286,0,0.47700773364000154,0.2794269919395447,0.02741423543572189,0.16987471834771214,0,6,0,0,0
4460,medical_recurrent,0,,,,,,,,,,,,,,,,,,,,,,,,,,,,,,,,,,0.1847955584526062,0.0,0.0,5.840904712677002,0.6237499713897705,0.24320460855960846,0,0.4577493216920906,0.2054944277874061,0.034518722641385266,0.21212187851113934,0,6,0,0,0
4480,medical_recurrent,0,,,,,,,,,,,,,,,,,,,,,,,,,,,,,,,,,,0.24957416951656342,0.0,0.0,5.840904712677002,0.5874999761581421,0.3079832196235657,0,0.4610194498535919,0.20496873872304736,0.02785455391165756,0.27826946488921606,0,6,0,0,0
4500,medical_recurrent,0,,,,,,,,,,,,,,,,,,,,,,,,,,,,,,,,,,0.2062908411026001,0.0,0.0,5.840904712677002,0.624750018119812,0.26469987630844116,0,0.47839963668172153,0.24161938894082727,0.04120230961531874,0.19784000100242713,0,6,0,0,0
4500,,,,-0.04590714851873501,1.0676227463049615,2.908457134657554,,32,8415,0.08474121603012863,1.5108262243630275,4.530472435085912,,32,14382,0.751068115234375,0.5375912984212239,1.1581252707224299,3.1839586169940275,,-0.20493883850275596,0.5551705170419172,1.7422380407238245,,32,6174,,-0.47306268075005864,1.498881595179813,4.476679529548675,,32,3861,0,0.0,,,,,,,,,,,,,,,,
4520,medical_recurrent,0,,,,,,,,,,,,,,,,,,,,,,,,,,,,,,,,,,0.16730760037899017,0.0,0.0,5.840904712677002,0.6500500440597534,0.22571665048599243,0,0.48031275295001435,0.23571301038776124,0.028161421231186343,0.1529506910237528,0,6,0,0,0
4540,medical_recurrent,0,,,,,,,,,,,,,,,,,,,,,,,,,,,,,,,,,,0.17740073800086975,0.0,0.0,5.840904712677002,0.6237499713897705,0.235809788107872,0,0.4633547918466138,0.1740501599165977,0.042474195532619004,0.1955892030031435,0,6,0,0,0
4560,medical_recurrent,0,,,,,,,,,,,,,,,,,,,,,,,,,,,,,,,,,,0.23611490428447723,0.0,0.0,5.840904712677002,0.5874999761581421,0.2945239543914795,0,0.4639612011960605,0.18108898696456371,0.047017257515754966,0.27667481053088394,0,6,0,0,0
4580,medical_recurrent,0,,,,,,,,,,,,,,,,,,,,,,,,,,,,,,,,,,0.19550441205501556,0.0,0.0,5.840904712677002,0.624750018119812,0.2539134621620178,0,0.47668173976673733,0.21244701631699822,0.034580635651946065,0.21687494168087604,0,6,0,0,0
4600,medical_recurrent,0,,,,,,,,,,,,,,,,,,,,,,,,,,,,,,,,,,0.16367493569850922,0.0,0.0,5.840904712677002,0.6500500440597534,0.22208398580551147,0,0.47951219845554266,0.24115033529233187,0.03617520545357986,0.15610352900647925,0,6,0,0,0
4620,medical_recurrent,0,,,,,,,,,,,,,,,,,,,,,,,,,,,,,,,,,,0.16807496547698975,0.0,0.0,5.840904712677002,0.6237499713897705,0.226484015583992,0,0.4666017841605859,0.16808323020813987,0.03335908026552744,0.1896382959352599,0,6,0,0,0
4640,medical_recurrent,0,,,,,,,,,,,,,,,,,,,,,,,,,,,,,,,,,,0.22481831908226013,0.0,0.0,5.840904712677002,0.5874999761581421,0.2832273542881012,0,0.46646440427425956,0.23196731896937958,0.032193821752887396,0.2848252537704649,0,6,0,0,0
4660,medical_recurrent,0,,,,,,,,,,,,,,,,,,,,,,,,,,,,,,,,,,0.18807315826416016,0.0,0.0,5.840904712677002,0.624750018119812,0.24648220837116241,0,0.5179116775548428,0.23528784775823755,0.030967765399772258,0.19375077515604006,0,6,0,0,0
4680,medical_recurrent,0,,,,,,,,,,,,,,,,,,,,,,,,,,,,,,,,,,0.158582866191864,0.0,0.0,5.840904712677002,0.6500500440597534,0.21699191629886627,0,0.5447611453103168,0.23249598768805818,0.036560067202570656,0.15483077448452748,0,6,0,0,0
4700,medical_recurrent,0,,,,,,,,,,,,,,,,,,,,,,,,,,,,,,,,,,0.16490580141544342,0.0,0.0,5.840904712677002,0.6237499713897705,0.22331485152244568,0,0.5335151069262548,0.21725366383491615,0.03471745210995395,0.18702666479798538,0,6,0,0,0
4720,medical_recurrent,0,,,,,,,,,,,,,,,,,,,,,,,,,,,,,,,,,,0.21855661273002625,0.0,0.0,5.840904712677002,0.5874999761581421,0.2769656479358673,0,0.5434470515547337,0.21416784669937833,0.042787206206943776,0.27199165742430426,0,6,0,0,0
4740,medical_recurrent,0,,,,,,,,,,,,,,,,,,,,,,,,,,,,,,,,,,0.17352484166622162,0.0,0.0,5.840904712677002,0.624750018119812,0.23193389177322388,0,0.5546023056251299,0.2615705635648088,0.03139655449693756,0.17624580056539602,0,6,0,0,0
4750,,,,-0.042857247509562546,1.070672647314134,2.917341181853396,,32,8415,0.0888096407944825,1.5148946491273814,4.548941866605708,,32,14382,0.751068115234375,0.5375912984212239,1.1591099305746317,3.187095277233527,,-0.2036348002452003,0.5564745552994729,1.7445114677784583,,32,6174,,-0.47754640537233306,1.4943978705575385,4.456652263241514,,32,3861,0,0.0,,,,,,,,,,,,,,,,
4760,medical_recurrent,0,,,,,,,,,,,,,,,,,,,,,,,,,,,,,,,,,,0.15850497782230377,0.0,0.0,5.840904712677002,0.6500500440597534,0.21691402792930603,0,0.555177760139603,0.2577616952975014,0.03124832838537201,0.17889387521537997,0,6,0,0,0
4780,medical_recurrent,0,,,,,,,,,,,,,,,,,,,,,,,,,,,,,,,,,,0.15932407975196838,0.0,0.0,5.840904712677002,0.6237499713897705,0.21773312985897064,0,0.5310336648243477,0.1893369795538352,0.0210427335104979,0.18271408536367947,0,6,0,0,0
4800,medical_recurrent,0,,,,,,,,,,,,,,,,,,,,,,,,,,,,,,,,,,0.20550161600112915,0.0,0.0,5.840904712677002,0.5874999761581421,0.2639106512069702,0,0.536763969565602,0.23872947383538953,0.03171135016850063,0.26186052929787407,0,6,0,0,0
4820,medical_recurrent,0,,,,,,,,,,,,,,,,,,,,,,,,,,,,,,,,,,0.16215664148330688,0.0,0.0,5.840904712677002,0.624750018119812,0.22056569159030914,0,0.5423731833280433,0.259043321973877,0.02761487001848836,0.17223624323923437,0,6,0,0,0
4840,medical_recurrent,0,,,,,,,,,,,,,,,,,,,,,,,,,,,,,,,,,,0.14617833495140076,0.0,0.0,5.840904712677002,0.6500500440597534,0.20458738505840302,0,0.5423121579449689,0.26669446455447804,0.03055920161321641,0.14594734844175122,0,6,0,0,0
4860,medical_recurrent,0,,,,,,,,,,,,,,,,,,,,,,,,,,,,,,,,,,0.15621641278266907,0.0,0.0,5.840904712677002,0.6237499713897705,0.21462546288967133,0,0.5201915334835799,0.21001824946142733,0.04202458139080258,0.18210766975960088,0,6,0,0,0
4880,medical_recurrent,0,,,,,,,,,,,,,,,,,,,,,,,,,,,,,,,,,,0.2016475647687912,0.0,0.0,5.840904712677002,0.5874999761581421,0.26005661487579346,0,0.5179144438096894,0.1982881432985388,0.03157508332903187,0.2780881540879371,0,6,0,0,0
4900,medical_recurrent,0,,,,,,,,,,,,,,,,,,,,,,,,,,,,,,,,,,0.15582461655139923,0.0,0.0,5.840904712677002,0.624750018119812,0.2142336666584015,0,0.5229497619453328,0.2170260079853636,0.03778241625913079,0.16784668496795116,0,6,0,0,0
4920,medical_recurrent,0,,,,,,,,,,,,,,,,,,,,,,,,,,,,,,,,,,0.13935531675815582,0.0,0.0,5.840904712677002,0.6500500440597534,0.19776436686515808,0,0.525025075394895,0.23357538394131033,0.03285191182032346,0.13504795917265472,0,6,0,0,0
4940,medical_recurrent,0,,,,,,,,,,,,,,,,,,,,,,,,,,,,,,,,,,0.1525711715221405,0.0,0.0,5.840904712677002,0.6237499713897705,0.21098022162914276,0,0.5014583933289652,0.19678775567029202,0.030491208656883196,0.18135445169986242,0,6,0,0,0
4949,,,0.046875,-0.042263233640402076,1.0712666611832944,2.9190746377739476,0.030302718418096397,32,8415,0.0928236677954648,1.5189086761283637,4.567238138382209,0.08569004067856101,32,14382,0.751068115234375,0.5375912984212239,1.1580635273356792,3.1837620346746314,0.0625,-0.2025193071380803,0.5575900484065929,1.746458544069248,0.014660656394254068,32,6174,0.015625,-0.4874555523054058,1.4844887236244657,4.412708722209669,,32,3861,0,0.0,,,,,,,,,,,,,,,,
4950,,,,-0.04208992716108684,1.0714399676626096,2.919580576162213,,32,8415,0.0930261422291101,1.519111150562009,4.5681629809629305,,32,14382,0.751068115234375,0.5375912984212239,1.1580815184802522,3.1838193147129488,,-0.20280168370826746,0.5573076718364057,1.745965454717316,,32,6174,,-0.48747699206988737,1.4844672838599842,4.412614115788113,,32,3861,0,0.0,,,,,,,,,,,,,,,,
4960,code_revisit,0,,,,,,,,,,,,,,,,,,,,,,,,,,,,,,,,,,0.3156448006629944,0.0,0.0,5.840904712677002,0.853950023651123,0.37405383586883545,0,0.3551099512614022,0.3596235091931054,0.09314933848966445,1.3811968996529542,0,6,0,0,0
4980,code_revisit,0,,,,,,,,,,,,,,,,,,,,,,,,,,,,,,,,,,0.34237316250801086,0.0,0.0,5.840904712677002,0.8731499910354614,0.40078219771385193,0,0.3960584030460099,0.15411196136847138,0.08269888819564904,1.5645588057026976,0,6,0,0,0
5000,code_revisit,0,,,,,,,,,,,,,,,,,,,,,,,,,,,,,,,,,,0.2391033172607422,0.0,0.0,5.840904712677002,0.8532500267028809,0.29751235246658325,0,0.39135974455061395,0.07983642366265745,0.08019902308338454,2.564277846685478,0,6,0,0,0
5000,,,,-0.057868269378063664,1.0556616254456328,2.873875954482069,,32,8415,0.08368737288798478,1.5097723812208836,4.525700542634225,,32,14382,0.751068115234375,0.5375912984212239,1.153092778218708,3.167975620010173,,-0.201994473006604,0.5581148825380692,1.747375385696228,,32,6174,,-0.48312205225962535,1.4888222236702462,4.431872689194927,,32,3861,0,0.0,,,,,,,,,,,,,,,,
5020,code_revisit,0,,,,,,,,,,,,,,,,,,,,,,,,,,,,,,,,,,0.2678402364253998,0.0,0.0,5.840904712677002,0.8864499926567078,0.32624927163124084,0,0.38229651696914535,0.15991001044416667,0.06559629434616202,1.1831050310224767,0,6,0,0,0
5040,code_revisit,0,,,,,,,,,,,,,,,,,,,,,,,,,,,,,,,,,,0.21541862189769745,0.0,0.0,5.840904712677002,0.853950023651123,0.2738276720046997,0,0.39398330635309753,0.047652726674901454,0.07003554352337406,1.0778750788361307,0,6,0,0,0
5050,,,,-0.06528920872326194,1.0482406861004345,2.852628032618682,,32,8415,0.07938513704739414,1.505470145380293,4.506271735179494,,32,14382,0.751068115234375,0.5375912984212239,1.1507001004404493,3.160404736096844,,-0.2018187473150067,0.5582906082296665,1.7476824714249954,,32,6174,,-0.48114531387846804,1.4907989620514035,4.440642006507611,,32,3861,0,0.0,,,,,,,,,,,,,,,,
5060,code_revisit,0,,,,,,,,,,,,,,,,,,,,,,,,,,,,,,,,,,0.2686547040939331,0.0,0.0,5.840904712677002,0.8731499910354614,0.32706373929977417,0,0.3924194205001005,0.08834519271372951,0.06088412738597345,1.0188691111843264,0,6,0,0,0
5080,code_revisit,0,,,,,,,,,,,,,,,,,,,,,,,,,,,,,,,,,,0.17801858484745026,0.0,0.0,5.840904712677002,0.8532500267028809,0.23642763495445251,0,0.37941794186305955,0.11136516028117123,0.05214745871693133,0.7345289545045013,0,6,0,0,0
5100,code_revisit,0,,,,,,,,,,,,,,,,,,,,,,,,,,,,,,,,,,0.2196473330259323,0.0,0.0,5.840904712677002,0.8864499926567078,0.27805638313293457,0,0.3800759521824877,0.10376812863562788,0.06569567614249767,2.1638415314611934,0,6,0,0,0
5100,,,,-0.061567406022541515,1.051962488801155,2.8632647329064307,,32,8415,0.08186420328742083,1.5079492116203197,4.517456940009932,,32,14382,0.751068115234375,0.5375912984212239,1.1524576286704595,3.1659641205953566,,-0.2015180992469997,0.5585912562976735,1.7482079877772987,,32,6174,,-0.48061671796718164,1.49132755796269,4.442989932213032,,32,3861,0,0.0,,,,,,,,,,,,,,,,
5120,code_revisit,0,,,,,,,,,,,,,,,,,,,,,,,,,,,,,,,,,,0.2051166594028473,0.0,0.0,5.840904712677002,0.853950023651123,0.26352569460868835,0,0.3760720684358127,0.10736786893435887,0.06158548370521101,1.0250335259096963,0,6,0,0,0
5140,code_revisit,0,,,,,,,,,,,,,,,,,,,,,,,,,,,,,,,,,,0.2459297478199005,0.0,0.0,5.840904712677002,0.8731499910354614,0.3043387830257416,0,0.36421843798142006,0.02351505146569772,0.06466977043772146,0.9222815089164272,0,6,0,0,0
5150,,,,-0.06890083988436757,1.044629054939329,2.842343974615871,,32,8415,0.08159773148510285,1.5076827398180017,4.516253325489021,,32,14382,0.751068115234375,0.5375912984212239,1.1507698018032126,3.1606250282910775,,-0.20238960248813065,0.5577197530565425,1.7466850825545879,,32,6174,,-0.4788966165308939,1.4930476593989777,4.4506389021930195,,32,3861,0,0.0,,,,,,,,,,,,,,,,
5160,code_revisit,0,,,,,,,,,,,,,,,,,,,,,,,,,,,,,,,,,,0.1410459578037262,0.0,0.0,5.840904712677002,0.8532500267028809,0.19945500791072845,0,0.3893969684956863,0.12320872559212148,0.05281589588682566,0.4949150930764893,0,6,0,0,0
5180,code_revisit,0,,,,,,,,,,,,,,,,,,,,,,,,,,,,,,,,,,0.2025141716003418,0.0,0.0,5.840904712677002,0.8864499926567078,0.26092320680618286,0,0.4040318856108587,-0.008000578550438928,0.08354433845314714,1.1825139744118565,0,6,0,0,0
5200,code_revisit,0,,,,,,,,,,,,,,,,,,,,,,,,,,,,,,,,,,0.18060648441314697,0.0,0.0,5.840904712677002,0.853950023651123,0.23901553452014923,0,0.4202747574098842,0.11283199729846924,0.04782434524081292,0.7108230862411714,0,6,0,0,0
5200,,,,-0.06485256618923607,1.0486773286344604,2.853873883327389,,32,8415,0.08035513854394805,1.506440146876847,4.510644946174204,,32,14382,0.751068115234375,0.5375912984212239,1.1519574652513955,3.1643810170943985,,-0.2012221518943793,0.5588872036502939,1.7487254418689187,,32,6174,,-0.4781190940858908,1.4938251818439807,4.454100719479998,,32,3861,0,0.0,,,,,,,,,,,,,,,,
5220,code_revisit,0,,,,,,,,,,,,,,,,,,,,,,,,,,,,,,,,,,0.2184247225522995,0.0,0.0,5.840904712677002,0.8731499910354614,0.27683377265930176,0,0.46601117861949604,0.06211009773791635,0.04383345115190697,0.7954578283050704,0,6,0,0,0
5240,code_revisit,0,,,,,,,,,,,,,,,,,,,,,,,,,,,,,,,,,,0.12070312350988388,0.0,0.0,5.840904712677002,0.8532500267028809,0.17911216616630554,0,0.45983607281491423,0.021855399715215235,0.06815302224667182,0.49502702035482915,0,6,0,0,0
5250,,,,-0.06647102777545677,1.0470588670482397,2.8492587338038313,,32,8415,0.08082222597039701,1.5069072343032959,4.5127523038355575,,32,14382,0.751068115234375,0.5375912984212239,1.1514692572711813,3.1628365180784646,,-0.20198991069293226,0.5581194448517409,1.7473833577890254,,32,6174,,-0.47815279304842284,1.4937914828814487,4.453950623435793,,32,3861,0,0.0,,,,,,,,,,,,,,,,
5260,code_revisit,0,,,,,,,,,,,,,,,,,,,,,,,,,,,,,,,,,,0.22109195590019226,0.0,0.0,5.840904712677002,0.8864499926567078,0.2795009911060333,0,0.42679045377762004,0.02988508638892589,0.0582030909520293,1.7147314218715544,0,6,0,0,0
5280,code_revisit,0,,,,,,,,,,,,,,,,,,,,,,,,,,,,,,,,,,0.1680319905281067,0.0,0.0,5.840904712677002,0.853950023651123,0.22644104063510895,0,0.43047739666231905,0.10961681221150295,0.04619444161801348,0.4427674558131941,0,6,0,0,0
5300,code_revisit,0,,,,,,,,,,,,,,,,,,,,,,,,,,,,,,,,,,0.20214462280273438,0.0,0.0,5.840904712677002,0.8731499910354614,0.26055365800857544,0,0.4438783219091711,0.06839579226964686,0.050718171964029946,0.8410730173426961,0,6,0,0,0
5300,,,,-0.0625504890936015,1.050979405730095,2.8604512889706877,,32,8415,0.0815760538618151,1.507661062194714,4.516155424911889,,32,14382,0.751068115234375,0.5375912984212239,1.1531461246510422,3.1681446247150817,,-0.2008163111087068,0.5592930444359664,1.7494352900090926,,32,6174,,-0.4772932896864781,1.4946509862433934,4.457780454611185,,32,3861,0,0.0,,,,,,,,,,,,,,,,
5320,code_revisit,0,,,,,,,,,,,,,,,,,,,,,,,,,,,,,,,,,,0.10763723403215408,0.0,0.0,5.840904712677002,0.8532500267028809,0.16604627668857574,0,0.46380219492591157,0.04820353315777278,0.04753475159421445,0.5534717222380023,0,6,0,0,0
5340,code_revisit,0,,,,,,,,,,,,,,,,,,,,,,,,,,,,,,,,,,0.2079039365053177,0.0,0.0,5.840904712677002,0.8864499926567078,0.26631298661231995,0,0.4877744420374351,0.09548990687887583,0.056410155993043665,1.2561788751019374,0,6,0,0,0
5350,,,,-0.0700018227135788,1.0435280721101177,2.8392163247654327,,32,8415,0.08000373866856125,1.5060887470014601,4.5090601845610285,,32,14382,0.751068115234375,0.5375912984212239,1.1512218887598424,3.1620542286782505,,-0.2011990091504886,0.5589103463941846,1.7487659126422554,,32,6174,,-0.47558388639626425,1.4963603895336073,4.465407115850126,,32,3861,0,0.0,,,,,,,,,,,,,,,,
5360,code_revisit,0,,,,,,,,,,,,,,,,,,,,,,,,,,,,,,,,,,0.15101689100265503,0.0,0.0,5.840904712677002,0.853950023651123,0.2094259411096573,0,0.5083282434991712,0.11898227980210711,0.04593269040157634,0.3259923648089171,0,6,0,0,0
5380,code_revisit,0,,,,,,,,,,,,,,,,,,,,,,,,,,,,,,,,,,0.19397468864917755,0.0,0.0,5.840904712677002,0.8731499910354614,0.2523837387561798,0,0.504433160508443,-0.04075305134964375,0.06408185405316688,0.7448755980188412,0,6,0,0,0
5399,,,0.140625,-0.06458329344107439,1.048946601382622,2.8546424572642235,,32,8415,0.08181589121547317,1.507900899548372,4.51723869757714,0.07468226409856937,32,14382,0.751068115234375,0.5375912984212239,1.1529699878737698,3.167586647072586,0.015625,-0.20106789824025773,0.5590414573044155,1.7489952099642045,0.01611206529207665,32,6174,0.0,-0.47595328267020154,1.49599099325967,4.463757915722862,0.011502269635204287,32,3861,0,0.0,,,,,,,,,,,,,,,,
5400,mixed_tail,0,,,,,,,,,,,,,,,,,,,,,,,,,,,,,,,,,,0.432741641998291,0.0,0.0,5.840904712677002,0.8862999677658081,0.4911506772041321,0,0.25958413238887074,0.01975109630854734,0.12232834698913234,0.7770597651127785,0,6,0,0,0
5420,mixed_tail,0,,,,,,,,,,,,,,,,,,,,,,,,,,,,,,,,,,1.0839369297027588,0.0,0.0,5.840904712677002,0.7821500301361084,1.1423460245132446,0,0.44176886232069507,0.14705680989261186,0.054820140742415945,0.4938055580334058,0,6,0,0,0
5440,mixed_tail,0,,,,,,,,,,,,,,,,,,,,,,,,,,,,,,,,,,0.8684290647506714,0.0,0.0,5.840904712677002,0.8551000356674194,0.9268380999565125,0,0.43412573170156027,0.08565225554463853,0.06242462755550467,1.9447054844527016,0,6,0,0,0
5460,mixed_tail,0,,,,,,,,,,,,,,,,,,,,,,,,,,,,,,,,,,1.1370232105255127,0.0,0.0,5.840904712677002,0.7953000068664551,1.1954323053359985,0,0.44186064628757754,0.07285683919534287,0.06825866251888256,0.4854671118869668,0,6,0,0,0
5480,mixed_tail,0,,,,,,,,,,,,,,,,,,,,,,,,,,,,,,,,,,0.8780168294906616,0.0,0.0,5.840904712677002,0.8328999876976013,0.9364258646965027,0,0.4270437137621065,0.08949569963650512,0.05063326980268198,1.6180797538823553,0,6,0,0,0
5500,mixed_tail,0,,,,,,,,,,,,,,,,,,,,,,,,,,,,,,,,,,0.45786556601524353,0.0,0.0,5.840904712677002,0.3343999981880188,0.516274631023407,0,0.44188892521882306,0.07280747308686841,0.0680800387783656,0.439811043713301,0,6,0,0,0
5500,,,,-0.10486804148446782,1.0086618533392286,2.741929455277433,,32,8415,0.057751412219918974,1.4838364205528178,4.4098312373540205,,32,14382,0.751068115234375,0.5375912984212239,1.132518944519234,3.103464116446974,,-0.2139467215283155,0.5461626340163577,1.7266146367905046,,32,6174,,-0.4805294057613392,1.4914148701685324,4.443377876400434,,32,3861,0,0.0,,,,,,,,,,,,,,,,
5520,mixed_tail,0,,,,,,,,,,,,,,,,,,,,,,,,,,,,,,,,,,0.9261536002159119,0.0,0.0,5.840904712677002,0.6294500231742859,0.9845626354217529,0,0.24334829877990752,0.012708372334080715,0.04840594454417153,1.0119883306206219,0,6,0,0,0
5540,mixed_tail,0,,,,,,,,,,,,,,,,,,,,,,,,,,,,,,,,,,0.3472765386104584,0.0,0.0,5.840904712677002,0.8891000151634216,0.40568557381629944,0,0.40460194613916595,0.004532521512633788,0.06157699832544914,0.560597243964199,0,6,0,0,0
5560,mixed_tail,0,,,,,,,,,,,,,,,,,,,,,,,,,,,,,,,,,,1.0344778299331665,0.0,0.0,5.840904712677002,0.796049952507019,1.0928869247436523,0,0.4059070221345892,0.07544081844597324,0.057256924579777414,0.41898550088443454,0,6,0,0,0
5580,mixed_tail,0,,,,,,,,,,,,,,,,,,,,,,,,,,,,,,,,,,0.40232518315315247,0.0,0.0,5.840904712677002,0.9056999683380127,0.46073421835899353,0,0.43246517264134166,-0.01384127347825727,0.07000053037431032,0.6575649713003446,0,6,0,0,0
5600,mixed_tail,0,,,,,,,,,,,,,,,,,,,,,,,,,,,,,,,,,,1.051576018333435,0.0,0.0,5.840904712677002,0.6389000415802002,1.109985113143921,0,0.30978382953324257,0.033748223986809274,0.039117972824781654,2.5858836304573782,0,6,0,0,0
5620,mixed_tail,0,,,,,,,,,,,,,,,,,,,,,,,,,,,,,,,,,,0.969764232635498,0.0,0.0,5.840904712677002,0.7738000154495239,1.0281733274459839,0,0.4612828769904557,0.06877240083745814,0.0476500188754428,0.7402487500555931,0,6,0,0,0
5640,mixed_tail,0,,,,,,,,,,,,,,,,,,,,,,,,,,,,,,,,,,0.916107177734375,0.0,0.0,5.840904712677002,0.8064000010490417,0.9745162129402161,0,0.47283296036641237,0.11422432062265996,0.056237065965043645,1.093275370862749,0,6,0,0,0
5660,mixed_tail,0,,,,,,,,,,,,,,,,,,,,,,,,,,,,,,,,,,1.023149013519287,0.0,0.0,5.840904712677002,0.8125499486923218,1.081558108329773,0,0.41367350790671853,0.03880232092550224,0.043585006665024496,0.3730955230101706,0,6,0,0,0
5680,mixed_tail,0,,,,,,,,,,,,,,,,,,,,,,,,,,,,,,,,,,1.1683659553527832,0.0,0.0,5.840904712677002,0.8077000379562378,1.226775050163269,0,0.44999559828620805,0.04975410777842626,0.044162962291507964,0.49135809156393245,0,6,0,0,0
5700,mixed_tail,0,,,,,,,,,,,,,,,,,,,,,,,,,,,,,,,,,,0.5258831977844238,0.0,0.0,5.840904712677002,0.8340499997138977,0.5842922329902649,0,0.4155412852976999,0.03003437585721258,0.04646936419848648,0.5834267381283026,0,6,0,0,0
5720,mixed_tail,0,,,,,,,,,,,,,,,,,,,,,,,,,,,,,,,,,,1.2532438039779663,0.0,0.0,5.840904712677002,0.8477500081062317,1.3116528987884521,0,0.3815807226190359,0.058800609180512504,0.05347071402366199,0.5225928416800877,0,6,0,0,0
5740,mixed_tail,0,,,,,,,,,,,,,,,,,,,,,,,,,,,,,,,,,,0.8518993854522705,0.0,0.0,5.840904712677002,0.6450999975204468,0.9103084206581116,0,0.36192240142414417,0.02036080152382575,0.04366336093831157,1.297075609366099,0,6,0,0,0
5750,,,,-0.11894488819142712,0.9945850066322693,2.7036021314871976,,32,8415,0.04714421333415886,1.4732292216670577,4.363302486479326,,32,14382,0.751068115234375,0.5375912984212239,1.1200735320291062,3.065079576527459,,-0.2239771510236348,0.5361322045210384,1.7093825176645863,,32,6174,,-0.49559658063381207,1.4763476952960595,4.376930568581811,,32,3861,0,0.0,,,,,,,,,,,,,,,,
5760,mixed_tail,0,,,,,,,,,,,,,,,,,,,,,,,,,,,,,,,,,,1.2536801099777222,0.0,0.0,5.840904712677002,0.866599977016449,1.312089204788208,0,0.40343336430885174,0.05477368621255404,0.04677991550120097,0.4360163561881535,0,6,0,0,0
5780,mixed_tail,0,,,,,,,,,,,,,,,,,,,,,,,,,,,,,,,,,,0.8190114498138428,0.0,0.0,5.840904712677002,0.8416000008583069,0.8774204850196838,0,0.4661722649292427,0.053800937264376056,0.052587200095137905,0.9143302236994107,0,6,0,0,0
5800,mixed_tail,0,,,,,,,,,,,,,,,,,,,,,,,,,,,,,,,,,,0.8422105312347412,0.0,0.0,5.840904712677002,0.7038500308990479,0.9006195664405823,0,0.20628624895990708,0.029341983852126368,0.05344056693896178,2.5579296663640037,0,6,0,0,0
5820,mixed_tail,0,,,,,,,,,,,,,,,,,,,,,,,,,,,,,,,,,,1.1143916845321655,0.0,0.0,5.840904712677002,0.826449990272522,1.1728007793426514,0,0.4874954461716837,0.06675471042815063,0.03572308496453814,0.3975193030659168,0,6,0,0,0
5840,mixed_tail,0,,,,,,,,,,,,,,,,,,,,,,,,,,,,,,,,,,0.7963859438896179,0.0,0.0,5.840904712677002,0.6465499997138977,0.854794979095459,0,0.4358599835625467,0.018478468083360764,0.04790187075527178,0.6069631451297374,0,6,0,0,0
5860,mixed_tail,0,,,,,,,,,,,,,,,,,,,,,,,,,,,,,,,,,,0.8815516233444214,0.0,0.0,5.840904712677002,0.8545500040054321,0.9399606585502625,0,0.45624916066967663,0.08082524566478762,0.0455392119637321,1.4799283507087875,0,6,0,0,0
5880,mixed_tail,0,,,,,,,,,,,,,,,,,,,,,,,,,,,,,,,,,,1.0767349004745483,0.0,0.0,5.840904712677002,0.777999997138977,1.1351439952850342,0,0.4450998020869597,0.0653429336401002,0.05211924969233454,0.3795747505293952,0,6,0,0,0
5900,mixed_tail,0,,,,,,,,,,,,,,,,,,,,,,,,,,,,,,,,,,0.5603090524673462,0.0,0.0,5.840904712677002,0.8579000234603882,0.6187180876731873,0,0.4106329489246379,0.027343019356651763,0.04327681747132114,0.9711843940237211,0,6,0,0,0
5920,mixed_tail,0,,,,,,,,,,,,,,,,,,,,,,,,,,,,,,,,,,0.27208149433135986,0.0,0.0,5.840904712677002,0.9255000352859497,0.3304905295372009,0,0.38506977727156266,0.01990091620869602,0.05086473563892974,0.3902798262616945,0,6,0,0,0
5940,mixed_tail,0,,,,,,,,,,,,,,,,,,,,,,,,,,,,,,,,,,0.37952107191085815,0.0,0.0,5.840904712677002,0.3206000030040741,0.4379301071166992,0,0.27204722931419406,0.03517126024546867,0.0372043992215324,0.2866246846105371,0,6,0,0,0
5960,mixed_tail,0,,,,,,,,,,,,,,,,,,,,,,,,,,,,,,,,,,0.8375585675239563,0.0,0.0,5.840904712677002,0.6498500108718872,0.8959676027297974,0,0.4231751267401531,0.04127876790049153,0.0598968283657635,1.2542740023798413,0,6,0,0,0
5980,mixed_tail,0,,,,,,,,,,,,,,,,,,,,,,,,,,,,,,,,,,0.9331828951835632,0.0,0.0,5.840904712677002,0.6042500138282776,0.9915919303894043,0,0.2952155341825929,0.016012788546504453,0.040515965136093283,1.612258199283055,0,6,0,0,0
5999,mixed_tail,0,,,,,,,,,,,,,,,,,,,,,,,,,,,,,,,,,,0.6794701814651489,0.0,0.0,5.840904712677002,0.8126000165939331,0.73787921667099,0,0.47924483684936764,0.041192210757539476,0.07217735000959938,1.1198405773393691,0,6,0,0,0
5999,,,0.078125,-0.12654891124596135,0.9869809835777351,2.6831218435227537,,32,8415,0.03946452909344145,1.4655495374263403,4.3299220408355215,,32,14382,0.751068115234375,0.5375912984212239,1.1106460086737915,3.036319249574394,0.0625,-0.22916809269862148,0.5309412628460517,1.7005322033212085,,32,6174,0.015625,-0.5128320250848326,1.459112250845039,4.302138612670889,,32,3861,0,0.0,,,,,,,,,,,,,,,,
